date,legs,routes,single_leg_routes,multi_leg_routes,round_trip_routes,economic_multileg_routes,cross_venue_routes,cross_venue_share,cross_venue_usd_share,cross_venue_share_unfiltered,cross_venue_usd_share_unfiltered,round_trip_share_of_multileg,round_trip_usd_share_of_multileg,economic_multileg_usd,cross_venue_usd,total_usd,venues_active
2020-02-11,4,4,4,0,0,0,0,,,,,,,0.0,0.0,4214.553118,1
2020-02-14,1,1,1,0,0,0,0,,,,,,,0.0,0.0,1583.654353,1
2020-02-16,1,1,1,0,0,0,0,,,,,,,0.0,0.0,435.674141,1
2020-02-19,1,1,1,0,0,0,0,,,,,,,0.0,0.0,140.784411,1
2020-02-20,2,2,2,0,0,0,0,,,,,,,0.0,0.0,3632.458306,1
2020-02-22,2,2,2,0,0,0,0,,,,,,,0.0,0.0,7311.054956,1
2020-02-24,1,1,1,0,0,0,0,,,,,,,0.0,0.0,3064.704847,1
2020-02-25,1,1,1,0,0,0,0,,,,,,,0.0,0.0,2708.98,1
2020-02-26,1,1,1,0,0,0,0,,,,,,,0.0,0.0,1000.0,1
2020-02-27,1,1,1,0,0,0,0,,,,,,,0.0,0.0,90.613037,1
2020-03-03,3,3,3,0,0,0,0,,,,,,,0.0,0.0,1419.0956059999999,1
2020-03-08,2,2,2,0,0,0,0,,,,,,,0.0,0.0,38980.389633,1
2020-03-09,1,1,1,0,0,0,0,,,,,,,0.0,0.0,100.732252,1
2020-03-11,2,2,2,0,0,0,0,,,,,,,0.0,0.0,1775.152298,1
2020-03-24,1,1,1,0,0,0,0,,,,,,,0.0,0.0,0.645374,1
2020-04-20,2,2,2,0,0,0,0,,,,,,,0.0,0.0,1.997632,1
2020-04-22,53,53,53,0,0,0,0,,,,,,,0.0,0.0,342157.508152,1
2020-04-23,73,73,73,0,0,0,0,,,,,,,0.0,0.0,517704.890736,1
2020-04-24,16,16,16,0,0,0,0,,,,,,,0.0,0.0,65958.53957699999,1
2020-04-25,64,64,64,0,0,0,0,,,,,,,0.0,0.0,103709.92501547723,1
2020-04-26,123,123,123,0,0,0,0,,,,,,,0.0,0.0,285559.42865325796,1
2020-04-27,125,125,125,0,0,0,0,,,,,,,0.0,0.0,1072912.832416287,1
2020-04-28,85,85,85,0,0,0,0,,,,,,,0.0,0.0,330822.50133508496,1
2020-04-29,186,186,186,0,0,0,0,,,,,,,0.0,0.0,2206217.8072132897,1
2020-04-30,177,177,177,0,0,0,0,,,,,,,0.0,0.0,1418125.2393280724,1
2020-05-01,141,141,141,0,0,0,0,,,,,,,0.0,0.0,756520.8190151495,1
2020-05-02,36,36,36,0,0,0,0,,,,,,,0.0,0.0,69113.38796229353,1
2020-05-03,72,72,72,0,0,0,0,,,,,,,0.0,0.0,230004.9512020113,1
2020-05-04,196,196,196,0,0,0,0,,,,,,,0.0,0.0,734501.7747373088,1
2020-05-05,78,78,78,0,0,0,0,,,,,,,0.0,0.0,283914.6341987654,2
2020-05-06,159,158,157,1,0,1,0,0.0,0.0,0.0,0.0,0.0,0.0,0.000689,0.0,2298479.363379791,2
2020-05-07,89,89,89,0,0,0,0,,,,,,,0.0,0.0,530402.6271226691,1
2020-05-08,60,60,60,0,0,0,0,,,,,,,0.0,0.0,654633.0819754605,1
2020-05-09,82,82,82,0,0,0,0,,,,,,,0.0,0.0,329663.5799433431,1
2020-05-10,171,171,171,0,0,0,0,,,,,,,0.0,0.0,780431.1483612191,1
2020-05-11,135,135,135,0,0,0,0,,,,,,,0.0,0.0,490875.7888474721,2
2020-05-12,37,37,37,0,0,0,0,,,,,,,0.0,0.0,86651.85185406744,2
2020-05-13,132,132,132,0,0,0,0,,,,,,,0.0,0.0,1246734.99489061,2
2020-05-14,68,67,66,1,0,1,0,0.0,0.0,0.0,0.0,0.0,0.0,0.001,0.0,377237.200335064,2
2020-05-15,92,91,90,1,0,1,0,0.0,0.0,0.0,0.0,0.0,0.0,7.278277294792404,0.0,466392.9064972367,2
2020-05-16,36,35,34,1,0,1,0,0.0,0.0,0.0,0.0,0.0,0.0,0.336338,0.0,154210.76026972188,2
2020-05-17,84,81,79,2,0,2,0,0.0,0.0,0.0,0.0,0.0,0.0,0.153148,0.0,357964.83831563126,2
2020-05-18,763,698,642,56,0,56,0,0.0,0.0,0.0,0.0,0.0,0.0,3644.785909773339,0.0,449154.16049838247,2
2020-05-19,4989,4501,4079,422,5,417,0,0.0,0.0,0.004739336492890996,0.02362684217561958,0.011848341232227487,0.027814366129945315,91093.48226025936,0.0,1321775.455280766,2
2020-05-20,4817,4327,3899,428,13,415,0,0.0,0.0,0.004672897196261682,0.07576134573650985,0.030373831775700934,0.099540871211998,68341.98449644729,0.0,1487866.178689272,2
2020-05-21,3564,3125,2742,383,17,366,4,0.01092896174863388,0.055100997725519574,0.04177545691906005,0.18481358511417545,0.044386422976501305,0.1530975837566429,90250.61761646668,4972.899076011668,1455314.5875213183,2
2020-05-22,4651,4122,3658,464,17,447,11,0.024608501118568233,0.1279631976585423,0.04741379310344827,0.2097053709801133,0.036637931034482756,0.09867329646961928,129018.78595070164,16509.656408274794,1669061.9075704485,2
2020-05-23,5082,4549,4099,450,15,435,6,0.013793103448275862,0.10692684016560486,0.024444444444444446,0.18822734542631633,0.03333333333333333,0.100617071419839,69622.4586189542,7444.509504685355,1702952.607315382,2
2020-05-24,4687,4144,3685,459,12,447,9,0.020134228187919462,0.09808701137181974,0.034858387799564274,0.2096865244482389,0.026143790849673203,0.12953406664678913,80740.95683541325,7919.639151286787,1490570.6065801096,2
2020-05-25,4832,4339,3922,417,16,401,6,0.014962593516209476,0.07317268319563645,0.023980815347721823,0.14124575256504032,0.03836930455635491,0.10829060507484295,73464.32681110976,5375.581911930036,1613817.0273331788,2
2020-05-26,7290,6360,5646,714,13,701,3,0.0042796005706134095,0.009471093565710988,0.008403361344537815,0.028235829510966537,0.018207282913165267,0.040710971173689194,109611.32148209334,1038.1390816181329,1845292.1707011277,2
2020-05-27,5272,4677,4158,519,18,501,4,0.007984031936127744,0.016159246380708495,0.01348747591522158,0.05859895824743243,0.03468208092485549,0.05876579219916142,107421.19817651229,1735.8456078451761,1391104.355462722,2
2020-05-28,4784,4210,3732,478,15,463,3,0.0064794816414686825,0.05710842357054424,0.01882845188284519,0.1325422873064111,0.03138075313807531,0.08954014477183996,95921.7078910496,5477.937523852077,1562313.6345029173,2
2020-05-29,5409,4760,4208,552,25,527,10,0.018975332068311195,0.107549129487152,0.028985507246376812,0.17916180886209812,0.04528985507246377,0.10659558103954135,162620.4540783466,17489.688272931555,2766791.232917352,2
2020-05-30,4888,4288,3782,506,26,480,7,0.014583333333333334,0.12877117795516674,0.025691699604743084,0.25037703688337465,0.05138339920948617,0.15068887974451559,136462.2524574476,17572.404995360877,2221405.014746583,2
2020-05-31,7900,7079,6368,711,35,676,9,0.013313609467455622,0.05050705984041775,0.02390998593530239,0.10586354947735327,0.04922644163150492,0.09083381184149025,221912.84610085204,11208.165397373148,2692608.1876561814,2
2020-06-01,7716,6940,6266,674,30,644,5,0.007763975155279503,0.045777140006461346,0.01483679525222552,0.1126232450833098,0.04451038575667656,0.11542202719600893,145609.89314052084,6665.604464619498,2938092.8053184915,2
2020-06-02,7714,6887,6172,715,35,680,8,0.011764705882352941,0.06365846942254193,0.015384615384615385,0.10249875627207672,0.04895104895104895,0.07019806152038228,255685.20238427504,16276.528637775817,4701515.033516004,2
2020-06-03,11011,9945,9037,908,43,865,8,0.009248554913294798,0.05102844687381206,0.012114537444933921,0.06242211969466047,0.0473568281938326,0.04511235937601653,160361.28954557388,8182.98754419231,3809907.1723963376,2
2020-06-04,9219,8347,7584,763,24,739,3,0.0040595399188092015,0.06773597560095222,0.010484927916120577,0.14449911364216525,0.03145478374836173,0.09725693389942966,158099.13966025476,10708.999466558555,4231238.391148391,2
2020-06-05,8911,7990,7195,795,49,746,2,0.002680965147453083,0.014312086402462633,0.007547169811320755,0.08226073190567437,0.061635220125786164,0.13234960253035333,123106.91980568487,1761.9168730000001,2708013.130933007,2
2020-06-06,10058,9043,8189,854,79,775,0,0.0,0.0,0.00351288056206089,0.028239955724751336,0.09250585480093677,0.10540810940687305,219738.92859605438,0.0,3792936.751599999,2
2020-06-07,11290,10169,9203,966,84,882,4,0.0045351473922902496,0.028439513465682548,0.011387163561076604,0.08893438708496389,0.08695652173913043,0.1619018655460957,284518.35184505186,8091.563498531157,4234875.444375858,2
2020-06-08,12457,11503,10673,830,51,779,5,0.006418485237483954,0.010483025174791275,0.008433734939759036,0.024396852384841725,0.06144578313253012,0.08107097383298802,215921.5095809201,2263.510620715721,5194095.707929334,2
2020-06-09,12200,11037,10058,979,51,928,2,0.0021551724137931034,0.01304131398393603,0.006128702757916241,0.04978142706920007,0.05209397344228805,0.08016691698354421,407617.99968883104,5315.874319445985,6042661.716783748,2
2020-06-10,11614,10399,9323,1076,49,1027,10,0.009737098344693282,0.09553227095424785,0.012081784386617101,0.1118895495892532,0.04553903345724907,0.040091532019826424,388696.9920035374,37133.106359183046,5576466.25996777,2
2020-06-11,11287,10020,8972,1048,57,991,4,0.004036326942482341,0.03308775463478776,0.01049618320610687,0.01698916648690902,0.05438931297709924,0.7866259403396432,332030.3710664465,10986.139449144113,9574443.736685041,2
2020-06-12,11948,10773,9736,1037,54,983,9,0.009155645981688708,0.05266514028998466,0.01639344262295082,0.08469062157933922,0.052073288331726135,0.08418752106313306,374048.3759587257,19699.310195107213,5235451.506602712,2
2020-06-13,10797,9752,8869,883,64,819,7,0.008547008547008548,0.06867423293157818,0.01245753114382786,0.0914950776730112,0.072480181200453,0.05602105026766846,309958.24002196256,21286.144374330273,4576114.995797221,2
2020-06-14,9727,8712,7802,910,55,855,7,0.008187134502923977,0.04287728482071681,0.017582417582417582,0.09411269943467293,0.06043956043956044,0.07526845871999718,276224.6375263104,11843.76245771487,4537902.021858173,2
2020-06-15,11713,10116,8828,1288,106,1182,18,0.015228426395939087,0.0841023954594256,0.033385093167701864,0.058025825891114366,0.08229813664596274,0.7033342982832972,513962.85347539105,43225.50715444216,12291797.886722472,2
2020-06-16,14865,13176,11717,1459,109,1350,7,0.005185185185185185,0.037314248470903096,0.019191226867717615,0.10049610952333488,0.07470870459218643,0.11863683800369514,573870.7711306326,21413.55654415719,11256751.56114804,2
2020-06-17,13291,11359,9739,1620,133,1487,6,0.004034969737726967,0.027647171551257493,0.019753086419753086,0.0021999515312933933,0.08209876543209876,0.9878813407683584,598792.4880158938,16554.918639779713,59558209.139828734,2
2020-06-18,16374,14040,12127,1913,143,1770,16,0.00903954802259887,0.023587564309287157,0.015682174594877155,0.0026526988874403887,0.07475169890224778,0.9602941204675329,957536.7002909542,22585.958496615505,36255013.26258013,2
2020-06-19,18837,16266,14095,2171,187,1984,18,0.009072580645161291,0.020932773753406006,0.027637033625057577,0.005187481301051114,0.08613542146476279,0.9467918541144252,1294332.1886287478,27093.962866316404,42672805.038768314,2
2020-06-20,18419,15559,13153,2406,174,2232,23,0.010304659498207885,0.03722856003995572,0.021612635078969242,0.07497479278894459,0.07231920199501247,0.07150723406106346,998105.8906615017,37158.0450767252,13850712.899022376,2
2020-06-21,25450,21015,17346,3669,390,3279,31,0.009454101860323269,0.04146221776993093,0.019078768056691196,0.09687476649738212,0.10629599345870809,0.1182081843812964,1916074.356778564,79444.69224413314,19408786.26545686,2
2020-06-22,25702,21346,17591,3755,319,3436,36,0.010477299185098952,0.03380393946471571,0.02103861517976032,0.079716253185861,0.08495339547270306,0.0880458336042382,2467836.362335763,83422.59100122235,19202950.935196966,2
2020-06-23,22942,19034,15664,3370,317,3053,16,0.0052407468064199145,0.013175178573699885,0.011869436201780416,0.040275891944016026,0.09406528189910979,0.07985078432796042,2351160.081224275,30976.953925484548,18710544.3561201,2
2020-06-24,26019,22020,18611,3409,304,3105,33,0.010628019323671498,0.03793455380733632,0.014667057788207686,0.04909846338562992,0.08917571135230273,0.07157990933087993,2391277.6230488727,90712.04965982676,20920491.676701866,2
2020-06-25,23197,19379,16086,3293,317,2976,29,0.009744623655913979,0.030166725992483462,0.01730944427573641,0.058708330377911344,0.09626480412997267,0.0712576682431238,2775269.3589999457,83720.79030828658,22710931.19800379,2
2020-06-26,25977,21706,18117,3589,462,3127,22,0.007035497281739686,0.02120655083834471,0.01058790749512399,0.039778649029267935,0.12872666480913902,0.10045832614399423,2304759.529774493,48876.00013832224,20440510.460947663,2
2020-06-27,24895,20951,17620,3331,353,2978,21,0.007051712558764272,0.025035044246176304,0.00990693485439808,0.03622147080218971,0.10597418192734914,0.08776229345589251,2036450.2676566676,50982.62255592225,20351398.162627093,2
2020-06-28,25475,21258,17643,3615,382,3233,16,0.0049489638107021346,0.026157138973038927,0.008575380359612726,0.03853017428653082,0.10567081604426003,0.1110166073657409,1723506.2695260746,45081.99301289742,12934539.058501508,2
2020-06-29,25425,21523,18140,3383,287,3096,24,0.007751937984496124,0.02548144881345067,0.015370972509606859,0.053671203770431684,0.08483594442802246,0.11165628809595675,2864277.4131500376,72985.93829070558,15733092.772969738,2
2020-06-30,21403,18160,15390,2770,195,2575,26,0.010097087378640776,0.03649296768051762,0.01660649819494585,0.06709770241176462,0.0703971119133574,0.06740965067949549,1965179.1235088077,71715.21824063487,13240267.465024235,2
2020-07-01,26054,21999,18547,3452,217,3235,20,0.0061823802163833074,0.019002258690814396,0.008111239860950173,0.020683590024990012,0.06286210892236385,0.1601008412377074,2338536.460260523,44437.47477577186,18305510.057302605,2
2020-07-02,28977,23921,19725,4196,377,3819,9,0.002356637863315004,0.008794251727658043,0.003336510962821735,0.010989972734372331,0.08984747378455672,0.13979097507166874,2784696.4571266426,24489.32162908921,21263211.41610077,2
2020-07-03,34586,30029,26134,3895,326,3569,49,0.013729335948444943,0.05408418462757272,0.020282413350449294,0.07955700009628557,0.08369704749679076,0.11316277148765734,2558630.244671102,138381.43054648346,21813388.386979997,2
2020-07-04,34320,29960,26305,3655,266,3389,14,0.004131012097964001,0.02191530117212463,0.005745554035567715,0.030434212572113966,0.07277701778385773,0.08423275141144218,1567344.0613676503,34348.81714521304,16254855.272603605,2
2020-07-05,33489,29258,25714,3544,324,3220,5,0.0015527950310559005,0.009583322131249296,0.0031038374717832955,0.025000343637381437,0.09142212189616253,0.08694108094496499,1601946.2470705425,15351.966922622883,15284313.794750346,2
2020-07-06,31956,27761,24229,3532,348,3184,12,0.0037688442211055275,0.026741884405445844,0.005379388448471121,0.0409072592856978,0.0985277463193658,0.07134958687419297,1946593.606503382,52055.58120949338,17866451.615840394,2
2020-07-07,31968,27734,24164,3570,314,3256,10,0.003071253071253071,0.015572473889488634,0.004761904761904762,0.022294589317969966,0.08795518207282914,0.11451833567480173,1785156.8340310906,27799.308186591352,15804229.435236303,2
2020-07-08,34045,29624,25897,3727,357,3370,10,0.002967359050445104,0.01858340325538069,0.004024684733029246,0.021294214126339178,0.09578749664609605,0.061063051261046004,2351501.221571446,43698.89545598248,24391555.224018745,2
2020-07-09,32759,28350,24622,3728,354,3374,7,0.002074688796680498,0.013889819322092692,0.003218884120171674,0.01828685130409836,0.09495708154506438,0.09423146289873838,2099072.9574543163,29155.744122931213,23803791.320662167,2
2020-07-10,31975,27503,23814,3689,393,3296,9,0.0027305825242718447,0.01370567160855094,0.00433721875847113,0.024535283928181214,0.10653293575494714,0.08750427745724522,1941122.952247461,26604.393735324607,20091200.312622875,2
2020-07-11,27797,24072,20894,3178,307,2871,6,0.0020898641588296763,0.006489546897795182,0.005034612964128383,0.018170123042492447,0.09660163624921334,0.0836653293423799,2030215.846300149,13175.180947211751,21278579.47660494,2
2020-07-12,31693,27069,23145,3924,412,3512,24,0.00683371298405467,0.03200670702107342,0.006625891946992864,0.030656757652397552,0.10499490316004077,0.08675971441056814,2866466.2903800867,91746.14674197862,27384962.807831775,2
2020-07-13,39296,33965,29575,4390,423,3967,10,0.0025207965717166624,0.009602545124075755,0.0056947608200455585,0.046191230250325226,0.09635535307517085,0.08506428513621374,4400243.360761467,42253.53542862675,44944350.96279192,2
2020-07-14,28675,24418,20825,3593,362,3231,11,0.0034045187248529867,0.015079810129265724,0.004453103256331756,0.020856254341248937,0.10075146117450598,0.0697645966478438,2507189.000285548,37807.93408248961,26545190.237989433,2
2020-07-15,28300,24158,20664,3494,287,3207,17,0.005300904271905207,0.03089718521572079,0.009730967372638809,0.06197348970002534,0.08214081282198053,0.08989181985916286,3038057.887458438,93867.43724488479,28171167.612676237,2
2020-07-16,27791,23627,20035,3592,321,3271,19,0.005808621216753286,0.02346505539285552,0.010857461024498886,0.04414450049510028,0.0893652561247216,0.08352023890439751,2866292.9353414923,67257.72249993857,27147224.785534568,2
2020-07-17,39235,33131,28042,5089,505,4584,23,0.005017452006980803,0.018693460256828293,0.006484574572607585,0.024834215988078657,0.09923364118687365,0.07450359217605994,3960751.8919163872,74040.15807869646,41323594.830558166,2
2020-07-18,42429,35976,30562,5414,524,4890,21,0.004294478527607362,0.020207401545436623,0.0066494274104174364,0.037501237965818494,0.0967861100849649,0.09066280693584035,4663659.470736152,94240.43959634384,48112435.11291425,2
2020-07-19,51451,43277,36439,6838,874,5964,50,0.008383635144198525,0.05059104283960807,0.010383152968704299,0.05744962684609807,0.12781515062883883,0.10012582470710427,5817957.468312069,294336.5355183936,55180459.14390631,2
2020-07-20,49593,41803,35320,6483,797,5686,28,0.004924375659514597,0.02715582025601484,0.006015733456732994,0.032290286318148564,0.12293691192349221,0.09000793999102273,6389551.697035385,173513.5174012075,61590324.77696544,2
2020-07-21,47416,40346,34437,5909,764,5145,13,0.0025267249757045676,0.014566809101895797,0.004907767811812489,0.022865385281891155,0.12929429683533591,0.10511543944173077,5654985.126305301,82375.08880894941,55025198.07562533,2
2020-07-22,51088,43378,37025,6353,787,5566,5,0.0008983111749910168,0.002143264783785824,0.003935148748622698,0.01420522142069727,0.12387848260664253,0.12438462230803513,5428252.675818582,11634.182797573134,65091732.71387918,2
2020-07-23,48661,41018,34610,6408,662,5746,20,0.003480682213713888,0.019153798057400872,0.005461922596754058,0.029095117603217233,0.1033083645443196,0.14819969646021977,6378067.832302992,122164.22325633604,72212422.86047283,2
2020-07-24,52619,44292,37313,6979,973,6006,36,0.005994005994005994,0.025837149632904066,0.010603238286287434,0.042787411357890597,0.13941825476429287,0.21503613324412435,7860576.030564006,203094.87910250132,77327737.02962925,2
2020-07-25,59577,50416,42640,7776,1114,6662,25,0.003752626838787151,0.023590571840702314,0.006558641975308642,0.028996919002688828,0.143261316872428,0.2612965252616993,9878449.021822128,233038.26132401044,104108840.07594755,2
2020-07-26,58817,49439,41560,7879,996,6883,19,0.0027604242336190616,0.008988044568408972,0.008122858230739941,0.031026015866791296,0.12641198121589034,0.13213145788184544,13044696.647821825,117246.31485199767,108131232.90729146,2
2020-07-27,63655,53973,45883,8090,795,7295,18,0.002467443454420836,0.014222636953889535,0.007663782447466007,0.03522813760173311,0.09826946847960445,0.10116759646570529,13268771.560870169,188716.9207343506,141174790.79224196,2
2020-07-28,53272,44914,37869,7045,794,6251,20,0.003199488081906895,0.012514297586366695,0.0075230660042583395,0.03747440573990263,0.1127040454222853,0.10967089739524759,11702473.007348407,146448.22971038157,94210802.81451616,2
2020-07-29,60730,50431,41897,8534,1293,7241,14,0.0019334346084794918,0.009852688127465184,0.005507382235762831,0.025375611622178794,0.15151160065619873,0.13172172269157206,12570804.178496882,123856.21308216597,110211812.64015892,2
2020-07-30,64874,54808,46294,8514,1215,7299,25,0.0034251267296889986,0.033169852620838804,0.005637773079633545,0.037122077498252665,0.1427061310782241,0.16739316254996583,12430975.051361393,412333.6103869815,125992683.0044584,2
2020-07-31,82316,71745,62661,9084,1305,7779,16,0.002056819642627587,0.010881850048336512,0.005284015852047556,0.02463893995630012,0.14365918097754293,0.17824252446463654,10572662.159802446,115050.12423469186,127187686.28110696,2
2020-08-01,69936,60256,52131,8125,1364,6761,21,0.0031060494009761868,0.021440571652433855,0.0064,0.03987225053746776,0.1678769230769231,0.17789532543377456,9264010.533711381,198625.68163694086,106657811.79045948,2
2020-08-02,56212,47756,40539,7217,842,6375,19,0.002980392156862745,0.017535360187920054,0.007482333379520576,0.04722473140783526,0.11666897602882084,0.1364563279362266,9537368.076286387,167241.184462452,94838806.1925165,2
2020-08-03,67024,57347,49108,8239,1054,7185,29,0.004036186499652053,0.023967984566069977,0.007282437188979245,0.04216417383660575,0.1279281466197354,0.15268282676337105,9684702.181554012,232122.79241447078,93697598.76099601,2
2020-08-04,66590,55804,46829,8975,1167,7808,19,0.0024334016393442624,0.014299130404786408,0.003788300835654596,0.0225631880156264,0.13002785515320334,0.1528986648434154,10061697.77288993,143873.5285481021,85594384.42348492,2
2020-08-05,70881,59900,50634,9266,1094,8172,13,0.0015907978463044542,0.01062846189014263,0.003561407295488884,0.022761784497393227,0.11806604791711633,0.15688873617011873,9399171.614921547,99898.73730810403,82877811.07286316,2
2020-08-06,69860,58815,49424,9391,1195,8196,10,0.0012201073694485115,0.008908657013734526,0.0026621233095516983,0.01584654203810588,0.1272494941965712,0.14820470708540753,11062984.58081434,98556.33517870857,86231357.49284437,2
2020-08-07,89593,72709,58877,13832,1664,12168,11,0.0009040105193951348,0.0055200002499266815,0.0018796992481203006,0.012508722201223397,0.12030075187969924,0.15877667065544673,19494152.018029302,107607.72401163047,118030196.00102985,2
2020-08-08,97567,80726,66640,14086,1593,12493,9,0.0007204034259185143,0.002354414256883565,0.0017038193951441148,0.009722387512822693,0.11309101235269062,0.11739507311870259,19580326.634912215,46100.20018367432,120930747.39324394,2
2020-08-09,115575,96968,81331,15637,2022,13615,6,0.0004406904149834741,0.0034488912732286736,0.0015987721429941806,0.01038790104813151,0.1293086909253693,0.1413427072316691,19607463.788400505,67624.01074996173,154490627.56796086,2
2020-08-10,122007,103934,88335,15599,1879,13720,16,0.0011661807580174927,0.024448836513514746,0.003589973716263863,0.046363256284717325,0.12045643951535355,0.2969922143147712,26811064.526862472,655499.3333705552,219554446.02574396,2
2020-08-11,113795,97032,82502,14530,1528,13002,10,0.0007691124442393477,0.005641793117416711,0.0022023399862353753,0.014380081367086869,0.10516173434273916,0.11568405426981604,21758122.441156194,122754.82543642509,172799178.70826653,2
2020-08-12,116041,97350,81374,15976,2075,13901,28,0.0020142435795985902,0.010214416601797957,0.00456935403104657,0.02249657224715378,0.12988232348522785,0.2001649212598341,35629748.90182531,363937.09870069695,304428816.22385013,2
2020-08-13,102932,85895,72114,13781,2139,11642,42,0.0036076275554028517,0.01956491941623132,0.007619185835570713,0.04506850497862855,0.1552137000217691,0.22409160362552638,26121442.063280307,511063.9090038344,253837925.16633844,2
2020-08-14,103615,87389,73770,13619,1708,11911,25,0.0020989001763076147,0.019829137889607204,0.006241280563918056,0.04577088375806417,0.12541302591967105,0.15692076756405962,24052675.77368539,476943.8245304222,217101556.39154625,2
2020-08-15,97268,81107,67450,13657,1959,11698,23,0.0019661480594973498,0.008963716361489094,0.004905909057626126,0.023110878767229684,0.14344292304312806,0.14569675461443074,20970204.318228684,187970.9635510757,177506702.5656549,2
2020-08-16,114584,95861,80105,15756,2136,13620,31,0.002276064610866373,0.008825080600265621,0.004379284082254379,0.018244454343374468,0.13556740289413557,0.13714535037959308,22144375.153496217,195425.8955721235,192048051.36385453,2
2020-08-17,107342,89394,74089,15305,2102,13203,45,0.0034083162917518746,0.01977357204866821,0.005815093106827834,0.029730767200823873,0.1373407383208102,0.14476795233962164,25730727.21185196,508788.3883881824,208451178.55408674,2
2020-08-18,128356,106292,87628,18664,2560,16104,28,0.0017386984600099354,0.009110157084526,0.0032147449635662236,0.016500266654496047,0.13716245177882555,0.17841128686367924,31622794.014910195,288088.62092744047,242709394.99561292,2
2020-08-19,107631,89712,74680,15032,2194,12838,27,0.002103131328867425,0.010588091254634568,0.004590207557211283,0.025314309533023643,0.14595529536987759,0.18703868073635027,27114578.165828772,287091.627950717,243177396.8393803,2
2020-08-20,118915,97058,79002,18056,3264,14792,40,0.0027041644131963224,0.015138738256022572,0.00448604342046965,0.021560832358752578,0.18077093486929552,0.2247537336230843,27848851.224357568,421596.46941646293,246665423.41405925,2
2020-08-21,124265,103350,85222,18128,2660,15468,32,0.002068787173519524,0.012288138160954955,0.004744042365401589,0.023646314470969137,0.14673433362753752,0.20254497069614347,32977366.582311712,405230.4367479052,250905929.0805161,2
2020-08-22,112003,91337,73549,17788,2433,15355,23,0.001497883425594269,0.008053041449839581,0.003485495839892062,0.01800897456210668,0.13677760287834495,0.15481721347271374,25557827.927869074,205818.2476709973,173289002.5896533,2
2020-08-23,122667,99240,79183,20057,2825,17232,13,0.0007544103992571959,0.007003757479007304,0.0019444582938624919,0.014069539810770743,0.14084858154260357,0.18972681525392857,23851248.112812713,167048.35735377087,161188820.7448684,2
2020-08-24,132378,107612,86524,21088,1985,19103,21,0.0010993037742762918,0.010712661227965005,0.002323596358118361,0.018164789095092677,0.0941293626707132,0.12638335859841743,29812414.102577366,319370.2926687177,205946009.33059114,2
2020-08-25,118019,96348,77848,18500,1991,16509,21,0.0012720334363074686,0.02307997262751797,0.0026486486486486487,0.03465861599125825,0.10762162162162162,0.1367468283453288,29324312.186973218,676804.3225961335,192370528.11028212,2
2020-08-26,124219,101818,82577,19241,1772,17469,15,0.000858663918942126,0.0041011286125173865,0.0019749493269580584,0.010447840602172881,0.09209500545709683,0.11142685455550627,30411800.706611708,124722.70603606175,199026916.12221232,2
2020-08-27,112751,92484,75292,17192,1715,15477,12,0.0007753440589261484,0.0016225630293094716,0.00180316426244765,0.004758070440114195,0.0997557003257329,0.05844485442576381,50860917.11703408,82525.04375087276,198038145.21048266,2
2020-08-28,119099,97657,79174,18483,1963,16520,65,0.003934624697336562,0.031364388140509375,0.0064924525239409185,0.04520757084375402,0.10620570253746686,0.15083759839525887,33657683.329148814,1055652.6438457752,240248984.66520354,2
2020-08-29,140174,113183,89411,23772,2964,20808,35,0.0016820453671664744,0.013710144997598499,0.0030708396432778057,0.021169735358884285,0.12468450277637556,0.16433783492028173,50262547.52583389,689106.8145278683,312912326.88789546,2
2020-08-30,173884,140428,111691,28737,3498,25239,71,0.0028131066999484925,0.03406675597405027,0.0036190277342798482,0.03388321321641877,0.12172460590875875,0.18640100946419214,87360405.08510986,2976085.6018286175,480230168.1018092,2
2020-08-31,167112,140386,116389,23997,2676,21321,34,0.0015946719197035787,0.022377182607584062,0.0024586406634162605,0.027500168970930147,0.1115139392424053,0.21020364916978526,83309370.24164176,1864228.9908200472,593450218.787385,2
2020-09-01,167437,138347,113178,25169,3826,21343,57,0.002670664854987584,0.03810233036686641,0.003496364575469824,0.03994904636371995,0.15201239620167667,0.2682869120854225,128634902.8189914,4901289.563918965,930202234.8818047,2
2020-09-02,169880,138862,112071,26791,2803,23988,54,0.0022511255627813906,0.03662084004554442,0.00391922660594976,0.05036060834447107,0.10462468739502072,0.23103898078515867,146957698.58027035,5381714.37316941,890744071.484103,2
2020-09-03,168004,136635,109452,27183,3332,23851,77,0.0032283761687141002,0.03538789018687906,0.004819188463377847,0.053097851207198364,0.12257661038148843,0.22772221589652225,141678709.6806902,5013710.619998984,847586259.8249159,2
2020-09-04,138835,109881,84844,25037,3029,22008,72,0.003271537622682661,0.04081857640192131,0.004673083835922834,0.051664021819064085,0.12098094819666894,0.16716594415342145,107628846.99175361,4393256.313983593,551379528.1523596,3
2020-09-05,143853,111946,84355,27591,2792,24799,122,0.004919553207790636,0.04935768726602355,0.007719908665869305,0.07998459162566765,0.10119241781740422,0.15491266544156446,154175909.46181774,7609766.323171161,805268080.3495831,3
2020-09-06,137759,107546,81485,26061,3119,22942,96,0.0041844651730450705,0.026522132083749785,0.007904531675683972,0.05118316805515771,0.11968074901193354,0.19662859829345947,127319732.50767155,3376790.762436156,584266549.4693363,3
2020-09-07,127697,100009,75913,24096,2766,21330,53,0.002484763244256915,0.01815763093782157,0.004855577689243028,0.03870728939046288,0.11479083665338645,0.11789974139714128,97472455.65126348,1769868.8763188228,416215012.31020784,3
2020-09-08,125043,97958,74278,23680,2856,20824,45,0.0021609681137149442,0.021601462183044238,0.004011824324324324,0.03819213638300694,0.12060810810810811,0.13158210270801718,78443420.64460337,1694492.5845630313,379993196.30090344,3
2020-09-09,128879,100947,76343,24604,3438,21166,68,0.0032126996125862234,0.02123119323927189,0.026215249552918225,0.07943409243452032,0.13973337668671762,0.16041461727641904,96013482.99230294,2038480.8109851286,448003390.8340789,3
2020-09-10,140500,108748,81541,27207,4881,22326,229,0.010257099346053929,0.11695452412732107,0.09060168339030397,0.28021581872396595,0.1794023596868453,0.306668073188523,126037782.4778078,14740688.871754818,612169697.925892,3
2020-09-11,135137,105701,80305,25396,4387,21009,199,0.009472130991479841,0.06933016852482418,0.07694125059064419,0.2196464748713012,0.17274373917152308,0.28244122415339434,93343898.34890218,6471548.203293446,503737359.9606326,3
2020-09-12,151057,117398,88788,28610,5141,23469,211,0.008990583322680984,0.09777561596190107,0.07389024816497729,0.2274446950613054,0.17969241523942678,0.2934740235562583,91903016.46607484,8985874.043727204,481964027.1356476,3
2020-09-13,145043,113045,85587,27458,4582,22876,258,0.011278195488721804,0.34200544421688595,0.07251074368125865,0.3671996805320016,0.1668730424648554,0.4080450586646533,132349659.87213704,45264304.21652399,699822520.3627684,3
2020-09-14,154027,118651,88855,29796,4491,25305,201,0.007943094250148192,0.10104410055984991,0.06222311719693919,0.24623396373789583,0.15072492952074104,0.27742082924740374,112379495.37517843,11355285.031554718,591907215.0226216,3
2020-09-15,164221,124940,92030,32910,5131,27779,209,0.007523668958565823,0.12364740757269099,0.06019446976602856,0.2583037110101836,0.1559100577332118,0.26262072889537774,104970870.53080422,12979376.011782527,552640524.4314662,3
2020-09-16,155585,119456,89108,30348,4711,25637,277,0.01080469633732496,0.1740470763369143,0.06399103730064584,0.3002050627306778,0.15523263477000132,0.24949313375876156,99705728.69071765,17353490.572661,489462920.3586954,3
2020-09-17,150243,124192,101249,22943,2318,20625,174,0.008436363636363636,0.0963304547337235,0.04772697554809746,0.2057951704388511,0.10103299481323279,0.19895567743957354,116007459.18340123,11175051.295640908,716913921.3762248,3
2020-09-18,166386,131334,100335,30999,3414,27585,165,0.005981511691136488,0.0642747302520473,0.04154972741056163,0.13572410559122294,0.11013258492209427,0.15330801666603847,129676102.92766565,8334896.535812432,696032769.4441335,3
2020-09-19,171880,133922,100966,32956,5046,27910,232,0.008312432819777858,0.08792180777530391,0.05710644495691225,0.16288642185258626,0.15311324189828862,0.1789463075458415,102779895.68963149,9036594.231989566,649756314.292349,3
2020-09-20,163406,127085,95615,31470,4622,26848,220,0.008194278903456496,0.1087307347769827,0.048077534159517,0.05210232676554756,0.14687003495392437,0.7482697558422905,88786416.15969077,9653812.267258147,706979492.3518713,3
2020-09-21,158400,122007,90540,31467,4312,27155,261,0.009611489596759344,0.1266782708839541,0.04887660088346522,0.2200169775005587,0.13703244669018336,0.19615197627657807,101915657.5107517,12910499.269463295,520730985.8747618,3
2020-09-22,174213,134372,100157,34215,5296,28919,196,0.00677755109097825,0.08548852876090443,0.04164839982463832,0.15953308145579137,0.15478591261142774,0.17595472303139598,73084073.12746038,6247849.887520939,379380000.16576874,3
2020-09-23,171908,131496,97295,34201,4924,29277,295,0.010076169006387267,0.11439158239345393,0.05052483845501594,0.20237869783942064,0.14397239846788107,0.16562473346512552,90768571.13225438,10383160.48341136,462444948.38997513,3
2020-09-24,152115,116811,86946,29865,4649,25216,253,0.010033312182741116,0.0941399172435497,0.052435961828227025,0.18127415384762224,0.15566716892683743,0.1891759122112758,66094062.118979335,6222089.538170747,377599336.88874876,3
2020-09-25,158422,120992,89454,31538,4601,26937,243,0.009021049114600735,0.08065706453736854,0.04470797133616589,0.15141449491477424,0.14588750079269452,0.16903492531267766,58552795.3446176,4722696.592954154,338822887.246069,3
2020-09-26,153980,119429,90305,29124,4371,24753,165,0.006665858683795904,0.07251956440043716,0.04188985029528911,0.15650978137302307,0.15008240626287597,0.18403512099657146,50883000.961593635,3690013.065121796,314722840.37704146,3
2020-09-27,156982,124603,96896,27707,4303,23404,159,0.006793710476841566,0.08159683000115177,0.045367596636229114,0.1649776124086017,0.15530371386292272,0.16517733596769377,56949210.2933753,4646875.031008387,339955253.87906194,3
2020-09-28,163309,129735,100374,29361,3391,25970,235,0.009048902579899884,0.14885834061995748,0.04063213105820646,0.2206616284267306,0.11549334150744184,0.17819429423873706,59765678.49271181,8896619.726450961,343711534.383951,3
2020-09-29,160953,127792,98680,29112,3468,25644,289,0.011269692715644986,0.19462731428447663,0.052040395713108,0.303786629886244,0.11912613355317395,0.20003144310181445,79436317.51220933,15460477.134050239,424580926.6647674,3
2020-09-30,150818,119234,91803,27431,3227,24204,229,0.00946124607502892,0.2190146740312472,0.04239728774014801,0.2721112632137221,0.11764062556961102,0.1407657932783166,68525861.64570874,15008169.251045244,324357304.3130698,3
2020-10-01,158153,124071,94433,29638,3438,26200,299,0.011412213740458015,0.20467273390311663,0.04929482421216006,0.27797079382512024,0.11599973007625346,0.14958929805149798,83815846.08572972,17154818.362769138,409590299.8882157,3
2020-10-02,164686,127090,94140,32950,3782,29168,338,0.011588041689522764,0.12520399890741118,0.05204855842185129,0.20954249762003269,0.11477996965098634,0.127760843363442,105317837.95547432,13186214.468308114,480792815.978485,3
2020-10-03,162197,127710,98379,29331,3947,25384,244,0.00961235423889064,0.12323728441454039,0.047765163137976886,0.19982387166966015,0.13456752241655587,0.15507575461455977,60006846.65404911,7395080.827924762,304661314.6758214,3
2020-10-04,190933,146680,110123,36557,6098,30459,284,0.009324009324009324,0.1341734187703294,0.046365949065842384,0.2058609257368193,0.16680799846814565,0.1612415643264005,72828632.24933018,9771666.573259695,345234920.14971435,3
2020-10-05,192905,149390,113207,36183,5883,30300,168,0.005544554455445544,0.15310226444030303,0.039659508609015286,0.20788218246792298,0.16259016665284803,0.1587856715403166,57968733.050560825,8875144.296776298,311097313.6341876,3
2020-10-06,203447,156182,116986,39196,5511,33685,297,0.008816980852011281,0.10553745227925843,0.043218695785284214,0.16857910669938608,0.140601081743035,0.14310161197679686,85510304.62968099,9024539.694239808,435239968.932593,3
2020-10-07,172331,132497,99264,33233,4819,28414,425,0.01495741535862603,0.28196230214847656,0.052598320946047605,0.343464787646413,0.14500646947311407,0.15713638121742585,82618824.15882348,23295393.86062204,368149553.3365543,3
2020-10-08,167390,130454,98912,31542,3786,27756,363,0.013078253350626892,0.19213321383698245,0.04546319193456344,0.29024966084718523,0.12003043560966331,0.17174886989662064,73988678.3910248,14215682.56681849,354530233.413239,3
2020-10-09,162023,127441,98409,29032,3759,25273,375,0.014837969374431211,0.189631037770567,0.05094378616698815,0.3159979696903775,0.12947781758060073,0.22376582149805888,51345846.938353114,9736766.240128592,372214341.4765642,3
2020-10-10,157922,122420,93539,28881,4657,24224,348,0.014365918097754293,0.19369832274481197,0.05498424569786365,0.276095193832216,0.16124787922855857,0.17851120378246807,47860014.38696183,9270404.513297077,313405042.58436966,3
2020-10-11,151252,116494,89444,27050,5479,21571,355,0.016457280608224004,0.17576323110715408,0.061478743068391864,0.23970534908674695,0.20255083179297598,0.168193423556185,42783457.67859452,7519758.759525955,258546848.4941131,3
2020-10-12,164914,130573,102554,28019,3979,24040,381,0.015848585690515806,0.21175492053933942,0.050251614975552306,0.20415278123728087,0.14201077840037118,0.3776817364151685,47870366.57682188,10136785.670663966,361206428.1869285,3
2020-10-13,155518,124434,99034,25400,3749,21651,201,0.00928363585977553,0.09974698866479086,0.04767716535433071,0.3043993287921564,0.1475984251968504,0.3122365494654554,31552669.475779377,3147283.764544458,242785289.60805055,3
2020-10-14,145173,115310,91338,23972,4089,19883,238,0.011970024644168385,0.1516800009241835,0.05418821958952111,0.31321948611663275,0.1705740030035041,0.2842090240554574,37288329.949704304,5655893.921232408,301273832.87331164,3
2020-10-15,140210,112295,89732,22563,3654,18909,237,0.012533714104394732,0.27720468848944574,0.05699596684838009,0.36569026582287395,0.16194654966094935,0.21487261753543785,37038819.4396699,10267334.40479052,275662602.7262195,3
2020-10-16,128903,102197,80573,21624,3528,18096,277,0.015307250221043324,0.1949778999426961,0.05928597854236034,0.28815373218179874,0.16315205327413984,0.1981687271025622,31423204.639735155,6126830.450125145,233441603.20647493,3
2020-10-17,132888,105922,83856,22066,4148,17918,227,0.012668824645607769,0.11707975173435553,0.05982053838484546,0.1789536770375516,0.18798151001540833,0.1566732074575393,24164079.17839618,2829124.3910959344,169303502.05477124,3
2020-10-18,135729,106306,82898,23408,5155,18253,271,0.0148468744863858,0.1908765757157475,0.06903622693096377,0.26992571399202875,0.22022385509227616,0.19020636919561776,28684364.90408056,5475173.349471863,176872923.06414792,3
2020-10-19,169226,129949,101093,28856,4248,24608,292,0.011866059817945383,0.2055354548930215,0.04536318270030496,0.26442209390261584,0.14721375103964512,0.15493513770472483,36022772.580899246,7403956.948922989,224234911.16432393,3
2020-10-20,153034,121093,95322,25771,3298,22473,320,0.014239309393494416,0.17054538545033535,0.05316052927709441,0.25157419138788123,0.12797330332544332,0.1423043166716855,40700439.49422604,6941272.141540832,249300060.68048412,3
2020-10-21,151952,123678,99983,23695,3011,20684,313,0.015132469541674725,0.21665258276556815,0.05541253428993458,0.2755693278477295,0.12707322219877612,0.1200666644968524,47948361.61555195,10388136.38338676,369317164.0696207,3
2020-10-22,139822,111838,88954,22884,3513,19371,349,0.018016622786639822,0.2242613013947446,0.06471770669463381,0.2913201099801988,0.15351337178814892,0.14428610999375638,37513805.05698865,8412894.742349025,324313254.7294259,3
2020-10-23,140264,110657,86781,23876,3449,20427,266,0.013021980711803006,0.17705144848584445,0.04820740492544815,0.24786042564658403,0.14445468252638632,0.1377454567864459,37158349.60621221,6578939.62112328,249562602.26359084,3
2020-10-24,126107,100154,79076,21078,3329,17749,255,0.014367006591920672,0.19997038138147713,0.05213967169560679,0.2574627235591623,0.15793718569124204,0.1235636425018617,23612550.313024007,4721810.691484728,157443032.44796714,3
2020-10-25,129935,103533,81893,21640,3123,18517,258,0.01393314251768645,0.1617470624050596,0.05129390018484288,0.2479439764965033,0.14431608133086876,0.14179397610653072,26949575.65295947,4359014.69492911,175874693.05066192,3
2020-10-26,146887,115020,89015,26005,3756,22249,325,0.014607398085307205,0.012617426486017547,0.056104595270140355,0.02153221695658779,0.144433762737935,0.014291948464184493,910279227.9789712,11485381.240773477,1934576879.149681,3
2020-10-27,143549,115143,91902,23241,3499,19742,366,0.018539155100800325,0.21682062266752258,0.062174605223527385,0.294767526166269,0.15055290219870057,0.13905144588422602,35226433.0321925,7637817.144395763,263655594.42798388,3
2020-10-28,172552,137239,107707,29532,3390,26142,350,0.0133884171065718,0.13830942976473498,0.04662738724095896,0.20450140969555078,0.11479073547338481,0.10513921953554893,67714019.9058393,9365487.480254546,410506142.85774374,3
2020-10-29,175381,140270,110948,29322,3286,26036,330,0.012674758027346751,0.1479906298460541,0.04307346020053202,0.19079688537359532,0.11206602550985609,0.07918475849793082,65906934.78779352,9753608.790468376,346309397.94764256,3
2020-10-30,163899,130569,102768,27801,3464,24337,423,0.017380942597690758,0.19178006674226777,0.05431459300025179,0.23835299497072296,0.12459983453832596,0.10289317954756623,63161653.486979954,12113146.121285006,366929513.47294456,3
2020-10-31,151880,122263,97899,24364,3437,20927,314,0.015004539590003346,0.13199057344259957,0.05504022328024955,0.1810530184381629,0.14106879001805944,0.09887357772240533,36901662.77554612,4870671.630729763,252647884.05819592,3
2020-11-01,152097,125093,102507,22586,2991,19595,381,0.019443735646848686,0.21019000614021077,0.06012574160984681,0.26738545277771225,0.13242716727176126,0.10972615378700426,28699551.465185188,6032358.89868857,225251533.69068918,3
2020-11-02,147864,119940,96517,23423,2923,20500,310,0.015121951219512195,0.18046693323077093,0.05187209153396234,0.24467125627246988,0.12479187123767237,0.11705432245160287,35020803.44478446,6320096.99695787,276822050.466467,3
2020-11-03,140750,112196,88728,23468,3690,19778,364,0.018404287592274245,0.24876457461321946,0.06442815749105164,0.30731326484568017,0.15723538435316176,0.11958283124189892,41409342.73916031,10301177.531520221,272313204.9051478,3
2020-11-04,130898,104819,83843,20976,3897,17079,413,0.024181743661806896,0.2728036043123504,0.07093821510297482,0.3465901336255835,0.1857837528604119,0.17460728599290662,36962793.20315191,10083583.21127189,270918845.1709016,3
2020-11-05,136952,109439,86956,22483,3823,18660,441,0.023633440514469452,0.26856177419243876,0.07614642174087088,0.37985163423963003,0.17003958546457323,0.1832889211943851,54075445.86733031,14522597.68237741,405687995.21234125,3
2020-11-06,133571,107569,85734,21835,3318,18517,634,0.03423880758222174,0.4013502040424766,0.08724524845431647,0.40971287317971056,0.1519578658117701,0.224335494915758,63464671.6022359,25471558.89704615,426658608.2253547,3
2020-11-07,133115,104675,81275,23400,4237,19163,644,0.03360642905599332,0.31365483491988083,0.10111111111111111,0.44625413173559664,0.18106837606837606,0.24067915695151942,59707314.53085959,18727487.882686168,597471566.9844491,3
2020-11-08,119050,95464,76030,19434,3344,16090,425,0.026413921690490987,0.3848487013251821,0.07641247298548935,0.49553089653066595,0.1720695687969538,0.22913500384412727,38785125.5783159,14926405.209548976,238449931.3035813,3
2020-11-09,133680,104462,80732,23730,4181,19549,484,0.02475829965727147,0.36085640277867054,0.0750526759376317,0.4308292752568269,0.1761904761904762,0.19962298064915898,44443797.84353123,16037829.015639113,4713069799.261658,3
2020-11-10,143888,114822,90745,24077,3815,20262,562,0.02773664988648702,0.28929417590780265,0.07559081280890477,0.352876642332491,0.15844997300328115,0.14624150031140684,44819234.01680157,12965943.369709566,284950176.88619566,3
2020-11-11,117064,92437,72468,19969,3614,16355,521,0.031855701620299604,0.32325693833243074,0.09544794431368621,0.4165435774629535,0.18098051980569882,0.1943977064028236,36918792.59854035,11934255.862334158,292511784.34603345,3
2020-11-12,117371,92703,72693,20010,3476,16534,431,0.02606749727833555,0.2869176498761685,0.08245877061469266,0.37976829662154804,0.17371314342828587,0.18176667594032553,38517660.37023856,11051396.592157278,284721408.6159529,3
2020-11-13,139011,110732,86983,23749,3555,20194,497,0.024611270674457758,0.3314915482593095,0.07798223083077183,0.42310938315902574,0.14969051328476987,0.176530954747305,50501676.42951437,16740878.909310397,326550660.6019123,3
2020-11-14,125026,98135,76218,21917,3928,17989,538,0.02990716549002168,0.31329090102287194,0.09695670027832276,0.8187722509464007,0.1792216087968244,0.7479889794727919,43887264.44017893,13749480.619892705,401995403.27172446,3
2020-11-15,143973,111935,86187,25748,5190,20558,613,0.029818075688296527,0.37220869584903243,0.1007845269535498,0.47349984585488286,0.2015690539070996,0.20959706697315122,48278583.210688815,17969708.494289476,315178566.68458235,3
2020-11-16,144146,113714,88583,25131,4127,21004,566,0.026947248143210818,0.37881258050549876,0.08670566232939397,0.46317095544950976,0.16421948987306514,0.1999564468484772,58702217.22512503,22237138.38844395,360386875.4374546,3
2020-11-17,151240,116346,88006,28340,3436,24904,714,0.028670093157725667,0.22282878616578924,0.07170077628793226,0.44584371976668535,0.12124206069160198,0.33749432601237855,75648131.69129431,16856581.360480886,442018706.3474911,3
2020-11-18,130782,102710,79808,22902,2706,20196,522,0.025846702317290554,0.30563634430335845,0.0659767705877216,0.4087459324352735,0.11815561959654179,0.211566816845045,69288185.47984608,21176987.713473197,451747806.6137253,3
2020-11-19,145817,115596,90725,24871,3400,21471,473,0.022029714498626052,0.20723595060258393,0.06276386152547143,0.2806695109346167,0.1367053998632946,0.16015454224382805,58073692.258352906,12034956.820161683,377612766.61846876,3
2020-11-20,148172,118697,93769,24928,3374,21554,524,0.024311032754941078,0.2913071939208903,0.08131418485237484,0.3480117186356458,0.13534980744544287,0.1407501548471309,62166558.33805232,18109565.665177345,437255328.36238146,3
2020-11-21,158550,125662,98216,27446,3390,24056,590,0.024526105753242433,0.28837319552086454,0.06580193835167238,0.38202545787180375,0.12351526634117904,0.20036217712050414,74458389.46181348,21471803.702440217,517310654.54195225,3
2020-11-22,160155,126773,99232,27541,3577,23964,621,0.025913870806209313,0.37936029141213273,0.07200174285610544,0.4710775883466798,0.1298790893576849,0.22086381822697004,82958335.4904178,31471098.32671037,665403486.1738198,3
2020-11-23,153159,123024,97728,25296,3265,22031,575,0.02609958694566747,0.30489238481474207,0.0670066413662239,0.3801806068955576,0.1290717900063251,0.22373350149156115,63458024.362751,19347868.383591156,498363164.77814436,3
2020-11-24,140871,112310,88356,23954,3415,20539,533,0.0259506305078144,0.2858350161570341,0.07088586457376639,0.3326407686375019,0.1425649160891709,0.22113249700248844,70027820.59781994,20016403.23201975,545080715.3777195,3
2020-11-25,138991,109020,84351,24669,3597,21072,580,0.027524677296886863,0.2914037147562337,0.06923669382625967,0.3532350529357195,0.1458105314362155,0.23359571957724937,58066388.61787732,16920761.34572854,391087275.8686477,3
2020-11-26,132191,101597,76788,24809,4409,20400,943,0.04622549019607843,0.3925078733479104,0.11209641662299971,0.5465533844440559,0.17771776371478093,0.3717051587141429,126577668.31670907,49682731.40432865,908422258.1488885,3
2020-11-27,124511,98987,77833,21154,3520,17634,428,0.024271294090960644,0.24425164369378102,0.07861397371655479,0.3009732019757225,0.16639878982698308,0.23470460383682704,41997747.156738415,10258018.774469176,327509751.68979317,3
2020-11-28,118494,91277,69192,22085,4424,17661,456,0.02581960251401393,0.3135087397344241,0.09757754131763641,0.36435947008353997,0.20031695721077655,0.20987149643331157,37279180.44811374,11687348.880620323,235197427.74402413,3
2020-11-29,124460,96017,72714,23303,4173,19130,453,0.023680083638264505,0.1922960214528456,0.07814444492125477,0.19573060790184355,0.17907565549500065,0.367132151989084,34983394.747384205,6727167.6268363595,243623186.8693118,3
2020-11-30,129247,98514,73157,25357,3207,22150,645,0.029119638826185103,0.2915372895544226,0.07796663643175454,0.3354638697967461,0.12647395196592656,0.18935234510393884,73816583.4771346,21520286.671091598,509471954.1302657,3
2020-12-01,126128,98035,74567,23468,3100,20368,555,0.027248625294579734,0.28695757206380756,0.08334753707175728,0.3804754003697124,0.13209476734276462,0.2274255094669727,67353502.40581444,19327597.520366333,491896106.9856852,3
2020-12-02,146789,111471,84145,27326,4429,22897,552,0.02410796174171289,0.22784836363775743,0.0827417111908073,0.2588690142480563,0.16208007026275342,0.18570958042946015,55700062.00810563,12691167.983068489,377071608.0910045,3
2020-12-03,162004,125345,94915,30430,4954,25476,568,0.022295493798084473,0.14810010619101838,0.07785080512651989,0.2000305881609588,0.16279986855077228,0.2181215969604006,61317858.771768555,9081181.395504791,369386758.7711725,3
2020-12-04,159350,123616,93946,29670,4127,25543,475,0.018596092863015307,0.18656371168633015,0.06865520728008088,0.23429877073229763,0.13909673070441522,0.2061814022925919,63432608.774717525,11834222.934958177,390124694.6142615,3
2020-12-05,153526,118474,89746,28728,4683,24045,543,0.022582657517155335,0.2112683811498564,0.08580478975215818,0.2583870553188313,0.16301169590643275,0.19066566110583824,57394835.90348831,12125714.067691632,368242537.05026764,3
2020-12-06,187623,147434,114184,33250,5024,28226,512,0.01813930418762843,0.11183678028749491,0.0723609022556391,0.16002327362981575,0.15109774436090226,0.17409566708762994,63784852.44247602,7133492.528279474,439399136.5961227,3
2020-12-07,188832,146585,112063,34522,5163,29359,457,0.015565925269934262,0.13212529965496872,0.0655234343317305,0.1836119852035202,0.14955680435664215,0.16433432183631133,57072990.754694134,7540786.005669221,370800157.2224859,3
2020-12-08,188139,143646,107219,36427,5332,31095,578,0.018588197459398617,0.20371558502638054,0.06643423833969309,0.26906562419352,0.14637494166415022,0.18566142889140144,82611277.82060449,16829204.791001298,470690142.6831336,3
2020-12-09,188810,144203,107094,37109,4469,32640,496,0.015196078431372549,0.14843856421248317,0.05351801449783072,0.18652660388560707,0.12042900644048614,0.20339210963508522,73151803.85395303,10858548.73363398,472704449.3876452,3
2020-12-10,179728,135585,100768,34817,5394,29423,432,0.014682391326513273,0.13184804487998947,0.06921905965476635,0.20602611382176814,0.15492431858000402,0.24458310808414982,58726036.49585536,7742913.095529437,395566946.3443109,3
2020-12-11,177402,138020,106182,31838,4317,27521,407,0.014788706805712001,0.11004902448419496,0.061310383818079024,0.17301162679164214,0.1355926879829135,0.20057386784282472,65554168.032032944,7214172.242798224,396253165.1879996,3
2020-12-12,151059,117256,90084,27172,3894,23278,381,0.016367385514219436,0.16104480214874356,0.06098189312527602,0.2081671888747513,0.14330928897394377,0.26184526117994444,44192701.296665534,7117004.836740023,331541847.8513086,3
2020-12-13,149914,115970,88554,27416,4282,23134,352,0.015215699835739603,0.14589055967044423,0.05905310767435074,0.17105871931592714,0.15618616866063612,0.31274985260497384,43268158.36140451,6312415.839254715,301868631.15228176,3
2020-12-14,155942,120665,92156,28509,4508,24001,440,0.01833256947627182,0.13936642150780448,0.0636991827142306,0.18446255045332252,0.1581255042267354,0.2270287783273546,50703390.74636813,7066350.126633255,310528772.40212107,3
2020-12-15,157553,121160,90771,30389,3946,26443,476,0.01800098324698408,0.16553533751266392,0.06025206489190167,0.2509682934997315,0.12984961663759914,0.2573726981490991,62526506.41223233,10350346.342436623,349375889.8892568,3
2020-12-16,143995,112234,86244,25990,3679,22311,537,0.024068844964367352,0.23829972314496387,0.07629857637552905,0.29942215212995243,0.1415544440169296,0.2577626889323897,67336893.79794398,16046363.149491884,438937421.118567,3
2020-12-17,134608,103033,77631,25402,3315,22087,464,0.021007832661746727,0.5080531525580303,0.07219903944571293,0.5067304482612818,0.13050153531218014,0.1556885855799556,153702815.8836878,78089200.16675408,746069073.455354,3
2020-12-18,141812,107244,79147,28097,3622,24475,422,0.017242083758937692,0.19658571505699962,0.06175036480763071,0.23328139832117095,0.12891055984624694,0.26670909677099924,67649226.2768144,13298871.520680327,652700655.704762,3
2020-12-19,161126,121504,89588,31916,4265,27651,492,0.017793208202235,0.21326622386374192,0.0622258428374483,0.2559360795149567,0.1336320340894849,0.24821676815499316,76147440.56054038,16239677.105235185,417093912.0434121,3
2020-12-20,174217,131955,97694,34261,4886,29375,480,0.016340425531914893,0.15708632694405483,0.06146930912699571,0.2020101873551197,0.1426111321911211,0.2494489935646289,64899027.518158294,10194749.855068626,394535782.8736612,3
2020-12-21,185063,139923,103805,36118,5575,30543,514,0.016828733261303734,0.16949151888865283,0.056869151115787143,0.23836714901839176,0.154355169167728,0.24395395813433174,85933323.25321555,14564969.481337093,538058537.7409002,3
2020-12-22,173951,128471,91873,36598,4945,31653,643,0.020314030265693617,0.1770080272531517,0.06759932236734248,0.25373171419619006,0.13511667304224276,0.26231622735058024,79014335.07285513,13986171.575965602,541991533.0889966,3
2020-12-23,146526,110902,81959,28943,4031,24912,645,0.025891136801541426,0.24649545269985768,0.083578067235601,0.34899874002916603,0.13927374494696473,0.28016801644601635,99378385.45036657,24496320.110169057,633176010.3086433,3
2020-12-24,136620,103111,76172,26939,3874,23065,604,0.026186863212659874,0.2964494016784228,0.08140613979731987,0.3587638691716093,0.14380637737109767,0.22776085711086397,91535895.73492259,27135761.5227163,531131757.910082,3
2020-12-25,139964,107555,80966,26589,3634,22955,898,0.039120017425397516,0.18576434276536374,0.095866711798112,0.22980764388903538,0.13667306028808907,0.24615032769374928,75513571.2811101,14027728.938900864,428272921.6754732,3
2020-12-26,138569,108795,84097,24698,3330,21368,839,0.039264320479221265,0.2921472655734522,0.10097983642400195,0.3227398391858405,0.1348287310713418,0.2389965211793693,69593673.33411819,20331601.365774706,457890328.376449,3
2020-12-27,144777,111070,83863,27207,4362,22845,1017,0.04451739986868024,0.3360498071095759,0.11508067776675121,0.40472757481926763,0.16032638659168597,0.23306542134601507,103200948.69273564,34680658.90171905,706554721.4773414,3
2020-12-28,160672,124270,93397,30873,6105,24768,997,0.04025355297157623,0.37127450111146953,0.17137952256016584,0.4441909355614113,0.1977456029540375,0.25730234846783606,98059012.17313528,36406810.82406432,680538466.3362931,3
2020-12-29,149564,114331,85332,28999,4039,24960,941,0.03770032051282051,0.32576249300987437,0.11862478016483327,0.3746779234544943,0.13928066485051208,0.25068883133402686,104225527.69151765,33952767.73605849,679077468.8635381,3
2020-12-30,152187,117039,88085,28954,3287,25667,954,0.03716834846300698,0.2867334706795007,0.0970850314291635,0.3437222876438573,0.11352490156800442,0.26102143279026313,120404977.18353364,34524136.99492069,805353149.5639567,3
2020-12-31,152562,115728,85467,30261,3002,27259,765,0.02806412560989031,0.2180822176129478,0.07818644459865834,0.29529175584636697,0.0992035953868015,0.24465931155281767,107675298.86699682,23482067.959051594,697151169.6625239,3
2021-01-01,154955,117634,87368,30266,3639,26627,918,0.0344762834716641,0.24892175330584934,0.09641181523822111,0.32172766139664755,0.12023392585739774,0.26724437156824504,104211004.5822674,25940385.9743819,689380264.7752187,3
2021-01-02,151011,115687,86731,28956,3265,25691,848,0.03300766805496088,0.24877119255573926,0.08892802873325045,0.2800834656455294,0.11275728691808261,0.27972399023756706,116780688.43643473,29051671.1298121,1129244340.7585049,3
2021-01-03,139633,106778,80376,26402,3208,23194,983,0.042381650426834526,0.41681051097666466,0.10408302401333232,0.4650307689736462,0.12150594651920309,0.30430594233569885,159689325.45000494,66560189.338335454,1188795305.0676794,3
2021-01-04,118468,90909,68907,22002,3035,18967,998,0.052617704434016976,0.5003819306625295,0.12171620761748932,0.5405626428580776,0.13794200527224798,0.26900988930790126,206487505.40837127,103322616.61393031,1596887077.6533885,3
2021-01-05,132763,103213,78990,24223,3569,20654,830,0.04018592040282754,0.35996446655520253,0.12533542500928868,0.402832749976321,0.14733930561862693,0.3626818367381598,142142456.2866163,51166233.45205803,1273735835.3739076,3
2021-01-06,127328,98102,74448,23654,2952,20702,885,0.04274949280262776,0.3798182226005385,0.10915701361291959,0.4186498662531431,0.12479918829796229,0.303974419780581,164603362.741665,62519356.670610905,1207877802.6131845,3
2021-01-07,115472,88655,66985,21670,3282,18388,849,0.0461714161409615,0.3218235892308264,0.13119520073834795,0.3474188732219543,0.15145362251961236,0.3843838894494031,154166524.8379667,49614424.36259779,1268507698.6041403,3
2021-01-08,120605,93698,71929,21769,3082,18687,957,0.051212072563814416,0.3702627399315177,0.12421333088336625,0.3929886672382584,0.14157747255271258,0.33799954979689817,168979769.68745744,62566912.517474815,1412945898.2507932,3
2021-01-09,132877,103886,79771,24115,3153,20962,748,0.03568361797538403,0.29387437381899956,0.10230147211279286,0.30903818107381426,0.13074849678623263,0.33929709686857307,143486763.12128407,42167082.663582474,1115292135.2818787,3
2021-01-10,128682,98950,74860,24090,3493,20597,841,0.040831189008107976,0.4417196104788545,0.11477791614777916,0.4350216790990285,0.14499792444997925,0.3422916878204822,148991962.1199018,65812671.47208327,1138350313.19244,3
2021-01-11,114268,85645,63360,22285,3903,18382,1166,0.06343161788706343,0.4965344081194969,0.14920350011218309,0.5636086831514572,0.1751402288534889,0.34085198004985273,257299538.66187885,127758074.13889563,1944373391.912826,3
2021-01-12,126617,94745,69218,25527,3506,22021,907,0.041187956950183915,0.3648245802874486,0.10659301915618756,0.3798768590812959,0.1373447722019822,0.36529425994013137,126892810.32331516,46293616.26769827,1083124578.8266063,3
2021-01-13,127172,95517,69313,26204,3911,22293,937,0.042031130848248326,0.3599496193594623,0.11719584796214319,0.36568899225764084,0.14925202259197068,0.28749330220490277,123296167.48455526,44380408.55454618,869637087.4751055,3
2021-01-14,144858,110139,81031,29108,3967,25141,921,0.036633387693409174,0.3349657054467697,0.1110691218908891,0.3685223510195469,0.13628555723512437,0.30839380473148703,134240290.46661308,44965893.59552832,1031846140.6310992,3
2021-01-15,141676,109173,82243,26930,3973,22957,1053,0.04586836259093087,0.40587050923068646,0.11745265503156331,0.40593267724648013,0.1475306349795767,0.34693252364843447,150386301.00423762,61037364.569909215,1639464558.7177649,3
2021-01-16,156379,120306,89765,30541,4173,26368,987,0.0374317354368932,0.35904034165355136,0.10418781310369667,0.3820658320134138,0.13663599751154187,0.3128721014423529,142476306.04437524,51154741.59970843,1039826387.9488362,3
2021-01-17,166492,127317,94015,33302,4687,28615,1055,0.03686877511794513,0.3285739179928464,0.10765119212059336,0.33873731143119234,0.1407422977598943,0.3185087493245677,130832925.97735941,42988287.090849034,934828511.137982,3
2021-01-18,176132,134797,99690,35107,4766,30341,1098,0.036188655614515015,0.2845475949820036,0.10952231748654115,0.3176494510193721,0.1357564018571795,0.37818474314305356,136775341.63549393,38919094.5152217,943260862.265115,3
2021-01-19,157686,122428,92650,29778,4283,25495,1280,0.05020592272994705,0.5524523994531498,0.12841695211229767,0.5210786152539003,0.14383101618644636,0.3099838225115495,234015399.46633193,129282368.94416244,1458932760.3184037,3
2021-01-20,155571,119691,89134,30557,3879,26678,996,0.03733413299347777,0.35097418669074437,0.10122066956834767,0.40497347655948923,0.12694308996301992,0.2949597662909396,149237969.1635986,52378674.85057241,1123560707.070611,3
2021-01-21,149243,114955,86175,28780,4162,24618,995,0.040417580632057845,0.37695638486797134,0.1103544127866574,0.41678598153694485,0.14461431549687284,0.32160635955500516,188869523.31219846,71195572.71950337,1379255948.0334206,3
2021-01-22,145166,111270,83340,27930,4193,23737,1091,0.04596200025276994,0.42070669206460826,0.12330827067669173,0.43554833873796966,0.15012531328320802,0.30130262668920227,188156993.91200912,79158906.497542,1418822988.3499856,3
2021-01-23,166568,125113,90620,34493,5260,29233,1225,0.041904696746827216,0.4074012779615635,0.13570869451772824,0.3952106717171864,0.1524947090714058,0.3414572101941869,169121072.2653888,68900140.97114933,994045277.4913228,3
2021-01-24,178372,134179,97410,36769,5523,31246,1353,0.043301542597452475,0.3650118999144439,0.1322037586009954,0.39163927761393325,0.15020805569909434,0.3896387294483334,161641355.25867856,59001018.18771584,1085098682.5567038,3
2021-01-25,172878,131707,97233,34474,4374,30100,1346,0.044717607973421926,0.38792906624083845,0.12200498926727389,0.4238211320437631,0.1268782270696757,0.30387862443916835,216334335.1930079,83922376.6472561,1410422039.0301926,3
2021-01-26,164808,124952,91764,33188,4478,28710,1253,0.043643329850226405,0.4033365312540732,0.12582861275159696,0.4044403748766769,0.13492828733277087,0.3468137081127864,192206808.650285,77524027.48442134,1233555839.4019248,3
2021-01-27,165526,126197,93022,33175,4506,28669,1197,0.041752415501063865,0.330922735844956,0.12189902034664657,0.32989720722634935,0.1358251695553881,0.35194261598150867,171208181.95447615,56656679.97141628,1229424799.9962778,3
2021-01-28,162236,122865,90664,32201,4986,27215,1101,0.04045563108579827,0.3329193867635032,0.1243129095369709,0.3383813354040371,0.15483991180398124,0.3927020249639436,146727881.62724206,48848556.372449316,1051748882.6830165,3
2021-01-29,153341,117861,88918,28943,4886,24057,1290,0.05362264621523881,0.4432492493267118,0.15672183256746017,0.46800555351034895,0.16881456656186297,0.4217856380009921,218403961.20502168,96807391.85410614,1638011152.4842353,3
2021-01-30,164336,129002,99179,29823,4373,25450,1165,0.045776031434184676,0.32304525920620236,0.13925493746437315,0.3503195865098285,0.14663179425275794,0.4026744888858731,155598585.92782354,50265385.52317231,1096766971.7012212,3
2021-01-31,185296,146168,113142,33026,4620,28406,1281,0.045096106456382457,0.40481500247691055,0.12526494277236117,0.42800617148617986,0.13988978380669775,0.2727337593822605,203319543.0496654,82306801.32325462,1153635905.515182,3
2021-02-01,181097,144615,113753,30862,4484,26378,1170,0.044355144438547274,0.35323094302506186,0.13158576890674617,0.35881522798268906,0.14529194478646879,0.3893174988429186,192177156.21876666,67882918.11902958,1249099136.5089302,3
2021-02-02,169994,135572,106828,28744,3951,24793,1100,0.044367361755334164,0.3807401092102254,0.12520873921514056,0.40909623919944793,0.1374547731700529,0.33907831632764873,191320433.4553389,72843362.72793339,1426033848.2599106,3
2021-02-03,172629,135101,103460,31641,4266,27375,1050,0.038356164383561646,0.2546077128941441,0.11251224676843335,0.30560421944067756,0.13482506873992606,0.3475870787264292,173278828.8265968,44118126.3005157,1252093774.3656263,3
2021-02-04,165357,129016,98479,30537,5054,25483,1172,0.04599144527724365,0.2451857263957388,0.142155418017487,0.3037366153352704,0.16550414251563678,0.21047194398573962,456197344.59197146,111853077.31358968,1883054132.2526348,3
2021-02-05,176633,139359,107438,31921,4572,27349,1023,0.03740538959376943,0.278617828296768,0.11894990758434885,0.18556217270099087,0.1432285955953761,0.617369338149469,266715222.8712573,74311616.17007817,1897741502.0894873,3
2021-02-06,165848,129020,97579,31441,4152,27289,849,0.031111436842683866,0.2441065611587395,0.10925225024649343,0.3128435363790224,0.13205686842021563,0.26719327416377453,248297998.72165462,60611170.610540204,1428848189.2503736,3
2021-02-07,178435,140498,108197,32301,3813,28488,895,0.03141673687166526,0.2718631562851936,0.09683910714838549,0.34290202427727345,0.11804588093247886,0.235509840830218,196796755.92276856,53501787.211850725,1308535405.2772677,3
2021-02-08,170107,133846,103072,30774,3583,27191,887,0.032621087859953664,0.20509867684453795,0.09553519204523299,0.2937945755631218,0.11642945343471763,0.27844887540831226,258154370.8412224,52947119.88116889,1619035548.1326456,3
2021-02-09,167769,133179,103451,29728,3412,26316,921,0.03499772001823986,0.0715623986801387,0.10279870828848224,0.10900400406688958,0.11477395048439182,0.07742583098065083,770853313.6697147,55164112.15673813,2020800879.8023129,3
2021-02-10,157235,123488,94331,29157,3446,25711,962,0.03741589203064836,0.30948493744106875,0.10690400246938986,0.3504472777781788,0.11818774222313681,0.23176257581456755,288746723.0606617,89362761.52274248,1607470164.713377,3
2021-02-11,170247,132481,99903,32578,4199,28379,921,0.03245357482645618,0.2636121581949094,0.10365891092148076,0.32813388279225053,0.1288906624102155,0.23827441943161898,202329040.81309974,53336395.11424713,1247702500.859459,3
2021-02-12,188537,146946,110976,35970,4391,31579,1142,0.036163273061211566,0.26075598328862565,0.10578259660828468,0.3273250253614968,0.12207395051431749,0.22559181240693937,234205908.16932228,61070591.8766972,1347472067.9011307,3
2021-02-13,194992,151751,114119,37632,4882,32750,1360,0.04152671755725191,0.2631889836531381,0.11997767857142858,0.3490034706356361,0.12973001700680273,0.25296837986506104,248786297.20632577,65477812.70856043,1383867805.2348714,3
2021-02-14,196980,154038,116430,37608,4351,33257,1236,0.03716510809754337,0.228984180512792,0.10766326313550309,0.27392590116643317,0.11569346947457988,0.24990072038627506,227998431.56866565,52208034.01095279,1266106350.2727993,3
2021-02-15,186953,146571,111347,35224,4510,30714,1163,0.0378654685159862,0.26033511485310695,0.11659663865546219,0.3298100575820474,0.12803770156711333,0.2652872448812416,265267167.87229818,69058358.61479315,1677027743.5796037,3
2021-02-16,174152,138020,106219,31801,3349,28452,912,0.03205398566005905,0.22232819725323408,0.09427376497594415,0.23874068451315383,0.10531115373730386,0.2882173473652221,202748938.6484924,45076806.02472587,1300586644.9843175,3
2021-02-17,186510,143891,107130,36761,4496,32265,1412,0.04376259104292577,0.27064072705744263,0.117570251081309,0.31959433572247936,0.12230352819564212,0.24010580306304305,277023779.99853516,74973917.2310046,1457714461.6322613,3
2021-02-18,171955,133544,100155,33389,4315,29074,1207,0.041514755451606246,0.27868176250852517,0.11830243493366079,0.339762996038526,0.1292341789212016,0.2919089714456925,248605072.42407218,69281699.75169998,1379270159.2578716,3
2021-02-19,158346,123401,92822,30579,3773,26806,1029,0.03838692829963441,0.3395228578587383,0.11135092710683803,0.4125127632669973,0.12338532980149776,0.24542831212423305,250239072.71954903,84961885.11766192,1395408783.6635303,3
2021-02-20,150163,116932,88246,28686,3807,24879,1028,0.041319988745528356,0.32650153960144507,0.12221989820818517,0.38186970330351794,0.13271282158544237,0.28039097386988676,274582085.65791386,89651473.71428475,1862302983.050703,3
2021-02-21,153775,119584,89767,29817,3461,26356,959,0.036386401578388225,0.2359582135260149,0.10665056846765268,0.31037946937606914,0.11607472247375658,0.23427775062178996,206888688.8137369,48817085.41122898,1255883944.5863187,3
2021-02-22,150099,118702,91248,27454,3557,23897,989,0.04138594802694899,0.3276875093383844,0.12431703941137903,0.5232607129157011,0.12956217673198805,0.3341591698601977,319407202.46872616,104665750.64171794,2146745978.2105737,3
2021-02-23,126661,97865,73570,24295,4127,20168,1049,0.05201309004363348,0.3676342867316485,0.1620909652191809,0.5525731117100284,0.16987034369211773,0.34468739986201424,399908867.70317256,147020211.33571702,2808233681.582061,3
2021-02-24,148591,116884,89364,27520,3333,24187,902,0.037292760573861994,0.2569487337755696,0.11115552325581396,0.43346873982594725,0.12111191860465116,0.28022451332048853,230718409.66814423,59282803.22294279,1649335414.0365567,3
2021-02-25,152640,119608,90457,29151,3368,25783,891,0.034557654268316335,0.22174111145818867,0.10613701073719597,0.3089917931792338,0.11553634523687009,0.2253054559847145,213365273.46026388,47311852.88365928,1415289325.6065478,3
2021-02-26,143334,111481,83649,27832,3439,24393,1008,0.041323330463657604,0.3506067629095199,0.11544265593561369,0.4228028426507797,0.12356280540385169,0.22814702568206616,248977416.430422,87293166.01224577,1529825215.7772598,3
2021-02-27,142125,111038,84075,26963,3383,23580,955,0.04050042408821035,0.24669526239827896,0.11953417646404332,0.2861221860381869,0.125468234246931,0.31907011829828075,166779498.28338575,41143712.091673166,1101526777.684753,3
2021-02-28,151575,115975,85702,30273,4090,26183,1218,0.046518733529389296,0.304218091637068,0.13381561127076932,0.39411913692334916,0.13510388795296138,0.2975430640715007,229673779.5996486,69870918.92887765,1600444732.279647,3
2021-03-01,151847,116771,87087,29684,3966,25718,1009,0.03923322186795241,0.26457640618978606,0.1242083277186363,0.30797657817112956,0.1336073305484436,0.30670471582333914,195891305.28273273,51828217.55553168,1292016795.4388866,3
2021-03-02,147316,113563,84800,28763,3969,24794,1006,0.04057433249979834,0.3805735770947951,0.12676007370580258,0.4040086793781051,0.13798977853492334,0.23837135787603767,231823501.83724838,88225899.34884343,1375714214.7063322,3
2021-03-03,155705,121737,92292,29445,3746,25699,969,0.03770574730534262,0.23216041693397538,0.11149600950925455,0.28173344703971026,0.1272202411275259,0.26405187727728446,184139253.96896395,42749845.97534585,1183314118.6294239,3
2021-03-04,157967,122042,90919,31123,3718,27405,927,0.033825944170771755,0.2510946380436446,0.10082575587186325,0.2783875415060625,0.11946149150146194,0.29946105801600553,185306915.08965755,46529572.771421954,1229125534.0102015,3
2021-03-05,182825,141647,105641,36006,4444,31562,930,0.029465813319814967,0.25792981987248903,0.09315114147642059,0.2934004681395492,0.12342387379881131,0.28795704882378426,211687620.47737116,54600549.81896417,1348194095.836986,3
2021-03-06,164606,129978,99647,30331,3519,26812,829,0.03091899149634492,0.2941707973596283,0.09000692360950842,0.2957089058401609,0.11601991361972899,0.3204520180472244,157535409.2517748,46342316.95196996,1131830127.1205838,3
2021-03-07,170803,135583,104246,31337,3486,27851,871,0.031273562888226636,0.23738412236580958,0.09212751699269234,0.2866490636756226,0.11124230143281105,0.2658087458931197,197841267.13261178,46964375.56601474,1718073823.082809,3
2021-03-08,176123,138953,106092,32861,3870,28991,884,0.030492221723983304,0.28470884309624084,0.0978059097410304,0.3323222563327028,0.11776878366452634,0.26584525965033784,225758536.98040473,64275451.88279094,1413463407.556987,3
2021-03-09,178537,139266,104860,34406,3921,30485,950,0.031162866983762506,0.2914940401908696,0.09477998023600535,0.41185324009874497,0.11396268092774516,0.3508528850994886,225658793.31010592,65778193.36655915,1518377841.014035,3
2021-03-10,166450,130643,99144,31499,3350,28149,701,0.024903193719137448,0.16727107889018294,0.07889139337756754,0.20921367913749356,0.10635258262167054,0.2575389576830887,187305546.54137415,31330800.85209103,1277737319.3840528,3
2021-03-11,166578,130544,98977,31567,3584,27983,792,0.028302898188185686,0.2184662569960948,0.09196312604935535,0.31964906888739925,0.11353628789558716,0.2544838209033842,188962464.36793107,41281922.30321983,1247823258.91135,3
2021-03-12,176121,140245,108231,32014,3138,28876,693,0.023999168859952902,0.15528899058353746,0.08296370337977135,0.21763273153489546,0.0980196164178172,0.18367049047328476,210497440.05381,32687934.986374844,1510545045.0602748,3
2021-03-13,175147,139860,108445,31415,3318,28097,782,0.027832152898886003,0.22643639277987374,0.08292217093745026,0.26689587817024224,0.10561833519019577,0.18498530443415342,226032007.26316756,51181872.37746588,1419233752.736544,3
2021-03-14,192007,153980,119939,34041,3198,30843,709,0.02298738773789839,0.1570092559198741,0.07261831321054023,0.1985736729784426,0.0939455362650921,0.17612534556365875,204431832.72962528,32097689.943214633,1305628196.594245,3
2021-03-15,189319,153021,120035,32986,2917,30069,605,0.02012038977019522,0.11698691221970595,0.06745285878857697,0.21268400145986033,0.08843145576911417,0.14917575636772007,207250849.10501337,24245636.891707722,1323942463.079177,3
2021-03-16,185559,149438,117145,32293,3364,28929,572,0.019772546579556845,0.17561623053249362,0.07462917660174032,0.23979793116281428,0.1041711826092342,0.12846606112658931,200858755.2834497,35274057.47232802,1243115982.041985,3
2021-03-17,181421,147086,116244,30842,3042,27800,647,0.023273381294964028,0.21543087066608935,0.0765190324881655,0.2652258883186074,0.09863173594449128,0.19669020174186663,201294916.46038163,43365139.113717735,1235488665.1561675,3
2021-03-18,171220,136559,105705,30854,3043,27811,871,0.03131854302254504,0.18137973185962986,0.08763855577882933,0.23279999423722247,0.09862578595968108,0.2011301255764405,179565098.67714533,32569469.4494086,1053118470.4238894,3
2021-03-19,184436,147544,114390,33154,3448,29706,870,0.02928701272470208,0.14964769578974088,0.0809857030825843,0.2306506058211708,0.10399951740363154,0.16490212950485605,202335096.20024306,30278980.92376193,1217075627.2702298,3
2021-03-20,184575,148258,115458,32800,3093,29707,846,0.02847813646615276,0.13510889907370477,0.07798780487804878,0.20835727650490168,0.09429878048780488,0.2198887964319875,171568464.30931884,23180426.328598276,1053413269.9631631,3
2021-03-21,177478,141990,110398,31592,3588,28004,969,0.03460219968575918,0.22275528566619296,0.09407444922765257,0.2885790131158063,0.1135730564699924,0.13923932421835802,189251460.84161183,42156763.22251757,1129715574.066773,3
2021-03-22,197022,156395,120338,36057,3722,32335,889,0.027493428173805474,0.18550670052322638,0.07379981695648556,0.2170799560847662,0.1032254485952797,0.25712546561126237,276324949.4702718,51260129.648477376,1504776050.784733,3
2021-03-23,187631,148926,114592,34334,3418,30916,967,0.031278302497088885,0.23937953963894673,0.0819595736005126,0.3026142142965447,0.0995514650200967,0.12873127828677988,248888894.8898358,59578909.0799751,1312875644.255793,3
2021-03-24,195095,153832,117317,36515,3853,32662,1026,0.0314126507868471,0.18009014686521024,0.08706011228262359,0.2450515895022957,0.10551828015883884,0.2336667131424161,280187924.05433697,50459084.392803915,1605297185.4644253,3
2021-03-25,174413,138214,105854,32360,3156,29204,1095,0.037494863717299,0.22000327072381456,0.09415945611866502,0.27208406379997885,0.09752781211372065,0.1773318534461172,246085546.25679475,54139625.054351404,1397108413.124426,3
2021-03-26,182782,144810,111326,33484,3200,30284,1029,0.03397833839651301,0.18179016315174285,0.08224823796440091,0.23599146160026488,0.09556803249313105,0.18363187300604505,204360788.57396138,37150781.09667926,1310336417.3934495,3
2021-03-27,190752,152875,118736,34139,2834,31305,955,0.030506308896342437,0.13992043887879155,0.0751047189431442,0.15991996535261327,0.08301356220158762,0.27477405432037993,181013064.8570362,25327427.477591664,1064881085.0170041,3
2021-03-28,189954,151801,117636,34165,3350,30815,997,0.03235437287035535,0.10515897022430312,0.08403336748134055,0.15322007559117554,0.09805356358846773,0.19239976233639328,210891289.89989537,22177110.875147976,1070349778.6762013,3
2021-03-29,190498,150763,115749,35014,3575,31439,1157,0.036801424981710615,0.12907338913882294,0.08865025418404067,0.18558650123487766,0.10210201633632261,0.16994184346304375,325965222.8071282,42073436.04910758,1453824095.6595793,3
2021-03-30,193240,154483,119899,34584,3328,31256,1201,0.038424622472485286,0.06396107197484698,0.09148739301411057,0.09573121409394511,0.0962294702752718,0.10912252368842115,549207559.2261893,35127904.224796325,1651742350.950804,3
2021-03-31,190274,156727,126563,30164,2920,27244,1048,0.03846718543532521,0.11641784137132469,0.09080360694868055,0.17212242454806606,0.09680413738231004,0.16448114139920111,325335986.5525105,37874913.27485359,1640597788.0921643,3
2021-04-01,197965,160378,126399,33979,2856,31123,1036,0.033287279503903866,0.14841221000757457,0.08222725801230171,0.20540747993842018,0.0840519144177286,0.1389949802642599,237656167.85180366,35271077.09281728,1500863670.3544457,3
2021-04-02,177282,143405,112791,30614,2804,27810,1008,0.036245954692556634,0.23180628253657287,0.08714967008558176,0.2769062072767455,0.09159208205396224,0.2533604629322756,230486072.76864117,53428119.70495273,1575049274.7224183,3
2021-04-03,167352,135192,106523,28669,2802,25867,1042,0.04028298604399428,0.2647599444896945,0.09505040287418466,0.3390741523728074,0.09773623077191392,0.26629317397332547,221962959.36421847,58766900.8000388,2171149325.005538,3
2021-04-04,169781,135875,105712,30163,3242,26921,1088,0.04041454626499759,0.20499152223295042,0.10300699532539867,0.23949521123691292,0.10748267745250804,0.32666630856178824,173313165.39572442,35527729.597480655,1337299272.6239555,3
2021-04-05,176955,142268,111343,30925,3326,27599,1086,0.039349251784484944,0.18362278265146625,0.0970735650767987,0.2269170711830407,0.10755052546483428,0.27731930660725496,199802143.05809712,36688225.488054134,1510250723.4184155,3
2021-04-06,183557,146237,112894,33343,3203,30140,1125,0.037325812873258125,0.18720275210455065,0.0890441771886153,0.24254190222228383,0.09606214197882613,0.20118652205080864,231297476.21101248,43299524.10153837,1449328127.8612783,3
2021-04-07,184317,146196,112830,33366,3612,29754,1191,0.040028231498285945,0.24841220964374722,0.0986033686986753,0.3009767366105092,0.10825391116705628,0.23513691408704718,254036059.29718614,63105658.819204,2063555662.2702026,3
2021-04-08,177015,137682,104579,33103,4379,28724,1175,0.04090655897507311,0.22147444450854403,0.10207534060357068,0.26837663114768245,0.13228408301362415,0.2505741881278942,221270218.56785566,49005698.74359996,1436414489.3414273,3
2021-04-09,168912,132923,101690,31233,3596,27637,1078,0.03900568079024496,0.2238035402121592,0.09784522780392534,0.29092467266453126,0.11513463324048283,0.23511339229567432,199382891.3448388,44622596.9407112,1327658240.2471406,3
2021-04-10,170572,131831,97810,34021,3532,30489,1319,0.04326150414903736,0.2686096962787818,0.10440610211340055,0.3050951590581075,0.10381822991681608,0.22288428838107444,236265486.67692208,63463200.61744661,1391355834.9425206,3
2021-04-11,167911,130800,98062,32738,3117,29621,1289,0.043516424158536175,0.16611762084082102,0.0949660944468202,0.21057814765891514,0.09521045879406195,0.3193272236094244,173587373.54691994,28835921.501621213,1255275692.3273485,3
2021-04-12,164362,128792,97697,31095,3609,27486,1357,0.04937058866331951,0.24784064084597507,0.11744653481267085,0.32510348090239993,0.11606367583212736,0.22052946260205294,212771740.99867883,52733484.64302639,1437999166.9184427,3
2021-04-13,163983,130152,100077,30075,3211,26864,1245,0.04634455032757594,0.28612885548916056,0.10829592684954281,0.3626851050917129,0.10676641729010806,0.23310504282461184,216397699.15744638,61917625.990407825,1949228879.4040937,3
2021-04-14,171399,134209,101103,33106,3338,29768,1335,0.044846815372211773,0.22987850851214847,0.10433154111037274,0.31206085267503164,0.1008276445357337,0.2185452457673366,257815847.58614117,59266322.51389752,1844670120.1768558,3
2021-04-15,178440,139007,104434,34573,3594,30979,1417,0.045740663029794376,0.2598801193438849,0.10230526711595754,0.3083488520844156,0.10395395250629104,0.1958460061172374,248353193.22542715,64542057.494858906,1478431053.045891,3
2021-04-16,183445,148305,116609,31696,2833,28863,1029,0.035651179711048746,0.16559319607331816,0.0860045431600202,0.23157232076291312,0.08938036345280162,0.18778743147082752,245623071.7178179,40673509.47509931,1848151703.0824146,3
2021-04-17,217939,181675,148351,33324,2357,30967,915,0.029547582910840572,0.12676861868932435,0.06868923298523587,0.1685565730920839,0.07072980434521665,0.20030071031756805,222419031.48677695,28195753.391796052,1582285230.9017673,3
2021-04-18,200924,162637,128673,33964,3764,30200,1386,0.04589403973509934,0.3190089628600778,0.1114120833824049,0.42194991313057834,0.11082322459074313,0.2520078593060835,375656200.9097811,119837695.04418628,2426925628.005004,3
2021-04-19,205067,170671,139743,30928,3109,27819,1053,0.03785182788741508,0.2804762399789733,0.09813114330056906,0.3239670715631108,0.1005237972064149,0.18551028435492278,279385301.29076195,78360938.8114255,2529313319.933897,3
2021-04-20,223798,188248,155807,32441,3118,29323,998,0.03403471677522764,0.2196151015251082,0.08994790542831602,0.3306086454428616,0.09611294349742609,0.20472006722945552,322886924.61587745,70910844.73064588,2189874511.430903,3
2021-04-21,222463,183578,148540,35038,2941,32097,1217,0.03791631616661993,0.2679877652215753,0.08547862320908728,0.3294646875773489,0.08393743935156116,0.2020195693212465,284716345.73641384,76300497.21595493,2127901486.6908264,3
2021-04-22,217868,174044,135795,38249,4412,33837,1536,0.045394095221207555,0.2932179014841028,0.10049935946037805,0.3499653250327024,0.11534942089989281,0.20700482685149404,381402979.20461637,111834181.18216251,2448667641.706341,4
2021-04-23,221333,177960,139784,38176,4381,33795,1393,0.04121911525373576,0.27492942620855776,0.10234178541492037,0.3689059273981414,0.11475796311818943,0.2353851330051912,348456157.08866817,95800851.32722661,2543760254.0152884,4
2021-04-24,193643,158316,126900,31416,2895,28521,1037,0.03635917394200764,0.17461486735525286,0.08422459893048129,0.2335527134838243,0.09215049656226126,0.17071602247362763,173064454.90355122,30219626.83689274,1361949868.5221367,4
2021-04-25,199570,161011,127144,33867,3703,30164,1248,0.041373823100384566,0.22989771071656587,0.10142616706528479,0.2752252273822796,0.10933947500516727,0.22383864984105728,173827630.63757318,39962574.34286286,1200806591.8242872,4
2021-04-26,206230,164226,127554,36672,4482,32190,1541,0.04787200994097546,0.28499966692302997,0.11466513961605584,0.3138008993331649,0.12221858638743456,0.2587010408022598,237436960.7182152,67669454.71990788,2139075107.3716812,4
2021-04-27,209853,168412,131703,36709,4090,32619,1465,0.04491247432478004,0.26301943815033774,0.10831131330191505,0.3042255492189263,0.11141681876379089,0.1960657807299759,238626585.49029446,62763430.44339079,1670279505.723969,4
2021-04-28,210753,169996,133833,36163,4074,32089,1356,0.04225747140764748,0.23406722530292387,0.10704311036141913,0.2792619715965543,0.11265658269501977,0.20843663164680248,236110434.66377422,55265714.30681693,2207440749.998515,4
2021-04-29,214491,172894,135708,37186,3899,33287,1368,0.04109712500375522,0.20902526900227472,0.10114021405905449,0.2511275986333307,0.10485128811918464,0.20008989827036797,220142855.1310478,46015419.51269606,1569258427.767027,4
2021-04-30,231358,184680,143445,41235,4444,36791,1619,0.04400532738985078,0.182686167785881,0.0999636231356857,0.22843975862283866,0.10777252334182127,0.2048241475487545,221235305.10521975,40416630.068612754,1445879760.6151,4
2021-05-01,225023,180421,140916,39505,3956,35549,1905,0.053588005288475064,0.28310886412180186,0.10684723452727503,0.3096892377943765,0.10013922288317935,0.2390445651855348,231444175.03284854,65523897.50115724,1626649830.4193242,4
2021-05-02,259380,206444,158534,47910,4135,43775,1801,0.041142204454597375,0.17352745545807996,0.08829054477144646,0.23160811666364012,0.08630766019620122,0.18682649559199596,267852176.27117622,46479706.58724631,1864555826.2180204,4
2021-05-03,228483,183031,142483,40548,4489,36059,1929,0.053495659890734626,0.3344659696221494,0.1162079510703364,0.4017713773639646,0.11070829634014008,0.2029860223314926,334334163.08240986,111823400.03316805,2390396794.373803,4
2021-05-04,230442,181795,139616,42179,4997,37182,1824,0.04905599483621107,0.3009986033962614,0.10815808814813059,0.36682575591389366,0.1184712771758458,0.23087136137659733,370507139.91933876,111522131.66406417,2911041190.9425898,5
2021-05-05,223497,178211,138117,40094,4255,35839,1464,0.040849354055637714,0.23245193467916092,0.09619893250860478,0.2974038197103489,0.10612560482865267,0.2351606586372169,285061761.9468775,66263158.06760208,2013845250.7488012,5
2021-05-06,196416,156336,120056,36280,4818,31462,1867,0.05934142775411608,0.25498454123898784,0.1509922822491731,0.3379492512878792,0.13280044101433297,0.19780502681189316,271244797.1662622,69163230.16890168,1857901087.658982,5
2021-05-07,208983,167397,129676,37721,5004,32717,2033,0.06213894917015619,0.29180929229276603,0.15354842130378304,0.3583850043347304,0.13265820100209433,0.22947927740642027,305100021.3934395,89031021.32132734,1911993915.3890448,5
2021-05-08,262061,223372,187853,35519,5225,30294,1597,0.05271670957945468,0.19977567959270548,0.16416565781694303,0.346333592384404,0.14710436667698978,0.25799497440132824,513353562.6545379,102555556.85064682,3292417935.7213564,5
2021-05-09,270575,231713,195973,35740,4702,31038,1662,0.05354726464334042,0.22067929884413826,0.15265808617795187,0.33853253381669146,0.13156127588136543,0.23961695023574853,413908167.6817751,91340964.22987613,2701835740.354018,5
2021-05-10,266187,229127,195183,33944,4146,29798,1642,0.05510436942076649,0.3039762205422943,0.14397242517086967,0.4272763470350531,0.12214235210935659,0.2252776760544284,651300511.7701744,197979868.00515968,4077420131.9447007,5
2021-05-11,280519,243658,209416,34242,2794,31448,1210,0.038476214703637754,0.23102240696044798,0.09593481689153671,0.3503761448735477,0.08159570118567841,0.17210318068489003,516977619.617118,119433414.02862951,3226189112.0551763,5
2021-05-12,269440,228800,191797,37003,4409,32594,1701,0.05218751917530834,0.38521223123489245,0.13723211631489338,0.5089671214026895,0.11915250114855552,0.27497126792830756,812512408.3096323,312989717.7109894,4653886366.78598,5
2021-05-13,222493,182724,147559,35165,4954,30211,2109,0.06980900996325842,0.37148214292091963,0.16180861652211007,0.5159419850600541,0.14087871463102516,0.2949694206544731,707369096.3573911,262774987.75087816,4243540121.02635,5
2021-05-14,247989,208489,172628,35861,3815,32046,1599,0.04989702302939524,0.41565157575417955,0.11851314798806503,0.50824634071115,0.10638297872340426,0.238995479753044,578227009.7468923,240340967.74492314,2982424344.338702,5
2021-05-15,265355,221071,181014,40057,3880,36177,1562,0.04317660391961744,0.3635763710934171,0.10862021619192651,0.4591040860936466,0.09686197169034126,0.25811431873028634,474435760.58573264,172493632.15070593,2571355222.8268466,5
2021-05-16,261950,215622,173807,41815,4649,37166,1941,0.05222515202066405,0.3888866937000396,0.1300490254693292,0.5056869394983052,0.11118019849336362,0.2741343044637789,610767614.826457,237519398.34892014,3229963451.575217,5
2021-05-17,248967,203205,162783,40422,5126,35296,2131,0.06037511332728921,0.32076331656108575,0.14578694770174658,0.45833295069096647,0.12681213200732275,0.2471547279848027,657506193.9568655,210903867.4330607,3722896312.712105,5
2021-05-18,260097,215242,174577,40665,4567,36098,1900,0.05263449498587179,0.25921765634784233,0.13426779786056806,0.3589854862326317,0.11230788147055207,0.17495014504104744,591577107.3427892,153347231.31443375,2977122422.1685004,5
2021-05-19,226193,174142,130543,43599,9458,34141,3480,0.1019302305146305,0.41777116209456694,0.25009747929998394,0.6065017636663113,0.21693158099956422,0.374472166380787,1548763589.3206208,647028764.5202284,7685403285.633768,5
2021-05-20,216023,170737,131776,38961,6779,32182,2608,0.08103909017463178,0.3761000546281507,0.1993788660455327,0.533229207895139,0.17399450732784066,0.3046305410827367,821184391.1512426,308847494.37176704,4852638880.309597,5
2021-05-21,225434,177700,136349,41351,6951,34400,2585,0.0751453488372093,0.32367622430428405,0.1903702449759377,0.49590593715662085,0.16809750671084134,0.307108922082202,710262622.2957122,229895123.84913594,4167888298.3588905,5
2021-05-22,215087,169614,130588,39026,6534,32492,2647,0.0814662070663548,0.3813719155499894,0.19153897401732178,0.48882379748809623,0.16742684364269975,0.24137171115874312,481401627.9481148,183593060.99945587,2714615149.162751,5
2021-05-23,228028,171646,124280,47366,9404,37962,3641,0.09591170117485907,0.41572180489105287,0.23297301862095174,0.5981960755522233,0.19853903643964024,0.3420139387324894,881966091.5750297,366652535.442279,5264802515.050462,5
2021-05-24,230767,179934,136887,43047,7834,35213,3047,0.08653054269729929,0.3704890139212964,0.20993332868724882,0.4850402178783036,0.181987130345901,0.2357929002740105,616324181.760306,228341338.3562256,3447244421.7610893,5
2021-05-25,222848,174726,133078,41648,7104,34544,2620,0.07584529874942103,0.3151023401328793,0.19141375336150596,0.4195910466824568,0.17057241644256627,0.21508844462722523,514662642.3745413,162171402.99118912,3024737016.9996758,5
2021-05-26,222922,174166,131430,42736,7469,35267,2800,0.07939433464712053,0.4327755138562913,0.20165668289030325,0.5839710298006665,0.17477068513665295,0.30371388691151224,557303309.6858668,241187226.22311288,3106289412.838254,5
2021-05-27,215336,169909,130081,39828,5931,33897,2374,0.07003569637431041,0.3014962170344183,0.1753791302601185,0.4403217098011609,0.1489153359445616,0.24065887372050526,382446530.3182689,115306182.10889705,2500372141.788556,5
2021-05-28,247734,196884,152231,44653,6436,38217,2413,0.0631394405631002,0.3096817844511574,0.16325890757619868,0.42337519796884354,0.1441336528340761,0.18678093446781072,490660028.67575836,151948473.23916492,2571614087.1851583,5
2021-05-29,242497,194492,152592,41900,5483,36417,2297,0.06307493752917594,0.26068110661243377,0.1511694510739857,0.37977501974876443,0.13085918854415274,0.20891819044080379,383025192.4863489,99847431.03778188,2489922814.541399,5
2021-05-30,237799,188606,145292,43314,4985,38329,2187,0.057058624018367296,0.5236307025599013,0.13718428221822043,0.5663943617542843,0.11508980929953364,0.1364643731733725,499792776.8161273,261706842.85859266,2104727380.3644881,5
2021-05-31,229401,181055,139388,41667,5505,36162,2209,0.06108622310712903,0.30550301226508275,0.15237478100175197,0.4000128699561262,0.13211894304845562,0.1820539951863863,322021047.7378391,98378400.09666786,1975417744.269431,5
2021-06-01,218015,174796,136524,38272,4829,33443,1981,0.059235116466824146,0.22287017589156113,0.1496655518394649,0.24159917573390596,0.12617579431438128,0.36963269030892715,280324194.8524547,62475902.61342684,1941038798.0233393,5
2021-06-02,223209,178124,137843,40281,4891,35390,2176,0.06148629556371856,0.2862480435576296,0.14694272734043345,0.35846459449507967,0.12142201037710086,0.1544411067169555,293382736.81208944,83980234.42604357,1696216285.5537212,5
2021-06-03,237348,188284,144345,43939,5181,38758,2389,0.061638887455493056,0.2715884855133925,0.14579303124786636,0.3967508380935116,0.11791347094836023,0.22586544001204276,291788748.71560097,79246464.35351792,1908919863.7250369,5
2021-06-04,227120,176598,132774,43824,6771,37053,2705,0.07300353547620976,0.2676792421701209,0.18295910916392844,0.4387364758540348,0.15450438116100768,0.27472767824410943,380716799.7582848,101909984.44073135,2285495588.8735085,5
2021-06-05,214586,166672,124873,41799,5420,36379,2392,0.06575221968718216,0.2838632289648066,0.15131940955525253,0.3638499895267614,0.12966817387975788,0.1573959492251061,276365197.36213094,78449917.29671054,1436206321.6413984,5
2021-06-06,200247,157298,119614,37684,4677,33007,2102,0.06368346108401249,0.2551419250616656,0.14926759367370768,0.31692425235047117,0.12411102855323214,0.1601322149159509,161907415.7984215,41309369.748568796,978754707.6974288,5
2021-06-07,231740,178113,131366,46747,6497,40250,2821,0.07008695652173913,0.28061183371919557,0.165828823239994,0.37583693473386043,0.1389821806746957,0.19399529782104247,313157675.0236641,87875749.43163031,1566644697.6407013,5
2021-06-08,237062,178521,128345,50176,8898,41278,3520,0.08527544939192791,0.35481431516849776,0.20388233418367346,0.4725612918616976,0.1773357780612245,0.2426347802849787,433246951.217217,153722220.2949764,2275918857.1283007,5
2021-06-09,231671,179447,134758,44689,6991,37698,2846,0.07549472120536899,0.3900720761985018,0.18089462731320907,0.47197286617549716,0.1564367070196245,0.20197873077156725,326508556.8791802,127361870.67843844,2004058279.5171869,5
2021-06-10,223294,171644,127253,44391,6663,37728,3158,0.08370441051738761,0.37489858988003355,0.19163794462841566,0.4463764159747471,0.15009799283638575,0.19523606551493394,279898021.1523043,104933373.44021069,1576671617.9672942,5
2021-06-11,229997,175957,129950,46007,7960,38047,3416,0.08978368859568428,0.46068711896483805,0.20668593909622449,0.5357588654733297,0.17301714956419675,0.21672983092542752,316890720.63203526,145987473.1146637,1733815349.6705945,5
2021-06-12,230859,179072,134978,44094,7517,36577,3222,0.08808814282199197,0.36359178748190246,0.2045856579126412,0.43865163133861873,0.17047670884927654,0.19922761834449487,259307211.4252189,94281972.50904295,1443007911.6029415,5
2021-06-13,205977,158689,118989,39700,6555,33145,2900,0.08749434303816564,0.4297386779537094,0.1952141057934509,0.4921123870466925,0.16511335012594458,0.1948787749896211,233679500.367868,100421119.55297095,1262164200.6215522,5
2021-06-14,212382,162199,119225,42974,6394,36580,2783,0.07607982504100601,0.32589154939057213,0.17771210499371712,0.40249850407346566,0.1487876390375576,0.2210613178933444,239349739.76549208,78002057.53840645,1413937967.3389313,5
2021-06-15,219527,168887,125108,43779,5888,37891,2991,0.07893695072708559,0.35969475755707747,0.1728911121770712,0.43068342779138913,0.13449370702848398,0.18779051078599732,249242301.799778,89651149.31883909,1402095483.9256866,5
2021-06-16,215113,165391,123362,42029,6371,35658,3183,0.08926468113747266,0.3585383597044843,0.1905826929025197,0.4486201775552318,0.15158580979799663,0.21067890240776516,231439138.2084794,82979808.98468764,1397050231.6613033,5
2021-06-17,218664,168151,124633,43518,6027,37491,3122,0.08327331892987651,0.39105531298534535,0.17277907992095226,0.48624151591620723,0.13849441610368124,0.23073123468497372,252927758.20762312,98908743.64856382,1457650444.237383,5
2021-06-18,207980,159019,117733,41286,6388,34898,3180,0.09112270044128604,0.475796529902169,0.19704015889163395,0.5477395049826101,0.154725572833406,0.2171908677580328,274247381.90357625,130485952.64447647,1581588224.6214583,5
2021-06-19,210069,159406,117597,41809,5660,36149,2711,0.07499515892555811,0.39837011533191674,0.17029826113994595,0.48026310230407043,0.13537755028821546,0.21052563459660584,181451454.59014222,72284836.892219,1154827016.6840284,5
2021-06-20,208846,157605,115579,42026,6848,35178,3137,0.08917505258968673,0.4600579986369342,0.19782991481463855,0.5371817820303901,0.16294674725170133,0.22064732605760573,227737894.1839421,104772639.8120543,1377463560.213412,5
2021-06-21,216303,158013,110180,47833,8435,39398,3689,0.093634194629169,0.47495270787616867,0.21257290991574854,0.5643729654956838,0.1763426922835699,0.2664260032170183,430123728.0952677,204288429.3806403,2854310928.5325933,5
2021-06-22,218321,160390,111850,48540,8753,39787,3992,0.1003342800412195,0.41848264966283083,0.22204367531932426,0.5178013964367878,0.18032550473836012,0.29081335259033436,396020434.67373765,165727680.82289174,2635412776.719821,5
2021-06-23,196512,148186,108330,39856,6927,32929,3293,0.10000303683683076,0.47279662468526173,0.21565134484142914,0.5563006615984809,0.17380068245684463,0.26422944723760955,219071942.43966484,103576474.94871747,1763189318.6359115,5
2021-06-24,192660,146818,108604,38214,5999,32215,2721,0.08446375911842309,0.4297889483258149,0.19202386559899512,0.5230583494433635,0.15698435128486943,0.26568640486754713,188157698.32752466,80868099.28359276,1240972002.4264393,5
2021-06-25,203590,153664,112489,41175,6704,34471,2972,0.0862174001334455,0.46230242743273275,0.19924711596842745,0.5616712342464658,0.16281724347298118,0.27257652567577323,196807458.46481252,90984565.78514956,1542287721.7230453,5
2021-06-26,190522,145259,108280,36979,6809,30170,2804,0.09294000662910176,0.41062840384150096,0.20992996024770816,0.4875031430443605,0.18413153411395658,0.28033186265462573,162902034.78065917,66892202.52451475,1294349131.6630907,5
2021-06-27,176932,136170,102658,33512,6373,27139,2651,0.0976823022218947,0.542421156523863,0.21720577703509192,0.599506413915579,0.19017068512771546,0.2631640349361602,176200180.2398896,95574705.54543403,1206343285.57521,5
2021-06-28,193352,148488,110992,37496,5914,31582,2932,0.09283769235640554,0.44483077717811315,0.194180712609345,0.19777322174690976,0.15772349050565393,0.711518979571717,223888783.16532725,99592621.41689457,2023771213.9714718,5
2021-06-29,194701,151120,114009,37111,4991,32120,2582,0.08038605230386052,0.37258746183229047,0.17016518013526988,0.44762532709493796,0.13448842661205573,0.2065872337752339,193707125.4663089,72172846.21632107,1656136754.9712968,5
2021-06-30,183880,140737,104413,36324,5804,30520,2479,0.08122542595019659,0.40032971744453344,0.1926549939433983,0.49832712103215293,0.15978416473956614,0.24894079006736722,209162019.27977967,83733772.07840225,1500117162.152977,5
2021-07-01,199586,151672,110877,40795,5061,35734,2453,0.06864610734874349,0.3548585401182086,0.15352371614168403,0.12760926730366512,0.12405932099522,0.7921901218553359,174808099.2302991,62032146.89370288,2300817353.712577,5
2021-07-02,194379,148152,109096,39056,5023,34033,2665,0.07830634971939,0.34434984268702507,0.1650706677591151,0.25373198287671456,0.1286102007374027,0.602470404997858,142314763.32231796,49006066.36208139,1370311967.3735247,5
2021-07-03,207585,158306,116988,41318,4979,36339,2720,0.07485071135694434,0.45747182905711986,0.1528631589137906,0.5173131441035755,0.12050438065734062,0.18129243545934387,176237833.7756505,80623844.16641149,1196302269.1766284,5
2021-07-04,210938,158437,114367,44070,5984,38086,3104,0.08149976369269547,0.4180994460655724,0.16705241660993875,0.2584551061106006,0.13578398003176764,0.5616134456037976,186546075.13297355,77994810.6788029,1229565550.6676648,5
2021-07-05,195289,148233,109103,39130,5823,33307,2794,0.0838862701534212,0.44153381818831405,0.1809353437260414,0.5264500308286587,0.14881165346281625,0.24538310163744587,184192695.34765816,81327304.05924842,1245924806.369563,5
2021-07-06,152091,118094,89469,28625,4591,24034,2094,0.08712657069152034,0.4936589347299654,0.19517903930131003,0.5534414723515831,0.16038427947598252,0.22022171656423759,222800617.0876102,109987515.28864858,1616301245.84015,5
2021-07-07,150737,117542,89242,28300,4457,23843,2029,0.08509835171748521,0.47240832539057126,0.19240282685512367,0.5295762824591691,0.15749116607773853,0.19764259497365627,182696629.15254408,86307408.63245557,1164727409.0344188,5
2021-07-08,155269,120632,91595,29037,4716,24321,2038,0.08379589655030632,0.45978424887272823,0.1936150428763302,0.538576070664781,0.16241347246616386,0.25499834224825163,204605680.396219,94074469.07606904,1416798295.3720639,5
2021-07-09,156680,122088,92954,29134,4138,24996,2151,0.08605376860297648,0.47266418916284825,0.17834832154870597,0.3090458929493408,0.14203336308093636,0.5647500342572304,150822086.14276043,71288199.0545171,1418407471.2802858,5
2021-07-10,165136,126833,94547,32286,4476,27810,2332,0.08385472851492269,0.5328436625969107,0.17292324846682772,0.568586892438663,0.13863594127485598,0.22762783199718678,177686830.55689573,94679301.58917299,1061292845.781198,5
2021-07-11,156484,120743,89823,30920,4027,26893,2094,0.07786412821180233,0.4349170227502324,0.16455368693402328,0.5306494092686632,0.13023932729624838,0.2522441040919509,96843896.01915471,42119058.92818385,757024421.2657331,5
2021-07-12,144843,111928,83827,28101,3341,24760,1788,0.07221324717285946,0.42690435642729774,0.15337532472154017,0.5161677004800026,0.1188925661008505,0.23129045873186577,152384766.62050188,65053720.72344931,1017416565.595352,5
2021-07-13,167328,124843,88572,36271,4566,31705,2061,0.06500551963412711,0.3271770573888908,0.14686664277246284,0.4168398115725861,0.12588569380496817,0.20090540547431437,200331695.37100756,65543934.59321393,1393351434.2638712,5
2021-07-14,180267,134861,95815,39046,5254,33792,2317,0.06856652462121213,0.3206519864597663,0.15753214157660195,0.3966840842414202,0.13455923782205603,0.24533201075043143,224722614.09382236,72057752.61161561,1391545095.8703856,5
2021-07-15,186742,140274,100925,39349,5749,33600,2535,0.07544642857142857,0.34736118890244566,0.17283793743170092,0.44129663365604455,0.14610282345167602,0.2322354229527483,224098316.9804718,77843057.81737381,1507514191.0820608,5
2021-07-16,158015,119314,86873,32441,4733,27708,2252,0.08127616572830951,0.38033667654804093,0.1786936284331556,0.4636228078081786,0.14589562590548996,0.22094296766570692,178688056.90368468,67961621.70157465,1198510171.2271876,5
2021-07-17,154194,116411,84719,31692,4229,27463,2271,0.08269307795943633,0.3694674840408203,0.1663195759182128,0.43543909503576567,0.13344061592831,0.20785391230488784,153919320.90242618,56868184.239091046,926504178.7603148,5
2021-07-18,145464,108572,77518,31054,4593,26461,2142,0.08094932164317298,0.3752932411224697,0.17311779480904232,0.25242859451972166,0.14790365170348424,0.5905561943638543,130500485.35672092,48975950.11757919,1032977325.9646633,5
2021-07-19,157949,117253,83093,34160,4433,29727,2420,0.08140747468631211,0.42938674900961565,0.16776932084309135,0.49091643171860866,0.12977166276346605,0.18011146366351177,174949085.2646352,75120818.96398777,1021229225.3584203,5
2021-07-20,162070,120100,85433,34667,5329,29338,2737,0.09329197627650146,0.45925216757987264,0.1935846770704128,0.3889888984141323,0.15371967577234835,0.4199757460801014,224125180.08894575,102929974.76507765,1456262274.75136,5
2021-07-21,163113,123090,90435,32655,5450,27205,2922,0.10740672670464987,0.4341528009982601,0.21770019905068136,0.427217977299277,0.16689634052978106,0.3791068255590477,227034713.7273111,98567756.88855025,1603553223.594275,5
2021-07-22,148875,113983,84687,29296,4180,25116,2053,0.08174072304507086,0.408940692654629,0.17664527580557074,0.4998168832238786,0.1426815947569634,0.25242083906808227,172428329.0240698,70512960.30438337,1366278608.7979913,5
2021-07-23,163412,123764,91192,32572,5442,27130,2492,0.09185403612237375,0.38430167076610783,0.20766302345572885,0.4749415602318214,0.16707601621024193,0.22241862936550824,154859156.144891,59512632.43991119,1159662001.3027778,5
2021-07-24,185553,139191,100397,38794,6207,32587,2923,0.08969834596618283,0.4431932915533101,0.19845852451410012,0.5137852877967664,0.15999896891271845,0.21317657220672576,188418205.4661185,83505684.66909695,1150586191.2495885,5
2021-07-25,174318,133301,98266,35035,5442,29593,2536,0.08569594160781266,0.34951093837465375,0.19566148137576708,0.4500100497566939,0.15533038390181247,0.22773331107245154,131245521.34691498,45871745.3234309,1070040329.3866979,5
2021-07-26,199472,150530,109328,41202,6930,34272,3321,0.09690126050420168,0.4168615015949494,0.21042667831658657,0.36122193904903405,0.16819571865443425,0.4601760190163341,341206111.2443744,142235691.88670325,2886202112.827489,5
2021-07-27,156901,119996,88871,31125,5007,26118,2430,0.09303928325292901,0.38867585802584653,0.2046586345381526,0.47611727773447937,0.16086746987951808,0.262725054203978,179868272.64825916,69910455.20318903,1704585633.5739434,5
2021-07-28,162446,124451,92212,32239,4874,27365,2188,0.07995614836469943,0.3722609786928709,0.18474518440398274,0.4477290999038893,0.15118334935947145,0.1971932618533119,208093388.9389805,77465048.62594111,1697004509.136868,5
2021-07-29,185288,143040,106841,36199,4970,31229,2584,0.08274360370168754,0.4009814004529175,0.18017072294814773,0.4780362870426184,0.1372966104036023,0.19714720418893622,194693953.836235,78068654.26896918,1287852706.335034,5
2021-07-30,183682,142743,107394,35349,4809,30540,2496,0.08172888015717092,0.3390775817322625,0.1797221986477694,0.446826142665115,0.13604345243146906,0.2295704823582731,224953790.9948432,76276787.45203625,1676720821.9585233,5
2021-07-31,184455,144784,110180,34604,4567,30037,2267,0.07547358258148283,0.3799843437714504,0.17104958964281586,0.4603231486278956,0.13197896196971448,0.1734213081667723,216947580.87455198,82436684.1514203,1271357008.2226133,5
2021-08-01,177381,136651,101714,34937,5468,29469,2531,0.08588686416234009,0.4050553050551978,0.19623894438560838,0.4944586758629808,0.1565102899504823,0.24499471552820928,236485315.16436166,95789631.47497511,1801456307.0418262,5
2021-08-02,154801,120420,90717,29703,4795,24908,2039,0.08186124939778384,0.3439982825647513,0.19843113490219844,0.4426673385708152,0.16143150523516142,0.21935608786199742,199989182.89007816,68795935.44571483,1561687201.7969108,5
2021-08-03,157653,121577,90739,30838,5049,25789,2102,0.0815076195277056,0.392116258709084,0.19534340748427265,0.48640442925382615,0.1637265711135612,0.23504949209338782,228641579.78530145,89654080.85074693,2058297300.656927,5
2021-08-04,163975,125906,93413,32493,5096,27397,2523,0.09209037485856116,0.5406092521621937,0.19930446557720125,0.5796937787642463,0.15683377958329486,0.18704900984306966,289915922.2149291,156731229.89852554,1987536367.2617967,5
2021-08-05,151242,117336,88406,28930,4989,23941,2041,0.08525124263815212,0.40934926872308663,0.205910819218804,0.5044981503906237,0.17245074317317663,0.3159805710022265,256550783.90055403,105018875.78002642,2244965757.4005737,5
2021-08-06,145462,110149,80100,30049,4302,25747,2167,0.08416514545383928,0.4778764798215042,0.17830876235482046,0.5279528488962644,0.14316616193550535,0.2285399523165311,323289114.8691889,154492264.1782979,1861573556.4796977,5
2021-08-07,151812,115470,84245,31225,4689,26536,2350,0.08855893880012058,0.468915917756565,0.1932746196957566,0.5130213531189323,0.15016813450760608,0.2504931835301393,348221441.78076535,163286576.95514184,2322140695.567435,5
2021-08-08,142359,108753,80060,28693,4324,24369,2172,0.08912963190939308,0.42228416070221436,0.19161467953856343,0.3241208196091974,0.15069877670511972,0.5043948300595689,277377593.55387825,117132164.29149942,2125578285.9408278,5
2021-08-09,140871,106533,77634,28899,4885,24014,2381,0.09915049554426585,0.5293548496220907,0.21325997439357763,0.5761800811569199,0.16903699089933907,0.2690765724470081,424383307.62034047,224649361.98749077,2515980584.319749,5
2021-08-10,134438,102535,75179,27356,3918,23438,2152,0.09181670791023125,0.44371829268882046,0.19107325632402397,0.5151465559518013,0.1432226933762246,0.22898387128232578,293542838.1557619,130250326.97750542,1985311736.269632,5
2021-08-11,150888,114106,82852,31254,4787,26467,2400,0.09067895870329089,0.39713551966913896,0.19792666538683049,0.49151190833790104,0.15316439495744544,0.21244127304028212,312213778.12781143,123991181.02465364,1799428747.6580544,5
2021-08-12,142010,108741,80532,28209,4770,23439,1998,0.08524254447715346,0.46663340373638595,0.20585628700060266,0.5214882671488474,0.1690949696905243,0.23793380664387484,306561864.8315115,143052006.44210207,2086351758.9283469,5
2021-08-13,131992,100066,73268,26798,3978,22820,2006,0.08790534618755477,0.4726606595722715,0.1920292559146205,0.5198059915555485,0.14844391372490484,0.2137736967851619,279734422.22670406,132219456.51474223,1605102478.0920842,5
2021-08-14,130408,99769,72828,26941,3546,23395,1806,0.07719598204744603,0.3371854548992842,0.17323039233881446,0.43144566919818045,0.13162094948220185,0.21701900306099953,214722716.40806124,72401376.80926213,1321593132.6143417,5
2021-08-15,126663,96757,71002,25755,3694,22061,1809,0.08199990934227823,0.3985347510132314,0.18609978644923317,0.46332041958606063,0.14342846049310815,0.2239304786605179,226155280.60385275,90130738.44578393,1444962396.9262786,5
2021-08-16,140892,107468,78599,28869,4650,24219,2088,0.08621330360460795,0.45526050068195084,0.20319373722678305,0.5250442477417622,0.16107243063493712,0.2236614464853884,321614625.1490088,146418435.2719757,2054783231.2016509,5
2021-08-17,165882,126222,92443,33779,5955,27824,2706,0.0972541690626797,0.5168863652993538,0.22149856419669026,0.5831669611119709,0.17629296308357265,0.2208328398579176,450570152.59654164,232893568.48800164,2654652257.2843685,5
2021-08-18,168176,126836,91495,35341,6282,29059,2908,0.10007226676761072,0.5157943442721465,0.2247814153532724,0.5853221500904858,0.17775388359129624,0.25138691188596135,380056594.24660873,196031041.81573483,2456237940.531535,5
2021-08-19,170584,129293,93558,35735,6129,29606,2827,0.09548740120245897,0.3882932044811915,0.2240380579264027,0.493165185323655,0.17151252273681264,0.23830723706170792,292848055.19361913,113710909.7772152,1937600281.2517939,5
2021-08-20,173455,131026,94173,36853,6005,30848,2868,0.09297199170124482,0.4334880311919712,0.21352400075977532,0.5268554067188004,0.16294467207554336,0.23202885094099449,347744939.0686678,150743268.9938488,1861000709.0071697,5
2021-08-21,157999,120443,87760,32683,5312,27371,2586,0.0944795586569727,0.36614262531717556,0.21528011504451855,0.4773243328741873,0.16253097940825506,0.21660241626696367,233368150.9349945,85446027.44875376,1592286272.2442346,5
2021-08-22,168774,130752,97234,33518,5218,28300,2672,0.09441696113074205,0.3424282727630276,0.20902201802016826,0.45584959160982447,0.15567754639298287,0.2257712423701206,256850403.51453185,87952840.03396782,1571616074.1033387,5
2021-08-23,162616,124661,91089,33572,4727,28845,2606,0.09034494713121859,0.34758722507360157,0.19033718575002978,0.46117015113464455,0.14080185869176695,0.2163496823700161,328976878.2259635,114348160.21593878,1958244505.5704625,5
2021-08-24,143272,108677,78545,30132,4361,25771,2487,0.09650382212564511,0.3305863807182992,0.1974976768883579,0.3122318993207575,0.14472985530333202,0.4437911936543539,424063252.4369047,140189535.8187468,2390456454.570784,5
2021-08-25,131546,101908,75834,26074,3910,22164,1865,0.08414546110810323,0.26433281768281425,0.19176190841451254,0.4218077066159319,0.1499578123801488,0.2581452850101903,265493996.1833328,70178776.08901069,1880454470.8026392,5
2021-08-26,135843,104887,77688,27199,4151,23048,2115,0.09176501214855953,0.2698278909471266,0.2046766425236222,0.39028813882925195,0.15261590499650723,0.22540301971047855,267230970.80017138,72106369.24676342,1911771908.9033127,5
2021-08-27,105759,82240,61570,20670,3078,17592,1706,0.09697589813551614,0.3039999756738201,0.20343492985002418,0.39307034229683957,0.14891146589259796,0.2116139923939092,242806037.86408567,73813029.60413869,1564426777.2729843,5
2021-08-28,110064,85922,64460,21462,3113,18349,1718,0.09362908060384761,0.32490370713043154,0.19825738514583915,0.4204156497923455,0.14504705991985836,0.1748401055568385,189299449.6628167,61504092.95319966,1070610210.6285124,5
2021-08-29,114383,89982,68148,21834,3255,18579,1727,0.09295441089402014,0.367470336889771,0.19982595951268664,0.4915839760461764,0.14907941742236877,0.2659261729538751,240839907.6484989,88501522.00009522,1509178230.1867328,5
2021-08-30,117578,90609,66856,23753,4119,19634,2129,0.10843434857899562,0.35901008352862057,0.23912768913400412,0.4837401861103518,0.17340967456742307,0.2303625848604026,330425431.77883154,118626061.86289883,2085369372.109008,5
2021-08-31,113712,87974,65505,22469,3706,18763,2019,0.10760539359377498,0.37808605491815817,0.22689038230450842,0.4666412329570388,0.16493835951755753,0.2184039892897475,309851516.4275636,117150537.4565064,2315553777.3163147,5
2021-09-01,108464,84205,63111,21094,3445,17649,1993,0.11292424499971669,0.36306153307676486,0.23167725419550583,0.459552549207916,0.16331658291457288,0.24190555245059325,354757480.93991446,128798794.90049653,2459505228.131424,5
2021-09-02,110411,86567,65415,21152,2975,18177,1790,0.09847609616548385,0.41313775949010234,0.20031202723146746,0.4951590137668169,0.1406486384266263,0.22243960091641088,301111933.47451884,124400709.55139546,2069729525.6830957,5
2021-09-03,103982,81261,61251,20010,3000,17010,1621,0.09529688418577308,0.3103407823232319,0.20794602698650674,0.42233498346481047,0.14992503748125938,0.21098237920823093,361748198.26768863,112265218.8544141,2208069088.84154,5
2021-09-04,100044,78644,59774,18870,2622,16248,1600,0.09847365829640571,0.304753220476351,0.19862215156332805,0.4079748911463972,0.13895071542130366,0.19375107477001507,261082169.7857441,79565632.05115898,1667767397.500957,5
2021-09-05,102824,81894,63273,18621,2979,15642,1498,0.09576780462856412,0.2965666757183549,0.2186241340422104,0.48958774095254387,0.15998066698888352,0.3052849500268673,229842374.69256282,68163589.00178589,1677452951.2340388,5
2021-09-06,114413,89033,66663,22370,3660,18710,2060,0.11010154997327633,0.36615934891687985,0.23379526151095217,0.5203646301425249,0.16361198033080018,0.28344719949965913,314356185.28730714,115104456.13279442,1825119214.017676,5
2021-09-07,134922,102741,76021,26720,5111,21609,2630,0.12170854736452404,0.39556863676166537,0.2596556886227545,0.5338337802472493,0.1912799401197605,0.32910660547400533,565864353.0981634,223838190.74706215,3859104469.767318,5
2021-09-08,122055,92509,67554,24955,4540,20415,2280,0.11168258633357825,0.4055675195436119,0.2428771789220597,0.5040661216695713,0.181927469445001,0.24049664730915218,518515574.19925034,210293075.27272162,2967702258.2489014,5
2021-09-09,112216,85951,63535,22416,3799,18617,1950,0.1047429768491164,0.36712079038219475,0.229389721627409,0.47129155624001423,0.16947715917202,0.22958485269469806,364552683.0561255,133834869.13951454,2082031196.4594429,5
2021-09-10,130644,98655,72351,26304,4736,21568,2303,0.10677856083086053,0.3595715049743047,0.2355155109489051,0.484455299147143,0.18004866180048662,0.27730119739226455,354657403.6050925,127524696.36456251,2286316748.0936565,5
2021-09-11,127657,97608,72447,25161,4500,20661,2426,0.11741929238662213,0.3816526058440822,0.24108739716227495,0.4976977774898338,0.17884821747943244,0.2525850830338702,225047556.73311335,85889986.46603665,1697917305.7327862,5
2021-09-12,118575,91906,69035,22871,3746,19125,1902,0.09945098039215686,0.3566535629517943,0.21879235713348782,0.473306671508194,0.16378820340168773,0.23273269935316926,227331124.97024673,81078455.6904781,1460529661.5220494,5
2021-09-13,123867,93855,68246,25609,4535,21074,1913,0.09077536300654836,0.349259596400188,0.22140653676441877,0.5148155321325417,0.1770861806396189,0.34574946326088546,300616390.22586614,104993159.12156743,1986304750.4422605,5
2021-09-14,128362,99388,74201,25187,3892,21295,2007,0.09424747593331768,0.30971939617924793,0.2064954143010283,0.41995323503683407,0.15452415928852187,0.20313436450799502,231659561.28907627,71749459.44160219,1593682136.7004237,5
2021-09-15,131158,101797,76054,25743,3786,21957,2247,0.1023363847520153,0.31213210956527115,0.20681350269976304,0.4127396626703688,0.14706910616478266,0.18934400521489853,308613759.66666704,96328263.84562638,1936910560.1168318,5
2021-09-16,136819,106521,79713,26808,3986,22822,2286,0.10016650600297958,0.3201921400567015,0.2084825425246195,0.48313574409683807,0.1486869591166816,0.2925797478966242,310360056.6839764,99374850.73776159,2192943765.8059273,5
2021-09-17,121177,94373,71021,23352,3415,19937,2250,0.11285549480864723,0.3854383493496454,0.22045220966084275,0.5041212769687657,0.1462401507365536,0.24843614350730933,278637981.04631156,107397763.4806081,1829808677.906262,5
2021-09-18,126042,98584,74683,23901,3392,20509,2295,0.11190209176459115,0.3674941688053504,0.21731308313459688,0.46680041846881387,0.14191874816953265,0.20035186731510515,207086579.7995891,76103110.51419286,1323325800.0633025,5
2021-09-19,121202,95289,72991,22298,3499,18799,2255,0.11995318899941486,0.3818338063946673,0.2342811014440757,0.475096417829557,0.15691990313032558,0.21748165866137997,206435976.913354,78824234.84162763,1407742956.5871792,5
2021-09-20,141982,107653,78937,28716,4871,23845,2905,0.12182847557139861,0.39070796582517364,0.23993592422342944,0.4887969325321667,0.1696266889538933,0.2510010149063696,494339862.4820973,193142522.09667632,3259421980.1876807,5
2021-09-21,124927,95434,71032,24402,4424,19978,2468,0.12353588947842627,0.3673835536382637,0.2505532333415294,0.42880508934138456,0.18129661503155478,0.3649123056645257,404578286.2342726,148635408.5216257,3060962817.4858828,5
2021-09-22,132797,102190,76561,25629,4369,21260,2706,0.12728127939793038,0.3691665309754585,0.24675172655975652,0.4818236061469962,0.1704709508759608,0.23882862946324032,316991339.4442297,117022593.13189031,2129688675.8326762,5
2021-09-23,121746,94326,70884,23442,3410,20032,2238,0.11172124600638977,0.3638330509428558,0.21990444501322412,0.460480901905367,0.14546540397576999,0.21855285354710607,254515038.2202043,92600982.86649448,1715461602.141862,5
2021-09-24,126307,96498,71881,24617,4205,20412,2580,0.12639623750734863,0.3888615627259778,0.2453588983222976,0.49383232414079553,0.17081691513994393,0.2581979496022178,329438028.3333313,128105786.51906416,2522837865.5155554,5
2021-09-25,115138,90031,69031,21000,3799,17201,2072,0.12045811290041276,0.3466573325237673,0.24942857142857142,0.5227412480641869,0.1809047619047619,0.343539092126855,186805869.07162118,64757624.27215232,1763447993.5599027,5
2021-09-26,121864,93807,70642,23165,4786,18379,2318,0.1261222046901355,0.3275448705733572,0.27079646017699116,0.47163899906426365,0.20660479171163393,0.30987953582083594,272403378.0978211,89224329.2227961,2421098128.3941107,5
2021-09-27,109971,86327,66338,19989,3205,16784,2017,0.12017397521448998,0.34721879860522026,0.2380309170043524,0.4512483854542651,0.16033818600230126,0.22962488721080557,244769354.90426457,84988521.34523351,1816856188.3800738,5
2021-09-28,107085,84246,64628,19618,2810,16808,1756,0.10447405997144217,0.34380845340731486,0.2107248445305332,0.4381937721309701,0.14323580385360382,0.19462140467725403,255872322.45818976,87971067.45408797,1766765974.3605547,5
2021-09-29,117856,91256,68569,22687,3192,19495,1974,0.10125673249551168,0.3504798507980206,0.20707894388857054,0.4751178791249581,0.14069731564331997,0.27313625908943306,225051120.92037696,78875883.282101,1513019988.5530696,5
2021-09-30,110671,86033,64955,21078,2857,18221,1742,0.09560397343724274,0.35442494013340897,0.19650820760983015,0.4610241720098713,0.1355441692760224,0.22592698397798722,281474431.4275344,99761558.50778921,1739138600.4650533,5
2021-10-01,114766,88207,65730,22477,3330,19147,2146,0.11208022144461273,0.3724312071025606,0.21889042131957112,0.4843642591865852,0.1481514436980024,0.23582099999510076,309884096.7769891,115410508.22454077,2022526861.0072954,5
2021-10-02,115789,89496,67136,22360,3048,19312,2167,0.11221002485501243,0.3702345114527454,0.21252236135957067,0.4659389517295703,0.13631484794275492,0.2125572694377705,219551017.55848876,81285363.72472021,1477219428.9819021,5
2021-10-03,115637,89440,67075,22365,2992,19373,2127,0.10979197852681567,0.37108341494382713,0.21006036217303822,0.46885808902310583,0.1337804605410239,0.23413162961689896,220039588.54411325,81653041.93978417,1424700175.738595,5
2021-10-04,108306,83338,62356,20982,2747,18235,2106,0.11549218535782835,0.34142551117646236,0.21018015441807264,0.44906659322451764,0.13092174244590601,0.21559343795189725,310851259.2654915,106132550.09456746,1841388379.2394028,5
2021-10-05,113781,88611,66930,21681,2686,18995,2167,0.11408265332982363,0.3988473731322685,0.20358839536921727,0.49408222024037785,0.12388727457220608,0.18926168606792707,349332508.65116036,139330353.42522076,1712480678.6360507,5
2021-10-06,113424,89916,69747,20169,2569,17600,1926,0.10943181818181819,0.3503152034563969,0.20253854925876344,0.4408701777340663,0.12737369230006446,0.22419746390897385,407941542.2106228,142908124.35783064,2382854116.7731566,5
2021-10-07,122428,97629,75965,21664,2562,19102,1926,0.10082713851952675,0.3153127978612147,0.1901310930576071,0.44371796216028103,0.11826070901033973,0.24375998304163432,360953418.9768369,113813232.43515772,2333494924.209007,5
2021-10-08,105269,83596,64883,18713,2262,16451,1906,0.11585921828460276,0.3417276637689288,0.20531181531555603,0.4356703874052749,0.12087853363971571,0.1893077101503798,283334481.9002214,96823230.56494251,1814074522.254216,5
2021-10-09,118078,92952,71278,21674,2624,19050,2136,0.1121259842519685,0.31487998825071506,0.20060902463781488,0.40252727588451975,0.12106671588077882,0.15838600269667363,234365303.01198623,73796943.8587895,1278335774.4160028,5
2021-10-10,124792,97817,74880,22937,3056,19881,2267,0.11402846939288769,0.3548383268336029,0.20961764834110824,0.4690947700061365,0.13323451192396565,0.24012013639422072,292517110.81625855,103796282.1722408,1808123546.9210982,5
2021-10-11,131148,102288,77914,24374,3321,21053,2556,0.12140787536218116,0.3490581404935063,0.2208090588331829,0.48462590980328685,0.1362517436612784,0.26530305623738304,392588162.6296519,137036094.02726853,2199680899.691906,5
2021-10-12,142699,111878,85708,26170,3551,22619,2753,0.12171183518281091,0.41253272387081663,0.2199847153228888,0.5173388274423486,0.13568972105464272,0.25718752968150016,410193576.7921376,169218273.54837352,2315646525.206604,5
2021-10-13,140054,110558,85435,25123,3147,21976,2522,0.11476155806334183,0.3617499083423502,0.20737969191577438,0.4576883779025846,0.1252637025832902,0.202195518049258,378625719.12165636,136967819.18831563,2062811534.608967,5
2021-10-14,140511,110269,84702,25567,3199,22368,2508,0.11212446351931331,0.4796199482805124,0.20299604959518128,0.5457337078577497,0.12512222787186608,0.18464290781523526,557385209.8642632,267333065.52742046,2744939248.900366,5
2021-10-15,145940,108873,79040,29833,5222,24611,3324,0.13506155783999024,0.3980931329573921,0.2653437468575068,0.5306093201748799,0.17504106191130628,0.2868524778259466,682635202.3818302,271752386.3831862,3324520937.6737423,5
2021-10-16,135696,106797,82349,24448,3071,21377,2395,0.1120363006970108,0.4012440888168851,0.20570189790575916,0.5051976050906631,0.12561354712041886,0.24510305956005812,379600135.0567468,152312310.3056109,2106662728.2083654,5
2021-10-17,141705,111344,85817,25527,3532,21995,2654,0.12066378722436917,0.37661310399817105,0.2226270223684726,0.5048898818278746,0.1383633016022251,0.26657920978231814,316036934.26822466,119023650.79282205,1967676961.2869122,5
2021-10-18,144402,113216,86623,26593,3096,23497,2347,0.0998850917138358,0.34523333838088904,0.18448463881472568,0.45298310833860084,0.11642161471063814,0.2010034055163613,353842750.16824144,122158313.90245688,2230107275.6497755,5
2021-10-19,160709,126240,96750,29490,3562,25928,2744,0.10583153347732181,0.3946564197401137,0.1932180400135639,0.4754645182143577,0.12078670735842659,0.22530334087141263,383825243.07591933,151479096.23822117,2363732631.827872,5
2021-10-20,165507,129509,99034,30475,3833,26642,2879,0.10806245777344044,0.41126037208545546,0.19747333880229698,0.49734384065264253,0.1257752255947498,0.19992094380297587,458650152.01254845,188624632.1737314,2662399301.9287586,5
2021-10-21,153610,121041,93549,27492,3470,24022,2707,0.11268836899508784,0.38394685297292885,0.20151316746689946,0.45061441869077346,0.1262185363014695,0.25654478291035193,494126924.07827973,189718477.46904886,3512667051.6674423,5
2021-10-22,155557,124799,98727,26072,3060,23012,2357,0.1024248218320876,0.3427696323771969,0.1869822031297944,0.4325648020154119,0.11736729057993249,0.21876836667138516,358048647.32883114,122728203.21805607,2622058705.580924,5
2021-10-23,166971,135994,109457,26537,2673,23864,2328,0.09755279919544083,0.3782188176940907,0.1717601838941855,0.46409902398410513,0.10072728643026717,0.19717905943295586,296619940.91446793,112187243.3571611,1899750205.7936182,5
2021-10-24,181272,147538,118316,29222,2769,26453,2425,0.0916720220768911,0.38593542406569903,0.16268564779960304,0.4939798785020266,0.09475737458079529,0.2047653426532909,316216305.7274394,122039074.04740806,1999898920.7756152,5
2021-10-25,187792,151979,120673,31306,2805,28501,2627,0.0921722044840532,0.4026029700993592,0.15859579633297133,0.4261798537313202,0.08959943780744906,0.33711958247571855,386669618.1897589,155674336.73038214,2283962857.549816,5
2021-10-26,200948,163569,131297,32272,3138,29134,2758,0.09466602594906295,0.43754747221304074,0.16980664352999505,0.536558546414462,0.09723599405057015,0.22345899599913763,546468504.6882553,239105912.8703863,2909647408.13875,5
2021-10-27,185522,151090,121526,29564,3517,26047,2675,0.10269896725150689,0.43303298995000744,0.19084021106751453,0.5149164014762293,0.11896225138682182,0.22446678127732722,613686305.9603937,265746415.96140435,3819780536.747348,5
2021-10-28,199425,165576,135657,29919,2784,27135,2298,0.08468767274737424,0.3738533733163515,0.15471773789230925,0.47782836631777104,0.09305123834352752,0.2260308455106648,550738346.0990887,205895388.50381258,3680162300.063306,5
2021-10-29,208274,172472,140666,31806,2667,29139,2180,0.07481382339819485,0.38462473186738083,0.13956486197572784,0.4674500843603858,0.08385210337672137,0.17059057373943598,569958016.8780372,219219949.41737917,3760316443.945732,5
2021-10-30,226514,187603,153152,34451,3573,30878,2318,0.07506962886197292,0.38783961490333235,0.15453832980174742,0.4863215329401234,0.10371251923021102,0.20710572460727583,495573965.1736576,192203215.8090688,5449397135.750238,5
2021-10-31,204676,167207,134665,32542,3644,28898,2468,0.08540383417537546,0.36365619837499275,0.16830557433470592,0.413444899954667,0.11197836641878188,0.32833448392355746,445896975.09971535,162153198.8316713,2663727169.655526,5
2021-11-01,183002,150923,122601,28322,2843,25479,2135,0.08379449742925546,0.3666313644519018,0.159381399618671,0.46985862769739,0.10038132900218912,0.22516815256641382,392727561.6418053,143986241.78260344,2505627630.160968,5
2021-11-02,199539,162932,130491,32441,3327,29114,2451,0.08418630212269011,0.342417268387437,0.16204802564655837,0.4744947502731051,0.10255540827964613,0.23646255719708956,521857241.0657935,178692930.97395325,3012252560.711545,5
2021-11-03,205352,165632,130854,34778,3434,31344,2706,0.0863323124042879,0.32078897026876396,0.16156765771464718,0.4530269317411399,0.09874058312726436,0.2276167776675946,504069352.1485748,161699888.41978428,3094102781.063731,5
2021-11-04,190212,153359,121296,32063,3715,28348,2656,0.0936926767320446,0.3363973477412802,0.18279636964725696,0.4920478892285189,0.11586563952219069,0.2596904272354871,473316298.41898847,159222347.43086803,2917369013.052845,5
2021-11-05,187437,150093,117395,32698,3720,28978,2537,0.08754917523638622,0.3648855313169564,0.17426142271698575,0.3186953800600102,0.11376842620343752,0.50626208388077,463008367.4980862,168945054.1787358,2998578496.8554425,5
2021-11-06,184997,148758,117352,31406,3519,27887,2421,0.0868146448165812,0.3496978575607376,0.1741068585620582,0.4764903701553622,0.11204865312360696,0.22406779128711182,398467565.4847008,139343253.9574428,2172658342.2617197,5
2021-11-07,197759,158743,124412,34331,3497,30834,2646,0.08581436077057793,0.343971758483755,0.16317613818414844,0.4761330751552728,0.10186129154408552,0.22170463034213375,408816851.0491004,140621451.1531504,2071620157.8573418,5
2021-11-08,191910,152366,118001,34365,3686,30679,2532,0.08253202516379282,0.3339482533349901,0.16481885639458752,0.476274199691782,0.10726029390368107,0.24212572747528,545887450.4398029,182298160.59186316,2888113164.646538,5
2021-11-09,178491,142449,111262,31187,4146,27041,2530,0.09356162863799415,0.34664039844613975,0.1840189822682528,0.47650451163337004,0.13294000705422132,0.2376575786281901,563018034.5355154,195164795.82375354,2863768637.6730433,5
2021-11-10,193038,153294,119349,33945,4304,29641,3004,0.10134610843088965,0.35690000643549047,0.18957136544410075,0.46324330303948263,0.12679334217115923,0.25658393835817694,788929251.4561042,281568854.92183024,4554840577.629976,5
2021-11-11,214999,173017,135957,37060,3365,33695,2520,0.07478854429440569,0.3548760641811422,0.14158121964382084,0.45493031810620244,0.09079870480302213,0.17736246305028117,655724784.9454718,232701030.8674749,3431095235.497805,5
2021-11-12,226209,182111,143416,38695,3132,35563,2294,0.0645052442144926,0.28643426955861095,0.12094585863806694,0.3967878145689343,0.08094069001162942,0.1914301449403182,586023169.7652733,167857118.57613793,3357774578.8315063,5
2021-11-13,200566,164235,132199,32036,3460,28576,2308,0.08076707726763718,0.3046823022050982,0.1522349856411537,0.41897516927587586,0.1080034960669247,0.19773744204222699,405336092.11970294,123498733.71384884,2274000210.654125,5
2021-11-14,190388,154555,123502,31053,3220,27833,2195,0.07886321991880142,0.2500038479603048,0.1416610311403085,0.3671353599166515,0.10369368499017809,0.2149083009359693,367225383.75170594,91807759.00662607,2168228913.4259453,5
2021-11-15,169515,135367,105876,29491,3316,26175,2436,0.09306590257879656,0.3095741592728379,0.16347360211589976,0.4214647362008208,0.1124410837204571,0.19807080886077683,464425263.34985214,143774060.4465968,2678816360.0779915,5
2021-11-16,168971,133415,103610,29805,4131,25674,2741,0.10676170444807977,0.34450494968381257,0.19845663479282,0.4626653357916429,0.13860090588827378,0.2826574330800408,738712749.4312575,254490198.5736062,4020148478.7653112,5
2021-11-17,160111,126567,98344,28223,3742,24481,2648,0.1081655161145378,0.37353301549885687,0.1889947914821245,0.47044967436483975,0.13258689721149416,0.2540763793408279,559785676.054393,209098431.60966367,3361187464.7688565,5
2021-11-18,181385,144316,113091,31225,4199,27026,2739,0.10134685118034485,0.3363604679719518,0.18933546837469975,0.4324771329053442,0.1344755804643715,0.2300363798724063,723903283.3635328,243492447.15859032,4001309416.8769813,5
2021-11-19,166022,132748,104766,27982,3312,24670,2586,0.10482367247669235,0.35536201294630865,0.1809020084339933,0.4340384843671322,0.11836180401686798,0.18833771141270603,502894917.48920923,178709750.1794332,3170822627.8136635,5
2021-11-20,166093,133264,105283,27981,3353,24628,2570,0.10435276920578204,0.38220683736941446,0.18176619849183376,0.46448478237186264,0.1198313141060005,0.26278956289706246,376318368.6181234,143831453.51355046,2246314274.2832284,5
2021-11-21,169038,135553,106792,28761,3436,25325,2291,0.0904639684106614,0.34392788469321106,0.17092590660964502,0.5277116315691583,0.11946733423733528,0.34067710585675737,423258553.9824146,145570419.14947915,2462321794.3106637,5
2021-11-22,148422,119350,94778,24572,3291,21281,2235,0.10502326018514167,0.31979405608193573,0.19676867979814422,0.46629388451437,0.1339329317922839,0.30300382412193616,610947211.3090689,195377286.7564746,3617258985.111658,5
2021-11-23,162429,127398,98570,28828,3726,25102,2550,0.10158553103338379,0.2912058425944888,0.19259053697793813,0.40598264488690033,0.12924934091855142,0.26371354624063437,604597392.7516787,176062293.18668365,3265425638.1964684,5
2021-11-24,180583,140336,106818,33518,3899,29619,2944,0.09939565819237652,0.292265227714166,0.18399069156870934,0.44247812202423964,0.11632555641744734,0.2583887477988966,659429146.5151615,192728209.66761184,3647991121.272079,5
2021-11-25,186840,145419,111043,34376,4239,30137,3065,0.10170222649898795,0.3993993593092815,0.1873109145915755,0.5374346858213264,0.12331277635559693,0.27641830865558453,622873883.2309296,248775429.8929175,3435047878.1489916,5
2021-11-26,183662,140763,106164,34599,5038,29561,3591,0.12147762254321573,0.32278684901633375,0.2199196508569612,0.4804470636072977,0.14561114483077545,0.3266127946529478,858089893.8942455,276980133.02288365,4747614042.465954,5
2021-11-27,162570,127115,97756,29359,3641,25718,2843,0.11054514347927522,0.3643215415569933,0.19653257944752886,0.45237458816852677,0.12401648557512177,0.28691337624651403,470274637.93850756,171331181.04891396,2513753172.5188913,5
2021-11-28,146995,113431,86948,26483,4036,22447,2745,0.1222880563104201,0.3784907279554064,0.22731563644602198,0.5202743811242778,0.152399652607333,0.3179901567707762,481504174.22017795,182244865.41416198,2814572658.6814547,5
2021-11-29,144966,114277,88681,25596,3022,22574,2333,0.10334898555860725,0.29984346467611867,0.1894827316768245,0.4601891281996878,0.11806532270667291,0.2625301181097434,488427813.4351478,146451887.82457563,2721531405.7089605,5
2021-11-30,151914,111796,86382,25414,2837,22577,2251,0.09970323780838906,0.3178355226135364,0.1791532226331943,0.4136135136954511,0.1116313842763831,0.20791869825212642,677493943.0300331,215331641.45045605,4387747221.527393,5
2021-12-01,136312,107076,82354,24722,2692,22030,2066,0.09378120744439401,0.32967704634347594,0.1732869508939406,0.4715860687076393,0.10889086643475447,0.2762025515200685,525847257.0638543,173359770.53663,3729343236.1797633,5
2021-12-02,141613,110938,85089,25849,2939,22910,2601,0.1135312090790048,0.35700285426174544,0.19493984293396263,0.43844986892000626,0.11369878912143604,0.21878672076551525,583066552.4395043,208156423.4454587,3811899574.7771583,5
2021-12-03,142345,111686,86306,25380,3333,22047,2522,0.1143919807683585,0.34503411545301355,0.2074468085106383,0.4718598756140639,0.13132387706855791,0.3015730321055984,598414821.4780989,206473528.60266885,4286148533.0264974,5
2021-12-04,154929,119031,90223,28808,4829,23979,3077,0.12832061387047,0.45381157930549665,0.2415301305193002,0.5349086922652184,0.16762704804221049,0.31355251951492635,1065106073.4424033,483357469.31677336,6274745772.249628,5
2021-12-05,123812,98225,77559,20666,3027,17639,2319,0.1314700379840127,0.36731470524003373,0.23003967869931288,0.4351528983177902,0.14647246685376947,0.240583297772862,523149996.10813224,192160686.61678338,3812997938.3275375,5
2021-12-06,149654,115267,87857,27410,4629,22781,3038,0.13335674465563407,0.32772974377693254,0.2473914629697191,0.4256345081271326,0.1688799708135717,0.2493313827965779,773675589.7434754,253556502.7930964,4949602988.333307,5
2021-12-07,129059,100458,76770,23688,3171,20517,2472,0.12048545108934054,0.4033237136723476,0.21103512326916582,0.4880666707377647,0.13386524822695037,0.18368119694838028,523081484.1165927,210971166.72714728,2843914810.7633324,5
2021-12-08,129422,101100,77795,23305,3173,20132,2390,0.11871647128948937,0.32795006901845963,0.21214331688478869,0.45663105178127694,0.13615104054923835,0.25501582557497804,421636991.1546999,138275880.3499195,2925519824.541578,5
2021-12-09,146988,114433,87825,26608,3633,22975,2616,0.11386289445048967,0.3170623783157431,0.20538935658448587,0.42036254762140707,0.13653788334335537,0.2947370406388768,591698718.2497592,187605402.85464543,4089414542.5087185,5
2021-12-10,155313,121212,93649,27563,4141,23422,2601,0.1110494406967808,0.2930297932815784,0.21365598809998912,0.37083218049503774,0.15023763741247323,0.2729280836506954,647924712.1442139,189861244.46164522,4079667174.212282,5
2021-12-11,142668,114115,90664,23451,3260,20191,2019,0.09999504729830122,0.34184744868090744,0.19210268218839283,0.41804678329800266,0.13901326169459724,0.27507996257052386,334918554.5361614,114491053.38408414,2886047799.4174523,5
2021-12-12,120435,94154,72781,21373,2606,18767,2230,0.11882559812436724,0.36942853212273086,0.1994104711551958,0.4546866345142613,0.12192953726664484,0.19868019872725745,305431875.60812324,112835249.4694015,1861054760.7423348,5
2021-12-13,128792,98948,75295,23653,3961,19692,2760,0.14015843997562463,0.366919517038697,0.25058132160825264,0.45446058387427035,0.1674629011119097,0.2523773541621391,578591236.2173443,212296416.95569062,3120264683.479128,5
2021-12-14,124548,97251,75344,21907,3494,18413,2556,0.13881496768587412,0.3913960204716792,0.24302734285844707,0.4635228387202622,0.15949239968959694,0.24410321160892892,463998227.7860795,181607059.86138326,2678279591.4518986,5
2021-12-15,133399,104474,80953,23521,3279,20242,2457,0.12138128643414682,0.3108180303557051,0.21257599591854087,0.3958019409826359,0.1394073381233791,0.2695554376379871,577182708.8759518,179398792.72819367,3783211701.2984834,5
2021-12-16,111917,87977,68408,19569,3188,16381,1893,0.1155607105793297,0.3505755466930884,0.22775818897235423,0.4341643281996774,0.1629107261485002,0.21649415836259397,394492993.5663153,138299596.886104,2505071451.3344593,5
2021-12-17,129320,102114,80250,21864,2843,19021,2432,0.12785868250880605,0.3819094852024866,0.21030003658982802,0.42893232990849645,0.13003110135382365,0.3025659365182694,530421181.9064305,202572880.52237934,3281096332.3679423,5
2021-12-18,131094,103761,81780,21981,2878,19103,2569,0.134481495053133,0.4410491227793237,0.2205086210818434,0.5157669666116745,0.13093125881443066,0.25392908899429045,410186926.1947793,180912583.97375458,3023082176.8583794,5
2021-12-19,142985,113962,90111,23851,3086,20765,2761,0.13296412232121357,0.3785399177584707,0.21848140539180746,0.47848506723227974,0.1293866085279443,0.26999840856893165,335200466.8752312,126886757.163551,2387121472.9410353,5
2021-12-20,150715,118038,91707,26331,3071,23260,2808,0.12072226999140155,0.39411254789325056,0.19623257757016443,0.4585099452347796,0.1166305875204132,0.2024865189977507,450723310.2425735,177635712.19458067,3147424232.3341255,5
2021-12-21,143690,113128,88041,25087,2835,22252,2951,0.132617292827611,0.40383876283749937,0.20648144457288636,0.4730690040895288,0.1130067365567824,0.15962603607392878,425410814.40714335,171797376.98787382,3089768103.5872183,5
2021-12-22,134952,105422,81135,24287,2743,21544,2729,0.12667099888600075,0.38897682270704265,0.2012187590068761,0.48341591827556946,0.11294107958990407,0.18275232160424223,405304536.9699739,157654071.01932955,2388500148.5257673,5
2021-12-23,137259,105493,79954,25539,3148,22391,3050,0.13621544370506006,0.4402432802527764,0.2156701515329496,0.5669761660422501,0.12326246133364659,0.28026557695933646,439103156.023402,193312213.77708918,2951178892.9119396,5
2021-12-24,148615,117681,92145,25536,3526,22010,2998,0.13621081326669696,0.40590990702038887,0.23206453634085214,0.5461583547920057,0.13807957393483708,0.25745804446879045,351167814.7982718,142542495.05331963,2378755981.7749925,5
2021-12-25,191176,156223,126376,29847,5484,24363,3726,0.15293683043960105,0.4216705526359825,0.28146882433745435,0.5722935692552942,0.18373705900090462,0.29752661370820016,336170746.8033197,141753304.58460677,2090686173.3527236,5
2021-12-26,145556,115722,91560,24162,2985,21177,3114,0.14704632384190394,0.411754735400472,0.2287476202301134,0.5559326197579068,0.123541097591259,0.2710027961973185,293965449.09563375,121041665.70925361,1749298925.3584595,5
2021-12-27,143023,113672,89245,24427,2580,21847,2953,0.13516729985810408,0.38009973541929265,0.20772096450648872,0.5123075108464783,0.10562082941007901,0.23129008652369867,363314659.094345,138095805.79571104,2032785373.4693027,5
2021-12-28,141929,110420,85078,25342,3495,21847,3266,0.14949420973131322,0.3271710179308865,0.23699786915002763,0.4459735994802163,0.13791334543445663,0.2327633698220759,475965169.99461806,155722009.1667866,2755391967.988716,5
2021-12-29,156467,125059,99236,25823,3853,21970,3188,0.14510696404187529,0.4324356856005378,0.2535723967006157,0.568514514082795,0.14920807032490416,0.2780441910889968,421925170.45104486,182455500.35612136,2195049880.5128846,5
2021-12-30,128581,100021,76401,23620,2699,20921,3107,0.1485110654366426,0.4171786737640992,0.2266299745977985,0.5517016959118107,0.11426756985605419,0.2920674902069066,386202926.17155266,161115624.54406264,2065638746.7546287,5
2021-12-31,149366,116957,90262,26695,3291,23404,3226,0.13783968552384207,0.45140243588117535,0.2217269151526503,0.5430889997876455,0.12328151339202098,0.22599932920261007,454922998.28512067,205353349.5642712,2133187610.0983062,5
2022-01-01,120878,94852,73756,21096,2566,18530,3097,0.1671343766864544,0.48876074640446476,0.2458759954493743,0.5971616059599236,0.12163443306788016,0.24242805703447692,381692571.2695222,186556346.03073102,1896068616.1625695,5
2022-01-02,120938,96636,76654,19982,2556,17426,2867,0.16452427407322393,0.4255347151487603,0.24647182464217796,0.5456012489883779,0.12791512361125013,0.24979503758952562,304360746.45746005,129516063.54623932,1539749074.4797943,5
2022-01-03,126110,100064,79082,20982,2474,18508,2824,0.15258266695483033,0.40388592814462276,0.23300924602039844,0.512531386218213,0.11791059002954914,0.2077527473678712,382805449.81637555,154609734.39790666,1994663825.2163308,5
2022-01-04,119840,95360,75429,19931,2415,17516,2629,0.15009134505594884,0.36923010098969855,0.23079624705233054,0.4617531493453883,0.12116802970247353,0.2321598519240735,412143202.92690015,152175676.43891716,2174801782.254086,5
2022-01-05,136483,105248,80593,24655,3222,21433,3273,0.1527084402556805,0.4277907303461138,0.24230379233421212,0.5328996482385366,0.1306834313526668,0.22963114812426982,628459520.5382707,268849157.2840353,3022945160.6210003,5
2022-01-06,124593,95378,72569,22809,2975,19834,3236,0.16315417969143894,0.45101889257283,0.2479284492963304,0.5242396682414616,0.13043097023104916,0.18472639542735073,574528756.6588364,259123323.5795133,2745088300.7312326,5
2022-01-07,122097,92845,70465,22380,3253,19127,3230,0.16887122915250694,0.4359695354245489,0.2609025915996425,0.5305199500522446,0.14535299374441465,0.24013950722587576,636506933.0252776,277497631.88553476,3360595772.889272,5
2022-01-08,109000,84142,64575,19567,2684,16883,2737,0.1621157377243381,0.364432596076962,0.24648643123626515,0.4514874887846687,0.13716972453620893,0.21523501524963654,502084183.72481877,182975842.52401805,2437772227.550164,5
2022-01-09,80077,62935,48806,14129,1675,12454,1672,0.13425405492211337,0.3652487680384729,0.21303701606624673,0.4574795224207917,0.11855049897374195,0.17957801630868478,289230754.64946663,105641176.8145555,1652122710.1141539,5
2022-01-10,124510,99605,80282,19323,3443,15880,2681,0.1688287153652393,0.38427353478506954,0.2909486104642136,0.5171110149752315,0.17818144180510273,0.28246146241322917,633749483.9157587,243533154.3525222,2950376910.7205544,5
2022-01-11,114358,92421,74530,17891,2178,15713,2595,0.16514987589893718,0.4807517323191957,0.2471633782348667,0.5709928798534412,0.12173718629478508,0.2003091979787042,450320463.1812656,216492342.773176,2212232878.940429,5
2022-01-12,110657,87790,69374,18416,2474,15942,2857,0.17921214402208005,0.40676817342365584,0.26721329278887923,0.5089333742421855,0.13433970460469158,0.20352232673030637,431376717.7091519,175470319.52004373,2131337830.543547,5
2022-01-13,98670,78378,61881,16497,2018,14479,2568,0.177360314938877,0.47932749969275795,0.2558647026732133,0.5651954532232562,0.12232527126144148,0.19913903718022732,431571619.5930475,206864145.35788953,2497274219.237942,5
2022-01-14,102121,78924,58845,20079,1856,18223,2061,0.11309883114745102,0.44279640428243866,0.18008864983315903,0.543412385508511,0.09243488221524976,0.20803188678710294,318343599.7599672,140961401.3000413,1910136102.986508,5
2022-01-15,91374,72241,56223,16018,1736,14282,2094,0.14661812071138497,0.4696606545484575,0.21894119115994506,0.548662618561014,0.10837807466600075,0.24778175094864943,291289986.1524634,136807445.55977708,1407788172.8713412,5
2022-01-16,92929,73694,57933,15761,1939,13822,2154,0.1558385183041528,0.4413847517481854,0.23723114015608146,0.5506859956917646,0.12302518875705856,0.24701623200218714,290198323.04969734,128089114.77703038,1555529080.0494556,5
2022-01-17,110437,84507,64205,20302,2940,17362,2863,0.16490035710171638,0.41911462070199307,0.26342232292384987,0.5779769569065288,0.14481331888483892,0.3100691242542658,458890840.64374936,192327860.62002376,2389751200.4984035,5
2022-01-18,106276,82203,63018,19185,2501,16684,2752,0.16494845360824742,0.42526087109993777,0.24894448788115717,0.5167270279261482,0.1303622621839979,0.2079547989390673,442100697.63748753,188008127.79120815,2232909326.4264846,5
2022-01-19,111275,87268,67956,19312,2605,16707,2874,0.17202370263961214,0.4574185029900053,0.25849212924606463,0.5687704374644221,0.13489022369511186,0.24894500366339492,397365091.5967413,181762145.33866775,2488703567.8463416,5
2022-01-20,118436,93607,73537,20070,2713,17357,2786,0.1605116091490465,0.5126960104976093,0.24927752864972597,0.5945148099118561,0.13517688091679123,0.20255509320982562,552387424.9855818,283206829.0391552,2749680515.7889514,5
2022-01-21,139617,105178,78897,26281,4498,21783,3673,0.16861772942202635,0.484396890815739,0.2810775845667973,0.6137902657769206,0.17115026064457212,0.33868179221595573,987637619.1718888,478408591.9795219,5937794203.326261,5
2022-01-22,143526,107676,81116,26560,5216,21344,4216,0.1975262368815592,0.5800654986543518,0.32033132530120484,0.6610953848767245,0.1963855421686747,0.27801304022539186,865581893.1703091,502094192.48801315,4975308554.728258,5
2022-01-23,97053,75395,58505,16890,2645,14245,2335,0.1639171639171639,0.5166309005073217,0.2641799881586738,0.5856794164783284,0.1566015393724097,0.222054726645624,404528695.07302535,208992024.01662883,2854597255.778332,5
2022-01-24,123321,92128,68695,23433,4326,19107,3336,0.17459569791176008,0.5119250583547634,0.28963427644774464,0.5847487877684143,0.1846114453975163,0.2430200747936224,736170123.3587525,376863933.3594628,4147133911.55572,5
2022-01-25,99119,78650,62659,15991,2238,13753,2100,0.1526939576819603,0.4465233726299958,0.2434494403101745,0.5321395090365091,0.13995372396973296,0.2180939913641378,328109396.06952024,146508514.12455326,2284145769.382251,5
2022-01-26,109645,85146,66525,18621,2921,15700,2624,0.16713375796178345,0.5259603332781874,0.2670103646420708,0.6042895018247425,0.15686590408678375,0.25112028903938377,530625531.28773725,279087981.28201354,3570560343.092744,5
2022-01-27,95338,74599,58520,16079,2891,13188,2231,0.1691689414619351,0.6016229648747494,0.2882641955345482,0.6759051608504004,0.17979973878972572,0.2507699655113787,558354532.081585,335918909.0421766,4601521845.871704,5
2022-01-28,90554,72369,57865,14504,2228,12276,1932,0.1573802541544477,0.6568948740985889,0.254619415333701,0.770215325353121,0.15361279646993933,0.37040078697049705,595219810.7568595,390996842.6481132,5195645067.75845,5
2022-01-29,85035,68111,54545,13566,1940,11626,1747,0.15026664372957166,0.5102231235584359,0.24023293527937492,0.6405174290522178,0.14300457024915228,0.32719278785891426,319636211.180746,163085786.0710241,2601061725.9220204,5
2022-01-30,80562,65167,52481,12686,1851,10835,1586,0.14637748038763268,0.41926641177389584,0.24121078354091124,0.5770281195464727,0.14590887592621787,0.30363507039908477,247406228.16129905,103729121.53170164,1602568314.758338,5
2022-01-31,82505,65728,52461,13267,2071,11196,1740,0.15541264737406216,0.510503514566814,0.2597422175322228,0.5903730667501071,0.15610160548729932,0.19886354575604775,327109379.9699446,166990488.1224281,2039554790.1786468,5
2022-02-01,84588,68638,55769,12869,1661,11208,1526,0.13615274803711636,0.5126297293950473,0.2185095967052607,0.5491680819376776,0.1290698577978087,0.19064924417813883,372717696.1592848,191066171.7228796,2035768822.1227336,5
2022-02-02,90770,74021,60458,13563,1703,11860,1627,0.13718381112984823,0.49625394960952135,0.21757723217577232,0.5611419121191412,0.1255621912556219,0.19637644163157322,275270875.2114205,136604259.0361371,1959902633.5205448,5
2022-02-03,86932,69975,56181,13794,1852,11942,1697,0.1421035002512142,0.4757330668083819,0.2290126141800783,0.5707032249309412,0.13426127301725388,0.24338265637238496,236028136.1641354,112286389.07043049,1832405560.2565408,5
2022-02-04,103758,83384,67083,16301,2229,14072,2017,0.14333428084138716,0.43408486654272954,0.23176492239739893,0.5325580153939449,0.13674007729587143,0.22809417926378395,344523844.64152133,149552587.12200287,2269805422.055488,5
2022-02-05,93844,75235,60262,14973,1791,13182,2041,0.15483234714003946,0.5044787994857453,0.22807720563681294,0.5761677040610289,0.11961530755359648,0.19074976095810695,301879321.94120795,152291717.92247137,1893585807.3893535,5
2022-02-06,98246,79829,64527,15302,1774,13528,2046,0.15124186871673567,0.4709494215694512,0.22689844464775846,0.569445996721496,0.11593255783557704,0.22097207812709832,246181841.76526394,115939195.98025322,1464447766.386457,5
2022-02-07,100320,80302,63743,16559,1717,14842,1991,0.13414634146341464,0.44770909255468055,0.20025363850474062,0.5190346530598924,0.10368983634277432,0.17898322549035847,344999595.55585444,154459455.8580434,2148022346.885425,5
2022-02-08,112546,89925,71446,18479,2139,16340,2241,0.13714810281517748,0.4965081531673862,0.21007630283023973,0.5658623979215271,0.115753016938146,0.19191860398921415,327294050.3752028,162504164.4944654,2065091604.5356684,5
2022-02-09,119787,97027,78123,18904,1822,17082,2000,0.11708230886313079,0.2501086693287033,0.18128438425730004,0.3148876620959006,0.09638171815488786,0.10065238909445626,481912674.0516534,120530537.63969615,2050121341.3301387,5
2022-02-10,109530,87871,70127,17744,2059,15685,1964,0.1252151737328658,0.4216905759987506,0.19910955816050496,0.5298239951250807,0.11603922452660054,0.27368832779684743,329939125.459375,139132219.8594879,2611506937.030285,5
2022-02-11,122324,92796,72975,19821,2415,17406,2263,0.1300126393197748,0.43613290978785146,0.21063518490489885,0.5149668053948465,0.12184047222642652,0.19638402702649893,402931495.17281854,175731685.434891,2705859436.375244,5
2022-02-12,112162,90143,72260,17883,1755,16128,1883,0.11675347222222222,0.4495986506159559,0.181569087960633,0.5041509989208453,0.09813789632611977,0.13738075604242994,273888876.65458214,123140069.36262012,1688352965.614547,5
2022-02-13,98816,79396,63148,16248,1577,14671,1816,0.12378160997886987,0.4595625409715204,0.18537666174298376,0.54693879840217,0.09705809945839487,0.19260837177735604,183479245.22052276,84320188.14908013,1252762755.0139487,5
2022-02-14,96116,76326,59984,16342,1878,14464,2108,0.14574115044247787,0.4377972743453671,0.2165585607636764,0.5149328382142532,0.11491861461265451,0.18586614846106728,243694675.34244043,106688864.63739955,1723620288.4134321,5
2022-02-15,107599,85972,68411,17561,2044,15517,2226,0.14345556486434233,0.46646619369182524,0.2137122031774956,0.5225992844713595,0.11639428278571835,0.16822247434517035,321096086.13742846,149780469.1098687,1896651563.813293,5
2022-02-16,110911,88600,71865,16735,1709,15026,2056,0.13682949554106216,0.514761727847389,0.20388407529130564,0.5566284425693429,0.1021213026590977,0.1458607324529302,343183460.077652,176657710.87821758,2067186719.517385,5
2022-02-17,115527,91506,72451,19055,2367,16688,2290,0.13722435282837966,0.46038665016757113,0.22099186565205983,0.5468380567980323,0.12421936499606402,0.22676247036115638,322113811.3669758,148296898.5879509,2493778705.8233976,5
2022-02-18,106416,87640,72168,15472,1667,13805,1984,0.14371604491126402,0.49731249182798887,0.21387021716649432,0.5567472928531874,0.10774301964839711,0.14795629612387073,297328567.37333673,147865210.73208016,2027579917.420386,5
2022-02-19,93073,75132,60753,14379,1681,12698,1857,0.1462435029138447,0.4524709555700178,0.2192781139161277,0.5065560841972016,0.11690659990263579,0.14652356262876512,197779159.8905312,89489325.467504,1237669136.547126,5
2022-02-20,100807,79129,62403,16726,2329,14397,2389,0.1659373480586233,0.45995248665697286,0.2501494678942963,0.513995332597164,0.13924429032643787,0.14122641705582165,302477928.3534175,139125475.30500406,1805322538.225612,5
2022-02-21,90200,71741,58037,13704,2086,11618,1739,0.14968152866242038,0.4944533929481704,0.24277583187390542,0.5379021782511334,0.15221833041447752,0.20373561600130372,306484065.5612228,151542086.10129613,2698907285.023235,5
2022-02-22,100401,80399,64531,15868,2220,13648,1958,0.14346424384525205,0.4345727234261633,0.23235442399798337,0.5103126759520134,0.13990420973027476,0.1861397211991982,263132566.7497626,114350236.15456104,2220288451.998144,5
2022-02-23,93082,75847,62474,13373,1850,11523,1650,0.14319187711533454,0.48501924745304725,0.23061392357735735,0.570200534769187,0.13833844313168325,0.23431747750488718,243353649.40054592,118031203.89720549,1902379234.534223,5
2022-02-24,141348,107478,82244,25234,4357,20877,3582,0.1715763759160799,0.5217523426404336,0.27653166362843784,0.574944916212412,0.1726638662122533,0.20381178814987366,689944608.9491385,359980216.01135087,4124220538.1817565,5
2022-02-25,90868,71799,57813,13986,2592,11394,2002,0.1757065121994032,0.5838782018426141,0.2802087802087802,0.6045646751858352,0.18532818532818532,0.15719954149685914,380076139.7022096,221918173.01260832,2686085255.4213667,5
2022-02-26,84880,67331,53844,13487,2209,11278,1855,0.1644795176449725,0.5025256374713952,0.26254912137614,0.580060149277845,0.16378735078223475,0.22893156315484608,171194095.19452214,86029421.81896596,1537085361.9375186,5
2022-02-27,95766,75383,60348,15035,2796,12239,2135,0.1744423564016668,0.5319126194949473,0.27941469903558364,0.6031060519232141,0.18596607914865315,0.29025293903807,217425497.12799048,115651365.72234055,2235871060.0560293,5
2022-02-28,89332,70434,56145,14289,2268,12021,2037,0.16945345645121038,0.44977488002213234,0.2641892364756106,0.5319320671470771,0.1587234935964728,0.2183584872042747,246680953.11643544,110950896.09169,2440202204.348166,5
2022-03-01,107269,84353,66622,17731,2526,15205,2351,0.15462019072673464,0.4863853662589623,0.24313349500874176,0.5496241780575035,0.14246235406914443,0.17954770785774957,402910464.07291156,195969753.63767156,2452857999.6140766,5
2022-03-02,111992,89366,71079,18287,2486,15801,2166,0.13707993164989557,0.5346470499893883,0.22321867993656697,0.5902362367042031,0.13594356646798272,0.21504818603763975,332294744.79393715,177660405.03105515,2486594168.499731,5
2022-03-03,112288,89727,71373,18354,2164,16190,2060,0.1272390364422483,0.4922897957661464,0.19995641277105808,0.5661051532486933,0.11790345428789364,0.18620264795158104,255627678.33306852,125842897.55876046,1692149234.94197,5
2022-03-04,113972,88669,69167,19502,2850,16652,2502,0.15025222195532068,0.5342966882974658,0.24233411957747925,0.6193847746822668,0.1461388575530715,0.2587254757719359,338782090.6768973,181010149.10315797,2332581895.4950566,5
2022-03-05,106879,85143,67403,17740,2017,15723,2234,0.14208484385931439,0.4190147696907061,0.21544532130777902,0.548746541871567,0.1136978579481398,0.27842355764306065,172611634.97290477,72326824.47410792,1330505203.295012,5
2022-03-06,102276,79956,62410,17546,2702,14844,2468,0.16626246294799246,0.4871056288276763,0.2641057790949504,0.5885875962882525,0.15399521258406473,0.26006728337843854,210699455.52974895,102632890.77946737,1620420111.039702,5
2022-03-07,114366,87886,67704,20182,3187,16995,2785,0.1638717269785231,0.47740548108579944,0.2625111485482113,0.5609402886993086,0.15791299177484888,0.2175166495975153,273114643.31220937,130386427.68204182,2195049480.48687,5
2022-03-08,115411,90845,71177,19668,2378,17290,2147,0.12417582417582418,0.47804609302412443,0.19732560504372584,0.5536175797871611,0.12090705714866788,0.20692371940499818,223264138.1479134,106730548.95400837,2174242960.465901,5
2022-03-09,118690,92290,71712,20578,2512,18066,2541,0.14065094652939222,0.4643635641716117,0.217708232092526,0.5513531677017733,0.12207211585188064,0.22288075215216843,261353479.020586,121363033.02664986,1788965412.2131999,5
2022-03-10,107667,83470,64743,18727,2567,16160,2483,0.1536509900990099,0.5020277448682984,0.23810540930207721,0.5797969770787673,0.13707481176910344,0.24030749561273385,212400778.3334616,106631083.75501907,1719222176.8826995,5
2022-03-11,110077,85540,66444,19096,2755,16341,2542,0.1555596352732391,0.5393033011786948,0.24439673229995812,0.6119924797140988,0.14427105152911604,0.21534316323134273,243111782.59459126,131110986.90870023,1903761233.8258142,5
2022-03-12,98602,77987,61240,16747,1920,14827,2028,0.13677750050583395,0.58232922610785,0.21424732787962023,0.656730499605913,0.11464739953424494,0.20659882601955915,169140560.33003342,98495491.60043648,1153031268.2504969,5
2022-03-13,108022,85036,67023,18013,2499,15514,2357,0.15192729147866443,0.547480704795268,0.24632210070504634,0.6356023379212119,0.13873313717870428,0.28543081047529867,198840064.986692,108861098.92045105,1412758854.4182482,5
2022-03-14,112762,87884,68258,19626,2570,17056,2471,0.14487570356472795,0.533056692161127,0.23147865076938753,0.6150379666556465,0.13094874146540303,0.2240083840568373,207073120.9090038,110381712.86723468,1545597650.5704613,5
2022-03-15,116996,91907,72311,19596,2912,16684,2392,0.14337089426995925,0.48945840039064314,0.2397938354766279,0.6070581678775211,0.14860175546029802,0.2648838109386592,207263601.1344078,101446910.67045152,1516427556.206543,5
2022-03-16,111806,88248,69634,18614,2776,15838,2192,0.13840131329713348,0.4779375097076676,0.2253142795745138,0.5311983471080259,0.14913505963253465,0.2338555360787666,261778534.45926335,125113780.85438317,2277346088.069831,5
2022-03-17,125906,100106,78802,21304,3001,18303,3179,0.17368737365459214,0.3939344536692354,0.26464513706346227,0.5950103507756351,0.14086556515208412,0.3597203107724674,366924211.72348875,144544088.8833074,2140843033.3147616,5
2022-03-18,134400,104220,80986,23234,3549,19685,3754,0.19070358140716281,0.4259675961533204,0.28552982697770507,0.5507036067526795,0.15275027976241715,0.25642404186777473,477442947.3324704,203375224.5755688,2561257935.354113,5
2022-03-19,119383,95274,76199,19075,2446,16629,2401,0.14438631306753263,0.3071522474191107,0.22815203145478374,0.40174944060473483,0.12823066841415465,0.164377546314708,238026239.73252583,73110294.47856532,1456746911.0607834,5
2022-03-20,113944,91760,74348,17412,2559,14853,2169,0.1460311048273076,0.3325586552522215,0.24006432345508844,0.4956761623837026,0.14696760854583046,0.27651884141895555,184087264.7875138,61219813.22679521,1480438041.7002473,5
2022-03-21,113493,92097,74813,17284,2206,15078,2118,0.14046955829685634,0.4845600188220045,0.22344364730386485,0.5873578614771192,0.12763249247859293,0.23778276150927818,222123823.40746042,107632324.05113463,1570290853.266202,5
2022-03-22,116864,93617,75292,18325,1988,16337,2268,0.138825977841709,0.37718660623497796,0.2056207366984993,0.4635398932218632,0.10848567530695771,0.1885232802429228,288909046.8960708,108972622.90931103,1789049430.951394,5
2022-03-23,111161,89830,73145,16685,2197,14488,2109,0.14556874654886803,0.45050427001169024,0.22493257416841475,0.5229645973100641,0.13167515732694038,0.2522768501998726,206686853.04673442,93113309.85283259,1671023331.7663634,5
2022-03-24,117709,92726,73602,19124,2527,16597,2412,0.1453274688196662,0.4755028359173204,0.2289270027190964,0.4901440268855325,0.1321376281112738,0.20947509324092206,427376631.9885501,203218800.51534858,2302434696.9702086,5
2022-03-25,119903,94424,74460,19964,2668,17296,2491,0.14402173913043478,0.4180428101424547,0.22901222199959928,0.5028239896449613,0.1336405529953917,0.18569653797729682,352471119.64771146,147348017.35158667,2203086603.6910477,5
2022-03-26,99858,80437,64988,15449,1859,13590,2156,0.15864606328182487,0.46228243177460204,0.2347724771829892,0.5392633282973057,0.12033141303644249,0.27557555903704806,164538961.989427,76063471.47014113,1174492025.8968453,5
2022-03-27,116980,92497,73115,19382,2802,16580,2495,0.15048250904704463,0.4623246454298387,0.24625941595294604,0.5238138435567519,0.1445671241357961,0.1729275578084406,242124321.27613518,111940040.98392954,1465396093.145888,5
2022-03-28,147935,116964,92622,24342,2919,21423,3238,0.1511459646174672,0.4169511260702762,0.22828855476131787,0.4756225924388612,0.11991619423219127,0.1888997342470125,413744441.3843009,172511210.74050164,2150242677.583854,5
2022-03-29,146959,115849,92122,23727,2920,20807,3284,0.15783149901475466,0.4240050499578484,0.23315210519661145,0.48276780871481434,0.1230665486576474,0.1467278487848008,392909756.65702534,166595721.00028807,2127929739.9311123,5
2022-03-30,133993,106477,85252,21225,2620,18605,2690,0.14458478903520558,0.4127600484649859,0.22383981154299176,0.46631395566215716,0.12343934040047114,0.14887406752061874,277648259.9418876,114602109.22983253,2043683152.2461975,5
2022-03-31,130095,103742,83266,20476,2625,17851,2572,0.14408156405803596,0.36129034870854304,0.226020707169369,0.46819466739350385,0.12819886696620433,0.24013798010820256,301334622.55255127,108869290.85996845,2437066872.739807,5
2022-04-01,133261,106375,84944,21431,2650,18781,2417,0.1286938927639636,0.3906477843371125,0.20913629788623955,0.4900569054216978,0.12365265269936074,0.20056842191147245,309866149.7978976,121048524.8596205,2279336132.881057,5
2022-04-02,142006,113172,90659,22513,2866,19647,3135,0.15956634600702396,0.48099028985277636,0.24146048949495846,0.5450256210738021,0.12730422422600277,0.15801789206772898,391086469.4050213,188108794.27662015,2167171805.710454,5
2022-04-03,130710,106805,87367,19438,2320,17118,2553,0.14914125481948826,0.4368506060086198,0.2236855643584731,0.5159498466233001,0.11935384298796173,0.1960819281392594,235827318.17420673,103021306.85778981,1659567145.266677,5
2022-04-04,137483,111676,90493,21183,2151,19032,2402,0.12620849096258932,0.4427557126940205,0.18840579710144928,0.5280959044556952,0.10154369069536892,0.18196268481134664,307444388.5444831,136122759.36378998,2200617875.761241,5
2022-04-05,117950,95709,77403,18306,1722,16584,2244,0.1353111432706223,0.4947248304207966,0.19540041516442697,0.5745286343935949,0.09406751884627991,0.1821705534675719,279338074.83066463,138195481.70067236,1987490561.3147357,5
2022-04-06,130731,102505,80009,22496,2710,19786,2879,0.1455069240877388,0.4911712966089839,0.22101706970128024,0.5469523330566556,0.12046586059743955,0.23046084326584987,402425650.05054617,197659928.32403997,2909006982.121103,5
2022-04-07,106301,84768,67343,17425,2080,15345,2389,0.15568589116976214,0.4792408558759481,0.23248206599713056,0.5208810732552765,0.1193687230989957,0.19590136680172515,323868782.18456435,155211152.36563164,2225724641.087256,5
2022-04-08,104345,82893,66398,16495,2314,14181,2250,0.15866299978844933,0.5318391928661825,0.2418308578357078,0.5580716484346903,0.14028493482873597,0.1541393290089654,479354221.05272007,254939362.02167627,2504025742.5842013,5
2022-04-09,99721,79514,63692,15822,1839,13983,2040,0.14589143960523493,0.46006173551698243,0.2210213626595879,0.5726463611800615,0.11623056503602579,0.3519890938009464,177428195.87991938,81627923.72616282,1704904857.3393645,5
2022-04-10,100933,80410,64440,15970,1957,14013,2071,0.14779133661599944,0.4753335359681137,0.21941139636819035,0.548477079621784,0.12254226675015654,0.25516437668579545,183044807.86971503,87007335.76531565,1202584020.1455414,5
2022-04-11,129696,99381,77338,22043,3321,18722,3431,0.18326033543424847,0.4816682742513434,0.27065281495259264,0.5586788533925403,0.1506600734927188,0.20835644421592545,513470797.81685686,247322593.0629059,3345344322.006501,5
2022-04-12,113609,88906,69581,19325,2547,16778,2618,0.15603766837525332,0.46095335220075956,0.24134540750323416,0.5151412843214168,0.1317981888745149,0.15055052145616385,397961772.5795928,183441813.11831963,2440245992.8434615,5
2022-04-13,109382,84999,66345,18654,2466,16188,2658,0.1641957005189029,0.41596338284884676,0.24729280583252922,0.47040854905884966,0.13219684786104857,0.16041233129767596,296831556.0532249,123471058.19218652,2030861489.8893037,5
2022-04-14,119184,95189,76327,18862,2571,16291,2653,0.1628506537351912,0.43568539700738756,0.24790584243452443,0.5175376661064048,0.13630580002120665,0.17940265916008044,286385806.78407156,124774113.92599921,1847310021.9069605,5
2022-04-15,96400,76420,60622,15798,2100,13698,2065,0.15075193458899108,0.46473564252745436,0.23667552854791746,0.545472540679332,0.13292821876186858,0.17812902125990335,209137371.10013455,97193590.5347237,1673942927.232019,5
2022-04-16,96794,76419,60382,16037,1645,14392,1780,0.1236798221234019,0.39563153536593004,0.1856955789736235,0.5272233785141253,0.10257529463116544,0.23583598384864704,128118423.11687464,50687688.44639098,862907918.9224961,5
2022-04-17,120734,93194,71283,21911,2268,19643,2966,0.15099526548897826,0.5814175962097919,0.2177901510656748,0.5781904501936381,0.10350965268586555,0.25833969793136297,266494971.7941065,154944865.90252572,1456330001.6555238,5
2022-04-18,122359,95486,74556,20930,2487,18443,3035,0.16456108008458495,0.4896208745792145,0.23989488772097467,0.498950995817952,0.1188246536072623,0.20170838092250043,324224233.69941735,158746952.86368436,1729277217.665444,5
2022-04-19,117569,91971,71527,20444,2129,18315,2864,0.15637455637455638,0.3772259012286827,0.2222657014282919,0.5046689736103345,0.10413813343768343,0.22431592450174345,330261192.5087697,124583075.98498012,1601283453.4360528,5
2022-04-20,117284,92689,72942,19747,2065,17682,2718,0.15371564302680693,0.43293787589529104,0.21704562718387604,0.5202117457526579,0.10457284650833037,0.18465362787160416,365316212.8256115,158159225.2108323,2016815162.1953628,5
2022-04-21,123756,97198,75740,21458,2246,19212,2721,0.14163023110555903,0.41639080799127165,0.20985180352316152,0.46546460663188194,0.10466958710038214,0.17659802627307603,357924717.3780132,149036562.26907846,2200883758.153078,5
2022-04-22,106277,84965,67924,17041,2085,14956,2176,0.14549344744584114,0.44184770977928345,0.2236957925004401,0.5369441738701756,0.12235197464937504,0.19996380441809147,241446038.0102286,106682378.93010134,1738129880.006393,5
2022-04-23,105258,82726,64442,18284,1730,16554,2146,0.12963634166968707,0.4240302761689319,0.1886348720192518,0.5239996362383741,0.09461824546051192,0.19983824127679173,160825124.90775234,68194722.1295372,967206727.8733664,5
2022-04-24,94625,75807,60451,15356,1450,13906,2110,0.15173306486408744,0.43677998652153216,0.21216462620474083,0.5302635408388049,0.09442563167491534,0.18778139031902916,128424262.4238919,56093147.61054521,901122353.7977936,5
2022-04-25,116848,93911,76186,17725,2330,15395,2672,0.1735628450795713,0.45247499048641554,0.2556840620592384,0.5107159292630356,0.1314527503526093,0.15299356223061705,316130651.2693884,143041213.42558086,1959643206.6879244,5
2022-04-26,111788,90126,73488,16638,2155,14483,2239,0.154595042463578,0.4532580273239542,0.2337420363024402,0.5284645027677372,0.12952277918018992,0.1941614595997545,270372412.27644515,122548466.23124039,1810025282.2971656,5
2022-04-27,111668,88169,70891,17278,3179,14099,2037,0.14447833179658132,0.4575916940779209,0.26814446116448665,0.5413038089970867,0.183991202685496,0.2093702346707894,230685323.00002667,105559687.75049457,1632834781.6762278,5
2022-04-28,120678,95483,76687,18796,2418,16378,2467,0.1506288924166565,0.4650719781033219,0.2334539263673122,0.5462830439722666,0.12864439242391998,0.19205503854240216,333082412.26454055,154907296.34329605,2217557378.5811424,5
2022-04-29,137414,107965,85979,21986,2727,19259,3138,0.16293680876473338,0.478343229610824,0.24269989993632313,0.5328769759873183,0.12403347584826709,0.14668730981519743,391887627.1784323,187456793.22905383,2068482435.143074,5
2022-04-30,134687,105212,83531,21681,2892,18789,2991,0.15918888711480123,0.46523703743320177,0.23758129237581294,0.5233893590990571,0.13338868133388682,0.16000321753178764,517577916.4941957,240796416.5106087,2386315962.37196,5
2022-05-01,88052,70784,57611,13173,1730,11443,1800,0.1573014069736957,0.3858109703149239,0.23935322250056934,0.4729681176422025,0.13132923403932287,0.19916774730826597,286607497.82269716,110576316.83450723,1885996588.1993427,5
2022-05-02,83659,67264,54774,12490,1619,10871,1527,0.14046545855947015,0.42320842910356626,0.2232185748598879,0.5144893797683618,0.12962369895916734,0.32031875525501524,201737524.58839682,85377020.8722975,1896947710.2489772,5
2022-05-03,82298,66970,54975,11995,1420,10575,1546,0.14619385342789598,0.4287818572662578,0.22225927469779075,0.49769996350297,0.11838265944143393,0.16493198297574732,240879939.12472534,103284947.67608285,1669316762.824294,5
2022-05-04,100300,79799,64180,15619,2033,13586,2216,0.1631090828794347,0.45358372841554184,0.24348549843139766,0.504070117171358,0.13016198220116526,0.3127326484057547,304774931.48903,138240949.75238556,2065598571.8522959,5
2022-05-05,93791,74337,59535,14802,1774,13028,1951,0.14975437519189438,0.4380589218742615,0.22415889744629106,0.5164189486748159,0.11984866909877044,0.1992741965517356,354160217.7027361,155143043.1376143,2198354532.698148,5
2022-05-06,90711,72117,57999,14118,2026,12092,2003,0.16564670856764804,0.5306201882350825,0.25067289984417057,0.5614820042077342,0.14350474571469046,0.19218052566410315,391219245.8334602,207588829.86533767,2447047316.4393196,5
2022-05-07,79470,63835,52077,11758,1793,9965,1780,0.17862518815855494,0.5850002327529582,0.26832794692975,0.6320124807583481,0.15249192039462495,0.2446422975153735,220758960.3605372,129144043.19321534,2290939959.2467995,5
2022-05-08,98051,76573,60821,15752,2855,12897,2487,0.19283554314956966,0.6072685210389995,0.29501015744032505,0.6689014318808306,0.18124682579989843,0.33575539113317987,348967939.4033182,211917244.45148027,3839490492.33314,5
2022-05-09,130500,98488,75992,22496,4771,17725,4316,0.24349788434414668,0.6371014346896754,0.36237553342816503,0.6862232834561423,0.2120821479374111,0.24997558001111855,859630528.014492,547671842.701076,6135878635.300211,5
2022-05-10,135403,101735,78443,23292,5433,17859,5149,0.2883140153424044,0.6266061522146867,0.4071784303623562,0.6693691172161857,0.23325605358062854,0.2963193785018873,690226828.9234651,432500377.42707735,5071832839.790323,5
2022-05-11,162636,118030,87289,30741,8607,22134,7833,0.3538899430740038,0.6909517194033008,0.4879802218535506,0.6971982925945592,0.27998438567385575,0.30053200737554975,1319705745.2822976,911852953.809218,8984326204.823929,5
2022-05-12,149190,107747,79891,27856,8411,19445,7226,0.3716122396502957,0.7005275166259868,0.5132825962090752,0.7705716440099684,0.30194572085008614,0.4214355805247385,1385080360.425547,970286905.216335,8965559855.121498,5
2022-05-13,137352,104506,81224,23282,5914,17368,5727,0.32974435743896824,0.5602964088757335,0.45167940898548237,0.6851369087328276,0.25401597800876213,0.41517792289225186,532540218.92715514,298380372.24678195,4001849316.5378513,5
2022-05-14,141857,103714,77116,26598,6692,19906,5627,0.2826785893700392,0.7731274688532181,0.41097074968042707,0.7987918206278741,0.2515978645010903,0.27252950057279435,559462818.1343641,432536072.5017092,2384640956.5960226,5
2022-05-15,125434,94185,72361,21824,5392,16432,4383,0.2667356377799416,0.763989559323321,0.4043255131964809,0.780737627207173,0.2470674486803519,0.24500184755550225,320525896.8806452,244878438.70955637,1918830061.5387216,5
2022-05-16,117710,89295,69883,19412,4728,14684,3974,0.27063470444020704,0.48221345163868945,0.3967133731712343,0.5452862541366923,0.24356068411291984,0.24826067822356482,295548540.3036597,142517481.74660406,2305591646.3776817,5
2022-05-17,97214,75238,59574,15664,3006,12658,2668,0.21077579396429136,0.6097888131266634,0.32143769152196117,0.6371816458424432,0.1919050051072523,0.21253075277127012,332042576.8211653,202475848.82729736,1698090804.2593374,5
2022-05-18,106009,81414,64111,17303,3504,13799,3014,0.21842162475541707,0.5608193462185629,0.3335259781540773,0.5693886075443798,0.2025082355660868,0.1938776531724361,328084061.9948652,183995889.15269074,1822199989.8608289,5
2022-05-19,119610,92197,72575,19622,4394,15228,3265,0.21440767008142894,0.569159984853609,0.3489450616654775,0.6120520965585251,0.22393232086433595,0.27231867894703216,358805197.1500063,204217560.57529375,2210025643.827025,5
2022-05-20,101447,80113,64148,15965,2954,13011,2221,0.17070171393436323,0.7185979229601398,0.2831193235202004,0.7364628754696944,0.18502975258377702,0.13745456215763788,499743884.91500884,359114917.7119565,2043976352.3575416,5
2022-05-21,87276,69534,56238,13296,2838,10458,2041,0.1951615987760566,0.6980523529674588,0.3319043321299639,0.7739921197445351,0.2134476534296029,0.3152156923637339,128328194.73305303,89579798.28547393,1220858860.5938525,5
2022-05-22,88808,69360,54974,14386,2723,11663,2224,0.1906885021006602,0.510055141081923,0.3096065619352148,0.634130024596956,0.1892812456554984,0.28835634185475173,106998678.4929248,54575226.05428807,936273799.7418886,5
2022-05-23,113512,86604,66729,19875,3674,16201,2776,0.17134744768841428,0.45397626582375955,0.2842767295597484,0.5062931798046668,0.1848553459119497,0.1744189031662344,214373989.80180842,97320703.3799657,1581501817.7943761,5
2022-05-24,94549,72517,55761,16756,3046,13710,2247,0.1638949671772429,0.3989493278493872,0.28354022439723087,0.5166814705076401,0.18178562902840772,0.23051873161551417,142529483.7399819,56862041.73678593,1232431728.2007864,5
2022-05-25,89044,70298,56094,14204,2444,11760,1997,0.16981292517006802,0.484279661642038,0.2775274570543509,0.5312589328691988,0.172064207265559,0.2834134343004637,128023770.26533686,61999308.14623534,1428678258.639019,5
2022-05-26,98504,75184,58515,16669,3281,13388,2688,0.20077681505826112,0.5140165026097041,0.3117163597096407,0.5799557230007816,0.1968324434579159,0.23925345675841958,338647784.88723683,174070550.0042609,2425364755.926257,5
2022-05-27,102443,78101,61072,17029,3716,13313,2757,0.20709081349057312,0.46876516145812347,0.32297844852898,0.5469995138003355,0.21821598449703447,0.25430190995769486,251929398.4282433,118095725.13026339,2105708794.528812,5
2022-05-28,81852,61426,47224,14202,2937,11265,2481,0.22023968042609854,0.6509913244821085,0.3318546683565695,0.6777323932996218,0.20680185889311364,0.39430158629892914,174378447.98939922,113518856.81775346,1196278719.1658535,5
2022-05-29,72377,56124,44371,11753,2195,9558,2123,0.22211759782381252,0.5402478543129107,0.32604441419212116,0.6877453238353597,0.18676082702288777,0.3709407018597002,96568324.10548887,52170829.892584085,726773210.3507231,5
2022-05-30,92866,71544,56129,15415,2846,12569,2448,0.19476489776434083,0.689669526226928,0.3009406422315926,0.667687895481416,0.18462536490431397,0.2533246097047601,301158416.5775404,207699782.4802841,1835941695.801331,5
2022-05-31,81530,64389,51447,12942,2018,10924,1899,0.1738374221896741,0.4594784985714253,0.2705146036161335,0.5174343755177282,0.1559264410446608,0.15345666784557066,191912976.19966897,88179886.16059758,1327251554.9086282,5
2022-06-01,82578,62908,48717,14191,2625,11566,2063,0.1783676292581705,0.5666855783160203,0.2841942075963639,0.6347575547845354,0.18497639348883094,0.26826258337840625,194883429.63778073,110437629.02849522,1583605727.2924895,5
2022-06-02,60862,47645,37739,9906,1521,8385,1283,0.1530113297555158,0.3791646296443519,0.24813244498283868,0.45042420907571384,0.15354330708661418,0.170397447412188,149352484.3100237,56629179.39987401,1338564270.2269957,5
2022-06-03,68548,53744,42598,11146,1642,9504,1471,0.15477693602693604,0.5507191266419327,0.24107303068365332,0.618965700514538,0.14731742329086667,0.22110051679555753,145641409.79679137,80207510.00618877,1093400800.4961357,5
2022-06-04,65797,51037,39390,11647,1465,10182,1342,0.1318012178353958,0.40860886637129534,0.21267279127672362,0.5139695096040688,0.12578346355284623,0.25280964769314573,126467653.8993051,51675804.69243239,846229675.2878087,5
2022-06-05,64537,50833,40124,10709,1627,9082,1367,0.15051750715701387,0.5537465169486658,0.2493229993463442,0.659205584118277,0.15192828462041275,0.4919024791645706,119801516.56560132,66339672.523369625,929510688.223238,5
2022-06-06,82689,64736,50949,13787,1956,11831,1896,0.16025695207505705,0.4651537409947049,0.252121563791978,0.6387789432389372,0.14187277870457676,0.35266370888288023,126992087.88076861,59070844.754467845,1271524868.790614,5
2022-06-07,84579,65634,51928,13706,2695,11011,2127,0.19317046589773862,0.5734647839969211,0.30855099956223553,0.6606848150666815,0.19662921348314608,0.34754716607753916,235882345.64606917,135270218.39461014,2013389439.188672,5
2022-06-08,72118,58037,47206,10831,1966,8865,1456,0.16424139875916527,0.4403495170618414,0.2836303203766965,0.5450740072674461,0.18151601883482596,0.27967337856384683,128889907.83046566,56756608.6672908,1712408995.3435764,5
2022-06-09,69798,56193,45239,10954,1740,9214,1286,0.1395702192316041,0.4738899903644863,0.24529852108818698,0.5517353779254328,0.15884608362242103,0.2735295470069233,154749855.83789983,73334407.691928,1082774030.4473348,5
2022-06-10,82648,63773,49578,14195,2279,11916,1973,0.1655756965424639,0.4866110657569371,0.26615005283550547,0.5437601829492058,0.16054948925678056,0.2685198365716463,202987195.48795733,98775815.53140664,2022957381.6783476,5
2022-06-11,96499,73209,57050,16159,3286,12873,2717,0.21106191253010176,0.5389064071156074,0.32613404294820225,0.6164401868771762,0.20335416795593786,0.2894493693721801,243064608.88428646,130989075.07079118,2018364012.7986116,5
2022-06-12,109304,80899,61606,19293,4658,14635,3371,0.2303382302699009,0.5550445167627853,0.36552117348261026,0.6073238650480509,0.24143471725496293,0.25785709407516927,242940172.88959762,134842610.86377424,2068809543.9208336,5
2022-06-13,147529,108260,82659,25601,6832,18769,4862,0.25904416857584317,0.629204784010786,0.3890473028397328,0.6738919457246948,0.26686457560251553,0.30587956704422464,791573318.0019,498061718.5820867,5286481382.903196,5
2022-06-14,130030,96928,75122,21806,6152,15654,3710,0.2370001277628721,0.6897708216625571,0.3792534164908741,0.711914259436668,0.28212418600385214,0.2529150474229258,614967608.857722,424186712.85764897,3807638845.4626493,5
2022-06-15,135412,100248,77633,22615,6475,16140,3962,0.24547707558859974,0.6069602956488278,0.3827548087552509,0.6324319848254045,0.2863143931019235,0.24396626205495098,583506820.3980032,354165472.2218795,3975227306.7351937,5
2022-06-16,109680,82234,63743,18491,4943,13548,3004,0.22173014467080013,0.5805173086012925,0.35876913092855983,0.6208296715818329,0.2673192363852685,0.23369294264353296,348055356.54519933,202052158.82588238,2402364321.3895845,5
2022-06-17,86438,66607,53416,13191,3250,9941,2159,0.21718137008349261,0.7070253852123786,0.33765446137518007,0.730915821206225,0.24638010764915472,0.25576857219553045,307955921.9739581,217732654.36207092,1858290084.667406,5
2022-06-18,114492,84303,64691,19612,5087,14525,3880,0.26712564543889844,0.5739666506656426,0.39429940852539264,0.6204961504949096,0.2593820110136651,0.2635543988421235,368551147.7694479,211536067.88420832,2600216051.7074785,5
2022-06-19,119088,88185,68652,19533,5844,13689,3768,0.2752575060267368,0.6949955213085007,0.41621870680387035,0.7279446640310707,0.299185992935033,0.2877269066457996,306812842.6210364,213233551.5015502,2452188094.730205,5
2022-06-20,115408,86567,67760,18807,5730,13077,3184,0.24348092070046648,0.5005038200334131,0.3981496251395757,0.5829037042414672,0.30467379167331315,0.23066289724531427,278123079.48255366,139201663.7204747,2184969481.6081576,5
2022-06-21,101799,77574,60575,16999,3857,13142,2717,0.20674174402678436,0.5442772111273263,0.32801929525266194,0.6416843277881371,0.22689569974704393,0.27087592143189915,198890878.71405542,108251772.7851494,1791086444.5442777,5
2022-06-22,93565,71201,56115,15086,3654,11432,2375,0.20775017494751574,0.4728644347943639,0.3275884926421848,0.5761784667320612,0.2422113217552698,0.2887997179453369,132104456.98627242,62467499.386630066,1464750376.7466896,5
2022-06-23,81983,63507,50279,13228,2731,10497,2022,0.1926264647042012,0.5311273307383617,0.3029936498336861,0.5863923345703765,0.20645600241911097,0.18067948615184848,240864404.25403905,127929668.10133347,1535305951.5772343,5
2022-06-24,91109,69622,54423,15199,3768,11431,2419,0.21161753127460414,0.4156987411250332,0.34574643068622934,0.46995893714575576,0.24791104677939338,0.16933955519076113,347283885.97120994,144365474.21124154,1716457848.1964254,5
2022-06-25,78906,61015,48035,12980,3146,9834,2048,0.20825706731747,0.4987363511298542,0.3420647149460709,0.5593136400038244,0.2423728813559322,0.21241875248027908,82639442.98008066,41215294.25128908,955590793.7653795,5
2022-06-26,78988,60832,47684,13148,3117,10031,2100,0.209351011863224,0.5857671745356462,0.3427897779129906,0.6293497856018672,0.23707027684818985,0.2248508450251318,107752924.89088908,63118126.361287795,971067066.8734041,5
2022-06-27,73395,56194,43592,12602,2479,10123,2080,0.2054726859626593,0.5021776093886404,0.31709252499603235,0.564803873475526,0.19671480717346454,0.17426129590999734,138167641.27843395,69384695.7920712,935159584.2152561,5
2022-06-28,92387,69905,53645,16260,3483,12777,2539,0.19871644360961102,0.5977287117400962,0.32478474784747846,0.6529127820602896,0.21420664206642068,0.21591207262008588,164156746.8117816,98121200.79525135,1219057821.8150177,5
2022-06-29,92898,70910,55012,15898,3813,12085,2576,0.21315680595779893,0.6535625500611555,0.3577179519436407,0.672647461350739,0.23984148949553402,0.24836089500898068,219794370.58223358,143649369.3268112,1504546347.1555579,5
2022-06-30,101790,78041,61035,17006,4457,12549,2705,0.21555502430472548,0.4766904619097352,0.37081030224626604,0.615313426082379,0.26208397036340114,0.325748720877607,174948230.19443622,83396152.66167648,1551373193.9820433,5
2022-07-01,105884,79980,61561,18419,4865,13554,2699,0.1991294082927549,0.45532287586669357,0.3542537597046528,0.5989463883252572,0.26412943156523155,0.43776271534620237,127468771.42132407,58039447.586751476,1723796376.7911494,5
2022-07-02,93609,70978,54430,16548,3513,13035,2495,0.19140774836977367,0.41526518618397856,0.312484892434131,0.6073294281724394,0.21229151559100798,0.3691288966383328,92725825.32242535,38505807.11658004,858351823.5167987,5
2022-07-03,90011,67469,51192,16277,3725,12552,2397,0.19096558317399617,0.4420925302368742,0.320697917306629,0.6120045079184645,0.22885052528107144,0.3652667777533287,93937295.92736606,41528976.840139285,730629100.8403722,5
2022-07-04,103445,77140,58929,18211,3968,14243,2603,0.18275644176086497,0.4963625778821196,0.309702926802482,0.681236764222834,0.21789028609082423,0.4538347796642595,144424981.02370116,71687155.89150052,1202061055.376389,5
2022-07-05,112111,85700,66710,18990,3676,15314,2774,0.18114143920595532,0.4885499125414381,0.28762506582411795,0.6440017060394958,0.19357556608741444,0.40180397161823855,159964260.3698171,78150525.41342998,1442300386.2823534,5
2022-07-06,110663,86350,68075,18275,2780,15495,2284,0.1474023878670539,0.4486052895047168,0.2349110807113543,0.6147602623135522,0.1521203830369357,0.3735417563988214,127697884.08692555,57285946.259955004,1515944622.037035,5
2022-07-07,111543,86568,67444,19124,2830,16294,2328,0.14287467779550755,0.4663848035967597,0.22903158335076343,0.6102363338371173,0.1479815938088266,0.35125739425028635,164190675.71395737,76576036.04527327,1169166227.023771,5
2022-07-08,108803,83127,64107,19020,3239,15781,2513,0.15924212660794626,0.41494466285539355,0.25299684542586753,0.49389257517211455,0.1702944269190326,0.209037036992109,158804078.72321078,65894904.905864075,1428359141.1329951,5
2022-07-09,94980,72363,56087,16276,2864,13412,2234,0.1665672532060841,0.4507635136668526,0.2680019660850332,0.5875931324597977,0.1759646104694028,0.29033770286146543,67509321.31936614,30430738.88318204,691311133.4156022,5
2022-07-10,98720,75094,58062,17032,3212,13820,2663,0.1926917510853835,0.34968804382413393,0.29520901831845936,0.5837630741288774,0.1885861906998591,0.3938184967118143,129283555.91808793,45208913.7676242,796875832.4735379,5
2022-07-11,108821,82930,64373,18557,3484,15073,2580,0.17116698732833543,0.3677680519049978,0.27429002532736974,0.43622628835013033,0.18774586409441182,0.21680860618017286,133979069.05459675,49273221.222254224,927391633.4834578,5
2022-07-12,110340,84731,66228,18503,3102,15401,2583,0.16771638205311343,0.5102580201509168,0.2587148030049181,0.6414845318548625,0.16764848943414581,0.3058518104853744,203423939.2253759,103798696.48044074,1153414965.0216606,5
2022-07-13,108938,83206,64776,18430,3646,14784,2925,0.19784902597402598,0.4995855131656288,0.3003798155181769,0.6013759034402298,0.1978296256104178,0.30782794413718073,158541926.4745208,79205249.69604087,1357599336.6186824,5
2022-07-14,106078,80893,62902,17991,3599,14392,2905,0.20184824902723736,0.47454548559200865,0.3069868267467067,0.5889984045198232,0.20004446667778333,0.33049125236145777,163688708.77069864,77677737.78952007,1248918251.3551068,5
2022-07-15,106272,82257,65254,17003,3276,13727,2550,0.18576528010490276,0.4966033633422244,0.2868905487266953,0.5648173617418789,0.19267188143268835,0.24024055663346627,193488846.0357613,96087211.71056488,1578261948.5999255,5
2022-07-16,121355,93691,74468,19223,4280,14943,3015,0.2017667135113431,0.5351943492471283,0.32263434427508714,0.6817618813513241,0.22264995058003434,0.4447078869011256,158589727.07602367,84876325.77973217,1436340227.7061877,5
2022-07-17,105134,80621,63253,17368,3464,13904,2683,0.19296605293440736,0.4169373694535846,0.3002072777521879,0.46641927590393883,0.19944725932749885,0.17507505573820073,153680958.77083987,64075334.68501877,1440294665.7017667,5
2022-07-18,136187,103175,79692,23483,4341,19142,3553,0.18561278863232683,0.3992004377335133,0.28326874760465015,0.5349287252810281,0.1848571306902866,0.29725089507301544,221571058.33415493,88451263.47607246,2052998100.4446805,5
2022-07-19,134180,103283,80428,22855,3368,19487,3108,0.1594909426797352,0.3954776315287076,0.23697221614526362,0.4770576126088925,0.14736381535768978,0.2296937209686682,245386744.2819378,97044968.43716139,2558808442.9071803,5
2022-07-20,134650,101440,77134,24306,3861,20445,3479,0.17016385424309122,0.38128861879031783,0.26042952357442606,0.5108420392557151,0.15884966674895087,0.25659913950800833,242399060.6754979,92424003.04103103,1917242956.634039,5
2022-07-21,127934,97180,74445,22735,3415,19320,3060,0.15838509316770186,0.44538465087645235,0.2423136133714537,0.5470319455660899,0.1502089289641522,0.2365869786402351,197411969.24461567,87924261.0008461,1528612926.239324,5
2022-07-22,127786,95662,72003,23659,3428,20231,3013,0.1489298601156641,0.43460547494186275,0.22904602899530835,0.587750475860794,0.14489200726996068,0.3094717901102637,186671069.5715125,81128268.84903269,1429885987.4305308,5
2022-07-23,114877,86321,65621,20700,3707,16993,2844,0.16736303183663861,0.43749193368277567,0.2614492753623188,0.572531134105184,0.17908212560386474,0.3201854478411694,108951764.16444024,47665517.98245071,1099699887.5964866,5
2022-07-24,114447,85475,64747,20728,4003,16725,2895,0.17309417040358743,0.42857331693760325,0.2711790814357391,0.5477910286765354,0.19312041682747974,0.312913152654196,114931732.28404887,49256673.72635944,1166139897.3185809,5
2022-07-25,120758,90914,69429,21485,3775,17710,2973,0.167871259175607,0.43221783787399143,0.25729578775890155,0.4714261463636898,0.17570397952059577,0.17552808195295128,218475112.4876995,94428840.74871054,1526152673.3570476,5
2022-07-26,112946,84966,64524,20442,3208,17234,2553,0.14813740280840199,0.21315734043260562,0.2323647392623031,0.30219431683848885,0.15693180706388807,0.14664911629715394,346787472.96306384,73920295.43215081,1532743771.2123847,5
2022-07-27,133682,99906,75613,24293,3901,20392,3188,0.15633581796783053,0.4037015603164644,0.24171572057794427,0.5281865140802463,0.16058123739348784,0.31021303227442654,242837927.37919575,98034050.1869976,1811141354.539285,5
2022-07-28,147472,109389,82416,26973,4915,22058,4129,0.18718832169734337,0.5289011670950052,0.28713899084269456,0.6022763722449928,0.18221925629333036,0.2476027244175514,363764798.8651627,192395626.66786438,2128892078.152714,5
2022-07-29,152830,114958,87280,27678,4693,22985,3799,0.16528170546008267,0.4223672254939895,0.26273574680251466,0.5262850508697091,0.16955704891971962,0.2661074108553222,189231006.5106585,79924975.19734189,1676552899.8365078,5
2022-07-30,146914,110825,84625,26200,4729,21471,3776,0.17586512039495134,0.4606529913711802,0.27564885496183206,0.5487786102447608,0.18049618320610686,0.24298535059701745,114016401.12938827,52521996.24562912,1159289530.799892,5
2022-07-31,139625,105290,80124,25166,4579,20587,3721,0.18074513042211104,0.4666324123469662,0.28013987125486767,0.6067245899915926,0.18195183978383533,0.3920965245358584,107349432.87562099,50092724.82682974,1016706330.2471483,5
2022-08-01,130297,97946,73658,24288,3623,20665,3165,0.1531575127026373,0.2138933309244626,0.2431241765480896,0.35030228331795266,0.1491683135704875,0.20013891185200802,306706445.7382915,65602463.29496612,1493283488.495469,5
2022-08-02,135453,101601,77186,24415,4459,19956,3420,0.1713770294648226,0.4174261271061132,0.26758140487405285,0.5366686251528847,0.18263362686872825,0.31371813971961404,208585370.4822027,87068983.37137966,1682210938.802142,5
2022-08-03,129531,97336,73536,23800,3624,20176,3186,0.15791038858049167,0.4016863274281962,0.2430672268907563,0.530426092467382,0.15226890756302522,0.2668596784934005,121221167.906697,48692885.74299784,1136112468.994912,5
2022-08-04,121347,91115,68942,22173,3317,18856,2890,0.15326686465846415,0.43957136923480633,0.23880395075091326,0.6169575262755455,0.14959635592838136,0.4238053931756549,127736520.01849575,56149317.005819425,1149970287.6910963,5
2022-08-05,126314,94958,72516,22442,3647,18795,3276,0.17430167597765364,0.4086194186245316,0.25848854825773104,0.45560201922143073,0.16250779787897693,0.18020317011055131,204155283.13253286,83421813.10274222,1363298132.5640526,5
2022-08-06,117344,88519,66899,21620,3299,18321,2798,0.15272092134708803,0.3603109175197284,0.2372340425531915,0.6442729402102655,0.15259019426456985,0.48702979684652536,78126029.01045205,28149661.194928896,1021870721.5007687,5
2022-08-07,113146,85936,65273,20663,2954,17709,2746,0.15506239765091195,0.4141956731937638,0.23810676087692978,0.5932035087578239,0.142960847892368,0.33605393966362035,75580885.38726588,31305275.703559298,1490891631.2321153,5
2022-08-08,142246,106034,79556,26478,3737,22741,3708,0.16305351567653137,0.23295521893527998,0.2446937079839867,0.3390864381430287,0.14113603746506534,0.19115141676275507,335953986.83443606,78262234.55519623,1399812805.801516,5
2022-08-09,133364,99906,74623,25283,3575,21708,3449,0.15888151833425465,0.30537055717627404,0.24158525491436933,0.45393993617716916,0.14139935925325317,0.2337486016217008,338210905.5036782,103279652.65675038,1405869544.1091871,5
2022-08-10,132841,99939,75483,24456,3158,21298,3202,0.15034275518828058,0.43482431108241826,0.22329898593392214,0.5716182144075215,0.12912986588158326,0.35948994859864075,249318725.61074427,108409843.10363835,1735010980.4554913,5
2022-08-11,140635,106385,80353,26032,3114,22918,3456,0.15079849899642203,0.2870208692709452,0.21742470805162875,0.4410376674630048,0.1196220036877689,0.2817975045137056,413818498.10994804,118774545.04791428,1941166665.4105,5
2022-08-12,129311,97860,73714,24146,2874,21272,4221,0.1984298608499436,0.3523743461393707,0.2607057069493912,0.5536000946326008,0.11902592561915017,0.34019769990598564,141729787.30070055,49941941.12855644,1164233225.1450372,5
2022-08-13,148163,110950,83278,27672,4008,23664,5997,0.2534229208924949,0.35548204820304635,0.3295750216825672,0.5952430538882129,0.1448395490026019,0.38566575095611655,205262030.12952775,72966966.88875994,1269261497.6693454,5
2022-08-14,154039,114979,85661,29318,3564,25754,6433,0.24978644094121302,0.3766410828040372,0.30878641107851834,0.5500586373831073,0.12156354458012143,0.30432591201736775,210015752.71712384,79100560.50928244,1112389732.8878472,5
2022-08-15,141937,106258,79620,26638,3794,22844,5186,0.22701803537033793,0.41855845267069847,0.29844582926646146,0.6297618378156034,0.14242811021848487,0.38673801394922896,224641687.2835461,94025677.03473598,1674466534.700294,5
2022-08-16,127619,96432,72942,23490,3164,20326,4954,0.24372724589196104,0.36832060509538633,0.31298424861643254,0.5387071487244074,0.13469561515538528,0.2820984731312089,270956593.8234973,99798896.59165534,1401639228.1710043,5
2022-08-17,136579,102072,76785,25287,3749,21538,5093,0.23646578140960164,0.3986451053129897,0.31174121089888085,0.5312896735854243,0.14825799818088345,0.2622331198103671,224013269.85944873,89301793.55462712,1541419908.5243313,5
2022-08-18,119713,91318,69459,21859,2684,19175,4753,0.2478748370273794,0.5127863646670642,0.3110389313326319,0.6663956044822583,0.12278695274257743,0.3596950960350268,138361406.6508528,70949842.72671217,1071173082.278719,5
2022-08-19,149065,109907,82258,27649,4703,22946,6526,0.28440686829948575,0.393976866865641,0.3670657166624471,0.5286420034065743,0.17009656768780065,0.2856234847516801,331604879.99902564,130644651.65937299,2042858546.2233949,5
2022-08-20,128024,94738,71207,23531,3949,19582,5282,0.2697375140435093,0.443950361062397,0.3404020228634567,0.5655174255147344,0.1678211720708852,0.25539660677175124,217552176.5765292,96582367.34106049,1454903107.802224,5
2022-08-21,131428,96077,71463,24614,5035,19579,5316,0.27151539915215284,0.685868570090622,0.35049159015194603,0.7219903673447522,0.20455838140895424,0.20481468092616542,202977361.47552535,139215792.67598587,1296556710.0963888,5
2022-08-22,136006,102042,77215,24827,4155,20672,5456,0.26393188854489164,0.41594362963686393,0.334514842711564,0.534816712923741,0.1673581181777903,0.2556563689057159,142935604.2705543,59453154.044632785,1388255532.8008862,5
2022-08-23,137849,103824,79128,24696,3526,21170,5117,0.24170996693434105,0.5735792662721383,0.31158892128279886,0.6358705857261123,0.14277615808228053,0.1823442557103814,217010544.27343076,124472748.7576718,1714579563.4631908,5
2022-08-24,132964,102589,80108,22481,2991,19490,4682,0.24022575679835814,0.5121275428124328,0.3056803522974957,0.5810792392475189,0.13304568302121791,0.2407258915258928,158653455.67924976,81250804.4157154,1188896229.592679,5
2022-08-25,137508,106328,82583,23745,2728,21017,4654,0.22143978683922538,0.5239739170525901,0.28372288902926934,0.7202649109008253,0.11488734470414824,0.4319239843460171,140524768.82245368,73631313.56281075,1201740226.8601732,5
2022-08-26,153741,113423,84993,28430,4505,23925,5391,0.22532915360501568,0.43802108211498403,0.3029546253957088,0.585304281426393,0.158459373900809,0.3475863402081695,218783384.84706378,95831734.97948988,1623130639.1226552,5
2022-08-27,131859,95366,71080,24286,4049,20237,4563,0.22547808469634828,0.3408538230138453,0.3071728567899201,0.5461292713150675,0.16672156798155316,0.35417909708389234,134323674.2195498,45784737.878999844,1052344755.3057146,5
2022-08-28,121266,88543,66111,22432,3619,18813,4051,0.21532982512092702,0.646645463868582,0.29805634807417974,0.7323314208393825,0.16133202567760344,0.2863874471459143,176906943.7749213,114396072.71890715,1027285178.2651014,5
2022-08-29,132749,98139,73762,24377,4264,20113,4923,0.24476706607666684,0.4357450470954373,0.33728514583418795,0.6059793062501886,0.17491898100668662,0.34514639405427067,202685747.60634798,88319310.63630202,1254421167.1719532,5
2022-08-30,139313,104106,78729,25377,3781,21596,4910,0.2273569179477681,0.31841405777135245,0.3060645466367183,0.49458646707908266,0.14899318280332585,0.2886113379211798,238201867.5252032,75846823.20741409,1504953375.7647789,5
2022-08-31,123786,92196,68732,23464,2817,20647,4722,0.22870150627209765,0.3754593040215667,0.2850750085236959,0.45697431741501765,0.12005625639277191,0.1717269868488896,199876973.54195768,75045669.37600052,1592512119.9359465,5
2022-09-01,123364,93427,70897,22530,2785,19745,4392,0.22243605976196507,0.32265963592560065,0.2840213049267643,0.4262315592404097,0.12361296049711495,0.20147278047694883,139446548.75071472,44993772.65098713,1282402345.396978,5
2022-09-02,123065,91965,69179,22786,3260,19526,4704,0.24090955648878418,0.5020337350819014,0.30931273589045905,0.5875929130905583,0.1430703063284473,0.26344493255069035,210793909.48154372,105825653.70953563,1285231276.1194582,5
2022-09-03,108581,80798,60068,20730,2516,18214,4820,0.2646316020643461,0.5755346055310615,0.3181379643029426,0.6558467076715591,0.12136999517607332,0.3205610718744523,116739073.50146157,67187376.61772528,757960572.2293667,5
2022-09-04,110410,82246,61144,21102,2500,18602,4418,0.23750134394151168,0.701472575591169,0.29764951189460714,0.736012004197268,0.11847218273149465,0.1724698010492529,182220082.6910225,127822390.72970735,777249108.1761737,5
2022-09-05,122145,91109,68125,22984,3103,19881,4899,0.24641617624867965,0.49339577087395764,0.31426209537069266,0.5394801214737985,0.13500696136442744,0.33360542248474784,133214634.16272768,65727537.11441128,961561764.1378002,5
2022-09-06,154862,113397,83441,29956,4063,25893,6063,0.23415594948441665,0.25015929695170913,0.302009614100681,0.4325881993841283,0.13563226064895179,0.28382959050744744,292231313.50964266,73104379.93484671,1625867456.2361186,5
2022-09-07,138720,103357,77783,25574,3551,22023,4813,0.21854424919402443,0.36369934227656037,0.2928364745444592,0.5058565577642434,0.13885195902088057,0.27347510026844346,256281278.09492958,93209332.28092214,1515886391.6396565,5
2022-09-08,136083,102831,77475,25356,3352,22004,4878,0.2216869660061807,0.316871975629098,0.2918441394541726,0.4570535274583878,0.13219750749329548,0.24538811003660427,174842226.08900815,55402601.60421344,1118011834.9512033,5
2022-09-09,126416,94680,71078,23602,3120,20482,4632,0.2261497900595645,0.4153195723465321,0.2982798067960342,0.5717030543985687,0.1321921871027879,0.3671671263048303,171132103.72383073,71074512.13334376,1273479089.3272173,5
2022-09-10,121516,91418,68903,22515,3221,19294,4705,0.24385819425728206,0.4567895646517923,0.319831223628692,0.6532959575126639,0.14306018210082166,0.39886433499217266,98869984.75003073,45162777.29109588,927535077.1335845,5
2022-09-11,133305,100338,75543,24795,3230,21565,5499,0.2549965221423603,0.4556149975101445,0.3232909860859044,0.5655976075715243,0.13026819923371646,0.26656188392877717,116525063.15793093,53090566.36057013,843444492.0938842,5
2022-09-12,134211,102141,78420,23721,3279,20442,4385,0.21450934350846296,0.4027340953817923,0.28915307111841826,0.5241028490588154,0.1382319463766283,0.30051259104058686,173797333.42410463,69994111.85632451,1230113833.7036335,5
2022-09-13,155089,115298,86502,28796,3820,24976,5272,0.2110826393337604,0.2221729551995207,0.2772260036116127,0.32730025325887335,0.13265731351576607,0.20420260639830387,463750301.08638906,103032774.86703056,2017515613.9314926,5
2022-09-14,134367,100965,76950,24015,3668,20347,4330,0.21280778493143954,0.2561299927721326,0.29052675411201334,0.3196586852403455,0.15273787216323131,0.10492860068363331,408326920.1943182,104584771.11803788,1553734294.974879,5
2022-09-15,140633,104589,79373,25216,4548,20668,5040,0.2438552351461196,0.4169629001726455,0.327688769035533,0.4598703409006664,0.18036167512690354,0.18817987849632503,261031478.6437512,108840442.37165247,1643647015.0144556,5
2022-09-16,130635,95010,70359,24651,4578,20073,5017,0.2499377272953719,0.41018760285571515,0.3419333901261612,0.4530081077487857,0.1857125471583303,0.15043934595527855,141504203.64065272,58043270.0853663,1415829524.4217396,5
2022-09-17,128341,93775,69998,23777,4944,18833,5347,0.2839165294960973,0.339964951238944,0.3888631871135972,0.3865274909275854,0.2079320351600286,0.1165372396479728,88244993.02871059,30000204.75208655,571776824.5642533,5
2022-09-18,142340,104675,78217,26458,5911,20547,6524,0.3175159390665304,0.5569913624958335,0.4251266157683876,0.5821350276862014,0.22341068863859703,0.1509022778020499,128829969.27962145,71757180.11935273,711596982.5299902,5
2022-09-19,154203,111930,82366,29564,5595,23969,6304,0.26300638324502484,0.2423420190198478,0.3534027871735895,0.32216772311408703,0.18925043972398864,0.14670620196902578,299661608.52536416,72620599.232772,1127176564.8960323,5
2022-09-20,145191,107318,79923,27395,4278,23117,6065,0.2623610330060129,0.42427864583941144,0.33863843767110785,0.5101845732961083,0.1561598831903632,0.20081154252011477,166869169.8886495,70799025.4327029,1020068808.3639338,5
2022-09-21,157238,116349,87215,29134,5271,23863,5909,0.24762184134434062,0.38075031006885784,0.32934028969588797,0.47000294391000685,0.18092263334935127,0.26777454409177615,166932094.87815344,63559446.88530092,1260124494.7817209,5
2022-09-22,149071,109270,82369,26901,4648,22253,5826,0.26180739675549364,0.48350761122807984,0.33504330694026246,0.5426754539943952,0.1727816809784023,0.2003049007697321,162798207.62841377,78714172.4826273,984680078.5174783,5
2022-09-23,166613,121164,90664,30500,5430,25070,7566,0.30179497407259676,0.42833196504789406,0.3714754098360656,0.538900259503636,0.1780327868852459,0.257436633529583,120544112.83396706,51632896.725128174,1062213153.154915,5
2022-09-24,148454,110579,82738,27841,3949,23892,6976,0.29198057927339693,0.5863246449544629,0.35903882762831796,0.6727738892927532,0.14184116949822204,0.3419896167457417,101833928.26468533,59707741.83410987,716481177.4341918,5
2022-09-25,156449,118704,89635,29069,3535,25534,6277,0.2458290906242657,0.41987031486195936,0.3090577591248409,0.5445398370216447,0.12160721043035536,0.2632949849413873,80444261.14471331,33776157.25566846,562410777.5916531,5
2022-09-26,176610,131602,98036,33566,4174,29392,6838,0.23264833968426782,0.21166495311882666,0.2918727283560746,0.2775108678867385,0.12435202288029554,0.09863760729336785,234815579.39985967,49702228.60524142,1017322264.8605685,5
2022-09-27,162833,121322,89375,31947,3945,28002,5857,0.2091636311692022,0.28938654246186735,0.27213822894168466,0.549708157664806,0.12348577331204807,0.41855350321731727,160330942.01955542,46397616.96069327,1228050055.8886113,5
2022-09-28,168183,126796,95328,31468,3974,27494,5973,0.2172473994326035,0.43553951629455345,0.2754544298970383,0.6103735548234327,0.1262870217363671,0.3757092278979575,168016749.54867887,73177933.82781473,1204925451.9533894,5
2022-09-29,174416,133128,100677,32451,3413,29038,5748,0.19794751704662855,0.5262738797955582,0.25308927305784107,0.6437543318173351,0.10517395457767095,0.34676330539026445,121362643.08971079,63869989.04106568,1012284126.0386516,5
2022-09-30,163306,124946,94063,30883,2746,28137,5045,0.17930127590006043,0.3408872917262823,0.22614383317682868,0.4596466954845949,0.08891623223132468,0.26064681179189697,179462768.8507054,61176577.239216775,1183440361.5917788,5
2022-10-01,148628,111479,83300,28179,3529,24650,5670,0.23002028397565924,0.1849094964290182,0.2975620142659427,0.24741866619339403,0.12523510415557684,0.08135218668036395,345857707.7112699,63952374.56898548,799677750.9919703,5
2022-10-02,167411,126712,96332,30380,4236,26144,7726,0.2955171358629131,0.29725597429682843,0.35918367346938773,0.46225118372910773,0.13943383805134957,0.29778681662300527,94752078.78013906,28165621.49444008,559926616.6884207,5
2022-10-03,147178,114643,88981,25662,2724,22938,4315,0.1881157903914901,0.13401393912248954,0.2469410022601512,0.19405193092073195,0.10614916997895721,0.07761703756951509,467602433.49513537,62665244.05594504,1258634518.5464544,5
2022-10-04,164494,126246,96929,29317,3122,26195,6284,0.23989310937201755,0.3424303251519132,0.29658559879933144,0.5252403483889513,0.10649111437050175,0.30745342022721583,149315901.0226884,51130292.53755007,828641393.2540739,5
2022-10-05,165318,126434,97225,29209,3442,25767,6160,0.23906547133930997,0.47107719946868637,0.30264644458899653,0.5806574007152201,0.11784039166010477,0.2353870716625014,160791071.23387462,75745007.53642371,773109921.0610579,5
2022-10-06,160677,122186,93324,28862,3695,25167,5790,0.2300631779711527,0.3948132909666733,0.3007068117247592,0.49802438593904946,0.12802300602868824,0.320686615841123,192402493.6112727,75963061.6928609,1097609331.3133183,5
2022-10-07,159706,122992,95213,27779,3613,24166,6372,0.26367623934453366,0.5395823922135226,0.3339213074624717,0.6695005753270423,0.13006227725980057,0.3209612639095188,130351312.22646129,70335272.87932578,792976317.6751326,5
2022-10-08,137016,106561,81526,25035,2024,23011,5255,0.22836904089348573,0.3496825872207974,0.2747353704813261,0.470421063509394,0.08084681445975635,0.19478607641123102,120293437.78529695,42064520.55044667,372285162.3904669,5
2022-10-09,102280,81313,63604,17709,1566,16143,2720,0.16849408412314934,0.514730453734425,0.22271161556270822,0.7072504854962066,0.08842961206166357,0.42322253330851944,69611829.64732173,35831328.65964942,402624155.2160351,5
2022-10-10,124330,97008,74502,22506,1925,20581,3304,0.160536417083718,0.4214650676044752,0.21216564471696436,0.5613392618922514,0.0855327468230694,0.26873471388319287,159966993.03357673,67420499.53338103,678159831.2337843,5
2022-10-11,141801,108591,82064,26527,2407,24120,4109,0.17035655058043117,0.29330056122741816,0.22610924718211634,0.4286448622217557,0.09073773890752818,0.20386842921845502,224916726.98000294,65968202.25266885,838994655.5979986,5
2022-10-12,137293,105062,79672,25390,2427,22963,4245,0.1848626050603144,0.40480435112814,0.23757384797164238,0.5677392359966035,0.09558881449389524,0.28768795234985883,68643652.25467029,27787249.110017493,461402992.5226502,5
2022-10-13,152538,114634,86876,27758,4546,23212,5079,0.21880923660175772,0.3828503762059556,0.30463289862382015,0.4772338277845778,0.16377260609554004,0.22606517387827268,207617491.9854433,79486434.91356394,1084165131.0213902,5
2022-10-14,139753,108188,84656,23532,3055,20477,3803,0.18572056453582067,0.4126750574993714,0.2552269250382458,0.5436782964003258,0.12982321944586095,0.3036326227557057,123452164.4692843,50945629.07078375,999412198.7752842,5
2022-10-15,124978,100390,80809,19581,2131,17450,3276,0.18773638968481376,0.44491735617142186,0.2469741075532404,0.5630086967076431,0.10882998825391961,0.2365173829284029,84230417.60472511,37475574.70990908,500514790.6749035,5
2022-10-16,158870,126258,100111,26147,3400,22747,4389,0.19294852068404625,0.4997979736826853,0.2664550426435155,0.7532912695469991,0.130034038321796,0.5355593612728451,47849275.16979858,23914970.77205056,469877835.36728054,5
2022-10-17,196673,154825,120857,33968,3303,30665,5789,0.18878199902168596,0.556405328392086,0.24361163447951012,0.6382692392098003,0.09723857748469147,0.21679344988866667,251418947.20682594,139890841.8846065,986867799.8171473,5
2022-10-18,198972,158686,126346,32340,3160,29180,4781,0.16384509938313913,0.46667261796591014,0.22161410018552877,0.616724128610389,0.09771181199752628,0.32065300236774213,153710120.12182248,71732304.16510542,893519914.3053963,5
2022-10-19,187856,150282,119938,30344,2386,27958,4514,0.1614564704199156,0.4770691583512098,0.20761929870814658,0.6125352203963379,0.07863168995518059,0.2912667942633565,93756767.39120765,44728462.10905358,708368152.8108708,5
2022-10-20,205381,166797,134670,32127,2630,29497,4790,0.162389395531749,0.4885246942858488,0.21508388582811966,0.5684359166457481,0.08186260777539142,0.17329991329805555,209272391.66664124,102234731.16141433,742654870.8410418,5
2022-10-21,200821,163339,132566,30773,3051,27722,4145,0.1495202366351634,0.5224318531890216,0.20907938777499757,0.6374372037131648,0.09914535469404998,0.25408833922493657,207748516.066822,108534442.24605906,965661993.7211497,5
2022-10-22,149093,120099,96455,23644,2806,20838,3856,0.18504654957289568,0.6363046599602511,0.25850109964473017,0.748274715193463,0.11867704280155641,0.3350896193598602,86675655.05947849,55152123.21945348,434107935.799027,5
2022-10-23,181995,147804,120203,27601,2907,24694,4102,0.16611322588483032,0.5705263680385161,0.22676714611789428,0.6414635000801198,0.1053222709322126,0.22798611433757,134902095.30820554,76965202.47697625,659674294.83219,5
2022-10-24,168312,138450,113853,24597,2186,22411,3347,0.14934630315470082,0.38575891502301085,0.20140667561084685,0.5356994605479578,0.08887262674309875,0.254049000526426,163830510.81918132,63199080.10127303,882487336.9452766,5
2022-10-25,186368,146996,116494,30502,3922,26580,4649,0.17490594431903686,0.35646542052586044,0.248672218215199,0.5511442025753333,0.12858173234541997,0.38791816279281605,264451752.43259978,94267905.13968742,1798751492.8403215,5
2022-10-26,190516,150747,119978,30769,3666,27103,5281,0.19484927867763716,0.317910454747867,0.25415190613929606,0.5384535479047093,0.11914589359420195,0.3832542821148342,222292156.67056546,70669000.61402357,1729292935.8852162,5
2022-10-27,175447,138622,109813,28809,3523,25286,4712,0.18634817685675867,0.3992771629114886,0.24599951404075115,0.5652408870688141,0.12228817383456558,0.35733564063416473,184208929.1741554,73550418.62362012,1390103381.7287865,5
2022-10-28,179148,143590,115421,28169,3135,25034,4165,0.1663737317248542,0.36733702613228425,0.22365011182505593,0.543356797648931,0.11129255564627782,0.31305409510643045,168632883.99447733,61945102.11464178,1291310838.1714623,5
2022-10-29,198921,152521,117841,34680,5307,29373,6145,0.2092057331563,0.35717533751866837,0.27909457900807383,0.5451058839765146,0.15302768166089967,0.34775901673405446,213602595.56840032,76293579.167007,1434200224.9814634,5
2022-10-30,165976,130722,103729,26993,3757,23236,4943,0.21273024616973663,0.5537527305313186,0.28348090245619234,0.6780018544065473,0.13918423294928314,0.3180572453453394,167550038.45430577,92781291.29469925,1011167481.2271461,5
2022-10-31,168559,129765,101541,28224,4103,24121,4991,0.20691513618838356,0.5946438478751972,0.2775297619047619,0.6391051887929503,0.14537273242630386,0.17425610487675433,268143431.77195644,159449842.0513366,1401636587.6227684,5
2022-11-01,175570,136098,105694,30404,3467,26937,5069,0.1881798270037495,0.4429069357694087,0.25101960268385737,0.5726411569204116,0.11403104854624392,0.2690987417477077,151994879.96490476,67319586.53789505,879236601.3968084,5
2022-11-02,178865,138037,106756,31281,4517,26764,5392,0.20146465401285307,0.3255185059343437,0.27665355966880856,0.59457647466796,0.14440075445158404,0.44650603586636234,217290093.029617,70731946.43733549,1866087610.4303558,5
2022-11-03,166324,129424,100525,28899,3605,25294,4802,0.18984739463904482,0.3752557596521668,0.2595591542959964,0.5725133547595079,0.12474480085816118,0.3254539194100433,176301320.8048742,66158086.06631343,949499992.0003697,5
2022-11-04,177512,137417,107682,29735,4696,25039,5572,0.22253284875594073,0.3517890967224255,0.30489322347402054,0.6659841576571037,0.15792836724398857,0.5086984650308939,211700842.30643937,74474048.09035894,1787336989.1779683,5
2022-11-05,147961,116271,91455,24816,3091,21725,4486,0.20649021864211736,0.31066682032137904,0.27744197292069633,0.5284702987137232,0.12455673758865249,0.3290162758666932,147948538.93734014,45962702.162857205,805378193.6361367,5
2022-11-06,153165,117992,91579,26413,3832,22581,5115,0.22651786900491563,0.39568854076397675,0.3034111990307803,0.5274225288256679,0.14508007420588348,0.2564576717429817,147183607.79560733,58238866.99302134,866305069.4070756,5
2022-11-07,159797,121203,93107,28096,3879,24217,4891,0.2019655613824999,0.3118313645829228,0.27555523917995445,0.39923649206691275,0.1380623576309795,0.14425294223101998,290018746.7441731,90436941.55186461,1404474920.0174887,5
2022-11-08,213387,160375,124843,35532,7017,28515,6388,0.2240224443275469,0.45745616630220215,0.3141393673308567,0.584205767762082,0.197483958122256,0.3138316698975631,603950017.9731388,276280659.8601382,4714809774.797066,5
2022-11-09,223212,163876,125145,38731,8190,30541,7491,0.24527684096787924,0.5388484909006892,0.3401409723477318,0.6215249307604912,0.2114585215976866,0.2678100216287356,1089087212.5087152,586853000.9195594,5932779191.133177,5
2022-11-10,215669,159251,122183,37068,8446,28622,7583,0.2649360631681923,0.604510787969609,0.3708859393546995,0.7015214433204575,0.22785151613251323,0.31156259292538996,1257709699.752036,760299081.6341237,6718742442.779976,5
2022-11-11,170721,127576,98883,28693,6053,22640,5702,0.25185512367491164,0.5597436544937967,0.3481685428501725,0.6649378263619765,0.210957376363573,0.31090621115375305,435385236.7906717,243704123.5538576,2982863333.417611,5
2022-11-12,134207,98930,75224,23706,5533,18173,4950,0.2723821053210807,0.7554811075846675,0.3892685396102253,0.7859718600940091,0.23340082679490423,0.3109122606963746,342479384.7292213,258736704.90014756,1948314076.994217,5
2022-11-13,141763,106071,81079,24992,5567,19425,5465,0.2813384813384813,0.6663940136986998,0.3968870038412292,0.7515195382446441,0.2227512804097311,0.2845611103344662,300222169.41494066,200066256.4777533,1342686288.4839065,5
2022-11-14,161994,120742,92409,28333,5474,22859,5885,0.25744783236362045,0.5614022522971783,0.3434510994246991,0.6675787816785124,0.19320227296791728,0.28699820140334215,325978579.68895626,183005108.8380153,1977039175.2062993,5
2022-11-15,151366,115678,89562,26116,4087,22029,4737,0.21503472695083753,0.489715414538177,0.2963700413539593,0.6430106768610001,0.15649410323173532,0.3617692737978169,220463749.06339303,107964496.26322015,1489331558.0023875,5
2022-11-16,149890,115849,90916,24933,3944,20989,4638,0.2209728905617228,0.5519682579863625,0.2961937993823447,0.6636829119185788,0.15818393294027994,0.30632439131566175,212819544.75073797,117469633.38151556,1364099844.3916504,5
2022-11-17,142229,109611,84988,24623,3804,20819,4308,0.20692636533935346,0.4413382905353807,0.28180969012711693,0.5810195564232513,0.15448970474759371,0.3318117222415665,175313977.40712392,77372771.09581843,1077658259.6916723,5
2022-11-18,136265,105881,82631,23250,3482,19768,4169,0.2108963982193444,0.7204864280498656,0.2804731182795699,0.7676209754870792,0.14976344086021506,0.23481916584407891,181632338.65010834,130863634.8923601,851339153.9497645,5
2022-11-19,122168,93939,73011,20928,2993,17935,4345,0.2422637301366044,0.6255625197707759,0.31517584097859325,0.7463502801691785,0.14301414373088686,0.3632857085102419,113868589.80916867,71231921.96376845,599931375.71678,5
2022-11-20,154816,117286,90899,26387,5725,20662,5143,0.24891104442938727,0.6700259385526403,0.3600257702656611,0.780969156799112,0.2169628983969379,0.38199416743876763,254111056.0853517,170260998.85019037,1187396504.5762627,5
2022-11-21,158570,118193,91216,26977,5615,21362,5745,0.2689354929313735,0.5845182351972854,0.35882418356377654,0.6964487076262309,0.20814026763539312,0.3144251435237546,335399502.4496492,196047125.25791657,1883832720.6012223,5
2022-11-22,149092,111585,85220,26365,5783,20582,5683,0.27611505198717323,0.6245809535702473,0.38255262658827993,0.741911805531586,0.21934382704342878,0.3766431717428184,320550843.9054351,200209951.75420415,1751287728.911787,5
2022-11-23,128895,97981,75468,22513,3860,18653,4606,0.24693078861309173,0.7185887904041012,0.3294985119708613,0.8135207376645172,0.17145649180473505,0.3961358310764822,252610941.41033247,181523390.8308921,1524091472.383541,5
2022-11-24,119582,92434,72352,20082,3520,16562,4066,0.24550175099625648,0.6856869295800954,0.33577332934966636,0.784703735814089,0.17528134647943433,0.3422061655956171,257255801.7635771,176396940.82793286,1480179378.3578467,5
2022-11-25,119383,92069,71620,20449,3549,16900,4022,0.23798816568047337,0.5733705969526026,0.32901364369895836,0.6847247795948201,0.17355371900826447,0.31496620251574065,173820908.6831476,99663798.17450017,973759039.9400316,5
2022-11-26,121257,93559,72899,20660,3257,17403,4012,0.23053496523587888,0.5092621648482747,0.31573088092933205,0.6658025637241229,0.15764762826718295,0.3833150479595791,116436239.30527917,59296571.295398235,843058213.4245887,5
2022-11-27,114745,90394,71656,18738,2702,16036,3458,0.2156398104265403,0.4401029733230021,0.29554915145693245,0.6308535584256557,0.14419895399722488,0.38588701936200914,92943490.67857188,40904706.59865821,694438718.1722928,5
2022-11-28,139963,106304,81400,24904,3944,20960,4514,0.21536259541984734,0.45302870343785323,0.2913989720526823,0.5792638892067079,0.1583681336331513,0.27834682909051267,169882677.9620741,76961729.3337088,1093895729.2262325,5
2022-11-29,143246,110882,86508,24374,3560,20814,4902,0.2355145575093687,0.4385129802800389,0.31275129236071225,0.5477219114536278,0.14605727414458028,0.244494759722702,131844039.6277779,57815322.74933644,882739428.9634888,5
2022-11-30,153789,118474,92090,26384,3845,22539,5169,0.22933581791561294,0.5336370258168338,0.30340357792601574,0.6750838519961836,0.14573226197695574,0.3609550351778081,217601214.43274432,116120064.88402078,1345432444.322869,5
2022-12-01,132100,103773,81661,22112,2794,19318,4247,0.21984677502847086,0.4397035643227111,0.28771707670043417,0.5505039776771203,0.12635672937771347,0.27876835406057465,176380388.15926042,77555085.35025012,849275832.8361185,5
2022-12-02,125657,98709,78168,20541,2669,17872,3870,0.2165398388540734,0.38794972435230807,0.28372523246190545,0.5288132244867035,0.12993525144832285,0.2715597171612972,163127402.17924577,63285230.709746495,751802982.5969331,5
2022-12-03,115487,93014,75358,17656,2079,15577,3308,0.21236438338576105,0.33144568654650225,0.2723153602174898,0.5386279489394408,0.11775033982782057,0.3830329991613745,73229403.50152335,24271569.91895324,476005788.9349508,5
2022-12-04,110925,90302,73545,16757,1868,14889,3017,0.20263281617301362,0.568566507571887,0.25965268246106105,0.6680353850627567,0.11147580115772512,0.2932034767863342,83287802.07627708,47354654.74984742,491628706.1581069,5
2022-12-05,142370,112753,89750,23003,2691,20312,4134,0.2035250098463962,0.4211251415946563,0.265008911881059,0.6374654694041396,0.11698474112072338,0.4041985777016957,154412066.73357323,65026803.46709955,793160327.4367447,5
2022-12-06,133907,108444,88147,20297,2335,17962,3351,0.1865605166462532,0.5350243098752477,0.2505789032861999,0.6664568320958542,0.11504163176824161,0.309945546074409,181291900.2978382,96995573.84282312,844044675.0570292,5
2022-12-07,129916,103276,82720,20556,2294,18262,3542,0.19395465994962216,0.47246304111707005,0.2519459038723487,0.6096712633484681,0.11159758707919828,0.2839201380310614,149955204.2118019,70848291.81323919,718796579.0033649,5
2022-12-08,135612,107744,85427,22317,2550,19767,3823,0.19340314665857236,0.4074819406292925,0.25603799793879106,0.5699440663066938,0.11426266971367119,0.31011929219311085,125158691.40225062,50999906.45921183,700578914.6676513,5
2022-12-09,114928,91090,71556,19534,1913,17621,2945,0.1671301288235628,0.27567082853707353,0.22376369407187469,0.4376432184980856,0.0979318112009829,0.2412877865013662,209515587.56852955,57757335.61644833,707858264.3213719,5
2022-12-10,109616,87111,68773,18338,2086,16252,2668,0.16416441053408812,0.3522716120310722,0.22875995201221508,0.6873204515883733,0.11375286290762351,0.5260618035305383,79457843.83563927,27990742.73649384,431807869.8286805,5
2022-12-11,110769,88644,71081,17563,1729,15834,2637,0.16654035619552862,0.5532590676997234,0.2210328531572055,0.6784725704738407,0.09844559585492228,0.3025864609671515,101870458.78827997,56360755.05534688,466366060.2315637,5
2022-12-12,138686,109039,86640,22399,2524,19875,3585,0.18037735849056605,0.4469177241912123,0.24483235858743693,0.5595563398442603,0.11268360194651547,0.21743976997991957,199438893.02161762,89132776.184436,793125817.7565554,5
2022-12-13,150950,116716,91617,25099,2828,22271,4452,0.1999012168290602,0.4057907264462223,0.259850990079286,0.5660334058632305,0.11267381170564564,0.31858753465160866,409481872.38913816,166163946.46334767,1709534775.9787207,5
2022-12-14,130309,102022,80283,21739,2201,19538,3672,0.1879414474357662,0.4559268513423632,0.23855743134458807,0.6494208200482822,0.10124660747964488,0.378226184070062,250885525.22566792,114385447.56351382,1132480295.648317,5
2022-12-15,134342,106213,84146,22067,2292,19775,3548,0.17941845764854614,0.3868762597298195,0.23247382970045768,0.49963562901005715,0.10386550052114016,0.22515757698254638,226673143.31112373,87694457.8654089,836785023.8391432,5
2022-12-16,147455,113705,89226,24479,3271,21208,4489,0.21166540927951716,0.3548143186975798,0.2745618693574084,0.46402165049725275,0.13362473957269497,0.22294796604291614,246204682.63955218,87356946.73090656,1258423074.4018836,5
2022-12-17,129352,103097,82829,20268,2266,18002,3460,0.19220086657038107,0.5630673496275529,0.25384843102427473,0.7278245754900233,0.11180185514110914,0.44518944147623546,132418588.05989645,74560583.42030862,807043487.6194015,5
2022-12-18,109777,86225,67490,18735,2010,16725,2592,0.15497757847533633,0.42115049942028654,0.1973311982919669,0.5173360687733682,0.10728582866293035,0.22308792216773535,82375206.78881696,34692359.47895964,413445957.90689063,5
2022-12-19,134451,105076,81926,23150,4235,18915,3161,0.16711604546656092,0.27916610227733657,0.196414686825054,0.3686937866495172,0.18293736501079913,0.16741948998466502,181435366.1302997,50650603.97785725,769315144.9680018,5
2022-12-20,146450,108831,77670,31161,9882,21279,3804,0.17876779923868602,0.38811777323278324,0.16886492731298738,0.5427727014655025,0.31712717820352365,0.28104045298972435,168430452.99323738,65370852.36032426,857867584.0826511,5
2022-12-21,122249,93968,70998,22970,2197,20773,3321,0.15987098637654648,0.34837311803558685,0.20052242054854158,0.4264709564966386,0.0956464954288202,0.12833932286481853,171545867.08351725,59761968.60200325,674358600.2036673,5
2022-12-22,120234,93152,71554,21598,2205,19393,3402,0.17542412210591452,0.5182576282828649,0.22821557551625152,0.6414411941651174,0.10209278636910825,0.2925142810369686,135829359.13064998,70394601.51423216,664282992.1427143,5
2022-12-23,109400,85135,65471,19664,2193,17471,2874,0.16450117337301814,0.5690541752224763,0.220046786004882,0.7108942725806398,0.11152359641985354,0.3443642337008143,98022865.40259236,55780320.824616,696824200.2904108,5
2022-12-24,85726,66103,50224,15879,1512,14367,2323,0.1616899839910907,0.284777692210475,0.2108445116191196,0.4621090684620642,0.09522010202153788,0.29155933789611405,43589567.187108934,12413336.347998329,240109807.96502197,5
2022-12-25,84209,64615,49023,15592,2448,13144,2220,0.16889835666463784,0.7713772080200062,0.22261416110826066,0.7798249987851726,0.15700359158542843,0.09070946665104397,131101552.45924656,101128749.50310199,521136796.540278,5
2022-12-26,108961,84410,64913,19497,2791,16706,2902,0.17371004429546272,0.7288606294475939,0.2358824434528389,0.7532505317735131,0.1431502282402421,0.09989907538046448,189241672.13850015,137930804.2725824,501492166.9667396,5
2022-12-27,113344,87730,67485,20245,2251,17994,3076,0.1709458708458375,0.6825318325557925,0.22153618177327736,0.7283074483622575,0.11118794764139293,0.20706831615961296,146260407.14055714,99827383.7160008,699611572.800034,5
2022-12-28,119220,91413,70220,21193,2665,18528,3437,0.18550302245250433,0.6720272741473704,0.2485254565186618,0.721120798001207,0.1257490680885198,0.17050203925184426,200825028.21302897,134959896.29057062,941289583.9866804,5
2022-12-29,121133,91949,69616,22333,2504,19829,3682,0.18568762922991577,0.5418150178097247,0.24322751085837102,0.6024018877779079,0.11212107643397663,0.14364230693638375,184134747.1169058,99766971.28853548,717331738.5965126,5
2022-12-30,105386,81430,62603,18827,1888,16939,3117,0.18401322392112876,0.4967316519102661,0.2351410208742763,0.545870120513515,0.10028151059648377,0.11694742131480465,97595070.04091723,48478560.359722935,597541628.6962203,5
2022-12-31,103180,79476,61126,18350,1940,16410,3117,0.189945155393053,0.502424153155005,0.2470299727520436,0.6476498612720272,0.10572207084468666,0.31158833971820926,98406414.27891403,49441759.35910398,550233826.2896687,5
2023-01-01,110830,87545,69417,18128,1709,16419,2749,0.16742797977952373,0.47153100318562946,0.21502647837599295,0.5817502133072289,0.09427405119152692,0.2627199434692951,82260751.59045874,38788494.72025287,354150339.30240846,5
2023-01-02,143582,112882,89137,23745,1839,21906,3010,0.13740527709303388,0.339270660822917,0.17599494630448514,0.5018313806185848,0.07744788376500315,0.2641633330935248,85967565.57582186,29166272.782246538,469006330.1078904,5
2023-01-03,157732,125557,99945,25612,1656,23956,2973,0.12410252128902989,0.5584298526474194,0.16058878650632516,0.6051899698638161,0.06465719194127753,0.1243899630832251,128731400.23057961,71887456.86185855,537916693.4272196,5
2023-01-04,172350,136314,108371,27943,2360,25583,3925,0.153422194425986,0.5141103285612084,0.19571985828293312,0.6171159879489665,0.08445764592205561,0.26257176767728907,146748473.96521196,75444906.16611105,907374890.4913607,5
2023-01-05,154534,120987,94788,26199,1999,24200,3300,0.13636363636363635,0.6343616300930549,0.17630443910072904,0.7081263816050583,0.07630062216115119,0.23336808219123664,145936021.77121988,92576212.66008659,761972620.5725348,5
2023-01-06,147564,114278,89093,25185,1890,23295,3244,0.13925735136295342,0.5997201732371693,0.17839984117530275,0.6699418956839513,0.07504466944609887,0.22168032743481395,170830726.13674057,102450632.67295748,893690642.1899247,5
2023-01-07,123403,96634,76084,20550,1757,18793,2964,0.1577182993667855,0.5503877664703302,0.20116788321167883,0.6145026928132646,0.08549878345498783,0.1751712247896728,93547392.29792978,51487340.30598134,441250728.5464455,5
2023-01-08,129944,101824,80915,20909,1995,18914,3162,0.16717775192978745,0.40046451809446926,0.21890095174326846,0.6424007216253708,0.095413458319384,0.44398974843180455,75535011.67708904,30249092.05052557,625275419.8480362,5
2023-01-09,159960,123385,96698,26687,2393,24294,4116,0.16942454927142506,0.3964705478256558,0.21516093978341513,0.5004189111985792,0.08966912729044103,0.24698673682923747,242748375.50113824,96242581.41872427,1247222540.0994415,5
2023-01-10,151682,116552,90059,26493,2152,24341,3661,0.15040466702271887,0.48712854394719735,0.19306986751217303,0.559866506379783,0.08122900388781942,0.18012671368166328,162274330.23816755,79048458.20892522,855488476.4336241,5
2023-01-11,151854,117102,90456,26646,2247,24399,4004,0.16410508627402762,0.46064874466267963,0.20689784583051865,0.5470522720895536,0.08432785408691736,0.2082036691066525,183766683.4659683,84651892.04942231,1059769499.8555542,5
2023-01-12,164450,125437,95831,29606,2938,26668,4840,0.1814909254537273,0.3315974427403756,0.22735256366952644,0.5123981901928321,0.09923664122137404,0.2912498491180439,265747868.8607865,88121313.7279415,1706778443.8466473,5
2023-01-13,148507,115049,89448,25601,2660,22941,4199,0.18303474129288175,0.37276118417779147,0.22483496738408656,0.49423422864754,0.10390219132065154,0.2199159956357154,292987907.2860085,109214519.2697055,1639185860.6653264,5
2023-01-14,177553,135851,105110,30741,4051,26690,5414,0.20284750843012364,0.49868728721005734,0.26391464168374484,0.6081817197173279,0.13177840668813637,0.26460522392489555,316814938.10380816,157991582.03061032,1973027184.4272256,5
2023-01-15,153262,116262,89322,26940,3989,22951,5388,0.23476101259204393,0.4486418474558117,0.29528582034149964,0.6022869317139061,0.14806978470675575,0.29673669073402525,177735983.75682062,79739800.11203614,1199283468.8305511,5
2023-01-16,164092,126463,98276,28187,3011,25176,5232,0.20781696854146806,0.47047250518089306,0.26026182282612553,0.6146854581348064,0.10682229396530316,0.36181439044175334,206804526.1095397,97295843.48150255,1318317748.174243,5
2023-01-17,149594,114621,87841,26780,2672,24108,4590,0.19039323046291687,0.4079474062800138,0.2380134428678118,0.44715255152531314,0.09977595220313668,0.29864303059005715,191330193.0111459,78052655.98195139,1235820992.929905,5
2023-01-18,165213,124821,94565,30256,3566,26690,5152,0.19303109778943425,0.49567451050880285,0.24798387096774194,0.5664150874315729,0.1178609201480698,0.2675416896358713,307838388.0819311,152587642.3283301,1973523209.7410586,5
2023-01-19,138910,106639,82059,24580,2841,21739,4166,0.19163714982289895,0.510511767228944,0.24104963384865744,0.5860425819627052,0.11558177379983726,0.2780542287824655,154521046.59532577,78884812.57144575,1157385352.6356633,5
2023-01-20,145064,111770,86735,25035,2892,22143,4655,0.21022445016483765,0.3799119635902819,0.25943678849610546,0.57321290379591,0.11551827441581786,0.3869308902808139,167900062.88534504,63787242.577703245,1266744731.9436874,5
2023-01-21,158141,121956,95514,26442,3464,22978,5142,0.22377926712507615,0.5890785189475671,0.27959307162846986,0.6355542680037185,0.13100370622494517,0.2629051484426876,260591675.44188753,153508958.2193722,1480632347.7922475,5
2023-01-22,144231,111048,87278,23770,3223,20547,4710,0.22923054460505182,0.4978238770228923,0.29625578460244006,0.6015599405914047,0.13559108119478333,0.2832348970495873,193241412.26966244,96200189.05746247,1100264817.9828136,5
2023-01-23,150536,116916,91846,25070,3094,21976,4783,0.21764652348016017,0.5441003660931307,0.2818109293976865,0.5941616898243285,0.12341443956920622,0.27921266653812243,222345765.97672597,120978412.66719417,1338679737.6505513,5
2023-01-24,161721,123402,95234,28168,3647,24521,5834,0.23791851882060275,0.5644434674463449,0.30289690428855437,0.6482085260808031,0.12947316103379722,0.2407423566220313,282382255.5300966,159388819.4567275,1508034997.6046724,5
2023-01-25,158194,122354,96165,26189,3102,23087,4853,0.21020487720362108,0.6152004137618745,0.269693382717935,0.6447224976160844,0.11844667608537936,0.2549661646284476,318519562.55397904,195953366.67445916,1756674131.250622,5
2023-01-26,155037,120695,94634,26061,2803,23258,4977,0.21399088485682347,0.5480774094746413,0.2702121944668278,0.6377333661988305,0.10755535090748629,0.27812994931015617,186248163.23118305,102078410.82315695,1225729899.516203,5
2023-01-27,146385,114721,90752,23969,2808,21161,4498,0.21256084306034687,0.5491289485580192,0.2682631732654679,0.5253504499169362,0.11715132045558847,0.21597721910194745,262797669.01229918,144309807.6682222,1423232304.955169,5
2023-01-28,153156,118184,92050,26134,3170,22964,4800,0.20902281832433375,0.5776839679636666,0.2595086860029081,0.6255058115253858,0.12129792607331445,0.30887435267260427,155181636.93857384,89645943.78177243,887505094.1348854,5
2023-01-29,159278,123030,95527,27503,2916,24587,5414,0.22019766543295238,0.511809721336158,0.2653165109260808,0.635476516117623,0.10602479729484056,0.36792602305303723,143828178.04324904,73612659.72460261,983839401.0920074,5
2023-01-30,176427,135394,104807,30587,3168,27419,5724,0.20876034866333565,0.47284371411168286,0.2585085166900971,0.5614459989278425,0.10357341354170073,0.22621857228109357,233518573.1862591,110417789.45945159,1265444200.5077279,5
2023-01-31,153957,120703,94471,26232,2249,23983,4602,0.19188591919276154,0.5394029495205278,0.23520890515401036,0.5480555773466617,0.08573498017688319,0.15346981712269875,221737928.1711372,119606092.47608234,993332652.8326168,5
2023-02-01,187486,144755,111069,33686,3622,30064,5997,0.1994744544970729,0.4111393807911401,0.2526568901027133,0.5713641318842058,0.10752241287181619,0.3436718230202295,215316104.27315545,88524929.78522569,1333304970.390142,5
2023-02-02,214922,164794,126208,38586,3824,34762,7131,0.20513779414302974,0.3859042388441765,0.2528378168247551,0.4818435848487756,0.09910330171564816,0.2638500663333394,357468680.52761096,137948679.0696398,1677308525.1074345,5
2023-02-03,212595,168049,132716,35333,2711,32622,5485,0.16813806633560174,0.4367620483732083,0.20898310361418504,0.5436296631758029,0.07672713893527297,0.28773627278300523,271939852.59606856,118773007.05416724,1348629330.3829072,5
2023-02-04,198789,153876,118600,35276,2924,32352,5824,0.18001978239366964,0.4171352852676373,0.2222757682276902,0.5232085834226445,0.08288921646445176,0.22283769945292345,154672799.30735523,64519482.26221764,876865128.7810009,5
2023-02-05,198742,155897,121762,34135,3013,31122,6531,0.20985155195681512,0.4345481002696042,0.255485571993555,0.570688093468995,0.08826717445437235,0.26291740476622516,208634933.9672491,90661914.20534241,1136237730.8119113,5
2023-02-06,213457,166718,130121,36597,3246,33351,6721,0.20152319270786484,0.4647426587465298,0.24635899117413995,0.6086091551145559,0.08869579473727354,0.323715043299712,249283503.63963372,115852678.26313362,1211926494.1690507,5
2023-02-07,239731,183752,139420,44332,3807,40525,8901,0.2196421961752005,0.4917527914962587,0.2618650184967969,0.5634518739397384,0.08587476315077146,0.35755049270746786,258151692.43903488,126946815.38637903,1688139518.2788646,5
2023-02-08,216282,165882,126276,39606,3624,35982,7901,0.21958201322883664,0.43807339545230645,0.26639903044993185,0.5704234281750113,0.09150128768368429,0.39821941669642524,257707951.26417392,112894997.24535418,1452764020.4127865,5
2023-02-09,196620,150886,115637,35249,3928,31321,6750,0.21551036046103253,0.4844618080739284,0.2728020653068172,0.5713014924847113,0.11143578541235212,0.31707159333092766,336276052.3116275,162912904.314854,1934171180.2734094,5
2023-02-10,177956,136583,105007,31576,3355,28221,6311,0.22362779490450374,0.4033511035603051,0.2740372434760578,0.2893819443182601,0.1062515834811249,0.5131563451921775,343643622.9335706,138609034.54171708,2018071868.538293,5
2023-02-11,148804,115711,89875,25836,2616,23220,5307,0.2285529715762274,0.4130332378637444,0.2786422046756464,0.2720136311577585,0.10125406409660938,0.6524851067399791,165976689.33075142,68553889.40418506,1151729039.7259638,5
2023-02-12,165172,126644,97548,29096,3169,25927,6336,0.2443784471786169,0.38311081687260545,0.2960200714874897,0.464424239313099,0.10891531481990652,0.3640350959051253,166524535.34252015,63797350.76440395,964941866.6508172,5
2023-02-13,166551,127117,98038,29079,3753,25326,6410,0.25309958145779043,0.5072427795067177,0.3155541799924344,0.4984866030798095,0.12906220984215414,0.2799163818021171,388659709.46046805,197144831.30900115,2368284358.500202,5
2023-02-14,162242,125311,96691,28620,3226,25394,5407,0.21292431282980231,0.39652303927875976,0.26474493361285817,0.4176053155181595,0.11271837875611461,0.21810340727648253,313337254.493379,124245440.47097686,1682116970.737,5
2023-02-15,189646,145685,111681,34004,3114,30890,5625,0.18209776626740046,0.33708783656142727,0.22862016233384308,0.3907921127225095,0.09157746147512058,0.1166317874828881,424962584.56685966,143249718.2511953,1668456228.029393,5
2023-02-16,194065,151256,118445,32811,3114,29697,5805,0.1954742903323568,0.42163658554242184,0.24522263874919997,0.5300825405529416,0.09490719575752034,0.21766688033278533,404343910.1697588,170486185.66884884,2150503278.269369,5
2023-02-17,156793,123196,97006,26190,2550,23640,5185,0.219331641285956,0.4016541689029081,0.2695685376097747,0.44819686137499204,0.09736540664375716,0.1603601862083008,301574707.549886,121128738.52308702,1645429407.617165,5
2023-02-18,146117,113277,87537,25740,2326,23414,5606,0.2394294012129495,0.3866402335975321,0.2836052836052836,0.4770594122204883,0.09036519036519036,0.2804015055512725,169929919.54482198,65701743.788019806,891497473.98997,5
2023-02-19,173744,131480,100158,31322,3289,28033,6865,0.2448899511290265,0.34462185019461916,0.29953387395440906,0.4465402326009372,0.10500606602388098,0.20667654463343296,267283445.68997085,92111715.58007076,1189907389.385467,5
2023-02-20,152614,117349,90734,26615,3126,23489,5501,0.23419472944782666,0.34674542915332135,0.29941762164193125,0.5249539507059532,0.11745256434341536,0.2967922630892415,215623745.59102178,74766548.20060542,1163408370.0146258,5
2023-02-21,155072,119307,92417,26890,3460,23430,5130,0.21895006402048656,0.29127063150755045,0.2909631833395314,0.4278827818513446,0.12867236891037562,0.2112453195043354,267803900.3598256,78003411.17799152,1475689887.0448866,5
2023-02-22,154619,119377,92964,26413,3135,23278,5450,0.23412664318240398,0.37306607722181967,0.299170862832696,0.46798460777387185,0.118691553401734,0.2197685516882414,247443402.12195033,92312739.3640573,1441366288.3488526,5
2023-02-23,129188,100017,77356,22661,2231,20430,4259,0.2084679393049437,0.38696533078823625,0.2625656414103526,0.5469649805089648,0.09845108335907506,0.28295538932683795,196452590.1247797,76020341.52184117,1286448058.549994,5
2023-02-24,133320,103480,80512,22968,2278,20690,3985,0.19260512324794588,0.43840251020230936,0.24338209683037268,0.5159342094053206,0.09918146987112504,0.238072587944656,262662811.25566036,115152035.7912769,1357211993.7922513,5
2023-02-25,127137,99014,77306,21708,2350,19358,4279,0.2210455625581155,0.35968841879395214,0.27717892021374607,0.4008787294100484,0.10825502119034458,0.12770419332599203,157603572.81442952,56688179.90189966,754612512.2801915,5
2023-02-26,120966,94675,73974,20701,2211,18490,4243,0.2294753921038399,0.36791796042409874,0.2825950437176948,0.542078488206907,0.10680643447176465,0.3204118363603596,133232912.06123379,49018781.26693244,1157540751.3503437,5
2023-02-27,138229,106581,82623,23958,2356,21602,4593,0.21261920192574763,0.4296773173359029,0.25886968862175475,0.539349898872747,0.09833875949578429,0.26803516100206415,251305433.09489858,107980244.32415326,1149642013.7741303,5
2023-02-28,160850,125867,99047,26820,2822,23998,5093,0.2122260188349029,0.5107370290866312,0.2682326621923937,0.6398952704565544,0.1052199850857569,0.29506599856816573,213096510.9618947,108836278.91740483,1072147417.621944,5
2023-03-01,166659,128453,99438,29015,3019,25996,5582,0.21472534236036314,0.47757930484472,0.2650008616232983,0.5516104041861882,0.10404962950198174,0.22230885131083997,248581903.5838529,118717572.71055368,1298672685.1706402,5
2023-03-02,176809,136521,105587,30934,3514,27420,6416,0.23398978847556529,0.38065483696554847,0.2922350811404927,0.5293646354333961,0.11359668972651452,0.2603683454948211,255542795.26558396,97273601.0695414,1374926300.23461,5
2023-03-03,187525,148395,117627,30768,2957,27811,5086,0.1828772787745856,0.3859740404332496,0.23530941237649505,0.4616180625434682,0.09610634425377015,0.16957850451361747,248694941.8143635,95989791.5274018,1385079349.7049778,5
2023-03-04,162116,129750,103705,26045,2060,23985,3890,0.1621846987700646,0.3647307366072959,0.20084469187943943,0.5394712194904278,0.07909387598387406,0.29028308315384554,119391473.01087558,43545739.895886734,649426378.3283787,5
2023-03-05,156958,127347,102962,24385,1711,22674,3791,0.16719590720649202,0.279912634593684,0.2030346524502768,0.4983271706740101,0.0701660857084273,0.37165508526102936,136749620.59112227,38277946.57934773,829023591.8065785,5
2023-03-06,160395,129558,104094,25464,1691,23773,3694,0.15538636268035166,0.3736523120221031,0.1905827835375432,0.4877568457128766,0.06640747722274584,0.2593123710246333,182389680.09311876,68150325.65576558,968975346.1162398,5
2023-03-07,181579,145032,115397,29635,2232,27403,5151,0.18797211984089332,0.3361315652650876,0.22675889994938417,0.4962308971682291,0.07531634891175974,0.32521347007783014,194772421.1530931,65469158.79266004,1371874383.592137,5
2023-03-08,160436,128532,103304,25228,1948,23280,4183,0.17968213058419244,0.5579209138470865,0.22122245124464882,0.6886426980130106,0.07721579197716823,0.4058859346477449,160330064.81957752,89451496.2813013,1097528420.4237738,5
2023-03-09,158284,123023,95550,27473,2908,24565,4547,0.18510075310400978,0.39887970098427467,0.24471299093655588,0.6055396530142096,0.10584937939067449,0.38979238585019466,196596301.0355688,78418273.77168213,1327577753.0370402,5
2023-03-10,178069,136892,106422,30470,3487,26983,5655,0.20957639995552754,0.46257219600555327,0.26524450278962913,0.5178033366932142,0.11444043321299639,0.1999581083805791,649945356.5779918,300646650.87589407,3726304893.307848,5
2023-03-11,230527,162031,118233,43798,10028,33770,11769,0.348504589872668,0.6446190028712228,0.4346773825288826,0.6628697519716789,0.22896022649436049,0.2581365220460156,3879087048.9063587,2500533225.516691,14669456523.825165,5
2023-03-12,171273,128589,99082,29507,4916,24591,6862,0.27904517913057625,0.6654474366210497,0.35523774019724136,0.6770124314570924,0.1666045345172332,0.18774178783188622,1137777014.2222867,757130797.5605723,4977030767.294556,5
2023-03-13,187745,140872,107981,32891,4434,28457,6903,0.2425765189584285,0.5898751425071516,0.3110273327049953,0.6783091615995271,0.13480891429266365,0.28543481032790063,992414842.0044866,585400846.3536088,5147418455.985635,5
2023-03-14,179873,137280,105843,31437,3340,28097,5899,0.2099512403459444,0.5008720015809401,0.26554696694977253,0.5795305210589083,0.10624423450074753,0.2363249574527052,456831346.62053025,228814030.96674126,3371382009.5414023,5
2023-03-15,177382,137985,109278,28707,2887,25820,5516,0.2136328427575523,0.3961193523710126,0.26606750966663184,0.4599495119106205,0.10056780576166093,0.1625082190790274,472472256.3587986,187155404.20211834,2682772269.3891907,5
2023-03-16,184563,144801,114047,30754,2926,27828,6193,0.22254563748742273,0.5475226857445691,0.2703388177147688,0.4514830813885775,0.09514209533719191,0.4415682068066687,232472564.94430518,127284003.12023473,1623728059.2843075,5
2023-03-17,173225,135671,108067,27604,2613,24991,5679,0.2272418070505382,0.41699803358641957,0.27300391247645267,0.5103005887432649,0.09466019417475728,0.2577453996037628,297730082.93602145,124152859.12384255,2181979922.5503893,5
2023-03-18,168681,130811,102864,27947,2649,25298,5941,0.23484069886947584,0.47861514657252685,0.2830715282499016,0.568584582664575,0.09478656027480588,0.19921938212187537,250424316.70007685,119856871.04273216,1692215421.566744,5
2023-03-19,158832,125014,99558,25456,2491,22965,5177,0.22543000217722622,0.38961389669706287,0.2765556253928347,0.5767251341667261,0.09785512256442488,0.3457528883854609,213798407.93665785,83298830.82382952,1381471985.1662421,5
2023-03-20,178952,141755,114492,27263,2914,24349,5006,0.20559365887716127,0.325602186237007,0.260059421193559,0.5304072747403257,0.10688478890804387,0.32524441141408933,259542440.7675215,84507586.13519388,1918198519.8266344,5
2023-03-21,173181,136549,109842,26707,2652,24055,5173,0.21504884639368116,0.3859026696343737,0.26281499232410976,0.5520028429067503,0.09929980903882878,0.2901947425952198,193992699.25976783,74862300.5339226,1427909012.3603902,5
2023-03-22,178229,140285,112741,27544,2427,25117,4862,0.19357407333678386,0.44496395896068797,0.2366758640720302,0.5959523008634064,0.08811356375254138,0.30554377075221834,311359422.3965503,138543721.24928212,1877083145.0282383,5
2023-03-23,149508,115499,92108,23391,2430,20961,4716,0.22498926577930442,0.3883329344527112,0.2745927920995255,0.2709581064081936,0.10388611004232397,0.5933191732565377,269426539.75237864,104627198.80148125,1672735587.0725074,5
2023-03-24,147753,115320,91811,23509,2138,21371,4293,0.20087969678536335,0.39874854017373657,0.24641626611085116,0.5661776505453985,0.0909438938278957,0.3107263821517814,268774917.1083792,107173605.83228326,1377178160.4232936,5
2023-03-25,123182,97318,77946,19372,1683,17689,3780,0.21369212504946578,0.5965515027783624,0.25810448069378483,0.6566392060254457,0.08687796820152797,0.16096998146065045,174194035.20555824,103915713.47690274,739257902.9520957,5
2023-03-26,143836,114540,92474,22066,1921,20145,4294,0.21315462894018367,0.6811435735586016,0.2568204477476661,0.7084465898081058,0.08705701078582434,0.14933638371192665,184027255.91991952,125348982.72947729,740958926.5944963,5
2023-03-27,142083,114140,92622,21518,1716,19802,3671,0.18538531461468538,0.44252283088213173,0.22957523933451066,0.6105517906703883,0.07974718840040897,0.31859757533303584,197503572.52089253,87399840.02127977,1079063187.2766674,5
2023-03-28,147960,119612,98320,21292,1617,19675,3656,0.18581956797966964,0.39806543162419766,0.22435656584632727,0.4950111083367658,0.07594401653203081,0.19840452649656448,188642268.70220757,75091966.11351213,941434727.4660318,5
2023-03-29,151325,122669,100568,22101,1927,20174,3990,0.19777931991672448,0.4296443147009594,0.24917424550925296,0.5193985920893549,0.08719062485860368,0.17004076248321182,190705783.86630374,81935655.81874734,999088379.6985674,5
2023-03-30,152052,125648,104963,20685,1560,19125,3401,0.17783006535947712,0.531314612237601,0.2222866811699299,0.5921182041157578,0.07541696881798404,0.1508614928274047,196865749.71464333,104597649.47250032,962066244.4675137,5
2023-03-31,141748,115576,95298,20278,1450,18828,3435,0.1824410452517527,0.25135392229186754,0.22309892494328828,0.3913942812775025,0.07150606568695138,0.19589200221884573,233223836.5308422,58621726.08398453,1073780557.8341184,5
2023-04-01,128410,103457,83590,19867,1473,18394,3390,0.18429922800913343,0.31637094399777294,0.22464388181406353,0.5885768493428255,0.07414305129108573,0.4080225723086122,131262963.43053766,41527787.652464345,674038289.3140941,5
2023-04-02,132973,108263,89048,19215,1735,17480,3347,0.19147597254004578,0.46565609753015014,0.23856362217017954,0.5158475775429646,0.09029404111371324,0.10394883583564911,123382222.78894386,57453684.36849515,613829810.9875947,5
2023-04-03,157181,128289,105716,22573,1854,20719,3826,0.1846614218832955,0.3377515148487386,0.22624374252425464,0.3622025448702624,0.08213352234970983,0.07172816686582169,173762857.42487997,58688668.319698595,1012425391.6023924,5
2023-04-04,149464,120885,98685,22200,1647,20553,3971,0.19320780421349681,0.23739435595455746,0.23117117117117117,0.26330018189243454,0.0741891891891892,0.09890095682231177,171208918.3279475,40644030.900139526,937200055.1411302,5
2023-04-05,139143,110867,88316,22551,1695,20856,3959,0.18982546988876103,0.2584367947523877,0.2305884439714425,0.3083430896004751,0.07516296394838366,0.1105111692619824,168425254.96311328,43527283.04802067,918249104.978879,6
2023-04-06,132817,106070,84770,21300,1676,19624,3302,0.168263350998777,0.24451552828828774,0.2115492957746479,0.284469977954364,0.07868544600938968,0.082436669212875,146633572.3821718,35854185.41582562,759855375.1951947,6
2023-04-07,124765,99333,79718,19615,1620,17995,3524,0.19583217560433452,0.37482883945705425,0.2363497323476931,0.42364910882150414,0.0825898547030334,0.0931303372382936,86439002.80093263,32399831.10369864,456077170.8863837,5
2023-04-08,120007,94960,75363,19597,1704,17893,3682,0.20577879617727604,0.3683666643724188,0.2543246415267643,0.39580049752398777,0.08695208450273001,0.05311329149469964,139614539.18047416,51429342.09580363,464969786.60116696,6
2023-04-09,110538,89417,73060,16357,1564,14793,3184,0.21523693638883257,0.3869149752339154,0.26575777954392615,0.45154700014288124,0.09561655560310571,0.1392979380629962,79275096.9659575,30672722.179249685,518520305.8677702,6
2023-04-10,130830,105915,86259,19656,1721,17935,3409,0.1900752718148871,0.21071544996147545,0.23438135938135937,0.23680008227359658,0.08755596255596255,0.04477667729708802,135457832.51658785,28543058.12953899,619018009.6723617,6
2023-04-11,130062,103535,83379,20156,1689,18467,3372,0.18259598202198515,0.30941262259071517,0.2269795594363961,0.34833390195918346,0.0837963881722564,0.09117004671154204,174359988.101341,53949181.19332181,740358382.9077806,6
2023-04-12,135082,108406,87441,20965,1983,18982,3680,0.19386787482878517,0.32947463901727003,0.2444550441211543,0.36531728473016334,0.09458621512043883,0.08643552188012393,156947475.7302258,51710212.9108879,956294913.5778507,6
2023-04-13,125640,99693,79093,20600,1820,18780,3582,0.19073482428115016,0.3232604947574677,0.23907766990291263,0.36044109428804394,0.0883495145631068,0.08966895079901314,239188773.40082625,77320281.22998293,1015163582.7511704,6
2023-04-14,158077,123410,97239,26171,3034,23137,4580,0.1979513333621472,0.3650419937077327,0.2458446371938405,0.4257726758199376,0.11592984601276221,0.19314117057536243,230340697.07120925,84084027.29090314,1349546814.4197598,6
2023-04-15,132563,106633,85939,20694,1739,18955,3882,0.20480084410445792,0.3336122540887719,0.2499758384072678,0.38090760616879377,0.08403401952256692,0.08517411476160736,117450929.57417049,39183069.36006062,686260473.0238346,6
2023-04-16,143768,117126,95981,21145,1899,19246,3683,0.1913644393640237,0.24051875497205616,0.2337668479545992,0.3092685927960362,0.08980846535824072,0.1271083032481208,141844899.13411012,34116358.538873054,721630935.8663329,6
2023-04-17,230817,190086,158193,31893,2664,29229,4911,0.16801806425125732,0.3373587317856163,0.20227009061549556,0.38935823633546907,0.08352930110055498,0.12071747046437928,168461635.3295255,56832003.6492997,905372587.6519701,6
2023-04-18,276772,232808,200282,32526,3172,29354,5618,0.19138788580772637,0.2755366461219943,0.22695689602164423,0.7141491463982402,0.09752198241406874,0.6417838752431869,184283035.39284623,50776729.50932562,1234593187.0988622,5
2023-04-19,322205,271367,234699,36668,3438,33230,6255,0.18823352392416492,0.32914568462080895,0.22480091633031526,0.35777936699256896,0.09376022690083997,0.1515554574323605,243232891.1158746,80059056.46863322,1286421158.3482118,6
2023-04-20,292439,250696,219483,31213,2855,28358,5124,0.18068975245080754,0.2776660475763402,0.21013680197353668,0.30478536731514494,0.09146829846538301,0.123355186796207,214857499.34754497,59658632.63596891,1145092438.106647,6
2023-04-21,225394,188218,161034,27184,2612,24572,4851,0.19741982744587336,0.33467174036617703,0.23197469099470278,0.36552256873251915,0.09608593290170689,0.10620691497403455,222067746.20548847,74319799.10178533,1229524486.6506357,6
2023-04-22,212399,179188,154170,25018,2058,22960,4104,0.17874564459930314,0.2847545628841176,0.2075705492045727,0.3237419398303657,0.08226077224398433,0.11943548275379141,106996223.34280634,30467662.808232237,571529192.7703797,5
2023-04-23,245258,208693,182723,25970,2487,23483,3897,0.16594983605161182,0.3863398386453838,0.1948787061994609,0.40527977591155945,0.09576434347323835,0.1346524092193568,96697218.10263057,37357987.63922778,583701931.8369062,6
2023-04-24,239838,204530,178689,25841,2398,23443,3683,0.157104466151943,0.3614345346654352,0.18772493324561743,0.389807473498159,0.09279826632096282,0.10239363296779577,144561057.51686805,52249358.55435242,834081878.6334975,6
2023-04-25,218191,184920,159733,25187,1983,23204,3758,0.1619548353732115,0.3076015140497058,0.18843053956406083,0.42988092919827364,0.07873109143605829,0.2159654126070774,132070163.48657686,40624982.24926321,803359801.7253482,6
2023-04-26,218316,182315,155550,26765,2560,24205,3852,0.15914067341458377,0.379298483758171,0.19338688585839717,0.40596954892120213,0.09564730057911451,0.12314080477754444,195307139.33937663,74079701.81857139,1213541669.3582516,6
2023-04-27,193433,163962,141859,22103,1910,20193,3151,0.15604417372356758,0.3986977787873211,0.18712391982988735,0.4363277379253891,0.08641360901235126,0.191242284295178,190947954.34842202,76130525.26269865,1285321086.0706434,6
2023-04-28,223678,189246,163578,25668,1980,23688,3589,0.15151131374535629,0.3674282497702813,0.1785491662770765,0.40392794649115044,0.07713884992987377,0.14902029228981828,90290155.36087537,33175153.755733218,712487824.3760543,6
2023-04-29,216499,181715,155518,26197,2209,23988,3619,0.15086710021677505,0.28853142700626633,0.17853189296484331,0.38169196658436516,0.08432263236248426,0.20621438923399873,94547796.84830403,27280010.744939733,457584250.1804887,6
2023-04-30,295351,246924,210529,36395,3023,33372,6435,0.19282632146709816,0.38145337789027745,0.22338233273801347,0.40420271344150305,0.08306086000824289,0.1396424132255296,139882260.10757127,53358560.62495947,730795420.410877,6
2023-05-01,358740,303193,261382,41811,3395,38416,6890,0.17935235318617243,0.32401084310107675,0.20822271651000931,0.35543889151786395,0.08119872760756738,0.1524594820114282,239091786.2820717,77468331.25179651,1078470252.1475272,6
2023-05-02,361774,306631,265299,41332,3340,37992,6384,0.16803537586860393,0.31108847804301076,0.1936030194522404,0.3386464215015602,0.08080905835672118,0.16636508473532416,237790865.1340598,73973998.3270855,1074380644.9711037,6
2023-05-03,327873,281075,245408,35667,2555,33112,5134,0.15504952887170814,0.33419187996356103,0.1796899094400987,0.38915193077030613,0.07163484453416323,0.1705654648067278,186628482.3688411,62369723.377589315,1014143200.7295592,6
2023-05-04,345512,296561,258642,37919,2716,35203,5290,0.15027128369741216,0.3279803331060005,0.17674516733036208,0.39435615676152835,0.07162636145467971,0.17890201395492006,217076624.04619253,71196863.46419626,987203594.4443079,6
2023-05-05,374561,321079,279384,41695,3698,37997,6876,0.18096165486748955,0.3466221982116341,0.2165727305432306,0.40728857858106116,0.0886916896510373,0.21658516811656636,428243941.8069153,148438856.47992808,1771150076.5609875,6
2023-05-06,411076,353785,311643,42142,3348,38794,6262,0.16141671392483373,0.289594104536423,0.18755635707844906,0.3494732228396913,0.07944568364102321,0.20990114647168498,399585646.1196222,115717647.37361999,1730947552.8593707,6
2023-05-07,397511,343849,307583,36266,3106,33160,5255,0.15847406513872134,0.2628489694304144,0.1804444934649534,0.332093867427457,0.08564495670876303,0.2160158267728793,201165462.4510975,52876134.4902637,1115486751.4434562,6
2023-05-08,368874,319078,281717,37361,3118,34243,6796,0.1984639196332097,0.3646485311352074,0.2266266962875726,0.4163879262520481,0.08345601027809749,0.1788677895244548,324098063.94732183,118181882.96215543,1672469005.5061405,6
2023-05-09,343963,300138,266752,33386,2370,31016,5839,0.18825767345885994,0.3831984029725665,0.20616426046845984,0.4162415750170656,0.07098783921404181,0.15562024171204575,208948238.92812133,80068631.46118635,1045113318.7673974,6
2023-05-10,335134,290848,257886,32962,3093,29869,5782,0.19357862666979142,0.2565791483317,0.22383350524846793,0.28538142233228087,0.09383532552636369,0.13709850692120232,242332444.23637456,62177452.155308165,1285641394.3386927,6
2023-05-11,360485,310687,274665,36022,4318,31704,6746,0.21278072167549836,0.3221250617177923,0.2591471878296597,0.3733748453253042,0.11987118982843818,0.1794696002578175,270138107.60314256,87018254.58398992,1416111135.3954003,6
2023-05-12,295085,255131,225789,29342,3005,26337,5523,0.20970497778790295,0.2816941024053434,0.24234885147570037,0.32861340585277016,0.10241292345443392,0.18211603257080594,262387139.9289168,73912909.86498147,1287829544.5028737,6
2023-05-13,268116,225315,194214,31101,3533,27568,5982,0.21699071387115496,0.42613029537165614,0.2611170058840552,0.5214273637442468,0.11359763351660718,0.23623461284991756,165725486.8880333,70620650.67820916,718448299.7840867,6
2023-05-14,259238,223007,196600,26407,2445,23962,4801,0.2003589015941908,0.36520843737558834,0.22630363161282993,0.402383078278117,0.09258908622713674,0.14328888125274708,108138029.33361536,39492920.7138052,555534850.8386294,5
2023-05-15,291132,252459,224793,27666,2944,24722,4672,0.18898147399077744,0.33098327263177896,0.223451167498012,0.38526746454729777,0.10641220270367961,0.1636826985384418,166544693.58414155,55123507.72193601,830146296.4318187,6
2023-05-16,281471,242551,213906,28645,3566,25079,4893,0.19510347302524025,0.3452227613148449,0.24391691394658754,0.4572329805082961,0.12448943969279107,0.24672611297844305,131584401.94900702,45425930.58679867,752453813.930846,6
2023-05-17,261263,224719,197304,27415,3070,24345,4764,0.19568699938385706,0.32599735647572436,0.23899325186941456,0.40211261806728366,0.11198249133685938,0.16274985692944263,206241311.75317627,67234122.4276212,847221941.877541,6
2023-05-18,280606,244462,217050,27412,2651,24761,4365,0.1762852873470377,0.32593741675280025,0.20542098351087115,0.39791368151536816,0.09670947030497593,0.18871029608794193,181375665.12961733,59117115.75416842,831516440.4855189,6
2023-05-19,270993,235518,208203,27315,2240,25075,5145,0.20518444666001995,0.39310668560106704,0.22786015010067728,0.426743706619422,0.08200622368661907,0.21794923334556443,110547824.83413771,43457089.020955205,638406589.5394807,6
2023-05-20,227212,196417,172532,23885,1964,21921,3639,0.16600520049267825,0.4248841329376729,0.19041239271509316,0.450168335310712,0.08222733933431024,0.13926170677057692,84212542.83814992,35780573.246263966,442315888.2086495,5
2023-05-21,253413,217778,191453,26325,2766,23559,4881,0.20718196867439195,0.40569914222965536,0.2461158594491928,0.4290755061956332,0.10507122507122507,0.1198812224233315,115222856.91260359,46745814.21469359,584099198.3336637,6
2023-05-22,300517,259940,229277,30663,3056,27607,4952,0.17937479624732858,0.30168965109332874,0.22124384437269673,0.39307582897163224,0.09966409027166291,0.20469079791545391,136234698.9432529,41100598.790994644,802833433.1332507,6
2023-05-23,310637,272680,243038,29642,3088,26554,4277,0.16106801235218798,0.2350707429326279,0.20885905134606303,0.30850126521688476,0.10417650630861615,0.23549884498462018,182224685.7917773,42835692.26973777,1046704284.2135525,6
2023-05-24,274428,236611,207070,29541,2870,26671,4786,0.1794458400509917,0.32479703046481234,0.219457702853661,0.4018677765783576,0.0971531092380082,0.16892625262369274,199977718.63272685,64952169.17103745,963695130.1123374,6
2023-05-25,269768,231275,203093,28182,3160,25022,5241,0.20945567900247783,0.3044236287286013,0.25282094954226103,0.3798486490451059,0.11212830884962033,0.19430297542086894,131922299.70099811,40160265.18519992,771633584.626573,6
2023-05-26,273364,236308,208990,27318,2789,24529,4654,0.18973459986138855,0.33270268543193254,0.22585840837543011,0.4060720778470195,0.10209385752983381,0.18686925124070433,116373496.99921554,38717774.96474396,671197104.5822918,6
2023-05-27,243662,207889,181579,26310,3449,22861,4875,0.21324526486155462,0.30746492452429086,0.2628278221208666,0.4176248013871597,0.13109083998479665,0.2608957688146775,76636008.12054554,23562884.452626474,445708305.22838855,6
2023-05-28,285146,243042,213727,29315,3748,25567,5529,0.21625532913521336,0.3174212138081868,0.26109500255841717,0.4159674842573361,0.12785263516970835,0.24392328991547146,155340073.6689862,49308234.73706275,795210266.8865913,6
2023-05-29,313258,268316,237742,30574,4000,26574,5646,0.21246331000225785,0.3425519708091106,0.2526983711650422,0.39145528655465045,0.1308301170929548,0.18740038467041967,184640687.00432783,63249031.224880636,828340000.743911,6
2023-05-30,267000,235181,211100,24081,2821,21260,3779,0.1777516462841016,0.38271066745399973,0.21257422864498982,0.43153901909601844,0.11714629791121631,0.16511725765120955,179492332.5808066,68693630.4048758,899993355.9921758,6
2023-05-31,249213,217599,193862,23737,2563,21174,3851,0.18187399641069235,0.41189885022386274,0.21864599570291107,0.4617387433049256,0.1079748915195686,0.16184056749607248,174054807.07985032,71692974.91212659,840788452.3723755,6
2023-06-01,258871,224561,198855,25706,3895,21811,4720,0.2164045665031406,0.3190567222282302,0.28324126663035865,0.46429042560136513,0.15152104567027153,0.2810456166968927,138133778.8470955,44072510.70795353,802449565.7115982,6
2023-06-02,236206,204182,180209,23973,3057,20916,4012,0.19181487856186652,0.2911646160995802,0.24043715846994534,0.37452509575435566,0.12751845826554875,0.19749620033425247,110388204.90937835,32141139.304360945,675389339.6124324,6
2023-06-03,211193,182860,161457,21403,3174,18229,4044,0.2218443140051566,0.44919886162654293,0.27365322618324533,0.5005594462774582,0.14829696771480633,0.22128131430200226,83260628.36879171,37400579.48157188,451258711.0791456,6
2023-06-04,208059,180958,160223,20735,2587,18148,3860,0.21269561384174565,0.30322518092280915,0.25512418615866894,0.42830994926624855,0.12476489028213165,0.24618150958652588,60769661.48933317,18426891.599720918,411701025.906864,6
2023-06-05,238471,205155,180046,25109,3315,21794,5120,0.23492704414058915,0.31988283993467304,0.284798279501374,0.3859667827973848,0.13202437373053486,0.15063957650663737,232913679.06037417,74505089.11746548,1056698010.7921354,6
2023-06-06,231753,199639,175442,24197,2662,21535,4586,0.21295565358718366,0.33078599813346354,0.2558581642352358,0.39809202743784905,0.11001363805430425,0.13841155581230752,199070487.38281268,65849729.86783875,1026072681.8953564,6
2023-06-07,221107,190688,167994,22694,2799,19895,4519,0.22714249811510429,0.3529587548156649,0.2752709967392262,0.4621438074853538,0.12333656473076585,0.22335714897362538,157986022.46418422,55762549.767238125,944767374.1843778,6
2023-06-08,219733,188916,165816,23100,2747,20353,4327,0.21259765145187443,0.47683261440710895,0.25766233766233765,0.5382275205062345,0.11891774891774892,0.1568409568821181,151649827.92176524,72311583.92232351,648856565.3252858,6
2023-06-09,193548,165825,144998,20827,2410,18417,4187,0.22734430146060705,0.62828955815588,0.27305900993902144,0.6634902610359029,0.11571517741393383,0.12495828587356436,173441779.95179975,108971659.29168563,640201157.4633265,6
2023-06-10,179467,146772,122575,24197,3491,20706,5967,0.2881773399014778,0.48505318073620696,0.35818489895441585,0.5425860836859533,0.1442740835640782,0.1294891818692025,284125504.58639276,137815979.72790956,1414875294.904006,6
2023-06-11,138649,119554,104459,15095,1719,13376,3284,0.24551435406698566,0.5081506095098359,0.2887711162636635,0.5699178003576066,0.11387876780390858,0.15726337148430763,83387439.03874832,42373377.973004244,476324895.7373806,6
2023-06-12,186814,159150,138539,20611,2506,18105,4163,0.22993648163490749,0.5037573943983211,0.28339236330114986,0.5659258404105719,0.12158556110814614,0.1956613780396899,195437462.6350429,98453066.94484845,864435836.1884336,6
2023-06-13,177384,150617,130630,19987,2436,17551,4308,0.2454560993675574,0.5842944580403687,0.29899434632511135,0.6161369839294308,0.12187922149397108,0.1482678821237763,160806187.07128772,93958163.9243562,760751935.1905966,6
2023-06-14,180130,154236,134555,19681,2352,17329,3872,0.22344047550349125,0.45264168995544385,0.26990498450281997,0.5166972330665542,0.11950612265636909,0.17118884420059052,189383334.12619507,85722792.40827742,909445370.692575,6
2023-06-15,195739,164507,142056,22451,3003,19448,4725,0.2429555738379268,0.6627644611138435,0.29499799563493834,0.7000661267425774,0.1337579617834395,0.14752455814570842,448734852.1375987,297405512.45997584,1803381443.8146887,6
2023-06-16,207910,176000,153074,22926,2715,20211,4161,0.20587798723467418,0.6723761786684708,0.24784087935095525,0.7001567373711781,0.11842449620518189,0.16580780140074294,214927608.108984,144512203.83067328,842070890.0343918,6
2023-06-17,201566,171280,148746,22534,3188,19346,4304,0.22247493021813294,0.6084141146396289,0.2836602467382622,0.6291932771586081,0.14147510428685542,0.14738463522362003,151601776.21522188,92236660.45377937,588665125.8310573,6
2023-06-18,175171,148371,129386,18985,2422,16563,3412,0.20600132826178832,0.5024083266219477,0.25040821701343163,0.5375190078547517,0.1275744008427706,0.1610581668405708,106247108.1657419,53379431.82197147,401858623.5928114,6
2023-06-19,183554,156583,136226,20357,2383,17974,3427,0.19066429286747524,0.3538796617294193,0.2379525470354178,0.4266462990587365,0.11706047059979369,0.2411096415104709,159953089.44647476,56604145.185894035,724108064.4975877,6
2023-06-20,193182,164942,144178,20764,2363,18401,3935,0.21384707352861257,0.525732611247733,0.26030629936428434,0.5539492131152711,0.1138027355037565,0.09531830323504374,318683020.5560171,167542056.55722982,1047665162.2717152,6
2023-06-21,211623,178442,153844,24598,2633,21965,4633,0.21092647393580696,0.5930559722525034,0.25839499146272055,0.5896683517118818,0.10704122286364745,0.1553833393992498,457125540.7216154,271101031.9941089,1551311017.7756674,6
2023-06-22,197958,167854,144896,22958,2546,20412,4194,0.2054673721340388,0.6628430807798888,0.2550309260388536,0.6778891377543039,0.11089816186078927,0.07329410297399809,388894398.11867845,257775960.94702542,1228682939.1993308,6
2023-06-23,208018,178034,155759,22275,2531,19744,4176,0.21150729335494328,0.6116215519753301,0.2603367003367003,0.631569041083527,0.11362514029180695,0.10142136287827927,294428720.915975,180078951.23273996,1141875640.7689214,6
2023-06-24,167599,143156,124305,18851,2014,16837,3153,0.18726614004870226,0.7132827835535211,0.2331971778685481,0.7279859677517003,0.1068378335366824,0.12470626972077627,155041626.5910035,110588522.9814966,576753742.467952,6
2023-06-25,175098,146951,126691,20260,2844,17416,4298,0.24678456591639872,0.7260804983951815,0.3058242843040474,0.7330299028582863,0.1403751233958539,0.08749554836341536,200810794.65340823,145804801.8650791,756470733.8843749,6
2023-06-26,179489,151345,130407,20938,2424,18514,3966,0.21421626876957978,0.5390564215570465,0.2617250931321043,0.5805052600150714,0.11577036966281402,0.13701055904231757,281411323.3862889,151696580.97024566,1027070438.251348,6
2023-06-27,186028,158263,137268,20995,2123,18872,3507,0.18583086053412462,0.6644617772098187,0.22805429864253393,0.6764681567827786,0.1011193141224101,0.12698748772513327,220354520.35056144,146417156.20835122,893818609.7808135,6
2023-06-28,218239,187608,164038,23570,2992,20578,3566,0.17329186509864905,0.4461726082346634,0.2319049639372083,0.5003403427737242,0.12694102672889265,0.15854019986977422,156609158.90751004,69874716.90320063,757972285.192636,6
2023-06-29,264122,225232,193943,31289,3173,28116,3321,0.11811779769526248,0.6961802451829012,0.17268049474256128,0.6934048411198661,0.10140944101761003,0.07480276095611539,244991805.63557523,170558455.31517646,810695657.703146,6
2023-06-30,237325,198718,168751,29967,3271,26696,3948,0.14788732394366197,0.5121261119681545,0.20532585844428872,0.5575338824136075,0.10915340207561651,0.15187177565469762,290377573.54829776,148709937.74403656,1506335824.6023993,6
2023-07-01,220783,185540,158690,26850,2873,23977,4123,0.17195645827251116,0.5876141024565505,0.22119180633147115,0.5156452166530223,0.10700186219739292,0.2636135199412874,163255642.32645625,95931317.73662823,634887684.218421,6
2023-07-02,210688,176663,150676,25987,2893,23094,4030,0.17450420022516672,0.6997415903334256,0.23450186631777428,0.7760345389878202,0.11132489321583869,0.3415312610815273,140460047.49555957,98285737.01285136,697216753.0662374,6
2023-07-03,236143,196733,167545,29188,3185,26003,5566,0.21405222474329885,0.6440724836605072,0.2650404275729752,0.6562562286294172,0.10912018637796354,0.1250736709344929,263681779.8634501,169830178.8526754,1051609183.7842169,6
2023-07-04,193644,162663,139000,23663,2646,21017,4387,0.20873578531664844,0.5321470363352235,0.25884291932552933,0.5634823789236938,0.11182014114862866,0.1029034516091097,186091343.31140107,99027956.83080271,722429387.5954044,6
2023-07-05,167090,143666,123619,20047,1471,18576,2353,0.12666881998277346,0.3824413932211986,0.1611712475682147,0.45702355571382897,0.07337756272759016,0.15547547858710978,139176092.20153582,53226698.60463735,727692831.7070993,6
2023-07-06,243448,202936,170411,32525,2320,30205,3310,0.10958450587651052,0.476461261900233,0.14124519600307456,0.5193610750413193,0.07132974634896233,0.12321549802991899,184915145.0902183,88104903.3741501,948886014.7077246,6
2023-07-07,295173,247779,209425,38354,2486,35868,3645,0.1016226162596186,0.5288028200504487,0.12757469885800699,0.5509201382365251,0.06481722897220629,0.10948613483378981,192469024.2913677,101778162.81763355,725259784.8806826,6
2023-07-08,264804,217999,181660,36339,2580,33759,4693,0.13901478124352024,0.4267311427644728,0.16907454800627425,0.46269427099717214,0.0709981012135722,0.13814990835965782,110028065.99567957,46952402.33850118,425352877.3235676,6
2023-07-09,255101,211936,178624,33312,2851,30461,4084,0.1340730770493418,0.5492978197149389,0.1667267050912584,0.5753546704583488,0.08558477425552354,0.12529077148866027,134986191.85333827,74147620.87666115,470517362.61631006,6
2023-07-10,251834,209658,176756,32902,2688,30214,4021,0.13308400079433375,0.5427148852257347,0.17099264482402285,0.5560217238150138,0.08169716126679229,0.08741201570931949,225239558.9658577,122240861.39245057,825779283.271799,6
2023-07-11,251330,210900,178667,32233,2712,29521,3604,0.12208258527827648,0.473781402539713,0.1584090838581578,0.5017258157471431,0.08413737474017312,0.1125665006572483,144671742.25142047,68542780.95174184,617103235.9210635,6
2023-07-12,243190,207006,178314,28692,2237,26455,3532,0.1335097335097335,0.39426246445216073,0.1637738742506622,0.4526053720142244,0.07796598354942144,0.14019575464745448,150814052.887428,59460320.16541586,756535767.8419986,6
2023-07-13,251473,212897,182323,30574,2426,28148,3847,0.13667045616029558,0.5566826274561295,0.1723359717406947,0.5934662232615343,0.07934846601687709,0.13649918311926296,380553043.9254074,211847268.37882367,1388501266.6381884,6
2023-07-14,237133,196371,165109,31262,2932,28330,5033,0.17765619484645254,0.4797437491352757,0.22397799245089886,0.5093793361359951,0.09378798541360117,0.12398399916649691,226996203.91287428,108900009.90463784,1080358803.463114,6
2023-07-15,222115,183229,153814,29415,2460,26955,4270,0.1584121684288629,0.4261954700962823,0.19163691993880674,0.46861431574438656,0.08363080061193269,0.11491222163414402,149329250.7951935,63643450.24178313,491488401.68844247,6
2023-07-16,260393,215849,181464,34385,3006,31379,4591,0.14630804040919085,0.4390606826154651,0.18505162134651737,0.45098359452024256,0.08742184091900539,0.11651804918897736,113011448.1279327,49618883.55841236,460429655.65999997,6
2023-07-17,284181,233417,195038,38379,3527,34852,5650,0.16211408240560082,0.5638962227746908,0.20154251022694702,0.5822064848925166,0.09189921571692852,0.10431560809336543,235746233.11515456,132936410.38699737,891703955.7313082,6
2023-07-18,242348,202833,170495,32338,2050,30288,3399,0.11222266244057053,0.5006782110623744,0.1432061351969819,0.5237698703119442,0.06339291236316408,0.09204144795481518,153379216.66500363,76793631.81398234,706849012.2195362,6
2023-07-19,271204,228365,193330,35035,2840,32195,4106,0.12753533157322566,0.40111458881009776,0.16903096903096904,0.4257986277312572,0.08106179534750964,0.12367095649735914,117284239.13329268,47044419.35385587,661852426.1640227,6
2023-07-20,284660,238213,200281,37932,2547,35385,4737,0.13387028401865197,0.45660277755886325,0.16505852578298008,0.47738575183215076,0.06714647263524201,0.11998803289517763,153506086.14392194,70091305.30550489,766544928.2076768,6
2023-07-21,281656,234414,195531,38883,2577,36306,3686,0.10152591858095081,0.4129747592212208,0.13355450968289484,0.4571883077955959,0.0662757503279068,0.15527341832560737,116046878.9576782,47924431.895921305,838400641.7706729,6
2023-07-22,278927,230870,192112,38758,2663,36095,4013,0.11117883363346724,0.3679816326197116,0.13852623974405284,0.39190134927010506,0.06870839568605192,0.15406677327167262,141115218.1438716,51927808.36006863,550291264.2782239,6
2023-07-23,284654,240077,204107,35970,2800,33170,4599,0.13864938197166113,0.3429626365374067,0.16836252432582707,0.3738366177358127,0.0778426466499861,0.14301904360573095,94549028.01852831,32426783.93128361,438615543.21712357,6
2023-07-24,296173,250597,213285,37312,2622,34690,4583,0.13211300086480254,0.35705744242914217,0.16144939965694682,0.4151511098713098,0.07027229845626072,0.14024164165939465,131432074.96604459,46928800.540531166,785461813.6698878,6
2023-07-25,286254,244884,209823,35061,1983,33078,3668,0.11088941290283572,0.36457340539402766,0.13362425487008356,0.3730792815130905,0.05655856935056045,0.12774301780531325,89479134.20175435,32621712.667642795,469510125.61144936,6
2023-07-26,265454,223995,189918,34077,1936,32141,3955,0.12305155408979185,0.3473520083714232,0.14892742905772222,0.4475737537358179,0.05681251283857147,0.1954477638562543,134832771.19769865,46834433.86980522,696096001.828834,6
2023-07-27,285407,238741,199898,38843,2119,36724,4481,0.12201829866027666,0.4269265582338177,0.14653862986895966,0.4543290870728409,0.054552943902376236,0.10359170444392742,134689365.18017563,57502467.10707019,588474976.2444897,6
2023-07-28,279888,238260,203665,34595,2627,31968,4048,0.12662662662662663,0.45324765055679234,0.16363636363636364,0.4621459016432424,0.07593582887700535,0.10550260382503468,113769253.89300802,51565647.03260509,511516107.14187753,6
2023-07-29,249715,213035,182697,30338,2198,28140,3478,0.12359630419331911,0.41457719575916324,0.159206275957545,0.44066286966837476,0.07245039224734656,0.12633309656424674,82154609.6044476,34059427.66850071,348442582.6002304,6
2023-07-30,207827,169694,140152,29542,3864,25678,4517,0.17590933873354622,0.5524350843791493,0.2480536185769413,0.6043685406832469,0.1307968316295444,0.2176872233996479,142163583.56200892,78536151.28072065,701775702.8351588,6
2023-07-31,219803,179982,148320,31662,2719,28943,4841,0.16725978647686832,0.56521226697882,0.21012570273513992,0.5768755081938179,0.0858758132777462,0.11414938028470069,230511488.35634294,130287920.89855045,845742793.1369863,6
2023-08-01,258007,213857,179339,34518,2976,31542,5338,0.1692346712320081,0.5140558456111691,0.21220812329798946,0.5415034355375172,0.08621588736311489,0.10061845035516175,255652202.27101025,131419509.02078182,1026039039.9531267,6
2023-08-02,275527,232759,199364,33395,3198,30197,5247,0.17375898268039872,0.447353720720012,0.22018266207516096,0.34514558780343674,0.09576283874831562,0.3662826843333166,171689468.93498302,76805922.73650756,816044179.2150137,6
2023-08-03,250213,210952,179083,31869,2322,29547,4258,0.14410938504755136,0.5383839083547757,0.18086541780413568,0.5907134152297481,0.07286077379271393,0.16979497308552233,124364978.7423083,66956103.317742534,543052177.3950667,6
2023-08-04,230130,193339,163574,29765,2447,27318,4141,0.15158503550772384,0.4358432379377058,0.1906601713421804,0.4800932518672935,0.0822106500923904,0.12087792744049768,133692020.63931079,58268763.161871806,580591772.0965607,6
2023-08-05,235460,197604,167273,30331,3563,26768,5182,0.19358936043036462,0.49111906520903464,0.2497774554086578,0.6186477578305971,0.1174705746595892,0.33348777649620026,74610179.6723981,36642481.695786275,360936006.06779253,6
2023-08-06,222434,185264,156326,28938,3416,25522,5048,0.19779014183841392,0.5906015085510811,0.2546133112170848,0.6528709858849314,0.11804547653604257,0.21993334243674667,111866076.18057801,66068273.34793953,429699131.01148,6
2023-08-07,258993,217347,183477,33870,2989,30881,4423,0.14322722709756808,0.5779118552941942,0.18001180986123413,0.6200890447649162,0.08824918807204016,0.15144883056137423,171728690.92766753,99244046.3812516,808022186.1515237,6
2023-08-08,259998,215747,179475,36272,2330,33942,4019,0.11840787225266632,0.48161530558928356,0.14622849580943978,0.5180038104189474,0.06423687692986325,0.11560477743264147,202904934.48097306,97722122.0256274,838209962.120055,6
2023-08-09,250413,209445,176006,33439,2269,31170,3702,0.11876804619826757,0.3755946903148045,0.14835969975178684,0.42594376435820763,0.06785489996710428,0.1108971342501246,143376695.14639708,53851525.41187115,718957447.5828044,6
2023-08-10,264983,221328,185063,36265,2601,33664,4076,0.12107889733840305,0.4681318509135526,0.15921687577554117,0.49309260244784403,0.07172204604991038,0.11633778637323913,128819263.45044479,60304400.232377276,546647997.8337668,6
2023-08-11,255056,212505,178790,33715,2492,31223,4695,0.15036991961054352,0.5299198117486381,0.18416135251371793,0.5651187524413152,0.07391368826931632,0.1343687055011544,118018034.87498143,62540094.82389437,484182399.5715554,6
2023-08-12,256764,213638,178945,34693,2804,31889,5382,0.16877293110476968,0.4570091490178052,0.20424869570230306,0.49239573048809687,0.08082322082264434,0.13795335330299544,73829811.98802167,33740899.548790336,304766396.7025744,6
2023-08-13,250464,208807,176687,32120,3229,28891,5624,0.19466269772593542,0.4732145938365751,0.24047322540473226,0.5754432247220825,0.10052926525529265,0.2543962779937685,87746011.34560344,41522693.11968924,393229375.69996876,6
2023-08-14,263751,220500,185395,35105,2642,32463,4857,0.14961648646151002,0.48673925979184973,0.18589944452357213,0.5319616700401998,0.07525993448226748,0.13556464197030393,117286234.6519299,57087815.03825355,554510550.5026455,6
2023-08-15,269840,224802,189910,34892,2584,32308,5053,0.1564008914200817,0.4876302164109798,0.1924509916313195,0.5251878377861832,0.07405709045053308,0.12659901228917855,133355950.36686863,65028390.937088035,598117018.7934182,6
2023-08-16,286618,242214,206784,35430,2903,32527,5867,0.18037322839487197,0.4778755554908026,0.21535421958791984,0.5019719430218298,0.08193621224950606,0.11339589395864662,138115106.70285237,66001833.337297045,651759070.4443303,6
2023-08-17,266368,221556,186644,34912,3241,31671,5704,0.18010167029774873,0.4557128356707162,0.22181484876260313,0.5040304723803711,0.09283340971585702,0.22731970312438352,352307161.79748595,160550895.72983414,1557269089.8609438,6
2023-08-18,267743,225158,191460,33698,2441,31257,5081,0.16255558754838917,0.49960445138706894,0.19769719271173364,0.5331375173736463,0.0724375333847706,0.09717355461749141,243078418.18979487,121443059.76374899,1035391538.252963,6
2023-08-19,234942,198573,169938,28635,2302,26333,4391,0.16674894618919228,0.497934213225034,0.20174611489436006,0.5339196137429133,0.08039112973633665,0.10689116083226835,110609953.351538,55076480.09695579,472993738.5051625,6
2023-08-20,248119,210199,180898,29301,2466,26835,5189,0.19336687162288058,0.5041214238810297,0.2297532507422955,0.5255441413696886,0.08416095013822054,0.14251890433135112,94609604.43456483,47694728.5003738,434239001.5303005,6
2023-08-21,266415,226954,194187,32767,1966,30801,3826,0.12421674620953865,0.435661865560327,0.15173802911465803,0.507659682056611,0.05999938962981048,0.16162940446300136,119597991.31670654,52104284.01430416,610790066.1476147,6
2023-08-22,261826,221028,188664,32364,2267,30097,4317,0.14343622287935676,0.29081188763590976,0.1813743665801508,0.41418629529727613,0.07004696576442962,0.19533454126308808,171855611.84323573,49977654.88095559,945349513.4155706,6
2023-08-23,255306,216526,184451,32075,2155,29920,4390,0.1467245989304813,0.3374884736268791,0.17926734216679657,0.41040310977441247,0.0671862821512081,0.1562696295799345,123678642.86936821,41740116.40222698,785399590.9593377,6
2023-08-24,249862,211449,179540,31909,2153,29756,4146,0.13933324371555317,0.4476676986174756,0.17302328496662384,0.5445513382554772,0.06747312670406469,0.24450522975734174,96896322.1429915,43377353.53825054,591456332.832061,6
2023-08-25,285377,241412,206875,34537,3233,31304,4985,0.15924482494249936,0.39587681700057237,0.2081825288820685,0.44128371788160153,0.0936097518603237,0.16660897013406709,111336314.63390477,44075465.853844464,679753298.7098322,6
2023-08-26,227738,190418,160455,29963,2412,27551,4683,0.16997568146346775,0.4914935411581298,0.2070887427827654,0.5199492284849312,0.08049928244835297,0.12501208810036918,63636479.40641603,31276918.610295817,314309924.3068733,6
2023-08-27,218670,182323,152346,29977,2210,27767,4615,0.16620448734108834,0.4598768491852576,0.1969176368549221,0.47448800083450854,0.07372318777729593,0.12844184264772154,71620707.3066537,32936705.212603457,311757224.45077276,6
2023-08-28,297410,251048,214957,36091,2900,33191,5766,0.1737217920520623,0.449264790524185,0.21276772602587904,0.48054730726212214,0.0803524424371727,0.16953826613860817,121383240.09231389,54533215.93322025,627585167.9409237,6
2023-08-29,274933,232933,198987,33946,2387,31559,4722,0.1496245128172629,0.34801820672075745,0.18667884286808462,0.41283017705749925,0.07031756318859365,0.16149496075968298,183964643.85715085,64023045.455188446,1077892679.207418,6
2023-08-30,240980,204510,174824,29686,2074,27612,3987,0.14439374185136897,0.5189105289263025,0.17931011251094792,0.5394093796524961,0.06986458263154349,0.12606453114132543,99971202.95207399,51876109.80125945,585808735.9774277,6
2023-08-31,240588,202999,172851,30148,2050,28098,3521,0.12531141006477328,0.5032468407872418,0.15954623855645483,0.5218528927093296,0.0679978771394454,0.06883286939430748,138040844.37406865,69468618.83085334,756022844.4060296,6
2023-09-01,225109,190279,162475,27804,2096,25708,3763,0.14637466936362223,0.41157389509467757,0.18299525248165732,0.47499581720092565,0.07538483671414185,0.1452385177894763,140422999.21481225,57794440.74771713,744678337.5110409,6
2023-09-02,216543,182248,155269,26979,2333,24646,3965,0.16087803294652275,0.4255624929811258,0.19737573668408762,0.4650478341942964,0.08647466548055896,0.13557014882303317,69733274.4490921,29675866.11829268,371791208.9160328,6
2023-09-03,226104,191057,163401,27656,2312,25344,3853,0.15202809343434343,0.44443553747877274,0.1948582586057275,0.4930995178551969,0.08359849580561181,0.1596350205425048,57551136.42736554,25577770.25061038,326106042.4352943,6
2023-09-04,243345,204847,173996,30851,2329,28522,4048,0.14192553116892223,0.5055232747467935,0.1830734822209977,0.54129538681082,0.07549188032802827,0.13325249989520388,88076252.0483284,44524595.36289495,448581660.2142518,6
2023-09-05,239033,201892,172722,29170,2251,26919,3806,0.14138712433597087,0.5668613993494774,0.18460747343160783,0.6287433926877083,0.0771683236201577,0.18153826985274885,91918194.99716642,52104876.6417719,538180270.6207954,6
2023-09-06,255767,214878,181767,33111,2979,30132,3832,0.1271737687508297,0.531797641539627,0.17930597082540545,0.5499051249173028,0.08997010057080729,0.14402052649183944,107166843.25891584,56991074.49633832,702817186.8131546,6
2023-09-07,253693,214961,183158,31803,2320,29483,3779,0.12817555879659465,0.41457247080294324,0.16680816275194163,0.4632368986455493,0.07294909285287551,0.15250047585084978,85280030.85259752,35354753.10071258,523836750.7793476,6
2023-09-08,251550,213012,182683,30329,3072,27257,4532,0.16626921524745936,0.4553231796040265,0.21510765274160046,0.4789168057197892,0.1012891951597481,0.14921780771642043,82434538.47054678,37534356.16559981,470896104.6635483,6
2023-09-09,233021,195088,167253,27835,3726,24109,5219,0.21647517524575885,0.5553597803713369,0.26804382971079577,0.5570464715375275,0.13386024788934794,0.16190174454005038,58087745.5159157,32259597.591985054,245079328.5030831,6
2023-09-10,208771,175028,150131,24897,2664,22233,4281,0.19255161246795305,0.4022385748572556,0.23677551512230388,0.4352178842194232,0.10700084347511749,0.1737605925062777,85119501.57091188,34238347.004443526,483053037.41321415,6
2023-09-11,241889,203273,175650,27623,2853,24770,4603,0.18582963262010496,0.4671787756708071,0.23484053144119033,0.4813524763674111,0.10328349563769322,0.1385582798621511,180676259.0743777,84408113.50714932,868141049.7625623,6
2023-09-12,228720,192462,164828,27634,2347,25287,4090,0.1617431881994701,0.4687798414312635,0.20431352681479337,0.5085990277022527,0.08493160599261779,0.14171861212671452,131499227.59876457,61644187.062082484,804551043.4723029,6
2023-09-13,196862,167157,143731,23426,2015,21411,3334,0.15571435243566392,0.40786887246775155,0.20131477845129345,0.4778256182982869,0.08601553829078801,0.15603847573567134,88495382.14402927,36094511.73368801,572547104.6529461,6
2023-09-14,240900,203915,175329,28586,1940,26646,3602,0.13517976431734594,0.34831781002897677,0.16759952424263624,0.4048221104725374,0.0678653886517876,0.13108633822787705,83578658.35579407,29111935.24365023,544264396.7782625,6
2023-09-15,242903,208070,180811,27259,2555,24704,4470,0.18094235751295337,0.5858250604346555,0.2276679261895154,0.5997956349926054,0.09373051102388202,0.15968020838970626,107160441.6199209,62777272.188194536,539874780.3523356,6
2023-09-16,215182,183111,158081,25030,2187,22843,4185,0.18320710939894058,0.49165376801677235,0.22636835797043547,0.531544357308105,0.08737514982021574,0.12578267053633843,49606080.64202699,24389016.46419644,296419524.08158565,6
2023-09-17,194232,166858,145253,21605,1979,19626,3542,0.18047488026087843,0.5090573405776193,0.2269844943300162,0.5332270843118229,0.09159916685952325,0.10574542312318201,42877692.86110655,21827204.297978874,290631450.108018,6
2023-09-18,230498,194406,166400,28006,2412,25594,3864,0.15097288426975072,0.3214015310496125,0.19585088909519388,0.37148592794516855,0.0861244019138756,0.1305252937473282,89155017.41448945,28654559.09777177,640982769.1189551,6
2023-09-19,225515,189687,161777,27910,2269,25641,4337,0.16914316914316915,0.4721674704522895,0.21400931565747044,0.5246651562307636,0.08129702615549982,0.12999736688206645,109262258.24862371,51590084.09315746,568258348.0638813,6
2023-09-20,230657,193019,164094,28925,2787,26138,4985,0.19071849414645345,0.40326670897682776,0.2396542783059637,0.44706857000849987,0.09635263612791703,0.14258703894679078,66749229.389651254,26917742.06270401,501095424.5739566,6
2023-09-21,202754,171963,147438,24525,2241,22284,4106,0.1842577634176988,0.49942286651349616,0.23058103975535169,0.5268931938873153,0.09137614678899082,0.11851042264307741,98785845.19019732,49335909.97584681,514958079.16369283,6
2023-09-22,204292,173303,149322,23981,2242,21739,4723,0.21725930355582135,0.4359277144065834,0.2587048079729786,0.5233929902059047,0.09349068012176306,0.21523367150602574,57179472.43430533,24926116.729260962,390087026.6538422,6
2023-09-23,171635,146806,127812,18994,1729,17265,3730,0.21604401969302056,0.46941511286745424,0.25518584816257767,0.5145312282204139,0.09102874591976413,0.12328202829556154,78045704.71791302,36635833.28897914,286651810.4472831,6
2023-09-24,186042,157781,135804,21977,1961,20016,3680,0.1838529176658673,0.43782678199291586,0.22919415752832506,0.5573131907876266,0.08922964917868681,0.3261185308442068,34135272.31213811,14945336.428875308,318097503.3798983,6
2023-09-25,222758,189969,164283,25686,2043,23643,3878,0.16402317810768516,0.4425625320890754,0.2022113213423655,0.4614518545518164,0.0795374912403644,0.11087199119334892,104796688.38655087,46379087.76690176,555819307.2373141,6
2023-09-26,215121,182918,158029,24889,2296,22593,4051,0.17930332403841898,0.5496457781216356,0.22536060106874523,0.5728744554263937,0.09224958817148138,0.125465593326972,70493031.2857411,38746197.033203974,389632492.6883398,6
2023-09-27,205180,173079,148487,24592,2416,22176,3877,0.17482864357864358,0.5648352206657051,0.2277569941444372,0.5779907588555327,0.09824333116460637,0.08746448950198163,88194774.01834413,49815514.64421341,498215493.07695615,6
2023-09-28,208115,176577,151736,24841,2163,22678,4100,0.18079195696269512,0.4692485175419243,0.2233001892033332,0.5287409066607849,0.08707378929994766,0.19403475250864582,100185409.06223272,47011854.681783974,669312216.0428245,6
2023-09-29,210523,177915,152667,25248,2143,23105,4567,0.19766284354035923,0.39481784133490094,0.2365335868187579,0.46076015221277816,0.08487801013941698,0.16488456080669803,80857586.99919644,31924017.95457169,505655412.5893834,6
2023-09-30,208022,177492,154103,23389,1962,21427,4181,0.19512764269379754,0.5827458086179116,0.2323314378554021,0.5903782806692337,0.08388558724186583,0.06160111264568916,67718083.28901713,39462429.20431337,350970443.9402572,6
2023-10-01,206223,173253,147822,25431,2316,23115,4530,0.19597663854639844,0.4719496747300188,0.2328260784082419,0.48710722150044594,0.09106995399315795,0.1123257723202674,83686207.4300989,39495678.37602406,437537827.937279,6
2023-10-02,255154,215581,186599,28982,2841,26141,4838,0.18507325657013887,0.44854335482008806,0.2365606238354841,0.5090208136880983,0.09802636118970395,0.18900770438150438,152275762.2702507,68302281.26648444,840542110.0462052,6
2023-10-03,232915,195084,166750,28334,2654,25680,4949,0.19271806853582554,0.5446405908891904,0.2414766711371497,0.5596346605815553,0.09366838427331121,0.08208960366663762,88966776.30998814,48454917.618978366,450713888.4257527,6
2023-10-04,215351,176087,148944,27143,2873,24270,4999,0.20597445405850845,0.37748681494707204,0.2547618170430682,0.43910279206441816,0.10584681133257193,0.13930682764527227,62069010.572847255,23430233.10806025,465487432.8929082,6
2023-10-05,195092,162096,138312,23784,2037,21747,4556,0.2095001609417391,0.4834589238434597,0.24903296333669694,0.5064136309870404,0.08564581231079718,0.10177608177198273,89097582.00629695,43075021.11381872,457154880.7319701,6
2023-10-06,211435,175266,147228,28038,2340,25698,5083,0.1977974939684022,0.595529378548786,0.2311149154718596,0.596867622333865,0.08345816392039375,0.12426672223740005,98143802.15383053,58447517.5050857,515915524.2929045,6
2023-10-07,198195,165695,140137,25558,2865,22693,5468,0.24095536068391135,0.4634110319733858,0.29787150794271855,0.39782894902886046,0.11209797323734251,0.3372339124282704,52937009.54538251,24531594.22301068,269696432.03401315,6
2023-10-08,196902,162584,140022,22562,2597,19965,4979,0.24938642624593038,0.18794093492398298,0.2923942912862335,0.16698561502005999,0.11510504387908874,0.2420451168769731,358557990.5048174,67387723.95994,808393051.6871922,6
2023-10-09,221446,184035,156525,27510,3154,24356,5753,0.2362046313023485,0.05050952988571818,0.2812795347146492,0.020423641142502728,0.11464921846601236,0.6988181567294005,887153491.3758965,44809705.78587007,3440734392.121269,6
2023-10-10,204910,172139,147149,24990,2486,22504,4998,0.2220938499822254,0.48922038590989997,0.2640656262505002,0.20696879552499925,0.0994797919167667,0.722249780297077,69991423.81228082,34241231.367827386,649879420.5470002,6
2023-10-11,211852,176295,149710,26585,2767,23818,5617,0.2358300445041565,0.5313009994442134,0.27767538085386495,0.022397630894586153,0.1040812488245251,0.9668502322583344,82369699.98371729,43763103.925269,2928097866.725589,6
2023-10-12,216619,182289,156291,25998,3132,22866,5803,0.25378290912271495,0.5983981167874118,0.3137164397261328,0.6331501978348884,0.1204708054465728,0.19245343061612535,83200979.6436398,49787309.53362185,523042209.84946835,6
2023-10-13,220741,185374,159374,26000,4939,21061,5812,0.27596030577845304,0.5982547046301177,0.372,0.01784727538340862,0.18996153846153846,0.9773599304950569,76357638.71120813,45681316.59342706,3762797407.433958,6
2023-10-14,194190,161453,138347,23106,3651,19455,5655,0.29067077872012337,0.6457628033267244,0.36799965376958366,0.29553865826147974,0.15801090625811479,0.6095721371410753,56080487.171077415,36214692.60752336,336049713.18267363,6
2023-10-15,217049,176815,150872,25943,4149,21794,6836,0.3136643112783335,0.5895064959701448,0.3872720965192923,0.5907987048253992,0.1599275334386925,0.1741923028068647,50562354.20315938,29806836.25430581,349559311.15610933,6
2023-10-16,238266,198990,171634,27356,3413,23943,5572,0.23271937518272565,0.5986754611429016,0.2891870156455622,0.41633837247847316,0.12476239216259687,0.4012045862755441,166149581.5341402,99469677.3436515,1047786237.318875,6
2023-10-17,221055,183118,156407,26711,2964,23747,5734,0.2414620794205584,0.5280794110770264,0.29216427688967095,0.451885243979222,0.11096551982329378,0.32341238589212823,98531970.34129034,52032704.87008763,564069125.1300219,6
2023-10-18,226896,188475,161699,26776,3656,23120,5892,0.25484429065743947,0.4812144783716562,0.3217433522557514,0.508203056274422,0.1365401852405139,0.15132492250885923,136184044.26354927,65533733.8228264,564811786.798933,6
2023-10-19,246667,202476,171375,31101,3472,27629,5933,0.21473813746425857,0.5140436826513277,0.267419054049709,0.5169837867595147,0.11163628179158226,0.16721488915952637,73860881.33411184,37967719.444859564,484212475.8149425,6
2023-10-20,261017,217127,186248,30879,4227,26652,6652,0.24958727300015007,0.5537666142169343,0.31895462935975905,0.5996004522912404,0.13688914796463617,0.23018400434501537,118013234.40211806,65351789.247650355,787057559.2728443,6
2023-10-21,220227,180218,152684,27534,3541,23993,6426,0.2678281165339891,0.5579498989944832,0.32559744316118255,0.6350166634980287,0.12860463427035665,0.22474978239093996,81882248.22279224,45686192.125348136,491941470.8602375,6
2023-10-22,229283,187465,157461,30004,3370,26634,6698,0.25148306675677706,0.4674738460050206,0.3030262631649113,0.5246325484860569,0.11231835755232636,0.1668096635873388,89694443.68715279,41929806.555714056,562833175.0521641,6
2023-10-23,254462,209643,177551,32092,2899,29193,6142,0.21039290240811154,0.43397657360753183,0.2517138227595663,0.4646865220186572,0.09033403963604637,0.14518915801219628,177127510.03136054,76869189.89504357,1297778252.5091808,6
2023-10-24,258990,212877,178602,34275,2664,31611,6067,0.19192686090285027,0.5203891915379659,0.23398978847556529,0.5509872635867928,0.07772428884026258,0.17059595936808766,241876896.5889758,125870122.6676493,1586576322.8486204,6
2023-10-25,252104,208504,175793,32711,2751,29960,6338,0.2115487316421896,0.5220422728103812,0.2514138974656843,0.5436791544061601,0.08410014979670448,0.15463836598555072,165226554.5894368,86255246.0864981,987935642.9476309,6
2023-10-26,262123,217626,185323,32303,2962,29341,6011,0.20486690978494257,0.46689199841325413,0.24468315636318608,0.4973120516887901,0.0916942698820543,0.1301952717593465,163307036.46725938,76246748.6111449,1059711626.5373864,6
2023-10-27,268776,224851,192502,32349,3129,29220,5857,0.20044490075290897,0.4386934654397183,0.24526260471730194,0.4933851165213128,0.09672632848001483,0.174604007398542,105671354.44888155,46357332.680888645,777974774.4823616,6
2023-10-28,252528,211009,179906,31103,3134,27969,6076,0.21724051628588795,0.4792587352513406,0.2621933575539337,0.5297119655082063,0.10076198437449764,0.1839562090493837,65791548.67333721,31531174.40741061,442139537.6148752,6
2023-10-29,247397,206902,177499,29403,2966,26437,6110,0.23111548208949578,0.44350394628822604,0.27466585042342617,0.44125406089414543,0.10087406047002007,0.15426670411913318,62105712.36902203,27544128.52270276,448535011.97036874,6
2023-10-30,262767,220434,189367,31067,2783,28284,5941,0.2100480837222458,0.4434868182199197,0.24984710464479995,0.4970779454658987,0.08958058389931438,0.15311982904470361,115206666.88877998,51092638.13622721,819021486.3396025,6
2023-10-31,259457,218271,188234,30037,2901,27136,5753,0.21200619103773585,0.4799030462559276,0.2565502546858874,0.5013818809564463,0.0965808835769218,0.1598806723879933,114666857.67916757,55028974.30482742,800940933.0909005,6
2023-11-01,253320,213449,183879,29570,2524,27046,5343,0.19755231827257266,0.4822762857252821,0.23270206290158946,0.47093230375567957,0.0853567805207981,0.237275184312027,134924631.858835,65070950.305730015,993142202.7606051,6
2023-11-02,251893,209885,178536,31349,2696,28653,5950,0.20765713886853035,0.6323761763469969,0.24913075377205016,0.659782114889489,0.08599955341478197,0.16581164737474008,229151644.0266623,144910040.45320886,1146349862.7525964,6
2023-11-03,240431,199687,169341,30346,2749,27597,6082,0.22038627387034823,0.5487829621144141,0.2594740657747314,0.5662709054171443,0.09058854544256245,0.14858596231172452,159521720.48370466,87542802.28863506,870915416.1412691,6
2023-11-04,248008,204519,174300,30219,3284,26935,7102,0.26367180248746985,0.2414633706322182,0.30824977663059666,0.26407630871461235,0.1086733512028856,0.08179033188952921,193304759.26606894,46676018.73163452,615259874.1546886,6
2023-11-05,268635,223668,190642,33026,3144,29882,7157,0.23950873435513018,0.5587562318360536,0.2769030460849028,0.5950275345572043,0.0951977230061164,0.19911058587458305,151102800.23118123,84429631.2770508,859631471.0286367,6
2023-11-06,272544,227761,195460,32301,2875,29426,6147,0.20889689390335078,0.4986376965784775,0.2459985758954831,0.5178626847745194,0.08900653230550137,0.13486111814966656,163638409.75732443,81596279.71315731,909902013.0699985,6
2023-11-07,246617,205148,174046,31102,2536,28566,5913,0.20699432892249528,0.5488653714726812,0.24400360105459457,0.5653808969405262,0.0815381647482477,0.13084747548361042,145907714.67947575,80083692.01828045,869817722.7946907,6
2023-11-08,264676,220735,188058,32677,2498,30179,6008,0.19907882964975646,0.4935549370898117,0.23071273372708634,0.5122296593646286,0.07644520610827188,0.11124497201126285,133042686.52193509,65663874.77659321,713608916.2599963,6
2023-11-09,256928,212459,179414,33045,2784,30261,6617,0.21866428736657745,0.48624591795923655,0.25807232561658344,0.5367929812143474,0.08424875170222423,0.17963239388883478,299704134.4691073,145729911.98110953,1933878358.9420702,6
2023-11-10,281759,231756,195589,36167,3134,33033,7252,0.2195380377198559,0.4988442796097784,0.25979484060054747,0.5466104469259739,0.08665357922968452,0.17743363391353822,241059886.82040715,120251345.58374073,1392748843.3432622,6
2023-11-11,255462,210297,178254,32043,3223,28820,6633,0.23015267175572518,0.5272419049501307,0.2681396872951971,0.5428488153663792,0.10058359079986269,0.22405933540130293,163317683.7336543,86107926.68377486,995585490.0035223,6
2023-11-12,266145,220871,189344,31527,3745,27782,6609,0.2378878410481607,0.5212431431860055,0.2824880261363276,0.5530456263058278,0.11878707139911822,0.20995558637805714,121128111.5404809,63137197.58754533,750142265.3038585,6
2023-11-13,315700,261937,225634,36303,4278,32025,7364,0.22994535519125683,0.5107787637589144,0.28061041787180124,0.5359937410698137,0.11784150070242129,0.20012626935134598,201404264.4879216,102873021.23091403,1405047708.8056192,6
2023-11-14,291962,244437,209825,34612,3680,30932,6713,0.21702444070865123,0.5104732651068616,0.2620478446781463,0.5579727262061788,0.10632150699179475,0.2048892935229879,205650544.74570602,104979105.0473453,1233361525.5219293,6
2023-11-15,276330,229572,196449,33123,3119,30004,6259,0.20860551926409812,0.6289379631880322,0.2489508800531353,0.6485640441049284,0.09416417595024605,0.11489284830164016,232047591.6201855,145943539.63628775,1216509198.8001647,6
2023-11-16,254038,210897,179389,31508,2715,28793,5626,0.19539471399298441,0.4908646796910431,0.2327028056366637,0.5565147338940526,0.08616859210359273,0.19158045104176435,187342982.664199,91960053.17782667,1369715804.4481745,6
2023-11-17,253881,212262,182028,30234,2455,27779,5790,0.2084308290435221,0.6165087017620146,0.24148309849837932,0.6316656560095766,0.0811999735397235,0.11954336180777013,202934012.12070554,125110584.3558931,1122450815.4677935,6
2023-11-18,245886,205010,176414,28596,2756,25840,5855,0.22658668730650156,0.578235830802702,0.2613302559798573,0.5937565882130497,0.09637711568051475,0.1554416766399414,165995849.59937134,95984748.00289287,783422275.1170609,6
2023-11-19,248208,203846,171669,32177,3198,28979,6532,0.22540460333344836,0.5804621552918926,0.26438139043416103,0.6272740122069809,0.09938776144451006,0.16014008354794476,146408301.54622003,84984478.26814422,729035288.6851792,6
2023-11-20,245815,200296,166481,33815,3067,30748,5848,0.19019123195004553,0.4431363221822046,0.21954753807481886,0.4971222447952432,0.0906993937601656,0.16354063157148954,161559036.41543514,71592677.2124368,1018883061.6780932,6
2023-11-21,232413,190865,159136,31729,2685,29044,5105,0.17576780057843272,0.5015335816916991,0.20542721169907655,0.538377720077035,0.08462290018594976,0.12755799018353325,203851352.1864951,102238298.79478887,1259934106.1734717,6
2023-11-22,243683,201205,168886,32319,3358,28961,5912,0.20413659749318047,0.5771725199208563,0.24026114669389523,0.6341692336651696,0.10390172963272379,0.2102120131029366,244930696.66787243,141367267.4017668,1273651279.6790757,6
2023-11-23,242011,204355,174628,29727,2707,27020,5370,0.19874167283493707,0.6369596671109302,0.23204494230833922,0.6433040571601751,0.09106199751068053,0.12942099067322332,165886426.61725155,105662963.0763463,834608051.0716184,6
2023-11-24,250243,208895,178010,30885,2803,28082,6287,0.2238800655223987,0.5911145247620637,0.26077383843289625,0.647624048714804,0.09075603043548648,0.24818748074389954,165341165.37983236,97735564.39710538,1002995288.2892665,6
2023-11-25,228099,190190,160876,29314,2691,26623,6224,0.233782819366713,0.5872618375343829,0.2695640308385072,0.6093891322920584,0.09179914034249846,0.17201899917612018,115370461.52285583,67752669.23110214,569338099.2409642,6
2023-11-26,252726,211186,179685,31501,2804,28697,6580,0.22929226051503643,0.5383341262243738,0.26170597758801306,0.5757941814774177,0.08901304720485063,0.15388582664084333,105938166.27959365,57030130.17793746,699414552.3396032,6
2023-11-27,285262,238652,204919,33733,3289,30444,6604,0.21692287478649325,0.5304093557641599,0.2609907212521863,0.5796448228418855,0.09750096344825541,0.19901015050392845,140396980.372831,74467871.91078669,966490419.157325,6
2023-11-28,283659,234716,200397,34319,3397,30922,6681,0.21605976327533793,0.5924824009378277,0.2576706780500597,0.6335106782724798,0.09898307060229028,0.18000979480087909,179084794.35952866,106104588.93359068,978246887.7707465,6
2023-11-29,277069,230765,197038,33727,2680,31047,6139,0.1977324701259381,0.5568718097303484,0.23123906662318025,0.6447217211735157,0.07946155898834761,0.26210182739337085,191679955.5788938,106741163.7522514,937664012.8003383,6
2023-11-30,283197,236722,201731,34991,3365,31626,7187,0.22724973123379497,0.7601676045445003,0.26935497699408417,0.7675475069417246,0.09616758595067303,0.09276346425066048,316412304.59484375,240526383.63226715,1070512215.6211759,6
2023-12-01,276644,233433,199474,33959,2816,31143,5999,0.19262755675432683,0.5212960267005635,0.22371094555198917,0.5643690591816816,0.08292352542772166,0.16150158371152787,168867234.1521318,88029818.20342001,882385630.2099121,6
2023-12-02,275377,228754,193157,35597,2762,32835,7042,0.2144662707476778,0.5470500493020277,0.24611624575104643,0.5919754564764735,0.07759080821417536,0.1893879104179956,164639062.0270064,90065806.99891344,851139618.198676,6
2023-12-03,260395,217978,185017,32961,2418,30543,6181,0.20237042857610582,0.529948304152187,0.23524771699887745,0.5639867415138967,0.07335942477473377,0.14593728473092707,153887516.21935168,81552428.25063759,700495491.477174,6
2023-12-04,283385,235451,198120,37331,2813,34518,6503,0.18839446086100006,0.5037376179661918,0.220245908226407,0.5255752226566933,0.0753529238434545,0.14625641549441307,262636242.37079686,132299755.12345663,1195467617.983565,6
2023-12-05,278070,229275,191914,37361,2691,34670,6201,0.17885780213441016,0.6225458002939932,0.21078129600385428,0.6336797459129878,0.07202698000588849,0.11393637583104443,329949488.12746304,205408668.14290488,1409920011.8913686,6
2023-12-06,266907,221672,186908,34764,2440,32324,5851,0.18101101348842966,0.524170281042292,0.21119548958692902,0.5483363152929399,0.0701875503394316,0.114636840356131,231635415.5405498,121416400.86323808,1190296109.0428624,6
2023-12-07,265975,220366,186036,34330,3093,31237,6134,0.19636968979095304,0.5029553054535311,0.2332944946111273,0.5355090549162584,0.09009612583745995,0.18305888005543003,217733551.87119374,109510245.08885849,1134223141.0777164,6
2023-12-08,255873,209228,173657,35571,2739,32832,6339,0.19307383040935672,0.5275992340467178,0.22602681960023616,0.576330003993862,0.07700092772202075,0.16722545038883174,182272249.9291098,96166699.45057026,1027166457.6592174,6
2023-12-09,231198,187337,153642,33695,2657,31038,7151,0.2303949996778143,0.5991668809011222,0.2641638225255973,0.6063909109630837,0.07885442944056982,0.19944848979186822,202563953.00206578,121369611.90324928,1140876405.7953658,6
2023-12-10,233472,190106,157172,32934,2783,30151,7248,0.24039003681469934,0.5714700355796817,0.2796805732677476,0.5972980746851233,0.08450233800935204,0.12229398245812773,138634847.7541643,79225661.37865603,678275917.8450851,6
2023-12-11,240207,195626,161112,34514,2721,31793,6988,0.21979681061868964,0.5355827086106797,0.25592513183056154,0.5773456179215508,0.0788375731587182,0.17855058840162874,234873480.82523414,125794175.04119745,1391062483.5545568,6
2023-12-12,229801,187962,155890,32072,2197,29875,6713,0.2247029288702929,0.561087741459964,0.25371040159640806,0.5978203385161075,0.06850212022948367,0.1472340153726499,194915849.4814017,109364893.76026997,1065992056.0034187,6
2023-12-13,234870,189543,154704,34839,2133,32706,7889,0.24120956399437413,0.5037982887950125,0.26676999913889604,0.5308079392513991,0.061224489795918366,0.14666710516278283,230352443.68873408,116051166.95013371,1213415238.8807647,6
2023-12-14,241269,198307,164254,34053,2270,31783,6179,0.19441210710128057,0.5995548594768123,0.22300531524388453,0.628278681229402,0.06666079346900419,0.12105233248203064,238199393.47238755,142813603.88079923,1156699112.953408,6
2023-12-15,255179,208545,171252,37293,2774,34519,7067,0.2047278310495669,0.42922295243249403,0.238248464859357,0.4825778327387144,0.0743839326415145,0.14450881431574927,224348326.81963128,96295451.21081223,1065565691.5017792,6
2023-12-16,227873,184023,148939,35084,2486,32598,6256,0.1919136143321676,0.35892736563747046,0.224233268726485,0.4135529070341457,0.07085851100216622,0.14256055956272004,305343471.0235926,109596127.66909939,1201063211.372026,6
2023-12-17,207895,168148,136664,31484,2794,28690,6302,0.21965841756709656,0.5525752538155703,0.257337060094016,0.6054608680117334,0.08874348875619362,0.19527046325610098,189761894.99514258,104857727.29146451,925621776.5675868,6
2023-12-18,218257,180227,150297,29930,2752,27178,5886,0.21657222753697844,0.49764216045728127,0.263047109923154,0.5666778368636345,0.09194787838289342,0.2009796889933063,208437228.16522777,103727152.54387122,1210134469.59094,6
2023-12-19,219033,180814,151452,29362,2051,27311,5432,0.19889421844677968,0.5716824884137123,0.23179619916899394,0.622386784629529,0.0698521899053198,0.16876934089026957,225973480.01730192,129185081.37179744,1093627565.6784756,6
2023-12-20,197246,163590,136466,27124,1949,25175,4852,0.19273088381330686,0.610969671430086,0.22780563338740598,0.645340991573438,0.07185518360123876,0.16832515526574157,239825926.915073,146526367.76771796,1319243527.0455303,6
2023-12-21,212989,174427,143599,30828,2135,28693,5859,0.2041961454013174,0.5335608677892866,0.23683015440508629,0.5994101023739988,0.06925522252497729,0.1877439031270934,202509291.82964668,108051033.48402017,1111394782.476949,6
2023-12-22,209651,171104,141381,29723,2583,27140,6476,0.23861459100957996,0.5124607250140216,0.27974968879319045,0.553836314679107,0.08690239881573192,0.1944298637912262,200198073.18536022,102593649.73097986,1338082737.4383922,6
2023-12-23,201496,161306,130490,30816,3562,27254,8494,0.31166067366258166,0.6024629095556189,0.37113836967808933,0.6267359349493055,0.11558930425752856,0.18572213943642,169185765.97264826,101928148.8232777,869303955.9225059,6
2023-12-24,183930,147776,119781,27995,3064,24931,7400,0.2968192210500983,0.5626212572576191,0.34895517056617253,0.6208818847398169,0.10944811573495267,0.19806065479506205,160518379.05000418,90311052.23406842,944513053.3146391,6
2023-12-25,169291,134118,107562,26556,2574,23982,6896,0.28754899507964304,0.6036932815025543,0.3352914595571622,0.6315551623576329,0.09692724807953004,0.14466595101713994,154816896.46500757,93461920.25900161,842026340.5718992,6
2023-12-26,197708,157193,127017,30176,3118,27058,8037,0.2970286052184197,0.562123899048691,0.34408138918345704,0.6177734059224786,0.1033271474019088,0.18685130950129722,176637356.34362748,99292079.46553291,1011705003.1714445,6
2023-12-27,198184,159167,129355,29812,2791,27021,7638,0.28266903519484843,0.5626197241690216,0.32305782906212266,0.6018202907506509,0.09362001878438213,0.17214135246573906,215290424.63419127,121126639.32392022,1288921203.073504,6
2023-12-28,214273,172555,141212,31343,3301,28042,7141,0.2546537336851865,0.5156182611505763,0.29387742079571194,0.5484349886386428,0.1053185719299365,0.2028139843435015,297611176.26155955,153453757.202963,1534234844.5109282,6
2023-12-29,215345,175797,146652,29145,2882,26263,6894,0.2624985721357042,0.5542827449128053,0.3042031223194373,0.5934787635150395,0.09888488591525132,0.20623280327501287,221394633.36558095,122715225.09083834,1335619871.5077834,6
2023-12-30,184972,150951,125724,25227,2814,22413,6512,0.29054566546200866,0.5986947084933092,0.33472073571966543,0.6244793563837577,0.1115471518611012,0.2368709334241387,119607336.5448935,71608279.48640615,742665832.7679365,6
2023-12-31,173773,139357,113482,25875,2879,22996,6887,0.29948686728126633,0.580380659885432,0.3486376811594203,0.6110586481166717,0.11126570048309178,0.13934948098642708,133104615.46493623,77251344.55733636,745790200.4282999,6
2024-01-01,189432,151204,123126,28078,3378,24700,7469,0.3023886639676113,0.014827107756420719,0.34924139896003986,0.01721812238621005,0.12030771422465987,0.05171440186478396,6441773296.668071,95512866.81213102,14414378737.365982,6
2024-01-02,218454,173670,141252,32418,3154,29264,7490,0.25594587206123565,0.5597699440362958,0.29292368437287924,0.6196755223872321,0.09729162810784132,0.18902697005105618,211357582.98514748,118311622.39924273,1211349852.8070998,6
2024-01-03,237708,191341,158209,33132,4404,28728,7399,0.25755360623781676,0.5424618275101928,0.3002233490281299,0.5885984839627382,0.13292285403839188,0.2820156252275565,257087777.94713193,139460305.85573584,1682355788.4109683,6
2024-01-04,239367,192877,159701,33176,3606,29570,8570,0.28982076428812986,0.5943269272829406,0.33530262840607666,0.654620949874179,0.10869303110682421,0.21876617878432134,207042725.57298753,123051066.90607879,1148174601.2706978,6
2024-01-05,209179,170152,140892,29260,2820,26440,7088,0.2680786686838124,0.5110345731590861,0.3062200956937799,0.5990739463019572,0.09637730690362269,0.22414012800148733,244020816.38268286,124703073.74205604,1278950363.7425296,6
2024-01-06,181159,147384,122060,25324,2391,22933,6388,0.27855056032791176,0.49808035318561295,0.3163797188437846,0.5378853560440946,0.09441636392355078,0.14085286132742877,132633921.14335689,66062350.287475936,674400913.3564296,6
2024-01-07,163744,134253,112438,21815,2760,19055,4765,0.25006559958016267,0.5172259542501878,0.29667659867063945,0.5900359356033303,0.12651845060738023,0.2129440023319447,122326713.14552672,63270550.936984055,673539487.9761153,6
2024-01-08,205198,162539,131857,30682,2807,27875,6638,0.23813452914798205,0.4932171650669765,0.2741998565934424,0.5400350425866869,0.09148686526302066,0.17812007812937958,238034095.36942944,117402501.7073923,1335728203.9285533,6
2024-01-09,217887,173782,142365,31417,3486,27931,7161,0.2563817980022198,0.5404413860547854,0.29939204889072796,0.5193137581357423,0.1109590349174014,0.29972379854836767,248725775.62863442,134421702.92829075,1735491508.0828965,6
2024-01-10,195167,156468,129051,27417,2701,24716,5667,0.22928467389545235,0.4713646498191177,0.26724295145347776,0.5142632813986145,0.09851551956815115,0.18488232842490673,295002463.3470386,139053732.83135396,1965472210.2182844,6
2024-01-11,209824,167830,136856,30974,2727,28247,6588,0.2332283074308776,0.4565433037575733,0.26870924000774843,0.508619517044839,0.0880415832633822,0.17373658461379596,239976676.34632352,109559744.64391243,1600118578.4922924,6
2024-01-12,200687,160763,132433,28330,2952,25378,6036,0.2378438017180235,0.49899544595728007,0.27652665019414047,0.5278362357038519,0.10420049417578539,0.18793182333750316,287385706.9883422,143404159.02039605,1864357456.9886253,6
2024-01-13,208763,169371,140687,28684,2868,25816,6493,0.2515106910443136,0.6050030595543131,0.28545530609398967,0.6155345357279485,0.09998605494352251,0.11021397833870428,190026039.40044197,114966335.23225585,876515695.6848795,6
2024-01-14,183411,149816,124952,24864,2531,22333,5894,0.2639143867818923,0.5160810313161345,0.2980212355212355,0.5431263215327704,0.10179375804375804,0.1206428064122499,167945611.68662876,86673544.48425442,779330653.0550733,6
2024-01-15,210760,173776,145758,28018,2459,25559,6483,0.25364842129973786,0.6438470737781007,0.284138767934899,0.661240742697909,0.0877650082090085,0.1085555933404492,209650820.18437308,134983067.09088737,883614932.1071624,6
2024-01-16,271516,224668,189771,34897,3367,31530,7976,0.25296542974944497,0.5402161228103901,0.28586984554546235,0.5673693639844216,0.09648393844743101,0.1573168968886208,195513832.00555855,105619724.2818448,1098080092.2757869,6
2024-01-17,295072,247868,213612,34256,3616,30640,7571,0.2470953002610966,0.6289934604957519,0.2794838860345633,0.6380750165375026,0.10555815039701075,0.11988958336772639,233926234.0019043,147138071.4255968,1024320535.6370656,6
2024-01-18,236821,195151,163947,31204,2863,28341,6914,0.24395751737765076,0.5898537143180483,0.2794193052172798,0.6984405019359623,0.0917510575567235,0.317065886285789,226482824.99473098,133591735.55238658,1031182564.4993777,6
2024-01-19,262958,212385,173268,39117,3399,35718,8343,0.23357970771039813,0.5179001165789384,0.2683999284198686,0.5577227541217161,0.0868931666538845,0.1608185205516127,251239417.5680071,130116923.64769548,1188204850.6260493,6
2024-01-20,216302,172732,141001,31731,3184,28547,7695,0.2695554699267874,0.6092953297151976,0.3065141344426586,0.6248357414594662,0.1003435126532413,0.10717065989679143,156868864.9079428,95579466.7661338,610545092.4404016,6
2024-01-21,210880,168483,136547,31936,2981,28955,8057,0.278259367984804,0.5610557637493818,0.3119676853707415,0.581066538659415,0.09334293587174348,0.11634463359686431,159125653.2307768,89278364.90551275,544278107.1866415,6
2024-01-22,224214,175063,141155,33908,3301,30607,8144,0.2660829222073382,0.5958126230707466,0.3066238055916008,0.6091436274089809,0.09735165742597617,0.21441117277856034,283460565.19670475,168889382.88696504,1359539368.5079904,6
2024-01-23,225138,175786,141164,34622,3893,30729,8174,0.266002798659247,0.6438631534178251,0.3038241580497949,0.6823616987782912,0.11244295534631159,0.2302130439285151,310780593.1317644,200100172.7148799,1572011507.6750016,6
2024-01-24,219377,171089,138489,32600,3230,29370,7889,0.2686074225400068,0.5896312766382307,0.30512269938650305,0.6220728181113029,0.09907975460122699,0.18320305142243254,173473499.51761264,102285400.98347142,872376183.4990845,6
2024-01-25,212446,168842,137931,30911,3089,27822,6781,0.2437279850478039,0.5704709497007074,0.2799974119245576,0.615305260864109,0.09993206301963702,0.16321512410221153,224189733.83504108,127893730.37402472,976883605.7414902,6
2024-01-26,224355,174801,139873,34928,4476,30452,9041,0.29689347169315644,0.5859274550871688,0.3479443426477325,0.6321252718720439,0.12814933577645443,0.23893983844960826,212294270.65145728,124389041.732395,1010931023.0509723,6
2024-01-27,180247,141382,113575,27807,3707,24100,6658,0.2762655601659751,0.5917311510686246,0.3110367892976589,0.6360722365286591,0.13331175603265366,0.17163104542994476,124557986.5302935,73704840.7443608,526896957.7547549,6
2024-01-28,190129,149410,120163,29247,3225,26022,6791,0.26097148566597494,0.5560080466514076,0.3044072896365439,0.5706610115873693,0.11026771976612985,0.26854383593986986,121223514.75507236,67401249.64718586,564944305.0848436,6
2024-01-29,203454,158288,126749,31539,3121,28418,7453,0.2622633542121191,0.5935307383188763,0.2969339547861378,0.6298014546213675,0.09895684707822061,0.1844946752096212,219266959.69241482,130141680.47517425,922452092.4088694,6
2024-01-30,244704,201731,170056,31675,3313,28362,7141,0.2517805514420704,0.5671811417256002,0.2976164167324388,0.6022457877155697,0.10459352801894238,0.16737636304295364,212214997.83166867,120364344.76146162,1041508286.1464192,6
2024-01-31,236972,192321,159545,32776,3614,29162,6968,0.23894108771689185,0.5646485191293784,0.27633024164022457,0.6188013093781838,0.11026360751769587,0.19097194938350018,209582522.82445285,118340461.14822644,1186039848.3717277,6
2024-02-01,200330,165052,139237,25815,2424,23391,5283,0.22585609849942284,0.5548438100721478,0.2622118923106721,0.5796698000109987,0.09389889599070309,0.18726266389898488,180591047.51601335,100199824.86870512,907277515.7178345,6
2024-02-02,210583,173009,144532,28477,2642,25835,6271,0.24273272692084383,0.5519055270967475,0.27868104083997614,0.6081577519908701,0.09277662675141342,0.18667876045572204,168265089.63399404,92866432.98643094,830791530.6641773,6
2024-02-03,213376,175938,147702,28236,3769,24467,6850,0.27996893775289167,0.6942554015340231,0.34452472021532793,0.7238781106459427,0.1334820796146763,0.20378027243109692,165699105.18713817,115037498.80552495,680168375.9156979,6
2024-02-04,178816,144825,119579,25246,2676,22570,5863,0.259769605671245,0.5530239726335463,0.2959676780480076,0.6322892780354898,0.10599698962211836,0.25221495815641354,109197447.2980509,60388806.10621041,557551279.5774281,6
2024-02-05,175632,142569,117401,25168,2324,22844,5773,0.25271406058483625,0.619959535664414,0.2921567069294342,0.665090058616956,0.09233947870311507,0.18508535772981752,155478794.23249686,96390561.07804172,815153272.6674744,6
2024-02-06,194743,161862,137025,24837,2239,22598,5502,0.24347287370563767,0.5167158769222842,0.2821999436324838,0.5761208611597975,0.09014776341748199,0.18498410747151028,154811112.8649011,79993359.94130208,886062374.0570765,6
2024-02-07,196153,165895,142224,23671,2194,21477,4958,0.2308516086976766,0.49708373241891884,0.27020404714629714,0.5575931306595616,0.09268725444636898,0.22074996569266803,165032297.08513606,82034870.20474729,994073607.1435466,6
2024-02-08,228777,195575,169419,26156,2792,23364,5494,0.23514809108029447,0.4361780204795,0.27714482336748736,0.47764046662086956,0.10674415048172503,0.14930314595133315,176209149.81358248,76858558.15606406,1098124903.427494,6
2024-02-09,212411,182709,159194,23515,2185,21330,4847,0.2272386310360994,0.46782679901657565,0.26221560705932384,0.49445594151822764,0.09291941314054859,0.12487205431379432,186709708.63480517,87347805.3359384,1179112439.147828,6
2024-02-10,203805,169539,143271,26268,3031,23237,5649,0.2431036708697336,0.4975458187374217,0.2851758793969849,0.5591555007235435,0.11538754377950358,0.1989203946660308,138361459.48393106,68841165.64063708,729620102.2382034,6
2024-02-11,205744,169902,142114,27788,2396,25392,5927,0.2334199747952111,0.6205441270008328,0.26799337843673526,0.6324466017637812,0.08622426946883546,0.11849525594708583,242240340.9956624,150320820.92753738,1008491700.7500522,6
2024-02-12,206624,172315,145731,26584,2397,24187,5304,0.21929135486004878,0.39238081359298727,0.25887752031297023,0.454388309337682,0.09016701775504063,0.1611324712620022,196259740.77332953,77008556.76018782,1136841668.3664892,6
2024-02-13,218529,179068,148732,30336,2760,27576,6568,0.23817812590658544,0.5483189847399802,0.27950290084388185,0.3882285707712049,0.09098101265822785,0.4975758746385352,208328667.3973631,114230563.39955515,1277199375.4934523,6
2024-02-14,223815,178794,144944,33850,3508,30342,8531,0.28116142640564235,0.6625271572247758,0.32469719350073856,0.7208118382417573,0.10363367799113737,0.2669767705977996,297655712.0401742,197204992.72969308,1327198462.0219178,6
2024-02-15,229710,189361,158474,30887,3087,27800,6689,0.24061151079136692,0.49780152961222035,0.2882118690711302,0.5778515126689195,0.09994496066306213,0.22867906751994901,214135628.27202418,106597043.29828745,1252230277.413229,6
2024-02-16,239737,193713,159330,34383,3544,30839,7467,0.2421284736859172,0.6154715084938566,0.29331355611784893,0.685602817606741,0.10307419364220691,0.25892242567506457,236016157.01833022,145261220.18899462,1112419159.8803096,6
2024-02-17,219916,178103,146398,31705,3082,28623,7116,0.24861125668168954,0.5476045330849877,0.29468538085475476,0.5815937351221252,0.09720864217000473,0.27841588611505125,151800069.31083342,83126406.07722771,759564817.9587435,6
2024-02-18,249098,202141,166482,35659,3127,32532,8064,0.24787901143489488,0.522797548525789,0.2848088841526683,0.5598220774582537,0.08769174682408368,0.18472845371719673,178290780.9427548,93209983.20162067,867927846.5172229,6
2024-02-19,252893,205054,168040,37014,3023,33991,7301,0.21479215086346387,0.479775457728792,0.25285027286972495,0.5153908831409283,0.08167179985951262,0.18569026167247052,258207561.31733787,123881650.9200609,1186584343.0190775,6
2024-02-20,225923,184563,152168,32395,2457,29938,6407,0.21400895183378985,0.4342519815869843,0.24886556567371507,0.45064209362815955,0.07584503781447755,0.23404643794653124,262584611.3458027,114027887.81116295,1431786371.9185402,6
2024-02-21,212371,175728,146572,29156,1951,27205,4964,0.18246645837162287,0.4400359104104134,0.21477568939497874,0.5050402363628455,0.06691590067224586,0.29799340831083765,238502168.45340496,104949518.83025183,1377464734.0518365,6
2024-02-22,205253,170875,143876,26999,2047,24952,4759,0.19072619429304263,0.4739411881023149,0.2250453720508167,0.5107013032291773,0.07581762287492129,0.14813407964786562,238720722.52328092,113139582.8573268,1437246377.6229265,6
2024-02-23,207961,171353,142330,29023,2562,26461,5596,0.21148104757945657,0.45802432994978076,0.24976742583468284,0.47250067586531086,0.08827481652482513,0.21482892940579515,208643658.23360878,95563871.76071972,1174259348.7266772,6
2024-02-24,215095,176982,146880,30102,2521,27581,5761,0.2088756752837098,0.4724015493247711,0.24360507607467943,0.4356758124954653,0.08374858813367883,0.28361967483867884,163450540.11878607,77214288.39008519,936993277.423275,6
2024-02-25,214453,175717,144581,31136,2221,28915,6027,0.20843852671623725,0.5163640827323309,0.24219552929085303,0.5602378313881953,0.07133221993833505,0.153193396702988,209698629.23893684,108280840.33719078,1053788232.1928412,6
2024-02-26,223131,181922,149393,32529,2380,30149,6074,0.2014660519420213,0.5079430649572092,0.23775707829936366,0.4978861702799449,0.07316548310738111,0.17713160168174086,278463155.4451745,141443428.65447772,1608047655.2663937,6
2024-02-27,239245,196623,162816,33807,2200,31607,6167,0.1951150061695194,0.5629220299262089,0.22625491762061112,0.6307112617907368,0.06507528026740024,0.21661894370892595,398994873.98565507,224603004.39415687,2006572670.664278,6
2024-02-28,220845,180576,148789,31787,2185,29602,5600,0.18917640699952706,0.46914111199724595,0.22408531789725358,0.5003602581681914,0.06873879258816497,0.2285847054682155,363543294.8988858,170553105.62800598,2433614567.0146966,6
2024-02-29,208318,172102,143361,28741,2035,26706,4895,0.183292144087471,0.4636439889401615,0.21599805156396784,0.5102892173116578,0.07080477366827877,0.1633026016302855,354310434.36606866,164273903.11260536,2278100487.407448,6
2024-03-01,225562,183131,149382,33749,2157,31592,5817,0.18412889339073182,0.42161525014482115,0.21301371892500517,0.4495935249663273,0.06391300482977273,0.1400024930272407,289641448.06712204,122117251.57912788,1683834842.2818544,6
2024-03-02,255079,209132,172551,36581,2252,34329,6683,0.1946750560750386,0.6376859267249124,0.22314862906973565,0.6274361291438315,0.06156201306689265,0.15553538509736956,345305326.81576127,220196347.3335575,1687780815.790693,6
2024-03-03,259538,214405,177484,36921,2185,34736,6550,0.18856517733763242,0.3984040993986148,0.2177080794128003,0.4244091145103234,0.05918041223152136,0.14733148279314937,254204420.33384785,101276083.14625359,1502849957.8655891,6
2024-03-04,276591,229310,190780,38530,2161,36369,6225,0.1711622535675988,0.443558473905993,0.19859849467947055,0.48311836361641747,0.05608616662341033,0.18983175126212154,336008678.82674134,149039496.79955834,2155648485.4814596,6
2024-03-05,258553,211903,176487,35416,2447,32969,6288,0.1907246200976675,0.4926873948208695,0.22518070928393946,0.5225612573037993,0.06909306528122883,0.19025850807398523,572939345.5906525,282279993.5694324,3886437049.268708,6
2024-03-06,289817,237642,195586,42056,2281,39775,6353,0.15972344437460717,0.41158987610863684,0.1866796652082937,0.44087709192584146,0.05423720753281339,0.150436874381862,493304659.54503286,203039203.70595336,2817339278.0867763,6
2024-03-07,279837,230806,191309,39497,2227,37270,6150,0.1650120740541991,0.4433126671570015,0.19533129098412538,0.4922824598798183,0.05638402916677216,0.17750381116037067,336161939.5163649,149024846.00367033,1856562595.260709,6
2024-03-08,280776,231414,191094,40320,2475,37845,6756,0.1785176377328577,0.46928526523392305,0.21123511904761905,0.5380095280267854,0.06138392857142857,0.21461406566604446,370943301.58898866,174078225.67293566,2020712426.8247342,6
2024-03-09,283165,230214,186597,43617,2469,41148,7399,0.17981432876446,0.4175068457416708,0.20700644244216704,0.4139857445309431,0.0566063690762776,0.204099551752563,261477443.7784369,109168622.78453025,1318295464.903599,6
2024-03-10,307275,249292,203191,46101,3097,43004,8110,0.18858710817598362,0.48869846916413534,0.22355263443309256,0.5763258223337815,0.0671785861478059,0.20853986852871112,369672399.67709357,180658335.81442803,1698717880.5804787,6
2024-03-11,291166,236469,193391,43078,2582,40496,6901,0.1704118925325958,0.46621559252166805,0.20226101490319884,0.4818505780374469,0.05993778726960398,0.17449456245340034,420837998.651814,196201236.8970884,2341376049.0552692,6
2024-03-12,274444,223076,182156,40920,2647,38273,6962,0.18190369189768243,0.4728410192140226,0.213049853372434,0.5547669569399132,0.0646871945259042,0.21773318791756574,440005947.0851617,208052860.47997916,2422006471.161092,6
2024-03-13,259967,210655,171632,39023,2314,36709,6452,0.17576071263177967,0.42611417086894365,0.20695487276734234,0.48530657782390885,0.05929836250416421,0.20456434053501218,395750227.67536235,168634780.1370827,2075845943.392161,6
2024-03-14,248391,200728,162431,38297,2225,36072,6322,0.1752605899312486,0.4468479774986674,0.2039324229051884,0.4922067170349918,0.05809854557798261,0.17502331671679736,416418050.68661815,186075563.74325287,2277676499.952589,6
2024-03-15,246916,196288,157137,39151,3012,36139,7307,0.20219153822739977,0.4948610385391797,0.23945748512170825,0.5435163306242107,0.07693290081990242,0.1863463550634202,604676253.8391646,299230718.95482963,3052910194.329605,6
2024-03-16,235524,189749,153695,36054,2693,33361,7497,0.22472347951200503,0.4952900312606261,0.2606922948909968,0.5471794263404899,0.07469351528263161,0.1737077897511393,329492399.15409166,163194300.67716876,1940349589.724408,6
2024-03-17,249293,200492,162661,37831,2855,34976,7636,0.21832113449222323,0.47836649715487795,0.2542623774153472,0.5078569460295126,0.07546720943141867,0.1802392875834578,304617170.21665406,145718648.689772,1688798952.2434926,6
2024-03-18,240657,193367,156137,37230,2432,34798,7000,0.20116098626357837,0.42621676634845646,0.23515981735159816,0.4866303389752396,0.06532366371206016,0.18416988900240666,312477104.34535694,133182980.97200724,1902062101.6107864,6
2024-03-19,233360,184462,147231,37231,2940,34291,7225,0.2106966842611764,0.5102011515339584,0.25070505761327927,0.5497397885479831,0.07896645268727673,0.18423137137779827,527421995.0076352,269091309.19723314,2559629012.1411357,6
2024-03-20,228032,181989,147070,34919,2559,32360,7046,0.2177379480840544,0.48444310751415975,0.25352959706749906,0.5230141326550651,0.0732838855637332,0.13325923328918735,453843441.9796464,219861327.35754216,2766213208.2583528,6
2024-03-21,225433,181257,146024,35233,2284,32949,6769,0.20543870830677713,0.5004270989345372,0.2373343172593875,0.523034173795527,0.06482558964607045,0.19421047093707147,301809226.7857163,151033515.79205182,2040037803.9021192,6
2024-03-22,232280,185033,148542,36491,2634,33857,7247,0.21404731665534454,0.5011611841475163,0.25217176838124467,0.556062832338711,0.0721821819078677,0.18382490649841443,316930067.82895315,158833048.0851108,2167398068.2381825,6
2024-03-23,211805,170109,136636,33473,2075,31398,6750,0.2149818459774508,0.5366513151051439,0.24655692647805694,0.5793101709114489,0.061990260807217756,0.1362540204140749,204083957.54840988,109521924.2102165,1264811260.4391608,6
2024-03-24,230778,185058,148304,36754,2335,34419,7405,0.2151427990354165,0.6574731936781584,0.24541546498340316,0.6589671701511131,0.06353050008162377,0.1443625182608328,266052142.69186616,174922151.94053835,1382820020.9653816,6
2024-03-25,249812,198133,157070,41063,2468,38595,8239,0.2134732478300298,0.505844732911585,0.2413608357889097,0.5364850957686005,0.060102768916055815,0.17404316861146765,332758361.9918349,168324064.74585626,1738994723.8217075,6
2024-03-26,247816,198279,158368,39911,2409,37502,8035,0.21425523972054825,0.5089485236979885,0.24547117336072763,0.5255286581135935,0.06035929944125679,0.3088070726616208,317687926.0814018,161686800.97580516,2036116685.9376774,6
2024-03-27,251931,201767,161976,39791,2341,37450,7716,0.2060347129506008,0.45954992746290774,0.23663642532230905,0.4916668307097878,0.058832399286270765,0.2260302660017817,341200864.62541217,156798832.58888957,2169097260.584027,6
2024-03-28,263298,211339,169745,41594,2804,38790,8218,0.21185872647589585,0.4958988969232306,0.24695869596576428,0.5496824463981511,0.0674135692647978,0.1794034601085551,308458673.7069781,152964316.03769314,1725406899.9380262,6
2024-03-29,259192,208330,168598,39732,2731,37001,8244,0.22280478905975515,0.5927033439467463,0.258129467431793,0.6423843218118613,0.06873552803785361,0.18359054016517976,349978593.1036695,207433482.4423226,1719869597.284787,6
2024-03-30,246907,197841,158345,39496,2596,36900,7897,0.21401084010840107,0.5604512849737092,0.2468857605833502,0.5950445289744125,0.06572817500506381,0.16479128776722576,259056327.73612928,145188451.760284,1234725039.3524444,6
2024-03-31,255928,206312,165622,40690,2642,38048,7907,0.2078164423885618,0.5144996567921052,0.24111575325632834,0.561252548142052,0.06492995822069304,0.18953724608907935,252893725.4187906,130113734.93284467,1298314388.8646946,6
2024-04-01,279315,222509,178118,44391,2971,41420,9144,0.2207629164654756,0.5959656553472182,0.24854137099862586,0.6232126584009965,0.06692798089702867,0.13396686725513837,379873848.8243693,226391767.26388535,1745445184.1755302,6
2024-04-02,283047,226203,181933,44270,3108,41162,8417,0.2044847189155046,0.5457089494246744,0.23596114750395303,0.5934936788687084,0.07020555681048114,0.1914830320177211,567605940.1954738,309747641.31127656,3091897945.7388287,6
2024-04-03,302649,245704,199865,45839,2834,43005,7647,0.17781653296128358,0.5436153221353867,0.20593817491655578,0.5773591559348781,0.06182508344422871,0.17072724254791524,388063644.2128576,210957342.95780468,2141579518.7830234,6
2024-04-04,287752,232968,189981,42987,2768,40219,7523,0.18705089634252467,0.5564933739785469,0.21687952171586758,0.5782859721074917,0.06439156023914207,0.20220752809112247,360809603.4682514,200788153.59790885,1801025399.9403453,6
2024-04-05,280253,225011,182986,42025,2820,39205,7758,0.19788292309654382,0.5476450420447135,0.22945865556216538,0.5874816710187183,0.06710291493158833,0.17588102022617574,288210193.0618808,157836883.29708874,1523339128.2140932,6
2024-04-06,266838,214456,172710,41746,2824,38922,8191,0.21044653409382869,0.580370356493327,0.23911272936329228,0.6024458514470383,0.06764719973171082,0.19152316623095092,242660984.44060424,140833242.04681516,1073550106.2736346,6
2024-04-07,284110,227451,183874,43577,2990,40587,8112,0.19986695247246655,0.5547623953800361,0.22869862542166738,0.5763174603478326,0.06861417720357069,0.1480524557949071,307453118.302747,170563428.37669358,1500578231.137397,6
2024-04-08,277576,224005,182783,41222,2779,38443,7479,0.1945477720261166,0.5597985454055068,0.22354567949153364,0.59688524538106,0.06741545776527097,0.18603958217053623,425252324.4175708,238055632.63926682,2324792338.894678,6
2024-04-09,247453,203048,167029,36019,2127,33892,6247,0.18432078366576182,0.5515658965048772,0.21205474888253423,0.6002581443273282,0.0590521669119076,0.21140853262114015,337474342.71194375,186139338.38530743,2276967693.377628,6
2024-04-10,254086,206395,169692,36703,2539,34164,7221,0.21136283807516684,0.5400926550372124,0.24123368661962238,0.5731213156369557,0.069176906519903,0.1587131549932318,296232059.997983,159992759.79145342,1964785242.965605,6
2024-04-11,244767,195640,157791,37849,3999,33850,7274,0.21488921713441655,0.5355028063074821,0.24064043964173426,0.5803489835832185,0.10565668841977331,0.19590045420583346,309840875.0314099,165920658.0880859,1969104003.722515,6
2024-04-12,241395,192080,154459,37621,3822,33799,7721,0.2284387112044735,0.5630972897785211,0.25919034581749556,0.5830051784626237,0.10159219584806359,0.18123317206320103,411353422.98093164,231631997.62168026,2595153291.9113626,6
2024-04-13,250059,196407,157212,39195,4668,34527,8506,0.24635792278506677,0.538249276744232,0.2821278224263299,0.588783760414326,0.11909682357443552,0.2745626707464899,534689117.0566965,287796030.53877884,2889261440.3992286,6
2024-04-14,253118,198629,159572,39057,4384,34673,9343,0.2694603870446745,0.6262587537483467,0.30289064700309803,0.6443851532077383,0.11224620426556059,0.20387147596164829,379372873.07157123,237585582.69573194,2211249311.0246134,6
2024-04-15,244033,192055,154405,37650,3999,33651,8553,0.2541677810466257,0.5931366131732395,0.29142098273572375,0.62471037480415,0.10621513944223107,0.19392745944084258,356744047.9536089,211597956.3729153,2047851984.8803062,6
2024-04-16,221840,176126,142793,33333,3918,29415,6519,0.22162162162162163,0.5473086291842881,0.2644826448264483,0.5627081104383327,0.11754117541175411,0.23228018380735407,252751140.6901875,138332880.3359117,1914479895.7602394,6
2024-04-17,200613,159444,129148,30296,3260,27036,5661,0.20938748335552596,0.5906664945313795,0.24788750990229733,0.6020700713348368,0.1076049643517296,0.212921954790034,285547345.60230875,168663249.64965606,1578684706.2333417,6
2024-04-18,230731,184009,150614,33395,3557,29838,6212,0.20819089751323816,0.6254440641734688,0.24156310824973798,0.6448941433199369,0.10651295104057494,0.17998633017893514,264743404.48779237,165582190.8659654,1482242178.080244,6
2024-04-19,244456,191583,154641,36942,4197,32745,6877,0.21001679645747443,0.6889884004631377,0.24243408586432785,0.7004463652025315,0.11361052460613935,0.17074032593001087,394491681.82765174,271800192.85844684,2153114443.4486837,6
2024-04-20,208791,167966,137135,30831,3148,27683,6106,0.22056857999494275,0.5950894824890052,0.25367325094872045,0.6355118006263917,0.10210502416399078,0.1929290446254793,162878893.2181785,96927516.2735878,962249249.4186475,6
2024-04-21,224144,179397,146499,32898,3340,29558,5817,0.19679951282224778,0.6231313192050283,0.22773420876649036,0.6275361663737111,0.10152592862788011,0.1723668691194553,180468933.36586252,112455844.52379426,962382773.1507303,6
2024-04-22,257843,205044,165865,39179,3777,35402,7624,0.21535506468561097,0.617047278419896,0.24668827688302408,0.6596024599311717,0.09640368564792363,0.179492342832448,280044190.0547495,172800505.3105873,1455814197.96517,6
2024-04-23,252747,203111,165947,37164,3219,33945,8209,0.24183237590219472,0.603396383738227,0.2743246152190292,0.6478445865804623,0.08661608007749436,0.1938367586391806,275470697.98304665,166218022.98881567,1329975849.8374658,6
2024-04-24,278593,221913,181339,40574,4818,35756,9816,0.2745273520528023,0.6916052214238451,0.32883127125745554,0.7559719313713815,0.11874599497214965,0.31327118731807574,486942834.25006056,336772206.7022678,2120345624.7419143,6
2024-04-25,249563,201315,166055,35260,3838,31422,8368,0.2663102285023232,0.6693104756650258,0.30964265456608053,0.7019445017290679,0.10884855360181508,0.20293044769147237,291361280.61467636,195011157.3185801,1502624607.7102559,6
2024-04-26,213826,171582,140153,31429,3002,28427,8030,0.28247792591550286,0.7396926011875108,0.32056381049349325,0.7414727919137135,0.09551687931528206,0.1919474359635201,299195505.52864677,221312701.748097,1324557180.717294,6
2024-04-27,217038,173309,141724,31585,3027,28558,8105,0.28380838994327334,0.7101807232342237,0.32005698907709357,0.7137892105635936,0.0958366313123318,0.17541270671967524,238854044.7526424,169629538.2498512,1252111680.1978016,6
2024-04-28,234556,189164,155823,33341,3416,29925,8005,0.26750208855472013,0.6495420772055381,0.3076992291772892,0.6939680767268774,0.10245643501994542,0.22729550167301102,234652618.49541104,152416749.23922795,1142224429.1651092,6
2024-04-29,210272,170602,141528,29074,2861,26213,6911,0.26364780833937357,0.5947163782168992,0.3046364449336177,0.6471641571000392,0.09840407236706336,0.2675081842166523,257376589.43935186,153066073.10918915,1448960866.8969998,6
2024-04-30,204469,161469,130884,30585,3173,27412,7596,0.27710491755435573,0.5974706863948788,0.32483243419977115,0.6102443886107273,0.1037436651953572,0.23206387996370087,318975298.72064185,190578390.6696334,1776124673.344593,6
2024-05-01,218758,171708,138725,32983,3414,29569,8326,0.2815786803747168,0.6407167493356806,0.32456113755571053,0.6371487687882323,0.10350786768941576,0.16973076794238767,363203502.3985456,232710567.40413022,1617657322.7117598,6
2024-05-02,202950,162005,132924,29081,3098,25983,6996,0.2692529730977947,0.6579364127393612,0.31453526357415496,0.7064436282834994,0.10653003679378288,0.28132758099631194,241271656.5002942,158741408.17348695,1238923188.5152216,6
2024-05-03,216482,171716,140155,31561,2976,28585,7635,0.2670981283890152,0.572223951440711,0.3035074934254301,0.5900006441195067,0.0942935901904249,0.16225931562315724,257593132.737264,147400960.2789088,1296360429.6855855,6
2024-05-04,201841,159656,129254,30402,2882,27520,7394,0.26867732558139534,0.6823932249267329,0.3097822511676863,0.6851067348860778,0.09479639497401486,0.15131812047186805,256913464.0261436,175316007.24389833,1008140058.9782813,6
2024-05-05,208140,164298,133906,30392,3357,27035,7523,0.27826891067135195,0.5610451379695787,0.3224203737825744,0.5943896249177315,0.11045669913135035,0.19743791864334856,141544404.62817565,79412800.02343668,786999093.2435758,6
2024-05-06,231409,180631,144914,35717,3662,32055,8830,0.2754640461706442,0.5876351718902789,0.3187837724332951,0.6459522302614827,0.10252820785620292,0.19581163928782538,198400310.74544957,116587000.70798701,1143810134.2517438,6
2024-05-07,211379,169686,139213,30473,3024,27449,7274,0.2650005464679952,0.6197111797196767,0.30850260886686576,0.6351628097530699,0.09923538870475503,0.1627020431244233,173154609.97253522,107305847.6199803,1136184276.0416594,6
2024-05-08,212837,169376,139221,30155,3242,26913,7878,0.2927209898562033,0.5554508760866969,0.34007627259161,0.5847802713105511,0.10751119217376887,0.1644260165178875,176773898.2430141,98189216.64834279,1095067711.244053,6
2024-05-09,224397,174696,141674,33022,3141,29881,8488,0.2840601050834979,0.5498612695060403,0.32584337714251105,0.5991386108257347,0.09511840591121071,0.20303003874663042,156749800.70858952,86190644.41244385,885606238.1979669,6
2024-05-10,202052,157946,127907,30039,3266,26773,7891,0.29473723527434353,0.646118556814091,0.3434868004926928,0.668031822456556,0.10872532374579713,0.1384548393482087,197051904.5874195,127318892.20949145,969101654.8926035,6
2024-05-11,167765,134269,109179,25090,2665,22425,6296,0.28075808249721296,0.6424657803665607,0.32355520127540854,0.6368867431649521,0.10621761658031088,0.17159104917946696,109726494.23471723,70495517.74539453,497209593.5647856,6
2024-05-12,190944,151732,123603,28129,3252,24877,7307,0.2937251276279294,0.6631363983884302,0.3389384620853923,0.6575226898058556,0.11561022432365174,0.19913049178733164,94153969.99400052,62436924.55579383,670776500.5606852,6
2024-05-13,256826,202927,165728,37199,4358,32841,9843,0.299716817392893,0.6272157470992068,0.34737492943358694,0.6431235884775619,0.11715368692706793,0.14503120034384676,222361764.571179,139468800.29180998,966015847.4700234,6
2024-05-14,247492,195205,157988,37217,3788,33429,9455,0.2828382542104161,0.5878028332477012,0.3256844990192654,0.6310127999689522,0.10178144396378,0.15194893390976988,189290460.4536107,111265468.96139431,928165891.7583699,6
2024-05-15,250605,196498,158816,37682,3598,34084,9571,0.2808062433986621,0.6707143856311122,0.31882596465155777,0.7068023075469307,0.09548325460432036,0.1603022144863562,328347448.6187199,220227357.27384788,1335767016.2686799,6
2024-05-16,219480,173676,140786,32890,3255,29635,8447,0.28503458748101906,0.6099063599741915,0.3277591973244147,0.6458420772027575,0.09896625114016418,0.20601224266028126,213479528.79593545,130202522.3369346,1005335011.1684856,6
2024-05-17,224274,177238,143382,33856,3435,30421,8844,0.29072022615956084,0.7120921268296864,0.33113775992438566,0.7201588917410623,0.10145912098298676,0.14078769703637975,308755803.01553255,219862576.44033825,1284854169.2454493,6
2024-05-18,222799,174546,139404,35142,3538,31604,9794,0.30989748133147704,0.645017369549727,0.34593933185362247,0.6304619200755526,0.10067725229070627,0.174651696292927,179578429.72141066,115831206.36677483,760623943.6693361,6
2024-05-19,234280,182673,146251,36422,3675,32747,10055,0.30705102757504504,0.6862825410072709,0.34053593981659436,0.6425136563886661,0.10090055460985119,0.20608792063288686,192910713.65824547,132391254.75690675,775046694.6115239,6
2024-05-20,277003,218865,179145,39720,4167,35553,9976,0.280595167777684,0.6099839990473274,0.31953675730110775,0.614221807317358,0.10490936555891239,0.19549984216898814,511670567.98963946,312110859.2571377,2452138435.232204,6
2024-05-21,273860,216331,175024,41307,3317,37990,9688,0.2550144774940774,0.5858605102562808,0.2885467354201467,0.633830757248446,0.08030115960975137,0.21002982862577568,430893891.2771383,252443715.00993866,2909305242.516652,6
2024-05-22,291937,235583,193119,42464,3536,38928,9187,0.23599979449239622,0.6698106605173041,0.2718538055764883,0.6251108015631532,0.08327053504144687,0.2021681128767823,337032631.1844513,225748049.30954224,2031637657.311711,6
2024-05-23,288633,229871,188859,41012,3840,37172,9918,0.266813730765092,0.6108229590328261,0.3042524139276309,0.5747070086232583,0.09363113235150687,0.22803921835331384,483937304.33747184,295600016.2217839,3560381838.761679,6
2024-05-24,286486,229040,187979,41061,4014,37047,10042,0.2710610845682511,0.6235170114660421,0.31343610725505955,0.5797347910526296,0.09775699568934025,0.2592952840129819,308809754.5114441,192548135.24453774,1946076519.5065408,6
2024-05-25,252346,198252,159356,38896,3751,35145,10071,0.2865556978233035,0.712031136338041,0.32185828877005346,0.5832019866091963,0.09643665158371041,0.31300000703900677,230612524.16249043,164203297.63320202,1002994473.1271489,6
2024-05-26,297585,232187,186322,45865,4956,40909,12663,0.3095406878681953,0.612756974914366,0.3515316690286711,0.49356072476664575,0.1080562520440423,0.37297937781360174,230998122.04310358,141545710.47403166,1650939209.1139514,6
2024-05-27,307376,247016,202632,44384,3837,40547,10629,0.2621402323229832,0.6435284644742019,0.2970890410958904,0.48809533839103764,0.08645007209805335,0.3963223911024583,361182989.40303886,232431534.56473953,1822327359.7079108,6
2024-05-28,296375,245153,206243,38910,3427,35483,8882,0.2503170532367613,0.6294793115634021,0.28609611924955025,0.11189462845007866,0.08807504497558469,0.8727327755232848,261909700.73878536,164866738.11282727,3228998000.112072,6
2024-05-29,299754,241894,198114,43780,3427,40353,9973,0.24714395460064928,0.6276627597953224,0.2755367747830059,0.07186353218869335,0.07827775239835541,0.9026055625719197,261672138.67301857,164241856.72105116,4462405938.735905,6
2024-05-30,275223,224992,186962,38030,3282,34748,8288,0.23851732473811443,0.6245823164530945,0.2691033394688404,0.07268916540266031,0.08630028924533263,0.9087029046740474,263719692.77982834,164714656.61072358,4063366647.3307877,6
2024-05-31,287812,232035,191715,40320,3800,36520,9282,0.2541621029572837,0.6461235501527249,0.28355654761904764,0.07234834737531645,0.09424603174603174,0.9077552402061841,264696601.91970238,171026708.1457207,4214252141.259361,6
2024-06-01,303953,244954,202892,42062,4102,37960,10601,0.2792676501580611,0.6252671794495533,0.3059768912557653,0.14659569523369975,0.09752270457895487,0.8050053161245103,227179296.6294122,142047758.03280598,1858146657.165175,6
2024-06-02,316165,257922,216170,41752,3733,38019,8895,0.23396196638522843,0.611693850455665,0.2579996167848247,0.5580230114768847,0.08940889059206744,0.2202291245958093,205657065.7553197,125799162.4252854,950022373.4818887,6
2024-06-03,316796,261840,221792,40048,3793,36255,8135,0.22438284374569026,0.6047435114368266,0.2580403515781063,0.6114938545734869,0.0947113463843388,0.19226307915724106,256892580.5066186,155354121.19764018,1306350579.9051752,6
2024-06-04,298443,243515,202854,40661,3614,37047,8737,0.23583556023429697,0.6241275599031361,0.26293008042104227,0.6498917897268996,0.0888812375494946,0.21987190423682332,322151735.04367065,201063776.31136778,1406022069.4222147,6
2024-06-05,323896,267049,224158,42891,3932,38959,8991,0.2307810775430581,0.5701655430182198,0.26926394814763005,0.5838871020321431,0.09167424401389569,0.17472675136881455,260233423.73507667,148376131.35540047,1385730193.1641984,6
2024-06-06,324334,268703,227479,41224,3502,37722,8232,0.21822808970892318,0.6033666083478609,0.24871434116048904,0.617261832786074,0.08495051426353581,0.13213062933742317,247293021.03579038,149208351.37046108,1177343063.968804,6
2024-06-07,302316,247764,207141,40623,4350,36273,9805,0.27031125079260054,0.5854977212358319,0.31600324939073926,0.6182625599124902,0.10708219481574477,0.1805795689334505,284194634.1308349,166395310.67105478,1522374501.8111384,6
2024-06-08,289712,235771,196292,39479,3871,35608,9913,0.27839249606829924,0.6873454231086388,0.3116340332835178,0.6750469307018754,0.09805212897996403,0.17692223876230279,298634237.5987699,205264876.39705226,1170033172.6940906,6
2024-06-09,301374,246007,205061,40946,3614,37332,9847,0.2637683488696025,0.6073907586229912,0.2903580325306501,0.5785272482203708,0.08826258975235676,0.2144430568183116,237786234.74670237,144429161.51290423,931779822.9856875,6
2024-06-10,307838,251684,210641,41043,3902,37141,9172,0.24695080907891548,0.6600490861918573,0.28082742489584095,0.6421246420767146,0.09507102307336208,0.21518097987420376,309220712.16473776,204100848.4959305,1297426385.898269,6
2024-06-11,313109,256084,215271,40813,3894,36919,9262,0.2508735339527073,0.5918118558274703,0.28201798446573395,0.6154207941882761,0.09541077597824223,0.20449859199233414,365450257.3606765,216277795.0212486,1773310830.4252229,6
2024-06-12,272919,226359,191412,34947,3115,31832,7818,0.24560191002764514,0.6397107454733651,0.2781926917904255,0.6610317976541465,0.08913497582052823,0.17216966767761008,268137861.8934706,171530671.5215063,1517734048.889215,6
2024-06-13,243847,199293,166626,32667,3723,28944,8204,0.2834438916528469,0.7076238090033804,0.3348639299598984,0.7445518480643443,0.11396822481403251,0.20973997457739654,280823063.10456467,198717085.57004872,1433307718.726601,6
2024-06-14,275068,221987,183887,38100,4119,33981,9649,0.2839527971513493,0.6150078076877613,0.32223097112860893,0.6325711827049707,0.10811023622047244,0.13977986431492473,265114092.83214277,163047237.01982576,1435330040.9890552,6
2024-06-15,248840,200739,166232,34507,4184,30323,8146,0.2686409656036672,0.6037042300467046,0.3170371229025995,0.6034104562768938,0.1212507607152172,0.22199102707215118,135008692.19418657,81505318.57070394,759034747.7767458,6
2024-06-16,270433,216082,178309,37773,4798,32975,9737,0.29528430629264596,0.626212165049206,0.3475763111217007,0.4793523907862882,0.12702194689328355,0.4342414250904995,153147499.59812722,95902827.29521564,852494385.914349,6
2024-06-17,294419,235313,194479,40834,4477,36357,9947,0.2735924306185879,0.5766867072629778,0.31782338247538816,0.5147940398730448,0.1096390263016114,0.28227412370396693,262225860.16285196,151222167.85651717,1449087489.821147,6
2024-06-18,298087,236041,192604,43437,4314,39123,11473,0.2932546072642691,0.6386222726468934,0.33328728963786636,0.6498980368101533,0.09931625112231508,0.1933985475633935,314458569.09939367,200820246.05154496,1643363781.6944904,6
2024-06-19,276388,226090,190456,35634,3492,32142,8379,0.26068695165204403,0.6404156273449619,0.2947465903350732,0.577807303206448,0.09799629567267217,0.29514578495588367,214969363.28898707,137669739.65066367,1276721673.5048153,6
2024-06-20,267276,222526,189316,33210,3613,29597,7621,0.2574923134101429,0.6569534602304127,0.30328214393255043,0.6645298399095891,0.10879253236976814,0.18863139911041274,176184744.3658023,115745177.45092452,1207143969.4185634,6
2024-06-21,256440,212349,179966,32383,3690,28693,8159,0.2843550691806364,0.7128782034280874,0.3295556310409783,0.6645267916154274,0.113948676774851,0.22530048383923074,187774168.2187999,133860111.69002153,1302128974.0500343,6
2024-06-22,234071,189108,157109,31999,3978,28021,8861,0.3162271153777524,0.7032064204372462,0.35676114878589954,0.6283985550885532,0.12431638488702772,0.3513706277914533,158177062.63385162,111231126.01002888,708051458.465905,6
2024-06-23,265852,212851,175228,37623,5091,32532,10030,0.30831181605803515,0.6882818354603134,0.3607899423225155,0.6118061680841275,0.13531616298540786,0.24259601912661258,165298794.6462023,113772157.77846554,905168997.7050993,6
2024-06-24,275638,220197,181291,38906,4477,34429,10649,0.3093032036945598,0.5957917242741354,0.352978974965301,0.5908628336619428,0.11507222536369711,0.17670584874959852,345381925.90844166,205775693.17011213,1985847328.7971897,6
2024-06-25,276227,224521,186602,37919,3639,34280,9484,0.2766627771295216,0.6855046865690032,0.31503995358527387,0.6877113004738281,0.09596772066773913,0.1815268354685367,243822567.94334733,167141513.0164538,1207197116.8344042,6
2024-06-26,243653,198592,165557,33035,3332,29703,8199,0.276032723967276,0.750903055560386,0.31669441501437867,0.740728880851976,0.10086272135613743,0.20786047897222318,262191844.68665937,196880657.31822667,1173357930.5354633,6
2024-06-27,249457,206726,175443,31283,3043,28240,7459,0.26412889518413596,0.7720318561756102,0.30182527251222707,0.7722539167331994,0.09727327941693571,0.13251956807129264,433710773.6619647,334838533.63360655,1708267951.7601247,6
2024-06-28,253362,203241,167473,35768,4473,31295,9518,0.30413804122064225,0.7007417676976317,0.3526895549094162,0.7220695458395588,0.12505591590248266,0.3120889826377421,219719426.2855576,153966579.17285112,1223174364.867782,6
2024-06-29,241925,191624,155823,35801,4670,31131,10000,0.32122321801419806,0.7097655908908509,0.368704784782548,0.6035731939434723,0.13044328370715902,0.33288228234126976,143645492.03667313,101954627.53421631,618076772.9173309,6
2024-06-30,273974,220121,181657,38464,4024,34440,9813,0.2849303135888502,0.7119000372680747,0.31847961730449253,0.6604068814045592,0.10461730449251248,0.21228098386198938,217534120.65796843,154862548.60348558,838874677.1747128,6
2024-07-01,288863,236765,199078,37687,3956,33731,8797,0.2607986718448905,0.6012694502064341,0.30060763658556,0.5985390296515003,0.10496988351420915,0.1508597808148346,249474331.3804226,150001294.06972444,1098571192.243617,6
2024-07-02,287859,231982,191328,40654,4556,36098,8932,0.2474375311651615,0.6942032486933692,0.2825060264672603,0.6670192090845376,0.11206769321591971,0.23679280517505225,216453597.68541357,150262790.70458165,899492124.4696198,6
2024-07-03,292104,237044,197771,39273,3708,35565,9128,0.2566568255307184,0.642693033872373,0.2882132762966924,0.6422301647572559,0.09441601099992361,0.153843472324114,297412092.78713,191144680.22369227,1455999484.0122466,6
2024-07-04,286969,229417,188891,40526,4591,35935,10209,0.28409628495895367,0.5992656823627357,0.3288506144203721,0.6223255982434268,0.11328529832699995,0.21238091578268492,395093314.6131022,236765864.77857572,1754070996.007061,6
2024-07-05,266459,210486,172799,37687,4416,33271,10493,0.3153797601514833,0.6768878808913658,0.36243266909013716,0.7147462689794327,0.11717568392283811,0.24051801532708098,463374730.5603236,313652739.427585,2293509739.619003,6
2024-07-06,260591,206424,169670,36754,4225,32529,10417,0.3202373266931046,0.7646341409063065,0.3597431572073788,0.6212226651602922,0.11495347445176035,0.30076769786233865,209753325.67162362,160384553.97716266,886143959.883116,6
2024-07-07,260543,205346,167732,37614,4993,32621,10885,0.33368075779405904,0.7301485486851078,0.3831552081671718,0.5856065399901215,0.13274312755888765,0.34240449850796995,179784331.10064995,131269268.42946246,794900571.9241405,6
2024-07-08,287094,227507,188872,38635,4826,33809,10790,0.3191457895826555,0.6954211898974446,0.3654976057978517,0.6247544796294027,0.12491264397566973,0.2665036912565512,252254349.91603035,175423020.17541218,1549130044.9460666,6
2024-07-09,289097,234048,194677,39371,3737,35634,9545,0.26786215412246733,0.627494914133015,0.2990526021691092,0.6197596594872762,0.09491757892865307,0.21976257141478472,198548838.53297794,124588386.38646084,1200142247.3004675,6
2024-07-10,299204,243921,203085,40836,4277,36559,9466,0.2589239311797369,0.6215534566251046,0.2983886766578509,0.6362248126008051,0.10473601723969046,0.19215339256160144,223794338.47802812,139100144.65414703,1155124603.0233893,6
2024-07-11,276958,225883,190462,35421,3720,31701,8803,0.27768840099681397,0.6550887174265638,0.31662008413088283,0.6761643378711737,0.10502244431269586,0.24508380323462317,167109346.94825804,109471447.76232503,1047681622.6113038,6
2024-07-12,273680,219709,181479,38230,4340,33890,10025,0.29580997344349363,0.6798067306029947,0.33703897462725607,0.6751273338764396,0.11352341093382161,0.1865984573877047,195032263.18419895,132584245.1973531,993124706.1968956,6
2024-07-13,268033,213201,174410,38791,4747,34044,10873,0.3193808013159441,0.7033894074844883,0.35956794101724626,0.6738104291143702,0.12237374648758732,0.264430145115685,173938816.69540706,122346721.2139354,732344719.879221,6
2024-07-14,325469,259764,214735,45029,5516,39513,12632,0.3196922531824969,0.6715626834295436,0.36583090896977505,0.6613347282991751,0.12249883408470097,0.17607396925146265,183255894.0458754,123067819.95972821,866982316.0958493,6
2024-07-15,306458,246752,204703,42049,4388,37661,11390,0.30243487958365417,0.6435325532120018,0.3453114223881662,0.7023398094750897,0.1043544436252943,0.26477188190813933,405551940.54113686,260985875.75651973,1937944460.7802706,6
2024-07-16,319777,263054,221150,41904,4216,37688,10838,0.28757164084058584,0.639077701403967,0.3291571210385643,0.5644164170820843,0.10061092019854906,0.2912531476790789,304416275.3789971,194545653.5391665,1843673159.4172878,6
2024-07-17,343612,286932,245489,41443,4056,37387,9878,0.26420948458020166,0.6147152510060679,0.3013777960089762,0.6491324044286069,0.09786936273918394,0.23877830802381295,231867852.05569947,142532704.87665713,1462698767.9870625,6
2024-07-18,323499,270510,231028,39482,3987,35495,8876,0.25006338920974786,0.5992819038164553,0.2817739729496986,0.6138451823544049,0.10098272630565827,0.21574482984544227,248568252.6067974,148962455.6505311,1301257835.2114892,6
2024-07-19,319100,262669,222186,40483,4180,36303,9991,0.27521141503457014,0.6154311764226611,0.3131437887508337,0.6365157370852041,0.10325321739989625,0.16734519909974238,258473817.45248458,159072845.54923874,1586510279.5182316,6
2024-07-20,284928,232431,193803,38628,4152,34476,10429,0.30250029005685114,0.6899959392893578,0.3463031997514756,0.6866574600502825,0.10748679714196956,0.1711152854046545,177265483.85051337,122312464.03301744,919486301.8613721,6
2024-07-21,287131,237335,199717,37618,3962,33656,10207,0.30327430473021155,0.5957014430954638,0.3462969854856717,0.6133705487114022,0.10532192035727578,0.19060191735730414,173947643.3323095,103620862.1561118,1116559147.52109,6
2024-07-22,326019,267429,225492,41937,4953,36984,10613,0.2869619294830197,0.631846457803405,0.33426329971147195,0.4417939513659652,0.11810573002360684,0.4762368018955362,228370552.17591634,144295124.4589604,1531242608.5826602,6
2024-07-23,300405,245393,206643,38750,4586,34164,10672,0.3123756000468329,0.689339247339188,0.3551483870967742,0.7116754484873336,0.1183483870967742,0.20895757650260788,231348803.05541638,159477809.77104276,1920269217.3863018,6
2024-07-24,287320,235071,197254,37817,4086,33731,10189,0.30206634846283836,0.6874113133647748,0.3413015310574609,0.7019049484422957,0.10804664568844699,0.22568433867245927,208086676.76630667,143041135.76963824,1288231808.6466625,6
2024-07-25,297486,238579,197709,40870,5066,35804,12042,0.336331136185901,0.719255478098729,0.37602153168583313,0.7085914100243458,0.1239540004893565,0.21431914886957845,341952030.95767653,245950871.51329502,1823368087.4845905,6
2024-07-26,285590,227724,186171,41553,4747,36806,12191,0.331223170135304,0.7231039873531516,0.3729935263398551,0.7063160318201783,0.11423964575361586,0.2410826744814988,250990229.6770109,181492035.8661299,1159910275.9912353,6
2024-07-27,308444,251893,210393,41500,4450,37050,11302,0.3050472334682861,0.6431553552577437,0.34556626506024096,0.6189547092205311,0.10722891566265061,0.25737818019280617,198509589.56127673,127672505.59635183,1191830570.3097417,6
2024-07-28,297389,237867,195741,42126,5825,36301,12771,0.351808490124239,0.6892744190645124,0.404524521673076,0.6180374226621657,0.13827564924274793,0.27438988287006955,142243642.28988525,98044903.90498096,683926513.0881269,6
2024-07-29,294325,232181,190716,41465,5381,36084,12355,0.34239552156080255,0.6656006258442378,0.39450138671168455,0.6558619209056411,0.1297720969492343,0.19740676191475584,246068636.33823735,163783438.34736896,1411351382.5913649,6
2024-07-30,285536,234984,198575,36409,4412,31997,9743,0.3044972966215583,0.7181404828922145,0.3520283446400615,0.7130995786471047,0.12117882941031063,0.14422285358941644,231074343.3159893,165943840.4929459,1213497823.3778193,6
2024-07-31,307012,256903,221855,35048,4140,30908,9247,0.29917820628963376,0.6514113199271387,0.34161721068249257,0.6436329692010171,0.11812371604656471,0.16025543791419877,216209302.89054772,140841187.37645823,1339653628.5775876,6
2024-08-01,330369,275401,237205,38196,4626,33570,10059,0.2996425379803396,0.6780471989226438,0.3400617865745104,0.6602356291309566,0.12111215834118756,0.1861650357902372,336830946.4379813,228387279.74273628,1588435043.0442686,6
2024-08-02,310496,249736,211275,38461,5930,32531,10902,0.3351264947281055,0.6556423787021732,0.39138347936871115,0.6737359280647106,0.15418215855021972,0.18158105187101087,399897731.40769076,262189899.85774115,1794052272.8433156,6
2024-08-03,277925,214711,174877,39834,5918,33916,13011,0.38362424814246965,0.6276635162544011,0.4302103730481498,0.6412276169576367,0.14856655118742781,0.18156151031554177,375891124.26406837,235933144.78440517,1616906867.652067,6
2024-08-04,273655,209865,168052,41813,6214,35599,13713,0.385207449647462,0.6645052850481057,0.43311888647071484,0.6709706012013316,0.1486140673953077,0.1842836704152414,411028739.040082,273130769.3987931,1464383776.9962876,6
2024-08-05,288137,209690,164838,44852,7110,37742,14191,0.37600021196544964,0.6529979843613707,0.4276955319718184,0.6644444449850868,0.1585213591367163,0.259961090845441,1368221712.272079,893446020.2731309,5820915489.975018,6
2024-08-06,307898,240514,198565,41949,6255,35694,13714,0.38421023141144167,0.7183760805186155,0.4304035853059668,0.7251864770625144,0.14910963312593864,0.20520979487685503,291114457.6505076,209129663.06927413,1491791900.6231196,6
2024-08-07,326045,255425,212907,42518,7165,35353,13824,0.3910276355613385,0.7362467543605515,0.43082929582764945,0.7342368492129742,0.1685168634460699,0.19762559504177132,361588908.2506491,266218660.11231565,1588801587.8158603,6
2024-08-08,332011,263138,220485,42653,7375,35278,13381,0.3793015477067861,0.6686601482655405,0.44686188544768246,0.6840783414474944,0.1729069467563829,0.1939823795218774,287040199.19487,191932342.15181205,1275403273.0339158,6
2024-08-09,334161,264085,221305,42780,8245,34535,12859,0.3723468944549008,0.6840861722986374,0.4199392239364189,0.7010217100916568,0.19273024777933614,0.22550976088877508,238912596.4293986,163436803.6053164,1077540670.1866536,6
2024-08-10,279833,220604,181131,39473,5588,33885,12461,0.36774383945698685,0.7459483778636963,0.41240848174701694,0.6847384573231612,0.14156512046208802,0.2579937217150185,152454015.6207629,113722825.65111472,657858955.3627679,6
2024-08-11,297039,232138,189644,42494,6576,35918,12152,0.3383261874269169,0.7001278097706238,0.3990445709982586,0.6724495120937295,0.15475125900127076,0.24338137256772197,216930512.5186237,151879084.6020829,857139573.9642634,6
2024-08-12,327931,266171,226454,39717,6281,33436,10998,0.32892690513219286,0.6978935632943684,0.3940126394239243,0.689512427753957,0.15814386786514592,0.23880558247793418,215404247.9964204,150329238.18296564,1161911207.3398142,6
2024-08-13,308106,244672,204032,40640,7403,33237,12756,0.3837891506453651,0.6763526815488505,0.45354330708661417,0.655312055764579,0.18216043307086613,0.19831530807672973,245003147.5123662,165708535.80789748,1037145143.802446,6
2024-08-14,308762,247645,207809,39836,6413,33423,11336,0.33916763905095293,0.6647217209773914,0.40350436790842453,0.6497376572014392,0.16098503865849986,0.22838905758102776,187900008.58352178,124901217.0773052,985142382.9143898,6
2024-08-15,316708,255162,216062,39100,6955,32145,11443,0.35598071239695134,0.7410294195785742,0.4123529411764706,0.7111893776386135,0.1778772378516624,0.17238683062027157,305942282.99961424,226712232.39574802,1278975725.249534,6
2024-08-16,278366,217011,179371,37640,6676,30964,12213,0.39442578478232787,0.417807787371289,0.4492295430393199,0.4574997502490676,0.17736450584484592,0.20426034911914154,227192305.5184964,94922714.47646487,921542269.7833068,6
2024-08-17,277739,210265,169072,41193,8367,32826,15392,0.46889660634862607,0.7101586314347074,0.5278566746777366,0.6748148041472667,0.20311703444760032,0.2245506943613503,150477390.50857922,106862817.70543864,550458759.5651915,6
2024-08-18,299636,230014,186651,43363,8791,34572,15160,0.4385051486752285,0.6954557862569701,0.5012568318612642,0.6932244368039637,0.20273043839217766,0.23091097015434184,132088379.32025465,91861627.69557661,591929722.6054506,6
2024-08-19,298246,230028,190518,39510,7359,32151,13307,0.41389070324406707,0.7632390022093953,0.47172867628448495,0.6769694941829161,0.1862566438876234,0.2957318966609558,181264891.20277712,138348434.6972022,836141898.0030583,6
2024-08-20,294112,226027,182483,43544,7498,36046,15013,0.4164955889696499,0.6959071119620281,0.46963990446444975,0.6868371635693994,0.17219364321146427,0.23896915658697063,247461533.8011673,172210241.30926415,1063167173.0267105,6
2024-08-21,305128,211285,175778,35507,6205,29302,11198,0.3821582144563511,0.44993515369062054,0.44011040076604613,0.4572605436401529,0.17475427380516517,0.055187531416860475,1255503193.2771592,564895022.2262235,2114530948.52185,6
2024-08-22,254060,199059,163399,35660,5915,29745,11126,0.3740460581610355,0.7059976624693104,0.42142456533931577,0.7077743525555256,0.16587212563095904,0.24108522918293776,216765284.8673085,153035784.42081398,840461154.4271997,6
2024-08-23,275174,209748,169886,39862,6573,33289,13483,0.40502868815524645,0.6528392230368207,0.4470924690181125,0.6669305437050205,0.16489388389945311,0.23330348482329788,261312282.65252474,170594907.57685235,1143494986.0344799,6
2024-08-24,267485,210667,173648,37019,5317,31702,12422,0.3918364771938679,0.7052611953406045,0.43234555228396226,0.7342560621703349,0.1436289472973338,0.27826108275838285,185618229.77016324,130909334.60471231,818899529.9698019,6
2024-08-25,249401,198301,165037,33264,5147,28117,10735,0.3817974890635559,0.7040574687992905,0.4237012987012987,0.6869617906166052,0.15473184223184222,0.19366395963836308,131921851.60647747,92880564.92137215,588821464.3042302,6
2024-08-26,247323,198742,166748,31994,4580,27414,9986,0.3642664332093091,0.6513328603073171,0.40823279364880916,0.7122418839071128,0.1431518409701819,0.4915985608822992,172319642.05276975,112237445.34536356,924019680.2210054,6
2024-08-27,258588,199103,163537,35566,5992,29574,11397,0.3853722864678434,0.6010444806690041,0.4380025867401451,0.5578975894632182,0.16847551031884384,0.2804387848106031,246737461.73907813,148300189.5525525,1221215785.6115153,6
2024-08-28,256287,197871,162497,35374,6029,29345,11225,0.3825183165786335,0.7302852623975967,0.4372703115282411,0.6765027597339192,0.17043591338271047,0.25006075447515846,246056207.54457477,179691222.0912473,1164651338.607221,6
2024-08-29,246659,195532,163722,31810,4769,27041,10306,0.381124958396509,0.7334569152660809,0.4279157497642251,0.7096706545195263,0.14992140836215026,0.15548311765810727,152782611.12428325,112059462.66151401,762388348.8386738,6
2024-08-30,244089,193797,161851,31946,5493,26453,10557,0.39908516992401616,0.753807982833032,0.45533087084455015,0.7495269865459678,0.17194640956614288,0.2357209145929474,173505615.92557403,130789918.35105975,861032022.476696,6
2024-08-31,214635,168262,138071,30191,6452,23739,10072,0.4242807194911327,0.33870620037551336,0.4683846179324964,0.35041026868117886,0.2137060713457653,0.22637628292512468,181463023.3413338,61462651.144596264,499453801.14575267,6
2024-09-01,247613,190615,156623,33992,6382,27610,11511,0.41691416153567545,0.7077354410054404,0.4734643445516592,0.6360220517926478,0.1877500588373735,0.28280989191384764,118122462.81509046,83599453.31308678,701198957.5689147,6
2024-09-02,221175,175271,146561,28710,4048,24662,9494,0.3849647230557132,0.6623834026826095,0.43211424590734937,0.6638708304336799,0.1409961685823755,0.18142694659728198,130518636.31510097,86453378.43589059,719710180.5643058,6
2024-09-03,255359,199895,164585,35310,5085,30225,11095,0.3670802315963606,0.6263157991462226,0.411214953271028,0.6562018095916176,0.14401019541206458,0.22427031422187113,207743316.01135498,130112920.98493806,820711785.923584,6
2024-09-04,267893,209033,172607,36426,5114,31312,11003,0.35139882473173223,0.70943851662878,0.3949102289573382,0.7171258707079547,0.1403942239060012,0.19267554077990695,282206683.5745791,200208290.9778769,1220097222.2793903,6
2024-09-05,269087,210283,168790,41493,4760,36733,9269,0.2523344131979419,0.70214498784557,0.30706384209384713,0.710095943667773,0.11471814522931578,0.17562359863567026,191956690.64049456,134781428.2166459,842864372.9529223,6
2024-09-06,277517,217651,180337,37314,6417,30897,11567,0.37437291646438164,0.648560586697821,0.43452859516535347,0.25232573891300575,0.17197298601061264,0.6847611954619458,325998434.60104966,211429736.007428,2153951387.872254,6
2024-09-07,300564,235133,196800,38333,7351,30982,12783,0.41259440965722033,0.7265484597592107,0.45772571935408135,0.7288700006898142,0.19176688492943417,0.17909581420768575,166877810.21519098,121244815.97983688,697795853.9493515,6
2024-09-08,256239,199745,165145,34600,6118,28482,11386,0.39976125272101676,0.7125898903490396,0.4486127167630058,0.6939660316988799,0.17682080924855492,0.18216080540949783,114228526.19684064,81398092.95733908,574127410.4504786,6
2024-09-09,313262,254151,216474,37677,5568,32109,10956,0.34121274409044194,0.6411547946853507,0.38779626828038327,0.6394876192405887,0.1477824667569074,0.1896545156622307,186783200.2247545,119756944.39077523,860969512.4998091,6
2024-09-10,313266,252641,213081,39560,7320,32240,11301,0.3505272952853598,0.6677812919832263,0.42532861476238626,0.7029404182071923,0.18503538928210314,0.17173092183630934,175257510.14434797,117033686.55395608,751747539.8037531,6
2024-09-11,303798,238991,198848,40143,6799,33344,12728,0.3817178502879079,0.7324103003131325,0.4371870562738211,0.7646022864765546,0.16936950402311735,0.256174811187424,233422879.75507656,170961321.46137184,954564423.2016252,6
2024-09-12,318591,255871,215894,39977,6636,33341,12127,0.36372634294112355,0.6320033990952874,0.42074192660779947,0.6137718317143541,0.16599544738224478,0.2097812645113882,185931510.20574948,117509346.44895378,883955860.3096197,6
2024-09-13,290151,228849,189826,39023,5832,33191,12192,0.3673284926636739,0.6912057613476887,0.41811239525408095,0.6834293458113331,0.14945032416779847,0.19909427653451608,204503034.4406473,141353675.61846024,823286348.6911398,6
2024-09-14,282368,221937,182076,39861,6626,33235,12328,0.37093425605536334,0.73485712021901,0.4268834198840972,0.7484034073416331,0.166227641052658,0.22974594527170233,136234621.23602796,100112981.43563507,541962565.5018909,6
2024-09-15,267150,211349,175644,35705,5407,30298,11013,0.36348933923031224,0.7307510032529031,0.41067077440134436,0.7311440986282258,0.15143537319703124,0.15261166697026202,161949290.81728,118344606.74082352,545563839.4663252,6
2024-09-16,331524,258613,213964,44649,8602,36047,14288,0.3963714040003329,0.7273443088286441,0.46576631055566753,0.7289300251482261,0.19265829021926584,0.18779704218976154,272200546.43496037,197983518.30951548,1060083428.1017438,6
2024-09-17,324132,260214,219539,40675,6561,34114,12903,0.3782318109866917,0.6762371596654078,0.4361155500921942,0.7050694034748745,0.16130301167793484,0.16734262133350217,201606688.24314582,136333934.2270943,903820947.6536108,6
2024-09-18,360689,293011,249679,43332,6306,37026,12737,0.3440015124507103,0.6908330531065313,0.39529677836241117,0.7047549913339218,0.1455275546939906,0.18406992462570593,221227114.186935,152831002.72370753,1051659916.8108511,6
2024-09-19,381913,320701,277833,42868,6196,36672,13055,0.3559936736474695,0.6499034887066817,0.40853317159652885,0.6758177842970966,0.1445367173649342,0.23204518720146255,266438067.09602472,173159029.3299714,1153117049.0762844,6
2024-09-20,369000,307356,264736,42620,6760,35860,12057,0.33622420524261015,0.6780357399534988,0.4023228531206007,0.6850898167619671,0.15861098076020647,0.18221774763147638,238889693.1044038,161975749.83130866,991920408.2453709,6
2024-09-21,373448,314627,272935,41692,7318,34374,11171,0.3249839995345319,0.6780825523780585,0.404873836707282,0.6863680209499946,0.17552528062937733,0.1782451746215404,157208598.8520301,106600407.96536288,656221925.4988233,6
2024-09-22,378763,315045,271759,43286,7026,36260,11796,0.32531715388858246,0.6636874785617498,0.3905188744628748,0.6851075077641648,0.16231576029201128,0.18753024981058564,155358395.78435808,103109421.971519,724133384.5323787,6
2024-09-23,386614,326838,285746,41092,5935,35157,10311,0.2932844099325881,0.5903417883912836,0.3488270222914436,0.6205814548641289,0.1444320062299231,0.21891639157403223,205562879.85800147,121352358.12223515,1088895892.0874639,6
2024-09-24,378767,320391,278649,41742,6093,35649,9838,0.27596847036382505,0.6116510610686511,0.3403765991088113,0.6540847816384625,0.14596808969383354,0.1745079543017701,184155441.88011268,112638871.42753723,906458948.9528439,6
2024-09-25,363023,310506,272523,37983,4804,33179,9569,0.2884053166159318,0.6464673993984787,0.3442592738856857,0.6765842855899084,0.12647763473132717,0.1655906439171777,189428784.76544416,122459533.85853086,926115389.5446451,6
2024-09-26,332115,278363,239833,38530,4566,33964,9936,0.2925450476975621,0.6501236370973827,0.3330910978458344,0.674427151908829,0.11850506099143525,0.16715018988268313,267666491.53695685,174016313.0071022,1125014753.1590548,6
2024-09-27,318949,264214,225852,38362,4795,33567,10307,0.30705752673756964,0.6660846878661222,0.3483916375580001,0.6858192574442025,0.1249934831343517,0.17189960012778263,231327970.71200818,154084019.16641143,1084165548.7204227,6
2024-09-28,286041,230685,192902,37783,5131,32652,10967,0.3358752909469558,0.6784562129257566,0.37593626763359184,0.6581035749435388,0.13580181563136862,0.2775529297741774,148834067.83821505,100977398.01985054,694905394.9870913,6
2024-09-29,319777,261355,221758,39597,5831,33766,11231,0.3326126873186045,0.633514505163752,0.3769730030052782,0.651256804456853,0.14725863070434628,0.23557498972288993,134164924.7753914,84995425.9294141,631876990.7181492,6
2024-09-30,310033,253766,216697,37069,5358,31711,10404,0.3280880451578317,0.6973546236427285,0.3733038387871267,0.7136302950688437,0.14454126089185032,0.16155925139278504,304724924.19209254,212501334.82453567,1283962648.7262433,6
2024-10-01,294950,239256,201888,37368,4559,32809,10179,0.31025023621567255,0.5691078177460897,0.3512898736887176,0.6035115498434388,0.12200278312995076,0.19199241979018744,354523027.780637,201761826.68097466,1560260918.0029259,6
2024-10-02,303017,246819,209356,37463,5663,31800,10408,0.3272955974842767,0.6150165362832661,0.3813629447721752,0.6225460045244608,0.15116248031390972,0.18901271716070633,289406947.5149069,177990058.436931,1251296311.174921,6
2024-10-03,286899,228233,190290,37943,5985,31958,11155,0.3490518805932787,0.6251151915134817,0.409640776954906,0.6537807226723416,0.15773660490736105,0.15108303277362828,320858693.3637694,200573643.55085823,1235467222.6717157,6
2024-10-04,301169,237497,195654,41843,6281,35562,12706,0.35729149091727125,0.7054958097917857,0.40692588963506443,0.7041648941487985,0.1501087398131109,0.2408721210756383,242248175.38927826,170905072.66684142,990529827.7548618,6
2024-10-05,344012,269371,225067,44304,8777,35527,13137,0.3697751006276916,0.7953965319607228,0.4437522571325388,0.7956507291522568,0.19810852293246659,0.11904404787054547,222903056.18181467,177296317.85046154,673157122.6085527,6
2024-10-06,361458,295505,251793,43712,7486,36226,13143,0.362805719648871,0.7122401700341143,0.4251006588579795,0.7262828896262312,0.1712573206442167,0.18775310884032667,174131139.70754898,124023192.5535388,692611495.4703896,6
2024-10-07,377836,310461,265843,44618,6904,37714,12595,0.3339608633398738,0.6710547875271848,0.3859877179613609,0.6893454258705715,0.1547357568694249,0.18159195249247742,234566653.59244508,157407075.887441,1132478619.0845764,6
2024-10-08,384027,320762,277944,42818,5840,36978,11411,0.30858889069176265,0.7302476339382894,0.3562053342052408,0.7141338640183159,0.1363912373300948,0.21211253388304457,256046910.94577274,186977650.89535844,1135558085.1191313,6
2024-10-09,367895,305621,263323,42298,5641,36657,11074,0.30209782579043565,0.6944520119401424,0.3498037732280486,0.7134735602031533,0.13336327958768737,0.1765175022181625,263666289.38197643,183103585.14210534,1103311916.1774158,6
2024-10-10,350124,285481,242603,42878,5733,37145,12071,0.32496971328577196,0.6759985569152404,0.36519893651756147,0.6902531871657986,0.13370493026726993,0.22034893499481875,288423655.04435426,194973974.59020257,1155933133.1910732,6
2024-10-11,341517,282500,241382,41118,4699,36419,11583,0.3180482715066312,0.70036454358948,0.3589668758208084,0.7266708835274721,0.11428085023590641,0.15706749009165444,262651434.77357632,183951752.23831785,2342843045.2120595,6
2024-10-12,350936,283249,237573,45676,6277,39399,13692,0.34752151069824105,0.6351936680987514,0.3974078290568351,0.6729831141648984,0.13742446799194324,0.1758619798662005,207087783.34538513,131540848.7215947,828210374.8093691,6
2024-10-13,352770,289046,244430,44616,5693,38923,13121,0.3371014567222465,0.6789363320839998,0.3853550295857988,0.7033723769555977,0.12759996413842567,0.18224627773383362,167359704.3677415,113626583.82209697,693144745.3388921,6
2024-10-14,328840,266797,224792,42005,5370,36635,11947,0.32610891224239114,0.6277068858300371,0.3769789310796334,0.6643906138647772,0.12784192358052612,0.19812962354239874,305454231.02633667,191735724.1211505,1437585207.6662884,6
2024-10-15,312016,255251,215924,39327,4481,34846,11027,0.31644952074843596,0.6209415480686419,0.3570574923080835,0.6448412525378425,0.11394207541892339,0.192574727554936,223326508.9575014,138672708.19683635,1273335185.9929826,6
2024-10-16,325842,262720,220681,42039,5062,36977,12500,0.3380479757687211,0.8236337938387629,0.37964747020623707,0.8271942065902455,0.1204119983824544,0.10134950382171458,455392535.5203717,375076681.7164973,1457475615.8875296,6
2024-10-17,276575,227033,192886,34147,3846,30301,10028,0.33094617339361737,0.6582432865313745,0.3720092541072422,0.6684901004585488,0.11263068497964682,0.16932189917793264,198414418.22257766,130604958.74604017,888684783.4994624,6
2024-10-18,277555,233961,202197,31764,3691,28073,9045,0.3221957040572792,0.622982135027258,0.36616924820551566,0.6666207237584929,0.11620073038660118,0.2151996225857808,193453585.36355215,120518127.63846362,908201281.0246406,6
2024-10-19,268319,220078,185568,34510,3959,30551,10560,0.3456515335013584,0.6824384980874101,0.38551144595769343,0.7242366342777533,0.11472037090698348,0.19669934269926095,138017896.22090966,94188725.80618161,608724846.384867,6
2024-10-20,280307,227207,190838,36369,4178,32191,11197,0.3478301388586872,0.6417631311718286,0.3800214468365916,0.699884923375699,0.11487805548681569,0.22853914909541692,160604790.63604835,103070233.31978637,766618093.307347,6
2024-10-21,293273,237441,199130,38311,4249,34062,11945,0.3506840467383007,0.712482427136483,0.381926861736838,0.7326104596235314,0.11090809428101589,0.1529166834988737,256397100.30628362,182678428.33697724,1116815529.622122,6
2024-10-22,292731,240196,204202,35994,3810,32184,10935,0.33976510067114096,0.6815875224770581,0.3711451908651442,0.7091522383405443,0.10585097516252709,0.17653480501911367,181278877.94067952,123557421.29300877,934228234.6219699,6
2024-10-23,280208,228507,193678,34829,3817,31012,10305,0.33229072617051464,0.6510679233289931,0.3672227167015992,0.6814462195830989,0.10959258089523098,0.15920440666593294,218628504.98163432,142342006.71891508,1008110537.7429649,6
2024-10-24,293045,239342,202757,36585,4273,32312,11379,0.35216018816538747,0.690614965883591,0.390023233565669,0.7082263832102806,0.11679650129834632,0.2130797404046378,268255362.1342202,185261167.76841483,1226368717.663624,6
2024-10-25,293552,234088,194549,39539,4737,34802,12549,0.36058272513073963,0.7139217865414561,0.39965603581274184,0.7329567195969715,0.11980576140013657,0.1403483979213599,312048419.1003771,222778164.85157824,1571685707.69339,6
2024-10-26,262344,209937,174294,35643,3901,31742,11374,0.35832650746644823,0.7069060671499912,0.39126897286984824,0.699934306927929,0.10944645512442835,0.18027854885952402,181926306.95191604,128604810.15850106,786920708.2556517,6
2024-10-27,245139,197222,164493,32729,3578,29151,10494,0.3599876505094165,0.7285361109396948,0.3910293623392099,0.697377428969243,0.10932200800513306,0.2531311831014011,151696742.3969195,110516554.74807245,711135535.1323023,6
2024-10-28,277019,223242,186899,36343,3900,32443,11559,0.3562864100114046,0.639862759480356,0.39369342101642685,0.6797332650381916,0.1073108989351457,0.21211884640505219,206035959.1201214,131834737.3547827,1120164336.5458088,6
2024-10-29,292876,234182,194667,39515,4204,35311,11689,0.33102999065447025,0.5995233834828821,0.3685942047323801,0.6222361710309872,0.10638997848918132,0.17412398984695052,321648987.9044372,192836089.52231282,1477755722.1993837,7
2024-10-30,295132,238217,200502,37715,6586,31129,11432,0.36724597642070095,0.6042415123688911,0.4458173140660215,0.6365631674384424,0.17462548057801935,0.1977049230981315,226438790.0907309,136823716.9834051,1181202163.7612798,7
2024-10-31,255553,205514,172761,32753,4431,28322,10334,0.3648753619094697,0.6665926610221404,0.4157481757396269,0.7075183188799551,0.13528531737550759,0.19628256540735597,232483713.74225682,154971937.38776052,1232812996.3756762,7
2024-11-01,251567,199594,166865,32729,4198,28531,10744,0.37657285058357576,0.6468549040144485,0.42091111857985275,0.6668355005120443,0.12826545265666534,0.18681061565500792,236298771.87834758,152851019.40210056,1310610594.6736915,7
2024-11-02,276687,221673,185523,36150,4417,31733,11724,0.36945766237040306,0.7364373944158473,0.4103457814661134,0.7433926030210326,0.1221853388658368,0.1676933796188717,175141951.05714357,128981082.08943066,693470360.9935663,7
2024-11-03,297741,235303,196526,38777,4944,33833,13232,0.3910974492359531,0.6452262515583007,0.43383964721355445,0.6651832452898494,0.1274982592774067,0.1769367610021744,222344258.32127115,143462352.3521443,978133980.1534665,7
2024-11-04,293905,234679,197038,37641,5802,31839,12593,0.3955212161185967,0.6625783612467795,0.4570016737068622,0.6826230242698988,0.1541404319757711,0.27043242141174156,222621917.37271756,147504465.19043115,1187967846.851454,7
2024-11-05,287688,226069,188200,37869,5001,32868,13048,0.3969818668613849,0.660075667729882,0.42982386648710025,0.6388272701313842,0.13206052443951516,0.276776564027011,232562705.54922593,153508983.15447325,1185752684.4619346,7
2024-11-06,324552,259950,216959,42991,4760,38231,13473,0.3524103476236562,0.5943803279385489,0.3909190295643274,0.6308218122191354,0.11072084854969645,0.17764522430795704,408475962.0936387,242790076.30423123,2219271378.031227,7
2024-11-07,288980,234995,198385,36610,3929,32681,10324,0.31590220617484166,0.672209848413036,0.35700628243649274,0.6784785560275652,0.10732040426113083,0.12339599815473724,385307064.04931164,259007203.11705974,1850141762.4621873,7
2024-11-08,299624,243364,204986,38378,4082,34296,10762,0.31379752740844413,0.6947933167270134,0.35582886028453803,0.7068326830849899,0.10636302048048361,0.18771821674443978,392055472.6405166,272397522.1768814,1872846089.6620784,7
2024-11-09,308575,248174,207569,40605,4883,35722,11877,0.3324841834163821,0.6623020384310128,0.3781061445634774,0.5802346157158011,0.12025612609284571,0.2972341441663578,287101507.1546678,190147913.42515248,1420986714.9158435,7
2024-11-10,314478,254941,214538,40403,4405,35998,10969,0.3047113728540474,0.6013806982158949,0.3472514417246244,0.5768403462191333,0.10902655743385392,0.21284325033596121,368533319.198396,221628824.81535268,1866039631.4372308,7
2024-11-11,292172,241360,204927,36433,3536,32897,9788,0.2975347296106028,0.5997324845344421,0.3350533856668405,0.5603872952649327,0.09705486783959597,0.2452443524533345,428064982.6300107,256724475.5748891,2501573042.833864,7
2024-11-12,296301,242505,205159,37346,3590,33756,9995,0.2960955089465577,0.6078142251778905,0.33834948856637925,0.6275965291790819,0.09612809939484818,0.14034143811591557,464714397.1020825,282460021.2036128,2835060476.260169,7
2024-11-13,325100,269377,229756,39621,4269,35352,10705,0.3028117221090745,0.6151878673999566,0.34671007798894526,0.6402598807643508,0.1077458923298251,0.2507018784152814,476707935.72721434,293264938.35266054,2719930025.331688,7
2024-11-14,307187,251989,212515,39474,4197,35277,10914,0.3093800493239221,0.715780073968222,0.35651314789481686,0.22836821583345768,0.10632314941480468,0.7251625224511262,452597884.8209472,323960547.47499835,3505740804.695547,7
2024-11-15,282996,233872,198615,35257,3396,31861,9825,0.30837073538181475,0.6750436096321364,0.351533028902062,0.6721689596879455,0.0963212978982897,0.12321272470024064,340286726.7533631,229708380.3374947,1889214399.620078,7
2024-11-16,278578,225017,187238,37779,4256,33523,11165,0.3330549175193151,0.6794535202199095,0.38190529129939915,0.6517020350067687,0.11265517880303873,0.2478262694888019,261833673.7421057,177903811.33618498,1743703683.1103423,7
2024-11-17,274856,222775,186427,36348,3495,32853,10745,0.32706297750585944,0.7220150401998907,0.3652470562341807,0.7121534375105822,0.09615384615384616,0.18619449898103482,304241004.4706227,219666581.07331178,1757881830.9633965,7
2024-11-18,290037,234857,195955,38902,4255,34647,11565,0.3337951337778163,0.6513196834943852,0.37782119171250833,0.6155165718354977,0.10937740990180453,0.2177655255955432,343783956.99724126,223913258.0618905,2153563380.9980755,7
2024-11-19,284034,230794,193642,37152,4464,32688,10535,0.3222895252080274,0.6694130128255072,0.3731158484065461,0.6771698992974897,0.12015503875968993,0.1551214026875402,383792274.8391708,256915542.99924445,2016058518.0711203,7
2024-11-20,272063,220105,184104,36001,4030,31971,10904,0.341059084795596,0.6641963041641217,0.3816282881031082,0.6385645381014009,0.1119413349629177,0.17623900973975343,385225078.76085114,255865073.58429,2146669879.4788847,7
2024-11-21,267442,217010,182150,34860,3583,31277,9446,0.30201106244205006,0.589873035223581,0.33861158921399886,0.6021752524799588,0.1027825588066552,0.16328378664591314,537287495.6165118,316931405.82698834,2863290014.7674065,7
2024-11-22,249347,205414,173655,31759,2921,28838,8549,0.2964491296206394,0.6251113352360845,0.33102427658301586,0.6580693851676942,0.09197392865014642,0.16214074389464594,374810261.2245846,234298142.85428572,2057848284.3696084,7
2024-11-23,261268,211615,176588,35027,3277,31750,10070,0.31716535433070864,0.5726986179357768,0.3485311331258743,0.5437910911908088,0.09355639934907357,0.3332998467997887,273180044.62606716,156449834.0049825,2070105983.4013042,7
2024-11-24,270686,219895,184551,35344,3616,31728,10002,0.3152420574886536,0.6566960638061607,0.3553644182888185,0.7137271631493409,0.10230873698506111,0.2231908565031559,252107855.88514617,165558236.61438632,1621603118.8294349,7
2024-11-25,268871,220666,188507,32159,3477,28682,9090,0.3169235060316575,0.5724822480560002,0.35759818402313504,0.6181101667160216,0.10811903355203831,0.18501108489346052,418115541.7907219,239363725.311505,2732471177.3870063,7
2024-11-26,276249,227375,193249,34126,3577,30549,9321,0.30511637042129036,0.6526113677609588,0.34448807360956457,0.6898427644488647,0.10481744124714294,0.18680723423299908,332750195.2766097,217156560.0621944,2401888246.4577675,7
2024-11-27,277007,223874,186854,37020,3991,33029,10768,0.3260165309273669,0.5983299691644137,0.36528903295515935,0.5571178676495142,0.10780659103187466,0.26969703355611596,404732067.90728533,242163325.71081543,2335707466.146822,7
2024-11-28,261652,213961,180407,33554,3285,30269,9318,0.30783970398757804,0.579417506303654,0.3453537581212374,0.6290618547392797,0.09790188949156584,0.2019954643780797,252711832.69814888,146425659.91538763,1571205383.0424356,7
2024-11-29,264247,215287,180955,34332,3368,30964,10135,0.3273155923007363,0.656358622347289,0.3633344984271234,0.685963896894066,0.09810089712221834,0.20774247434800158,320279405.6380485,210218149.4507981,1766510768.3558004,7
2024-11-30,269965,217759,179991,37768,3409,34359,10366,0.3016967897785151,0.5779587121264746,0.3355486125820801,0.6295617253452527,0.0902615971192544,0.2200451912261437,251028544.12538514,145084134.0696915,1625113998.3640313,7
2024-12-01,266779,216565,178825,37740,3107,34633,9867,0.2849016833655762,0.510709146721281,0.3170641229464759,0.5289376304066751,0.08232644409114998,0.14178007451819816,224244083.46458215,114523504.52349247,1437524681.5446444,7
2024-12-02,261937,216616,184473,32143,3013,29130,8806,0.3023000343288706,0.7143902893423814,0.3390473820116355,0.7243662803282128,0.0937373611672837,0.1225157134069329,515750825.2314068,368447381.2656367,2771792785.2050815,7
2024-12-03,258775,210796,175939,34857,3558,31299,9539,0.3047701204511326,0.6248713087775726,0.34624322230828813,0.6585941958469003,0.10207418882864273,0.17308174409420649,450892518.058524,281749797.8772452,2614635916.767734,7
2024-12-04,255659,208284,174494,33790,3125,30665,9249,0.30161421816403067,0.5964196641341297,0.3375258952352767,0.6517998178462231,0.09248298313110388,0.2359386716852473,406613039.90806925,242512012.69452813,2610095064.9508204,7
2024-12-05,251742,204299,170232,34067,3263,30804,9175,0.29785092845085054,0.6362802284440318,0.33956614905920685,0.7227589799425322,0.09578184166495435,0.3632812065546486,568867180.4185681,361958939.5110388,3467762786.3451734,7
2024-12-06,255733,203533,168831,34702,3611,31091,9990,0.32131484995657905,0.5770748742288678,0.3564059708374157,0.6398129261930002,0.10405740303152557,0.2989473524070546,505390401.9716266,291648102.65425336,3249854426.941106,7
2024-12-07,244197,197437,162663,34774,2918,31856,9670,0.3035534907081868,0.5824292422323301,0.33752228676597457,0.5998787952822333,0.08391326853396215,0.26188993985697867,272790527.2716257,158881180.08697072,1538436304.7383482,7
2024-12-08,246426,199681,165166,34515,2877,31638,9712,0.30697262785258234,0.6266947690379577,0.3390409966681153,0.5636221949081449,0.08335506301607996,0.22848662216843976,249997700.06024742,156672250.8992774,1513272206.9073234,7
2024-12-09,238342,193685,161811,31874,3211,28663,8143,0.2840944772005722,0.5885973953192868,0.31376670640647547,0.5394716892318793,0.10074041538558072,0.23220557504495085,471146122.87840456,277315380.74100953,3168858202.5550513,7
2024-12-10,233367,190181,159771,30410,3023,27387,7808,0.2850987694891737,0.5503066810560203,0.3154554422887208,0.5029404500824651,0.09940808944426176,0.28206479241319715,347941663.80062634,191474622.20723233,2613430245.9109273,7
2024-12-11,244365,200062,166925,33137,2916,30221,8254,0.2731213394659343,0.5511248096625936,0.2973413404955186,0.4845324628676122,0.08799831004617195,0.3136334958102799,355352357.31076324,195843500.28604835,2139991170.2429805,7
2024-12-12,244987,200313,168196,32117,2946,29171,8065,0.2764732096945597,0.5743507255031799,0.3048541270977987,0.5919938124884958,0.09172712270760033,0.2103112735375457,354539492.90815324,203630014.9713273,2267564750.9485574,7
2024-12-13,238132,197276,167283,29993,2648,27345,7784,0.28465898701773634,0.6372672599008272,0.31654052612276196,0.6543159849916668,0.08828726702897342,0.1860085431211459,263662547.73775178,168023509.33530813,1711818050.4928253,7
2024-12-14,237719,193796,161611,32185,3105,29080,8734,0.30034387895460796,0.6113350894425952,0.33170731707317075,0.6361165983292241,0.0964735125058257,0.18478418414623046,253550937.41870165,155004585.00511584,1361338746.4184337,7
2024-12-15,239456,194530,161960,32570,3589,28981,8982,0.30992719367861704,0.7155577848940569,0.3444887933681302,0.7296261707640904,0.11019342953638317,0.1980102676118715,304087532.6749246,217592201.29476818,1634457370.746562,7
2024-12-16,245516,198787,164876,33911,3095,30816,8366,0.27148234683281414,0.5317807033013692,0.29851670549379256,0.5744596273683981,0.0912683200141547,0.20993678712525668,394413955.05867195,209741730.4129752,2347403230.9161096,7
2024-12-17,221067,181845,152406,29439,2802,26637,6928,0.26008934940120887,0.5179238280364538,0.29077074628893645,0.5307016231455304,0.09517986344644859,0.17787059086646356,245350511.68011814,127072876.22006944,1813339207.022172,7
2024-12-18,228797,185544,154373,31171,3044,28127,7585,0.26966971237600884,0.5790356132418544,0.3037117833884059,0.6356151138388275,0.0976548715151904,0.2747131052571508,365200976.73348486,211464371.51939762,2593773785.6080112,7
2024-12-19,224038,179189,147908,31281,3100,28181,8419,0.29874738298853837,0.598867018035842,0.33320546018349795,0.6285076472131645,0.09910169112240658,0.17016031429064324,487118628.10173404,291719280.24099576,2754571757.728278,7
2024-12-20,231481,183591,152344,31247,3193,28054,9223,0.32875882227133385,0.6890912961321988,0.3657311101865779,0.709171239203589,0.10218580983774442,0.14478436241245526,606721899.8814104,418086780.3810712,2830738213.7667866,7
2024-12-21,231796,186623,156473,30150,3323,26827,8949,0.33358183919185896,0.6509705160831258,0.37349917081260364,0.6693549499780027,0.11021558872305141,0.16138650668652957,248822867.63431096,161976350.55719072,1439151795.688082,7
2024-12-22,221955,177307,148222,29085,3721,25364,9227,0.3637833149345529,0.755138284072626,0.4124118961664088,0.7419094383736264,0.12793536187037993,0.13259215998123558,292765148.2814808,221078171.70954528,1392603527.1721747,7
2024-12-23,231047,185648,155766,29882,3271,26611,8435,0.3169741836082823,0.6244447205261874,0.3580750953751422,0.6416477945059071,0.10946389130580282,0.2047426096335824,258724289.1892304,161559016.45610547,1727004628.533805,7
2024-12-24,231162,188719,158534,30185,2945,27240,8645,0.3173641703377386,0.6738769671387357,0.3527248633427199,0.6952541357628801,0.09756501573629286,0.22037947866539226,258740749.38263884,174359431.46917635,1466028890.039661,7
2024-12-25,218742,177933,150055,27878,2957,24921,8576,0.34412744271899204,0.704476602422687,0.3816270894612239,0.6863689418026657,0.1060693019585336,0.18549277852052443,184121415.55969477,129709229.26674943,1147993680.598547,7
2024-12-26,240217,197693,167400,30293,2965,27328,8815,0.3225629391100703,0.7179546168851757,0.36057835143432476,0.7620815115490871,0.09787739741854554,0.25201820724147844,300541217.0527866,215774954.34733784,1619705836.9366944,7
2024-12-27,238371,193538,163447,30091,3263,26828,9137,0.3405770090949754,0.6710272319664073,0.3819746768136652,0.7058036279939414,0.10843773885879499,0.200875493165989,271189837.3822296,181975765.91601768,1600266508.0860977,7
2024-12-28,235738,192218,161647,30571,3244,27327,9313,0.34079847769605154,0.6822510121546963,0.3747996467240195,0.6948192163702808,0.10611363710706224,0.16760963031082934,228094977.22249103,155618029.0774469,1093854158.3886921,7
2024-12-29,235425,189995,157906,32089,3202,28887,10012,0.3465918925468204,0.6858968622058347,0.38150144909470535,0.6959788135275624,0.09978497304372215,0.1825784153636841,202984436.12067834,139226387.81179395,1073492147.140415,7
2024-12-30,238766,191027,159138,31889,3350,28539,9717,0.34048144644171136,0.702922713421544,0.3760544388347079,0.7206663532803642,0.10505189877387187,0.16915876110369718,423581915.165646,297745349.16453016,1956506420.2326305,7
2024-12-31,266388,212609,174497,38112,4542,33570,12511,0.3726839439976169,0.7019937863128815,0.41947418136020154,0.4930654916016315,0.11917506297229219,0.45346802790452095,394929358.0061607,277237955.3528602,1976939722.2272243,7
2025-01-01,260875,213173,177263,35910,3994,31916,11332,0.35505702468981076,0.6927983456753111,0.3971595655806182,0.6273857588005329,0.1112225006961849,0.29941531311110126,248458143.54890805,172131390.82024246,1130858612.720503,7
2025-01-02,220744,182618,154090,28528,2612,25916,8288,0.3198024386479395,0.6841944210875543,0.35000701065619744,0.7088936154979077,0.09155916993830622,0.17100479435737115,293676679.23368824,200931945.53520873,1420918066.5181332,7
2025-01-03,274653,223862,186900,36962,3279,33683,10107,0.30006234599055903,0.6243008930251156,0.32611871651966884,0.6405980102523776,0.08871273199502192,0.1414217560757319,322069713.3687725,201068409.67246768,1447896575.865986,7
2025-01-04,283368,232286,193639,38647,3713,34934,11961,0.34238850403618254,0.7040240147378588,0.3773384738789557,0.7165476720266741,0.09607472766320801,0.1726022680145746,245262268.43774754,172670526.88925746,1186924246.3330889,7
2025-01-05,285060,233909,194559,39350,3741,35609,12092,0.33957707321182845,0.7016995879764257,0.372579415501906,0.7049605880081866,0.09506988564167726,0.15935328658173958,241315670.53321043,169331106.58540866,1125996855.4458494,7
2025-01-06,294922,243984,205114,38870,3472,35398,10512,0.2969659302785468,0.7083223602699593,0.3254437869822485,0.7352077096409618,0.08932338564445588,0.18042663689558008,412570899.9245815,292233193.6132808,1951743089.0278141,7
2025-01-07,271711,221007,184114,36893,3523,33370,10752,0.3222055738687444,0.6827934874830082,0.3549724880058548,0.7040860612107522,0.09549236982625431,0.22242660417250237,340477233.62147236,232475637.75297204,1918990108.5476243,7
2025-01-08,273075,221530,185513,36017,3779,32238,10623,0.3295179601712265,0.6720612995080689,0.3668267762445512,0.7042400389079874,0.10492267540328179,0.16651583240262632,322514006.709497,216749182.4587386,1685241167.740956,7
2025-01-09,264835,213271,177853,35418,4058,31360,10482,0.33424744897959185,0.7231104250575531,0.3810774182619007,0.7222507269909433,0.11457451013608899,0.20188825455498624,360699311.1603843,260825432.21115208,1789414512.7668552,7
2025-01-10,254000,206544,173149,33395,3460,29935,9866,0.32958075830967093,0.7260776451521629,0.37089384638418926,0.7148202346878578,0.10360832459949094,0.22047233243968506,320237004.36754525,232516930.02177015,1607272662.5617132,7
2025-01-11,238172,193230,161120,32110,3503,28607,9632,0.33670080749466913,0.6748922632122921,0.3782310806602305,0.587216127834207,0.10909374026782934,0.3068979699327767,167322491.6256268,112924655.05953906,901639383.0177969,7
2025-01-12,239523,193726,161805,31921,3587,28334,9995,0.35275640573162986,0.8767482919355838,0.39654146173365495,0.8237802621021253,0.11237116631684471,0.12188103521761297,358730824.89720803,314516637.99327016,1035865765.5895162,7
2025-01-13,270931,212581,176362,36219,4401,31818,11431,0.3592620529260167,0.6933976113756996,0.4032966122753251,0.7034769690367425,0.12151080924376709,0.21877978172195817,433762113.6501364,300769613.5102793,2278956429.5775843,7
2025-01-14,246316,199865,167888,31977,3174,28803,9393,0.326111863347568,0.7184835341373578,0.3629170966632267,0.7361066080335831,0.09925884229289803,0.1785228303930055,262868979.69091988,188867033.54341343,1408713644.5005717,7
2025-01-15,251036,203239,170037,33202,3234,29968,9540,0.3183395621996797,0.6889056458139037,0.351635443647973,0.7110355454165305,0.09740377085717727,0.19220389895663564,286574639.6713804,197422887.21669906,1585172747.8607404,7
2025-01-16,243976,198903,167062,31841,3440,28401,9230,0.32498855674095983,0.7129007083425272,0.36782764360415815,0.7680064733141719,0.10803680788919946,0.25285957855587265,257573868.71136647,183624593.45485824,1556998428.6938093,7
2025-01-17,250196,203091,169565,33526,3562,29964,10195,0.34024162328127083,0.6988974525962578,0.3809282348028396,0.736157148569867,0.10624589870548232,0.21650161845122773,350353370.65714985,244861078.26079452,1881877231.67374,7
2025-01-18,276847,225748,188333,37415,3923,33492,11560,0.34515705243043115,0.7560307174952214,0.37869838300147,0.7653058587613734,0.104850995590004,0.13746395430103178,624228537.217282,471935948.8733743,2580721706.883937,7
2025-01-19,259463,212700,179103,33597,3364,30233,10139,0.3353620216319915,0.6524990738405698,0.3686043396731851,0.6863158287272091,0.10012798761794207,0.20636021243445382,565886789.498249,369240606.046221,3567616495.663995,7
2025-01-20,226697,190962,165692,25270,2619,22651,7214,0.3184848351066178,0.6410878857986294,0.3591214879303522,0.6963754828692681,0.1036406806489909,0.2759766507164764,516015265.4297611,330811135.55418414,4296825746.003023,7
2025-01-21,234040,193090,164780,28310,2919,25391,8094,0.31877436887085975,0.7078185497048608,0.3553514659131049,0.7465064807662073,0.10310844224655599,0.26568397396719395,422113690.09557176,298779899.9340147,2984677033.005451,7
2025-01-22,226023,185284,155179,30105,2468,27637,8452,0.3058219054166516,0.7159351710077623,0.33834911144328184,0.7306603473857451,0.08197973758511876,0.1432862649479079,309517260.84044766,221594293.06966007,1875228123.167235,7
2025-01-23,230473,189057,160730,28327,3113,25214,8487,0.3365987149996034,0.614535458534322,0.37607229851378543,0.6306523847685285,0.10989515303420765,0.2778597865844771,512180180.3606223,314752881.99010676,3255538478.5004325,7
2025-01-24,207234,169243,142410,26833,2595,24238,8503,0.3508127733311329,0.6828792558510978,0.38460105094473224,0.7198974091643017,0.09670927589162598,0.21878038873141328,365272513.9081085,249437022.48042887,2028056879.4205189,8
2025-01-25,193999,159450,134230,25220,2330,22890,7947,0.3471821756225426,0.6408931630159947,0.3789056304520222,0.6525655920381171,0.09238699444885012,0.11308103248718508,165675298.85257217,106180166.31524518,1069242621.3395516,7
2025-01-26,227263,183840,152472,31368,3026,28342,10644,0.3755557123703338,0.6641325754894489,0.41182096403978574,0.6776138982331108,0.09646773782198419,0.16381688883596002,281358270.90928715,186859193.09424296,1382898059.8563998,8
2025-01-27,241410,188739,154684,34055,4159,29896,11574,0.38714209258763715,0.6735589808218997,0.4319189546322126,0.6976785756588003,0.12212597269123476,0.21992807922455837,493825099.48882604,332620330.7159669,2450940323.301016,8
2025-01-28,223141,177697,146963,30734,3540,27194,9991,0.36739721997499447,0.73738697352887,0.4084727012429231,0.718592326750359,0.1151818832563285,0.25569522021265567,317154907.6470897,233865897.48971575,1660198847.644563,8
2025-01-29,231467,183280,152257,31023,4096,26927,10274,0.38155011698295394,0.7216076612139664,0.4308738677755214,0.691865118392519,0.13203107371949843,0.31337278940654906,264977032.6359738,191209456.7958619,1553447788.5158799,8
2025-01-30,231570,184217,152217,32000,3859,28141,10398,0.3694964642336804,0.7052691203325878,0.41340625,0.5423361063033187,0.12059375,0.40107731621270076,303543676.8005261,214079981.91962638,1643556113.1771579,8
2025-01-31,232265,183412,152015,31397,4218,27179,10149,0.37341329703079584,0.6913517972741988,0.42551836162690704,0.6868458455342749,0.13434404560945312,0.28667417913815757,399031754.2483093,275871320.46904504,2209703313.1812587,8
2025-02-01,229471,177475,144116,33359,4508,28851,11292,0.3913902464385983,0.7273537514530325,0.44006115291225756,0.5377075771682494,0.135135945322102,0.4272034347151503,329994691.6917134,240022876.9615546,1632727988.342701,8
2025-02-02,256182,193963,155307,38656,5551,33105,13520,0.4083975230327745,0.7457708171969349,0.45806601821192056,0.7615662678294294,0.14359995860927152,0.21262281907184682,593568841.5489668,442666320.02461094,2418312686.3762445,8
2025-02-03,270058,202506,164356,38150,6373,31777,13176,0.4146395191490701,0.7628281833533462,0.4725819134993447,0.7874133304102888,0.16705111402359107,0.285239932852082,1068133122.9404987,814802049.7522371,5459762335.9918375,8
2025-02-04,302536,227041,186754,40287,7499,32788,14733,0.44934122239843843,0.7526850081925707,0.5130190880432894,0.7845216251737746,0.18613944945019484,0.3102664144820474,465568022.624562,350426070.9233674,2549168700.3386126,8
2025-02-05,266472,201231,165417,35814,6308,29506,13126,0.44485867281230934,0.8118882128815482,0.5071759647065394,0.8151873545520217,0.17613223878930026,0.2300301456652794,377771533.0249378,306708254.8251395,1782856692.8711085,8
2025-02-06,268021,200478,163681,36797,6557,30240,13227,0.43740079365079365,0.7201478310545596,0.4948229475228959,0.6885548346747403,0.17819387450063864,0.2937621810451352,314347677.54046977,226376798.1778074,2063369770.7770224,8
2025-02-07,284490,208054,168638,39416,7456,31960,14813,0.46348560700876096,0.7884803035758704,0.5175563223056627,0.7675049723995149,0.18916176172112847,0.2696480904110104,384984421.4804324,303552633.5208722,1902256302.5720139,8
2025-02-08,237710,180449,148229,32220,5153,27067,12649,0.46732183101193336,0.7749813994732753,0.5143699565487275,0.7076366476550343,0.15993171942892614,0.2350950330698562,254311820.68694234,197086930.69856322,1082110523.350841,8
2025-02-09,249015,190034,154842,35192,5919,29273,13564,0.46336214258873365,0.7743038079916744,0.513213230279609,0.772384043733479,0.1681916344623778,0.21578548857469668,258048155.274926,199807669.2746021,1314378497.399849,8
2025-02-10,269913,202916,165256,37660,6629,31031,15003,0.48348425767780606,0.8219371780328413,0.5346787041954328,0.8210398349284331,0.17602230483271375,0.23269017807556,363928724.93244565,299126549.1760645,1454694512.0630813,8
2025-02-11,287705,222475,184443,38032,6254,31778,14082,0.4431367612813896,0.8407538432226604,0.4937684055532183,0.8471916045843244,0.1644404711821624,0.18408844396740803,371814083.3525176,312604119.5429398,1623407530.0341282,8
2025-02-12,261378,198778,163827,34951,6033,28918,13119,0.45366207898194894,0.7845472427659077,0.5086263626219565,0.7918330965712546,0.1726130868930789,0.2403726518508314,434926465.918136,341220359.6419941,1993487021.399121,8
2025-02-13,243074,186167,152864,33303,5126,28177,12414,0.4405720978102708,0.7542980598266567,0.49052637900489443,0.6777116868979219,0.1539200672612077,0.26824923539665757,325581130.53413033,245585215.07806396,1529662527.225608,8
2025-02-14,243753,186382,151229,35153,5257,29896,12008,0.40165908482740165,0.7418210353682941,0.45134127954939834,0.7429039759097917,0.14954626916621624,0.24091292078567964,283144913.6555481,210042853.00722492,1510975089.2550735,8
2025-02-15,200928,156874,127982,28892,3738,25154,10470,0.4162359863242427,0.777020629218539,0.4555586321473072,0.7469909352787084,0.1293783746365776,0.16604469157295337,142652249.71498612,110843740.83297867,690919563.6356937,8
2025-02-16,215210,167814,137671,30143,4372,25771,10775,0.41810562259904543,0.7441662034924704,0.47218259629101283,0.7655229964474212,0.14504196662575058,0.18661375915918313,158773581.43857378,118153933.31404603,788645815.1442325,8
2025-02-17,264899,209272,174860,34412,5132,29280,12698,0.4336748633879781,0.6886542185982845,0.4838137858886435,0.7002389535325311,0.14913402301522724,0.17559454806084043,283301061.43366176,195096471.0896629,1658274902.8304799,8
2025-02-18,294176,223613,181374,42239,6542,35697,15806,0.44278230663641205,0.7655129871162724,0.4942115106891735,0.7487181855865963,0.15488056061933284,0.1789549281901033,297675995.62197745,227874840.60139036,1798641309.1037712,8
2025-02-19,259214,202027,166473,35554,5171,30383,12516,0.411940887996577,0.7581446750308126,0.4614108117230129,0.7575092293310961,0.1454407380322889,0.16876449515232858,247552481.39999914,187680595.56407362,1222658188.121121,8
2025-02-20,247577,195260,162533,32727,4546,28181,11521,0.4088215464319932,0.7474562406455565,0.45595379961499677,0.7601735093899714,0.13890671311149816,0.1761844977996672,247265129.3825826,184819864.05104232,1230492965.6051683,8
2025-02-21,260658,199151,164654,34497,5372,29125,12659,0.4346437768240343,0.8296420954080296,0.48607125257268746,0.8399178195004668,0.15572368611763343,0.17133652790655746,679242109.2208841,563527846.783384,3031831612.902588,8
2025-02-22,234388,182702,151386,31316,4777,26539,10706,0.40340630769810465,0.7576869188795593,0.45344232979946353,0.7696266220423886,0.1525418316515519,0.20315940895796067,293300984.203161,222230319.02523535,1358496685.4728913,8
2025-02-23,226526,172513,141808,30705,4671,26034,11537,0.4431512637320427,0.7990248597562473,0.48409053900016286,0.8007338161300933,0.15212506106497314,0.14623477488593598,405883764.98087883,324311218.39118433,1488219611.395989,8
2025-02-24,276329,204692,165923,38769,6674,32095,14226,0.44324661162174794,0.704760320747209,0.49699502179576466,0.7135479006662451,0.17214785008640923,0.16996058814665713,517634958.3490975,364808579.2760781,2608032329.6317306,8
2025-02-25,314866,229311,183993,45318,7219,38099,16996,0.44610094753143126,0.7741050383988705,0.49576327287170663,0.778527797618648,0.1592965267664063,0.1600036017731399,715885317.0958011,554170430.8796327,2962170141.0115094,8
2025-02-26,262137,195342,159527,35815,6288,29527,13482,0.45659904494191755,0.7722661754612197,0.5102052212760017,0.7604503096573131,0.17556889571408626,0.14792996535915726,481369623.2155322,371745477.90386736,2032190739.7627764,8
2025-02-27,260984,196487,161354,35133,6619,28514,13544,0.47499473942624676,0.7511783005082955,0.5233256482509322,0.7563378662165336,0.18839837190106168,0.15507996423257858,350837897.6942525,263541815.7438718,1561135147.3556352,8
2025-02-28,303156,219879,175731,44148,8100,36048,16861,0.46773746116289394,0.7359877045440727,0.5237609857751201,0.7498268129793225,0.1834737700462082,0.19964440688431825,644540578.0816269,474373940.5478062,2882784604.2297316,8
2025-03-01,221532,167414,136542,30872,5244,25628,12002,0.4683159044794756,0.7422303590989149,0.5232249287380151,0.6470697749597276,0.1698626587198756,0.31193926175201514,207311154.6265482,153872632.74367353,1156528981.6218753,8
2025-03-02,251405,186423,150156,36267,5461,30806,14194,0.4607543984937999,0.738550729666865,0.5088096616759037,0.7495741939991916,0.15057766013180027,0.1887135538598447,405800750.1638971,299704440.1329074,2257429268.6758604,8
2025-03-03,291058,212924,172644,40280,6890,33390,16440,0.49236298292902064,0.6882412289632078,0.5416087388282026,0.7066116977027485,0.17105263157894737,0.15827492025918585,501133213.71169233,344900538.879217,2593648730.5863886,8
2025-03-04,310645,222336,175371,46965,7562,39403,19930,0.5057990508336929,0.7293658345241919,0.5485361439369744,0.7256949547068038,0.1610135207069094,0.17266752094590143,485657370.8915577,354221893.61314595,2836302674.698474,8
2025-03-05,266346,194760,156355,38405,6373,32032,15331,0.47861513486513485,0.7431970705225308,0.5240984246842859,0.7445590581844913,0.16594193464392656,0.1393668908342381,314452924.2059607,233700492.0871134,1518509416.8613808,8
2025-03-06,261864,195399,158574,36825,5972,30853,14235,0.46138138916799015,0.7362726368610297,0.5110115410726409,0.736751275902579,0.1621724372029871,0.13870154798210474,269389366.99941576,198344019.5829835,1446368543.0791852,8
2025-03-07,282550,209903,170736,39167,6602,32565,14618,0.44888684170121296,0.7197590221107939,0.5053233589501366,0.7298456648111491,0.16856026757219086,0.14600825796192218,356010810.90359646,256241993.11684334,2215534606.5341134,8
2025-03-08,231703,175159,141968,33191,5410,27781,12657,0.45559915049854216,0.8032552631920552,0.5096562321111144,0.8003794416897732,0.16299599288963876,0.18049796823194836,235163495.33241656,188896315.3364039,1080878272.2546878,8
2025-03-09,264504,189406,148735,40671,6666,34005,16014,0.4709307454786061,0.6824600560256426,0.5222394335029874,0.6940373548922476,0.16390056797226524,0.14748467714690094,288174543.38217634,196667615.02176404,1524628082.9880614,8
2025-03-10,282793,207273,167426,39847,6789,33058,14870,0.44981547583035875,0.7229059419006388,0.504504730594524,0.7392169988620401,0.17037669084247245,0.18006318629321283,597752167.2622674,432118593.4978776,3075672185.7703233,8
2025-03-11,294818,215389,174283,41106,7485,33621,16031,0.4768150858094643,0.7330362929250829,0.5323553739113511,0.7361561777765451,0.1820902058093709,0.1967634109516073,425845912.1673126,312160508.8124273,2390538487.2368402,8
2025-03-12,263660,189968,154293,35675,7266,28409,14379,0.5061424196557429,0.8373657097805471,0.5604204625087597,0.8611351777573785,0.20367203924316749,0.3184985240883219,374457029.7994958,313557476.5403703,1916860181.0581126,8
2025-03-13,235705,175755,142889,32866,5837,27029,12696,0.4697177106071257,0.7528587689238919,0.5212073267206231,0.7470677915778358,0.17759995131747094,0.1621148828895577,259385781.3468622,195280860.02116048,1309567034.821667,8
2025-03-14,217665,163637,132676,30961,5063,25898,12197,0.47096300872654256,0.7510053423623675,0.5136462000581377,0.7426979540139067,0.1635283098091147,0.11923220501147938,234769622.00531286,176313240.35038358,1071475040.8867989,8
2025-03-15,196328,152714,125925,26789,4529,22260,10235,0.45979335130278526,0.7440970852450853,0.506588525140916,0.7044742830285692,0.16906192840344916,0.1474057674229782,121331707.30253081,90282569.751623,589914146.9616733,8
2025-03-16,210620,160720,131531,29189,5247,23942,11543,0.48212346504051456,0.75159657017684,0.5364692178560416,0.7300334089118528,0.1797594984411936,0.17168227945625375,115953647.98854053,87150364.1276797,748520157.3257917,8
2025-03-17,228545,175598,145408,30190,5310,24880,11874,0.4772508038585209,0.7026387896724302,0.5306392845313017,0.7109966603605342,0.1758860549850944,0.14750401276506298,170488764.57376295,119792019.1928567,1025698561.6117308,8
2025-03-18,222461,169068,139608,29460,5404,24056,11852,0.4926837379447955,0.763966885029078,0.5423285811269518,0.7584474889016232,0.18343516632722334,0.10839020265907358,193867224.19283772,148108139.37583613,941753463.7923687,8
2025-03-19,258017,190688,155474,35214,6536,28678,14319,0.4993026012971616,0.7668667403346936,0.5466575793718408,0.773792275290781,0.1856079968194468,0.12487679792416446,314746319.2451035,241368483.87183535,1487400567.8725557,8
2025-03-20,230000,172092,139794,32298,5633,26665,13201,0.4950684417776111,0.7859293845026364,0.5435011455817698,0.7803604907564817,0.1744070840299709,0.10318942113376131,300771755.81609845,236385360.9243235,1213647047.5351405,8
2025-03-21,206363,150444,120691,29753,5652,24101,12793,0.5308078502966682,0.7583108588761022,0.5771854938997748,0.750506885593,0.18996403723994218,0.12144717886601963,260054510.91824445,197202159.52901864,951927675.7841555,8
2025-03-22,192345,145301,117971,27330,4822,22508,11299,0.5019992891416385,0.7307127794213907,0.5495060373216246,0.7283815993151318,0.17643615075009147,0.15311806779888448,121316407.55966386,88647449.35734019,504495868.37504125,8
2025-03-23,196291,149524,122528,26996,4564,22432,10829,0.4827478601997147,0.6971423490468247,0.530967550748259,0.7167119761562505,0.1690620832715958,0.16338166336089502,128189798.8145205,89366537.46939468,581035641.1053722,8
2025-03-24,239773,176314,142961,33353,5407,27946,13168,0.4711944464324054,0.7326417751525914,0.5138068539561659,0.7410213889775926,0.16211435253200612,0.132718906103465,294162243.38475025,215515548.17627206,1096720017.5879025,8
2025-03-25,231292,172415,138943,33472,5379,28093,13657,0.4861353362047485,0.7352021325433659,0.5273960325047801,0.735124138617735,0.16070148183556404,0.09985891699095564,290703022.14007044,213725481.8141811,1010791930.1497314,8
2025-03-26,241634,174833,139405,35428,5992,29436,15097,0.5128753906780813,0.7414154732257294,0.5488314327650446,0.7390178700188859,0.16913176018968049,0.11478452305298821,288762902.2288823,214093283.8060618,1000237833.5261769,8
2025-03-27,217938,161065,129516,31549,4914,26635,13427,0.5041111319692134,0.7604734811996117,0.5461662810231703,0.7674470306380623,0.15575771022853338,0.09457537760686668,500329319.6070084,380487179.4277748,1240047542.5594215,8
2025-03-28,245711,172166,135466,36700,6913,29787,15410,0.5173397790982643,0.7052304647135085,0.5634059945504087,0.7150373178906736,0.18836512261580382,0.1598493178212619,428603199.82368463,302264033.78935385,1424392503.0561397,8
2025-03-29,227718,160637,127000,33637,6704,26933,13828,0.5134221958192552,0.7594350113934909,0.5690459910217914,0.7579083663582072,0.19930433748550702,0.11115322555309949,270194465.27639604,205195136.815638,893882693.7940485,8
2025-03-30,212408,154049,123346,30703,5945,24758,12625,0.5099361822441231,0.794182752861129,0.5661661726867081,0.7857950401811717,0.19362928704035437,0.12389336312848248,229507714.17352128,182271068.2451923,745392413.3544395,8
2025-03-31,240901,177117,144247,32870,5659,27211,13657,0.501892616956378,0.8077236822224291,0.5498630970489808,0.8038893764210163,0.17216306662610284,0.10080837429662437,337273656.1126653,272423919.4319433,1060369519.4425064,8
2025-04-01,241030,178156,143987,34169,5489,28680,13816,0.48172942817294284,0.7628491336782863,0.5316222306769294,0.7636818625963441,0.1606426878164418,0.10606529813823637,347445981.67082703,265048866.11759216,1026493052.827477,8
2025-04-02,248412,177658,142275,35383,6107,29276,14556,0.4971990709113267,0.6906493241877097,0.5425204194104514,0.6986206776906809,0.17259700986349377,0.11396922171069211,423444916.88947207,292451945.6804348,1420118514.195914,8
2025-04-03,237852,173079,138807,34272,6168,28104,13814,0.49153145459721037,0.7859720220126621,0.5373190943043884,0.7761499784308455,0.1799719887955182,0.11484052350368787,370781826.8476161,291424142.1729696,1201128440.475867,8
2025-04-04,253058,184418,150216,34202,6543,27659,14134,0.5110090748038613,0.819818416456949,0.5623647739898252,0.8217347772770723,0.19130460207005437,0.12173196862823234,361067179.4290505,296009523.27410126,1290116518.2285886,8
2025-04-05,196742,151643,125530,26113,4556,21557,9956,0.4618453402607042,0.7636708650948791,0.5166392218435262,0.7544458382051556,0.17447248496917245,0.09597083959480547,209402832.3243862,159914842.11448193,696409206.0375388,8
2025-04-06,237874,171005,136101,34904,6488,28416,13256,0.46649774774774777,0.7252977276326713,0.5225189090075636,0.7243993067048438,0.18588127435250973,0.1819958868073365,530283344.99645305,384613305.1273793,1728049524.0353148,8
2025-04-07,299063,207057,164220,42837,8014,34823,17351,0.49826264250638946,0.7963077856483343,0.5491514345075519,0.802056799240288,0.18708126152625068,0.15855972059684326,668044219.0197561,531968812.7627928,2383209524.099838,8
2025-04-08,276750,198206,160401,37805,7896,29909,15263,0.5103146210170851,0.8242132720283913,0.5690517127364105,0.8240049546465874,0.20886126173786537,0.10115840352491928,415170916.1642051,342189379.2627244,1410313420.1501763,8
2025-04-09,296614,203274,161836,41438,8174,33264,17255,0.5187289562289562,0.8123398626326608,0.5690187750374053,0.8140036615088645,0.1972585549495632,0.11755415960775964,547134161.0824857,444458889.25538254,1787908134.31006,8
2025-04-10,289808,206251,159626,46625,6607,40018,14771,0.36910890099455246,0.821612109909275,0.42586595174262737,0.8121901878700422,0.14170509383378016,0.1167526609182609,491703366.18021184,403989440.13681674,1562380302.6299133,8
2025-04-11,282004,201672,157034,44638,6616,38022,16282,0.42822576403135026,0.8237586472018095,0.48124915990859807,0.8289639027108426,0.14821452574040056,0.11140949631232912,363362111.9815105,299322681.8102815,1208615014.9329212,8
2025-04-12,265836,192507,152876,39631,6621,33010,14716,0.44580430172674945,0.7927256121254821,0.49925563321642147,0.7895943044734626,0.1670661855618077,0.11961647943503195,283725574.91173196,224916530.04755703,936200162.3540568,8
2025-04-13,268128,190759,152904,37855,7534,30321,16060,0.529665908116487,0.819360462158411,0.5867388720116233,0.8236898228990148,0.19902258618412363,0.1279948104876106,271496177.4313512,222453233.41439384,1035198351.2927964,8
2025-04-14,266001,190300,149490,40810,6615,34195,16462,0.4814154116098845,0.7815551261471575,0.5347953932859594,0.7872073863229907,0.1620926243567753,0.1446087040102169,309499868.3449805,241891208.64688987,1243893648.9195576,8
2025-04-15,256593,184842,146030,38812,6495,32317,16328,0.5052449175356624,0.8561873513316504,0.5547253426775224,0.8585320278566096,0.1673451509842317,0.1670202091588917,257392411.76881608,220376127.28520817,968520142.4488623,8
2025-04-16,262875,186472,150637,35835,7285,28550,14495,0.5077057793345009,0.8430808038384157,0.5655085809962327,0.8370415852625684,0.20329287009906516,0.14595760826136894,265721229.807227,224024468.0228093,1128967775.4252074,8
2025-04-17,237512,168366,135981,32385,5992,26393,12748,0.48300685787898306,0.8188570413223528,0.5352169214142349,0.8213717964712063,0.1850239308321754,0.13814260804879577,263372131.11626476,215664124.05262733,948695824.1431019,8
2025-04-18,215459,162672,131847,30825,5620,25205,11962,0.47458837532235665,0.8098310975157437,0.5284347120843471,0.808643659616385,0.18231954582319546,0.12786665307187928,188208989.16602498,152417492.25865072,592743205.2770865,8
2025-04-19,193136,145963,119111,26852,5025,21827,10503,0.4811930178219636,0.8074383453239207,0.5349694622374497,0.8047446250989605,0.18713689855504245,0.13156757668389069,141908051.1063013,114582001.9734143,530430146.08102775,8
2025-04-20,219808,161834,130377,31457,6733,24724,12138,0.4909399773499434,0.8117171803590802,0.5487172966271419,0.8086987003210401,0.21403821089105762,0.1149838497583411,141684044.69141823,115007373.25878792,551955920.1763966,8
2025-04-21,269323,191043,150830,40213,7360,32853,15675,0.477125376677929,0.807387813187577,0.5343794295377117,0.796325819687314,0.18302538979931862,0.10992729043810397,252012264.71771306,203471631.30688313,952133675.3643209,8
2025-04-22,268176,190682,150924,39758,6399,33359,14694,0.440480829761084,0.7924242127957036,0.4886563710448212,0.7820023272553355,0.16094873987625133,0.10587096656617055,374062452.5802566,296416144.52234006,1397133826.012267,8
2025-04-23,279630,202534,161349,41185,6062,35123,15081,0.4293767616661447,0.7746759838995158,0.47398324632754646,0.7749496432208226,0.14718951074420297,0.12824179937241734,376939896.55544317,292006285.23506963,1519637425.4015353,8
2025-04-24,273041,200755,157136,43619,6227,37392,16669,0.4457905434317501,0.7997410940797788,0.4946239024278411,0.8013334386960704,0.14275888947477017,0.13135675529806756,271112771.1396067,216820024.21018976,985617320.1510036,8
2025-04-25,294025,212133,163911,48222,6305,41917,19396,0.4627239544814753,0.8057224084144218,0.5049147691924848,0.8032006235174853,0.13074945045829706,0.12706821535354176,268309629.24960616,216183080.67977327,1075354072.2673554,8
2025-04-26,256070,188718,150806,37912,5909,32003,14283,0.44630190919601287,0.8591407707695254,0.49208693817261023,0.8576623559805381,0.15586094112682,0.11170509344152349,234759931.93182135,201691828.86570632,756573419.8459659,8
2025-04-27,249908,185409,150056,35353,5902,29451,13202,0.44827000780958204,0.8163887882079756,0.5018810284841456,0.7973576508303211,0.16694481373575085,0.11512526544122291,173867655.6355499,141943604.69286817,663731780.8156662,8
2025-04-28,271999,198074,159544,38530,6327,32203,14941,0.46396298481507936,0.8193059160113938,0.5118089800155723,0.7989609416771406,0.16420970672203478,0.12254847692868355,258818799.15909764,212051773.32601345,1016851173.9148147,8
2025-04-29,279127,197538,156440,41098,7505,33593,15532,0.4623582293930283,0.821530877554997,0.5145019222346586,0.6745203164190754,0.18261229256898145,0.28249726728367497,249168307.13891125,204699458.02272278,936177688.4119027,8
2025-04-30,252499,183238,146273,36965,6237,30728,14405,0.46879067951054415,0.8271854183946793,0.517435411876099,0.6082370851175167,0.16872717435411877,0.3292258925616829,310246055.7966945,256631013.4694878,1150293925.0217872,8
2025-05-01,257605,186020,146471,39549,6030,33519,15151,0.4520122915361437,0.8752880165230297,0.49755998887456065,0.6724046098679256,0.15246908897822953,0.34058586971169136,365487815.70241785,319907105.26950395,1241287750.1742396,8
2025-05-02,229888,170793,137276,33517,5097,28420,12579,0.44261083743842367,0.8629805285707655,0.4853357997434138,0.6208647464768005,0.15207208282364174,0.350169375313522,283513753.9721856,244666849.25999868,948605796.6596311,8
2025-05-03,204998,152252,122041,30211,4737,25474,11449,0.4494386433226034,0.8295056011308308,0.4965078944755222,0.5131375860492415,0.1567971930753699,0.49291632054045376,148800036.51297668,123430463.73598629,614336110.4579517,8
2025-05-04,219488,166944,136698,30246,5012,25234,11305,0.44800665768407705,0.8461713100653679,0.5006943066851816,0.5977751148360647,0.1657078621966541,0.40583146563235717,223965317.06299415,189513025.74839926,763182594.5792906,8
2025-05-05,234384,170009,135904,34105,5781,28324,13357,0.471578873040531,0.867521134781953,0.5216243952499634,0.6659459328931447,0.1695059375458144,0.2846835067158998,354904892.2824115,307887494.89250445,1032635112.6379123,8
2025-05-06,238532,174169,140018,34151,5455,28696,12479,0.4348689712851965,0.7946783939268586,0.4807765511990864,0.4560952716041184,0.15973177945008932,0.4874395375917409,269245070.24398375,213963239.99421322,1107130295.494772,8
2025-05-07,256784,184346,145936,38410,6402,32008,12123,0.3787490627343164,0.8038792509867027,0.4442593074720125,0.8118327884197396,0.16667534496224942,0.12663933722644988,254167846.01654792,204320257.68068612,830235078.1435199,8
2025-05-08,278226,195080,152373,42707,6328,36379,12717,0.34956980675664534,0.7699024291866438,0.41241482660922096,0.6643391712347484,0.14817243074905753,0.2727709278941956,572437405.7621744,440720949.2535985,1967010272.2609062,8
2025-05-09,294167,218844,178196,40648,4915,35733,13950,0.39039543279321637,0.8437975176555639,0.43259200944695925,0.71824935726784,0.12091615823656761,0.24200902397894458,706275820.7195843,595953784.3033314,2274678452.6300125,8
2025-05-10,371058,290885,242074,48811,5808,43003,16519,0.38413599051228986,0.8224430001549631,0.43016942902214667,0.725617736167842,0.1189895720226998,0.21709963127610415,438946081.8758584,361008132.4842471,1451265805.213771,8
2025-05-11,386786,306078,253339,52739,6725,46014,17719,0.3850784543834485,0.672066363441125,0.4398073531921349,0.5601190814587226,0.12751474241073968,0.26728734359884027,579424338.4772501,389411608.049685,1743525713.374952,8
2025-05-12,335018,262377,215972,46405,5645,40760,16309,0.4001226692836114,0.8171269990953596,0.44982221743346623,0.6678631422387662,0.12164637431311282,0.28261976166214664,533283245.1553046,435760137.78158903,1875444489.9721649,8
2025-05-13,340267,264125,217564,46561,6449,40112,16313,0.4066862784204228,0.8102606626012598,0.455037477717403,0.6587148525424608,0.13850647537638797,0.2819305003840422,545522437.9138227,442015372.0079086,1882715844.1649637,8
2025-05-14,313098,241224,197831,43393,6245,37148,16026,0.4314094971465489,0.8481940249007419,0.4749153089207937,0.6721077627091101,0.1439172216716982,0.27323908455364293,543849980.6523328,461290304.03169274,1835182365.088061,8
2025-05-15,313382,241817,200036,41781,5607,36174,14994,0.414496599767789,0.8012753410002428,0.46423015246164523,0.6049180473407598,0.13419975586989302,0.3472380069721082,381997054.1062045,306084819.7900372,1602583576.4032764,8
2025-05-16,326022,258052,215912,42140,6002,36138,14991,0.4148264984227129,0.8512527530300874,0.46794019933554815,0.586918192744975,0.14242999525391553,0.366057439411034,443820753.7130338,377803638.4501084,1841165052.0183306,8
2025-05-17,293031,228783,191261,37522,5793,31729,14167,0.44650004727536324,0.8055129007526606,0.501225947444166,0.4249577444994076,0.1543894248707425,0.5457020144664827,198328985.65607652,159756556.539159,1269521068.3668265,8
2025-05-18,306316,227611,188250,39361,6560,32801,15123,0.46105301667632087,0.8278611857931799,0.5122837326287442,0.49520298714791033,0.1666624323569015,0.475043480228862,272532811.7865277,225619336.73314434,1294564146.447631,8
2025-05-19,316365,241592,201239,40353,6664,33689,14707,0.43655199026388436,0.7857333102060077,0.47818006096201027,0.5381362270055479,0.16514261641018016,0.4018218368775128,385149005.1396693,302624402.730943,1667228965.2728047,8
2025-05-20,307715,241480,204201,37279,4912,32367,13010,0.4019526060493713,0.8499809150112252,0.4424743152981571,0.5814608499981445,0.1317631910727219,0.3745410648206292,400143211.3984904,340114092.960019,1603733165.5170732,8
2025-05-21,314107,241435,200556,40879,6492,34387,14518,0.4221944339430599,0.8307651090539414,0.4769930771300668,0.5525652770943978,0.15881014701925195,0.4016379083491088,411005676.38515574,341449175.56390285,1809235639.2789955,8
2025-05-22,335588,265302,220588,44714,5708,39006,15055,0.38596626160077935,0.8506518835951579,0.4316545153643154,0.6105626148817991,0.12765576776848414,0.3849940293068374,487513834.0464504,414704561.2103102,1935706642.760549,8
2025-05-23,332384,258417,215705,42712,6094,36618,14976,0.4089791905620187,0.8346490549834215,0.4562183929574827,0.649347004492516,0.1426765311856153,0.32660791683120527,717741395.2150495,599062177.2387235,2754432918.2991114,8
2025-05-24,303277,240775,201540,39235,6294,32941,14620,0.4438238061989618,0.8868557812631689,0.49646998853064866,0.5262014323128333,0.1604179941378871,0.48151189122491656,277705671.6378713,246284880.38161743,1230929897.357704,8
2025-05-25,334801,260154,216464,43690,6566,37124,17247,0.4645781704557699,0.8076181980239687,0.5164568551155871,0.41985751153797,0.15028610666056305,0.5593647526519058,199336904.90310663,160988111.9375222,1024331317.4083593,8
2025-05-26,326363,261338,219877,41461,6107,35354,14519,0.410674888272897,0.8122742767783653,0.4632546248281518,0.557091245454593,0.14729504835869853,0.4008626460687815,269798913.35395825,219150717.22017527,1135772147.881746,8
2025-05-27,323916,257864,214900,42964,4754,38210,14574,0.3814184768385239,0.8377667243387309,0.41793129131365797,0.658466326297212,0.11065077739502839,0.3101482033398286,450533494.7715535,377441970.1196451,1605027107.2789912,8
2025-05-28,313388,251061,209072,41989,4370,37619,13699,0.3641510938621441,0.8901454766564588,0.3990330800924052,0.6285719364297743,0.10407487675343542,0.37547571072737074,461364585.29417586,410681598.68909365,1656353963.1293635,8
2025-05-29,335704,269870,226766,43104,4676,38428,14873,0.3870354949515978,0.8899933902945637,0.4223273942093541,0.6832677413306156,0.10848181143281366,0.32268266171325727,647769500.6847856,576510574.043869,2152028130.403144,8
2025-05-30,320335,252326,211070,41256,5749,35507,15319,0.4314360548624215,0.8746547520666217,0.46698662012798137,0.6422617769042124,0.1393494279619934,0.36924289414088013,510399710.7571706,446423532.4671885,1911209906.3557549,8
2025-05-31,292405,231951,194860,37091,4747,32344,13939,0.4309609201088301,0.8802759925033303,0.47316060499851714,0.5816368621179954,0.12798252945458466,0.4280792523267555,344733925.17485785,303460998.1328668,1278341372.440999,8
2025-06-01,312007,253658,214289,39369,4725,34644,14815,0.42763537697725434,0.8687155764542955,0.4610988341080546,0.5286428297793005,0.12001828850110494,0.4621188472400249,285008018.55637467,247590905.13429758,1124430109.1759124,8
2025-06-02,315039,257623,218694,38929,4082,34847,13328,0.38247194880477514,0.8588083136247749,0.41439543784839067,0.5233063057486469,0.10485756120116109,0.46195305999216507,292226278.2083868,250966357.18498898,1255601609.9258966,8
2025-06-03,310621,251774,212678,39096,4567,34529,12793,0.37050015928639696,0.8563949668040688,0.4105023531819112,0.5667351707396443,0.11681501943932883,0.416698160185738,374937714.6804899,321094771.71739155,1424282612.886332,8
2025-06-04,315915,256788,217436,39352,4161,35191,13368,0.37986985308743715,0.844788777799624,0.41919089245781666,0.5006488726322933,0.10573795486887579,0.47231682422077836,297460171.0895446,251291014.37880343,1285195987.2531338,8
2025-06-05,306599,247789,211834,35955,4275,31680,13097,0.41341540404040406,0.8606471575700936,0.4556250869141983,0.6038166068985994,0.11889862327909888,0.3958893645320083,467251870.6896215,402138994.37833166,1786410447.5517972,8
2025-06-06,297274,238768,202264,36504,6971,29533,12713,0.43046761250126975,0.8678403111930523,0.4403900942362481,0.5586824903313323,0.19096537365768135,0.4065358181351236,369397225.6567229,320577803.26778054,1377564566.0324688,8
2025-06-07,252420,205696,175796,29900,4355,25545,11057,0.43284400078293206,0.8685780230087028,0.46752508361204015,0.4901430985050754,0.14565217391304347,0.5374261557951036,157588788.97067773,136878158.77248693,745452746.8571091,8
2025-06-08,277929,226732,193878,32854,4595,28259,12443,0.44031989808556565,0.8801167858142664,0.4837767090765204,0.5281337813715818,0.13986120411517625,0.4615305981578533,203763751.61051115,179335898.13289964,815765169.8385372,8
2025-06-09,280251,222560,186667,35893,4673,31220,12373,0.39631646380525304,0.8772853417598638,0.4400300894324799,0.6782209028523719,0.13019251664669992,0.3262240760329554,445959421.812305,391233663.77563924,1489685638.3089364,8
2025-06-10,310340,242923,203282,39641,4818,34823,14597,0.41917698073112597,0.8448068809740193,0.45470598622638175,0.5906143373755023,0.12154082893973411,0.39179594802334466,499522018.799325,421999638.6797032,2085817973.9265542,8
2025-06-11,312272,250030,210412,39618,4739,34879,14464,0.4146907881533301,0.8710430245438335,0.447801504366702,0.8752878538268466,0.11961734565096674,0.1310030686243874,612169015.6845915,533225550.95392805,1774491162.0782216,8
2025-06-12,302086,233662,195211,38451,5236,33215,14985,0.4511515881378895,0.8926604798498706,0.4842266781098021,0.8904597967029766,0.13617331148734754,0.12287996083360063,566032392.3570292,505274746.97199595,1772968120.5070782,8
2025-06-13,315705,236866,196490,40376,6106,34270,15821,0.46165742632039686,0.8778448276721226,0.49623538735882705,0.8535625826783628,0.15122845254606698,0.12370951096032011,525186488.41918683,461032242.42206824,1820068700.9371815,8
2025-06-14,264553,207686,174611,33075,4757,28318,12764,0.4507380464722085,0.8860419332800991,0.4923053665910809,0.8633878380255978,0.1438246409674981,0.1486862157248402,236018843.33022583,209122592.23484612,873232968.7230921,8
2025-06-15,256563,200366,167576,32790,5521,27269,12449,0.4565257251824416,0.7576715933168419,0.4936870997255261,0.5713863081488385,0.1683745044220799,0.36392071962749195,257842210.67151624,195359718.58382452,931890062.8660859,8
2025-06-16,302789,232881,193588,39293,5978,33315,13969,0.41930061533843616,0.7847919123044763,0.45527193138727,0.5280213203518187,0.15213905784745374,0.4208930088034361,396678779.83131814,311310298.1944265,1568059940.3859155,8
2025-06-17,295504,220517,179093,41424,6282,35142,16013,0.4556655853394798,0.8447155445862208,0.48133932020084974,0.4657286598603214,0.15165121668597914,0.5179125293920936,361151138.8779279,305069980.9552027,1641152417.144054,8
2025-06-18,289867,219983,181554,38429,5742,32687,15061,0.460764218190718,0.8148740607169196,0.4973847875302506,0.4868766377504687,0.1494184079731453,0.46781700863234893,288747388.619088,235292757.0854427,1286930525.5489922,8
2025-06-19,310523,246633,206467,40166,7776,32390,14910,0.4603272615004631,0.8663113350386735,0.5233530846985012,0.49033163314067973,0.19359657421699944,0.488932877591464,253139251.1385685,219297402.60454333,1056951953.8681507,8
2025-06-20,300007,228838,187573,41265,8646,32619,16626,0.5097029338728961,0.8364851326684689,0.55095116927178,0.4999773318910532,0.20952380952380953,0.47130369706916214,288621320.2048979,241427443.32254264,1249152050.019486,8
2025-06-21,301163,227483,187929,39554,6333,33221,17491,0.5265043195569068,0.8123923395862035,0.5642412903878242,0.4518106535201418,0.16011022905395156,0.5198748018801242,225265123.78129295,183003660.9358603,1071993885.719659,8
2025-06-22,325393,246810,205804,41006,6421,34585,17023,0.49220760445279743,0.8077196121065641,0.5377749597619861,0.5686136639520107,0.15658684095010486,0.3920652403194614,389628335.14397454,314710447.7282175,1638807273.4755447,8
2025-06-23,310705,245410,209267,36143,4447,31696,14965,0.47214159515396265,0.8426443682397022,0.5073734886423373,0.6148385980571771,0.12303903937138588,0.3617194084809562,422002226.2702195,355597799.351217,1604598743.3231926,8
2025-06-24,268263,216649,184783,31866,4038,27828,11522,0.4140434095155958,0.8563695256302221,0.44370175108265864,0.5718173578927,0.12671813217849745,0.4013056020683847,329029579.89840496,281770905.2559083,1281111723.6281037,8
2025-06-25,212278,169524,142254,27270,3049,24221,9277,0.383014739275835,0.8653520635608427,0.41195452878621197,0.6342267199891009,0.11180784745141181,0.30110984015084236,283380560.8877883,245223953.13727665,1098094170.5154712,8
2025-06-26,263244,206463,172868,33595,5939,27656,11930,0.4313711310384727,0.8797927592584955,0.4493525822294984,0.6763239582622255,0.17678225926477154,0.31356630802319146,355967250.32419676,313177409.36838466,1328468377.9904199,8
2025-06-27,272116,213892,179901,33991,5284,28707,13427,0.4677256418295189,0.8301246458140114,0.49689623723926923,0.4294437835362084,0.15545291400664882,0.5341337338331704,272685157.06534123,226362669.42760444,1097389326.5507119,8
2025-06-28,246554,196592,165722,30870,4757,26113,12761,0.4886837973423199,0.692483173826596,0.5244250080984775,0.2453302461130431,0.1540978296080337,0.6807912686382643,162847942.3432843,112769459.96500802,849400570.223388,8
2025-06-29,262168,202199,168541,33658,5911,27747,13794,0.49713482538652826,0.7534381008642757,0.5238279160972131,0.32493137565968877,0.1756194663972904,0.6376130107286799,262547424.26575807,197813232.7256,1137583372.8096318,8
2025-06-30,280504,226736,194639,32097,4864,27233,12479,0.4582308228986891,0.8360956123962058,0.49256939900925323,0.5044133988576762,0.1515406424276412,0.45033266493530977,282584977.67876756,236268059.9662973,1113957448.2686267,8
2025-07-01,282543,226562,193267,33295,5121,28174,12913,0.45833037552353234,0.8447066908847026,0.4924162787205286,0.6989665018262394,0.15380687790959605,0.26126869054198326,267233920.30626163,225734280.5140486,936219237.1855973,8
2025-07-02,280772,218006,182593,35413,5385,30028,13972,0.465299054216065,0.8338822218907632,0.49727501200124247,0.7109689108591176,0.15206280179595064,0.23326486587752016,412509560.936898,343984389.2252437,1335485955.2694106,8
2025-07-03,268134,211187,178040,33147,5069,28078,13579,0.4836170667426455,0.8494797217502249,0.5159441276736959,0.7138393517325977,0.1529248499110025,0.21513895937808467,369977843.2411338,314288675.33022666,1135795099.4853597,8
2025-07-04,275808,218468,184526,33942,5746,28196,14366,0.5095048943112498,0.8258272017651046,0.536739143244358,0.6579845594110841,0.16928878675387427,0.29754756894331974,255925450.40131286,211350198.56539026,925237089.330479,8
2025-07-05,273949,218225,184963,33262,6337,26925,14220,0.528133704735376,0.8301836506850958,0.5678552101497204,0.2628638157185512,0.19051770789489508,0.719702316408937,123321295.86333758,102379323.60704239,751530232.2270306,8
2025-07-06,283616,223616,187720,35896,6543,29353,15205,0.518004973937928,0.6766651777050523,0.5644640071317139,0.4224336432287517,0.1822765767773568,0.44124220650311385,164737771.44297844,111472313.3881973,702061721.6171486,8
2025-07-07,294731,237579,199461,38118,5538,32580,15686,0.4814610190300798,0.8668717576601819,0.5237945327666719,0.7016890393283859,0.14528569179915002,0.276176448694789,284652545.2133714,246757252.19155964,943187975.9927366,8
2025-07-08,306907,248364,211621,36743,4683,32060,15089,0.4706487835308796,0.8538662370750171,0.5052663092289688,0.8485245449803626,0.12745284816155458,0.1574131554637861,368889207.9182667,314982039.862754,1146043973.2926948,8
2025-07-09,306535,241356,200253,41103,5377,35726,15361,0.4299669708335666,0.8262149916465942,0.47621828090407026,0.8082597388317186,0.13081770187090966,0.2183577764969685,483566748.1525775,399530096.78545254,1683687595.134406,8
2025-07-10,309454,249280,210154,39126,4062,35064,13692,0.39048596851471595,0.7942326584863493,0.4281551909216378,0.7049815420677874,0.10381843275571231,0.24442736399745338,572085418.1848216,454368922.56620574,1887931483.0816607,8
2025-07-11,304419,238964,198584,40380,4192,36188,15891,0.43912346634243393,0.8239363997949128,0.46988608221892025,0.7880069808538606,0.10381376919266964,0.2851018663335528,669944146.0738213,551991367.7797415,2189590182.2181263,8
2025-07-12,300321,237028,198891,38137,5413,32724,16652,0.5088619973108421,0.8329217790675884,0.5417573485066995,0.7395074170449147,0.14193565304035452,0.277799690339113,379715759.7183072,316273526.12457335,1159081872.9134636,8
2025-07-13,327762,259207,216985,42222,5655,36567,17924,0.4901687313698143,0.8337797211118042,0.52330538581782,0.7300816359115178,0.1339349154469234,0.2910541875398924,319410181.7921318,266317732.2949143,1068063827.364991,8
2025-07-14,326024,262335,223600,38735,4281,34454,14951,0.43394090671620134,0.8226983292438519,0.46402478378727247,0.768692370773621,0.11052020136827159,0.300022231168498,576379057.2083356,474186087.3764443,1845201975.1871486,8
2025-07-15,320900,253577,215056,38521,5048,33473,15314,0.45750306216950976,0.8399835776886877,0.48739648503413724,0.7707060916341691,0.13104540380571636,0.31220373310268934,618878067.7953343,519847413.5397872,2062237800.0544362,8
2025-07-16,311747,247540,208513,39027,4571,34456,15254,0.4427095426050615,0.8248486923123175,0.4714172239731468,0.7500391209973936,0.1171240423296692,0.2432042554546969,582986159.0769627,480875370.9508134,2062940016.8304079,8
2025-07-17,286149,222553,183946,38607,4706,33901,15038,0.4435857349340727,0.8472562970635127,0.4681534436760173,0.7848585463950178,0.1218949931359598,0.26551891166674324,595280844.0537246,504355443.64580107,2022115270.9018087,8
2025-07-18,296751,231250,192163,39087,4563,34524,15555,0.4505561348627042,0.8316099513589745,0.47829201524803644,0.7705451321820612,0.11673958093483768,0.24097641522708335,701682438.3070858,583526098.3900023,2389851767.6316833,8
2025-07-19,295643,236649,201088,35561,5023,30538,14438,0.47278800183378084,0.8622672924298881,0.5112060965664632,0.707667608006451,0.14125024605607267,0.26636573324628027,313876687.5353745,270645601.5179894,1166510675.3718476,8
2025-07-20,329414,259506,218312,41194,5615,35579,17125,0.48132325248039576,0.8593933702926579,0.511482254697286,0.7712551575594174,0.13630625819294073,0.29031308266449163,574821354.8736293,493997661.48104024,1980062980.6650321,8
2025-07-21,353155,276899,232269,44630,5522,39108,18610,0.4758617162728853,0.8339460536459296,0.5038315034730002,0.7664878593878605,0.12372843378893121,0.2546343992198486,610002525.722929,508709199.04068625,2500663705.0697737,8
2025-07-22,366039,279130,230275,48855,6656,42199,19962,0.4730443849380317,0.8382582015261827,0.5069491351959882,0.7727055247069048,0.13623989356258315,0.2047528092102649,680139916.9265872,570132863.5490483,2209314301.89478,8
2025-07-23,364676,278619,230062,48557,6712,41845,20424,0.48808698769267533,0.8137920662786267,0.5244146055151677,0.7510836436517554,0.1382292975266182,0.26072040027449533,516118779.50615025,420013368.0195129,1812858151.237548,8
2025-07-24,381644,292806,245404,47402,7368,40034,20722,0.5176100314732477,0.8714006499897337,0.5531623138264208,0.7705163212844027,0.15543647947343994,0.250410708825334,502375543.29851806,437770374.9692742,1935166628.2925267,8
2025-07-25,374476,280769,234349,46420,7747,38673,20766,0.5369637731750834,0.8189993587547145,0.5696467040068935,0.7270845430486899,0.16688927186557517,0.29661580397640896,527348366.9325578,431897974.3581108,2011608088.0829413,8
2025-07-26,328519,256402,214504,41898,6141,35757,17599,0.4921833487149369,0.8428894591253369,0.5219819561792925,0.6360868060530122,0.14657024201632537,0.33227820986176904,354023102.10770893,298402341.0534407,1341141926.5068865,8
2025-07-27,361328,279970,234570,45400,6741,38659,20190,0.5222587237124602,0.7690783971960711,0.5537885462555066,0.6360933125785685,0.14848017621145373,0.27841614787856694,657075175.2144022,505342322.59122,1938203837.9085577,8
2025-07-28,372826,285207,236192,49015,6630,42385,21296,0.5024419016161378,0.8631267462848995,0.5357543609099256,0.759001014881753,0.13526471488319902,0.2312378099944472,657394664.0409079,567414917.3986834,2163482961.5745487,8
2025-07-29,335958,252034,202526,49508,6184,43324,18791,0.4337318807127689,0.8255608571875674,0.46913630120384586,0.7408872258642633,0.1249091055990951,0.23717582520727132,585413414.368051,483294400.17478883,2360003407.412113,8
2025-07-30,246039,193383,160621,32762,3365,29397,13483,0.4586522434262,0.8310536630960554,0.48550149563518713,0.7677423326639518,0.10271045723704292,0.21698750167211583,937503691.000896,779115876.5723671,2641647284.164938,8
2025-07-31,249594,191863,157311,34552,4595,29957,14038,0.4686050005007177,0.817055073167731,0.4991317434591341,0.69991088285459,0.13298796017596665,0.3178841772517818,898201233.5259795,733879874.5779154,2547898516.8935633,8
2025-08-01,356274,263547,216277,47270,7796,39474,20043,0.5077519379844961,0.8597627937219604,0.5489316691347578,0.7396798780489255,0.16492489951343348,0.3020846754595485,675661653.4176627,580908750.7531687,2345505880.056383,8
2025-08-02,333373,254503,211513,42990,6712,36278,17057,0.470174761563482,0.8832003184274885,0.5127704117236567,0.7433175393956231,0.1561293324028844,0.3074923706897732,556977329.9769335,491922555.19251996,1675216425.4669237,8
2025-08-03,312404,239781,197833,41948,6066,35882,17033,0.4746948330639318,0.8920226922435841,0.5114427386287785,0.789805949315646,0.14460760942118814,0.19373540656467608,1085313693.4723432,968124442.7800276,2185315476.44861,8
2025-08-04,339592,260077,216175,43902,6041,37861,17790,0.46987665407675444,0.8651343470365143,0.5072889617785067,0.7369941681189635,0.1376019315748713,0.27396392057421926,733039631.0426323,634177762.5539551,2005800399.2433395,8
2025-08-05,334860,259869,218007,41862,6316,35546,17495,0.4921791481460642,0.8531086099163094,0.5304094405427356,0.6654286666181626,0.1508766900769194,0.3241754459706441,441579948.4434656,376715655.9835205,1660369937.0197482,8
2025-08-06,332139,257315,214249,43066,6045,37021,18150,0.49026228356878526,0.8926824184878719,0.5190405424232574,0.5330645953332472,0.14036594993730553,0.5350170405162502,612018290.1843765,546337967.4406013,2188259500.544732,8
2025-08-07,348164,268510,223197,45313,6475,38838,18873,0.48594160358411864,0.8670470426986885,0.5168494692472358,0.749233028563003,0.14289497495200054,0.3151119653694076,806794292.4444702,699528605.3301587,2294345479.458309,8
2025-08-08,343988,267536,223889,43647,6032,37615,18153,0.4826000265851389,0.8444541750866237,0.5175155222581163,0.705661067164771,0.1381996471693358,0.31118926842158773,689731632.9514904,582446757.1352007,2286164964.5735364,8
2025-08-09,377625,289307,239565,49742,6761,42981,21098,0.49086805797910704,0.8703936262178773,0.5205058099794941,0.826720227769925,0.13592135418760806,0.24266439118384456,951561725.3859489,828233260.728816,2783022297.404028,8
2025-08-10,369702,288533,241922,46611,6535,40076,19129,0.47731809561832517,0.8699111843644534,0.5065971551779623,0.872034651614981,0.14020295638368627,0.15712805495474438,627077418.1622715,545501659.5217452,1890393331.9602838,8
2025-08-11,374154,287589,237869,49720,6521,43199,20847,0.4825806152920207,0.8510882258205911,0.5088897827835881,0.7157675577609375,0.13115446500402253,0.32121717741579797,902193224.553266,767846030.8323973,2852798709.359672,8
2025-08-12,341417,260508,212722,47786,6589,41197,19161,0.4651066825254266,0.839087709008269,0.49702841836521156,0.7545843960455726,0.1378855731804294,0.2715083420574448,1027343283.4033856,862031122.0359797,3030993420.081757,8
2025-08-13,353773,272129,224425,47704,6259,41445,19574,0.4722885752201713,0.8306042909187489,0.49849069260439377,0.7205346928776176,0.13120493040415898,0.21338585589348444,997652654.2642794,828654575.4783895,3212653501.2727957,8
2025-08-14,346449,263106,216486,46620,6248,40372,19679,0.48744179134053306,0.8483142376636749,0.5131703131703131,0.761789044512234,0.13401973401973402,0.22201236974064573,1141957382.2346535,968738706.1547959,3766186613.33112,8
2025-08-15,326593,248906,206260,42646,6041,36605,18171,0.4964075945909029,0.8874436169110173,0.5273882661914365,0.7019892127118385,0.14165455142334568,0.2975678257705032,814211824.8247304,722567086.7541783,2647585745.315519,8
2025-08-16,304671,235760,197376,38384,6234,32150,16481,0.5126283048211508,0.8966402801770832,0.5492653188828679,0.2414076636600493,0.162411421425594,0.7540117416533886,407277577.4486439,365181481.1533958,2536154040.1692333,8
2025-08-17,345219,264610,220801,43809,7810,35999,18265,0.5073752048668019,0.8786709943836141,0.5438151977904083,0.24584219486614364,0.1782738706658449,0.7501336797632954,392992765.2523788,345311343.8298739,2556289704.5023575,8
2025-08-18,353783,262868,216574,46294,7619,38675,19712,0.5096832579185521,0.9013175629407341,0.5472199421091286,0.37720038278599327,0.1645785630967296,0.6320113605400999,725501206.8792734,653906979.694988,3390324638.649462,8
2025-08-19,355576,262171,214045,48126,8616,39510,20691,0.5236902050113895,0.8315085594691226,0.5590117607945809,0.38516860580596246,0.1790300461289116,0.6090640942958323,805396699.7901685,669694249.6437085,3386578714.232088,8
2025-08-20,350312,263391,217237,46154,7534,38620,19325,0.5003883997928534,0.828934925950408,0.5322832257225809,0.4271707724405691,0.1632361225462582,0.5628097563505166,749399937.4491379,621203781.6566415,2998408208.7601357,8
2025-08-21,330035,253452,210347,43105,6316,36789,17782,0.48335100165810435,0.8346326223264106,0.518246143138847,0.4436072286021473,0.1465259250666976,0.5522794355501697,551640005.0838093,460416744.02325416,2400368286.96376,8
2025-08-22,365525,269441,217876,51565,7636,43929,21579,0.4912244758587721,0.8387776377413539,0.5210704935518278,0.7247060498760539,0.14808494133617764,0.32803587022001596,1043309110.2647856,875104350.9419307,3396648212.341305,8
2025-08-23,335252,254949,209730,45219,6609,38610,18567,0.4808857808857809,0.7880506532863242,0.5119087109400916,0.4443610447601691,0.14615537716446628,0.5086407871907633,519287774.6336788,409225070.043672,2115922404.206075,8
2025-08-24,350979,259310,211170,48140,8335,39805,19621,0.4929280241175732,0.8082434914741904,0.5182800166181969,0.4882119406497199,0.17314083921894474,0.48795999835612053,588210965.5280621,475417684.50180554,2469750073.311205,8
2025-08-25,358738,261111,213384,47727,8576,39151,21246,0.5426681310822201,0.8405478113582252,0.5753556686990592,0.48615688350826775,0.17968864583988098,0.5447277581638106,826017551.6891775,694307245.2158178,3451047004.8475895,8
2025-08-26,308673,225773,183237,42536,6455,36081,18720,0.5188326265901722,0.8622511690304016,0.5478418280985519,0.48692357596525804,0.15175380853864961,0.4898528501976947,760651837.8851736,655872936.4416144,2806393939.4556627,8
2025-08-27,303498,224575,180629,43946,5902,38044,18482,0.48580590894753445,0.8858910274078531,0.5138351613343649,0.6392685203951318,0.1343011878214172,0.35912810271428125,831563723.6430527,736674841.4932439,2756332021.5525007,8
2025-08-28,315569,235076,187348,47728,5947,41781,18684,0.4471889136210239,0.7902394013667747,0.47825175997318137,0.585390670669683,0.12460191082802548,0.37607555563535594,623487372.4210355,492704287.9417424,1953361877.285123,8
2025-08-29,326094,242984,199127,43857,6587,37270,19702,0.5286289240676147,0.8346393325799342,0.5550767266342888,0.5090023352417405,0.1501926716373669,0.4771908406201711,602892839.3319321,503198077.03722525,2492018027.0667353,8
2025-08-30,273325,208085,170274,37811,5939,31872,16354,0.5131149598393574,0.8380604941325297,0.5363254079500674,0.3932386910553739,0.15707069371346963,0.6076360028438644,330608532.4940759,277069950.10641575,1559005714.7387094,8
2025-08-31,286404,218627,178930,39697,5555,34142,17268,0.5057700193310293,0.8456863948288083,0.532962188578482,0.4224347691936445,0.13993500768320025,0.5569332074695281,365135468.3173604,308790097.82543707,1871284207.679432,8
2025-09-01,292709,213435,169422,44013,4978,39035,18255,0.46765723069040604,0.7263486022395402,0.491513870901779,0.6401910789384117,0.11310294685661054,0.28774970662864674,763199280.504745,554348730.6248443,2505741444.1876564,8
2025-09-02,298378,221300,181719,39581,5781,33800,18245,0.539792899408284,0.8460699300773072,0.5672671231146257,0.5991654587350397,0.14605492534296757,0.40575937970634246,600050037.8455709,507684293.5628877,2417093581.6298914,8
2025-09-03,265855,203788,168334,35454,4776,30678,15390,0.5016624291022883,0.830955129702231,0.5314774073447284,0.7254208043891432,0.13470976476561178,0.29943812681387105,736690868.442162,612157056.1368059,2286195848.513384,8
2025-09-04,295092,224635,184898,39737,5273,34464,17933,0.5203400649953575,0.7879490239172484,0.5496892065329542,0.698301778786289,0.13269748597025444,0.20839002927684652,594801744.2587485,468673453.8129577,2381902837.0493274,8
2025-09-05,288007,217199,179938,37261,5618,31643,16940,0.5353474702145814,0.8613209777060356,0.5651217090255226,0.7880361066863645,0.15077426800139557,0.2265498501286703,637637735.3281729,549210757.6151242,2838403562.8459654,8
2025-09-06,262365,205047,172309,32738,5124,27614,14752,0.5342217715651482,0.8566203285426514,0.5620074531125909,0.6316957173621599,0.15651536440833283,0.3646488171230945,380631228.4127223,326056447.9364991,1707552233.108135,8
2025-09-07,269838,211702,176956,34746,6039,28707,14917,0.5196293586930018,0.8139565696472252,0.5318885627122546,0.6437714065112273,0.17380417889829045,0.35337267976079223,287640526.019058,234126895.84999585,1298468108.1862319,8
2025-09-08,284190,215394,176851,38543,7950,30593,15214,0.49730330467754064,0.845953606339697,0.5312248657343746,0.5180894740824505,0.20626313468074617,0.480957731436476,558527622.5720483,472488456.5551614,2401194856.691436,8
2025-09-09,308025,239197,200031,39166,6187,32979,16247,0.4926468358652476,0.8647305970297321,0.5305877546851862,0.7098695290662604,0.1579686462748302,0.2893725813067349,727191319.7651193,628824584.0953305,2962333166.623051,8
2025-09-10,297170,231301,192267,39034,6332,32702,16102,0.49238578680203043,0.8484082909469634,0.5259261156940104,0.7544249010243004,0.16221755392734538,0.2943305933698088,519822840.038319,441022007.3121069,2250186794.0729837,8
2025-09-11,300801,227519,185742,41777,8165,33612,17000,0.505771748185172,0.8152113323786165,0.5406802786222084,0.6242490654295956,0.19544246834382556,0.32315122418010445,511110140.5890082,416662778.7017874,2865369112.1793756,8
2025-09-12,319491,243674,199463,44211,6854,37357,18550,0.4965602162914581,0.8545211648026403,0.5274931578114044,0.771202599526069,0.15502929135283075,0.21029911342930663,672512604.5736732,574676254.2047527,2380276587.452084,8
2025-09-13,331905,254177,209023,45154,7761,37393,18766,0.501858636643222,0.9121013894670154,0.5279930903131506,0.7729639389048849,0.17187846038003277,0.23491346934785415,593462466.2052394,541297940.0223205,1829217921.5049443,8
2025-09-14,332907,252509,206078,46431,10012,36419,18320,0.5030341305362586,0.8554564978957624,0.5285692748379316,0.6262212989315679,0.21563179772134997,0.32022702913878354,380593472.3695848,325581158.99527264,1444672391.0767674,8
2025-09-15,287382,212008,167995,44013,8310,35703,16943,0.4745539590510601,0.8581714258202058,0.4982164360529843,0.6629735004568347,0.18880785222547883,0.34151415937226737,892385464.213327,765819706.2051771,2763934785.717231,8
2025-09-16,251158,191941,155664,36277,5376,30901,15126,0.48949872172421605,0.8220885887528558,0.5194200181933456,0.8127041716310429,0.1481930699892494,0.24019910436473907,553456839.9348508,454990552.4776567,1675962242.3832023,8
2025-09-17,312428,234073,188537,45536,7553,37983,19205,0.5056209356817524,0.8420639422555959,0.5291637385804638,0.7771519377205762,0.1658687631763879,0.20647628474434152,541044508.3751326,455594071.6581049,1914089284.930492,8
2025-09-18,283282,213432,167442,45990,5069,40921,16802,0.4105960264900662,0.8837885935361421,0.433529028049576,0.8168632386705289,0.11021961295933899,0.15775498376328392,741627352.335875,655441794.6488559,2063613978.211287,8
2025-09-19,311065,230299,178537,51762,9706,42056,19254,0.4578181472322618,0.8692732894431664,0.4443414087554577,0.7848078633776007,0.18751207449480314,0.22990023028837633,513071675.2312402,445999502.84837615,1541820667.7221353,8
2025-09-20,274990,212329,171989,40340,5954,34386,16569,0.48185307974175534,0.9076150564369468,0.4921665840356966,0.8573729277055294,0.14759543877045117,0.18301309927925535,452035794.8388402,410274493.44417405,1277111125.9141746,8
2025-09-21,280628,211669,169578,42091,6617,35474,18011,0.5077239668489598,0.9139489777185602,0.5187807369746502,0.7809894427842771,0.15720700387256184,0.2709014697638498,419214649.8034064,383140800.6324675,1297588602.3663518,8
2025-09-22,317061,227210,177835,49375,8288,41087,22674,0.551853384282133,0.8942167617490869,0.5734278481012658,0.7877989750162626,0.16785822784810125,0.22670742137468083,841277685.5598134,752284607.7130629,2520132640.5788593,8
2025-09-23,280714,207625,165852,41773,7223,34550,18597,0.5382633863965268,0.8544096470798289,0.5547123740214971,0.6307243934934742,0.17291073181241473,0.35319555628809995,852355027.4621105,728260358.2006197,2279658236.552376,8
2025-09-24,298522,220059,173192,46867,9164,37703,19658,0.5213908707529905,0.7450800366941841,0.5291356391490815,0.5702529303450209,0.19553203746772782,0.3207743347835337,881946507.1201408,657120735.887382,2513295772.7780347,8
2025-09-25,301666,213634,165709,47925,8036,39889,22033,0.5523577928752288,0.8787610796721858,0.5599582681272822,0.8355269653866929,0.16767866458007302,0.14802036168247995,2349250538.7642603,2064429939.8649454,5153300426.918651,8
2025-09-26,295242,213428,166583,46845,9058,37787,20703,0.5478868393892079,0.9339572642143357,0.5389689401216778,0.7997952679595761,0.19336108442736685,0.23941274973184862,1306774445.898557,1220471486.4366207,3110890101.6506195,8
2025-09-27,306548,226703,176163,50540,11517,39023,21845,0.5597980678061656,0.9159384644948161,0.5111792639493471,0.5898834455336135,0.2278789077958053,0.40506624788657125,661233120.908813,605648849.4383333,1994702868.2129278,8
2025-09-28,275993,203418,160123,43295,9782,33513,18231,0.5439978515799839,0.9188020097734252,0.5233167802286638,0.4360912640441945,0.225938330061208,0.5675268260496115,546577670.0977225,502196661.78306365,1992631196.350473,8
2025-09-29,267603,194032,149523,44509,6253,38256,20477,0.5352624424926808,0.8696329878922113,0.5407670358803838,0.35240801286677376,0.14048844054011547,0.675982474176249,736446388.036802,640438072.8508711,3320366148.3914623,8
2025-09-30,279831,206644,162900,43744,6963,36781,19660,0.5345151029063919,0.787936875596954,0.5388624725676664,0.7054800046033392,0.15917611558156547,0.23210907975053793,809536808.7471359,637863903.7649472,2142673731.4213538,8
2025-10-01,277649,201352,156220,45132,9023,36109,19294,0.5343266221717577,0.9183406920270265,0.5179695116547017,0.4701758249722148,0.1999246654258619,0.6034684506536636,647029066.0802889,594193120.3057731,2645173586.6778145,8
2025-10-02,279899,203951,157885,46066,9550,36516,18845,0.5160751451418556,0.885400360186329,0.4900360352537663,0.7433399280316324,0.20731124907741066,0.282078546229348,686973172.3315293,608246294.2206811,2058727353.3560178,8
2025-10-03,290352,208068,161733,46335,9016,37319,20117,0.5390551729681932,0.9352792028761656,0.5337649724830043,0.6814910021957673,0.19458292867163052,0.37516331395743474,726025665.8026044,679036705.9794973,2286328894.0790453,8
2025-10-04,282548,201848,153984,47864,11119,36745,19276,0.5245883793713431,0.8956109447420013,0.4957170315895036,0.2654796394648486,0.23230402807955874,0.7542879945658132,331527492.3453872,296919650.62739885,1881720224.7244797,8
2025-10-05,321675,224697,170904,53793,12333,41460,22683,0.5471056439942112,0.8977795504941286,0.5300503783020095,0.4916888249243068,0.22926774859182422,0.5102909633335034,498667566.74886835,447693543.9217999,1801141220.784744,8
2025-10-06,310741,216569,161240,55329,13949,41380,21672,0.5237312711454809,0.8562259218444309,0.4750492508449457,0.6518635743112648,0.25211010500822356,0.3665653179148036,607033643.7834878,519757941.23910075,2037834442.983953,8
2025-10-07,309773,218708,166854,51854,12696,39158,21474,0.5483936871137444,0.889721847274313,0.5141936976896672,0.29630372982015074,0.2448412851467582,0.7208354586055687,736342685.8828623,655140174.7106295,3892010246.099042,8
2025-10-08,296416,212407,163555,48852,11697,37155,20510,0.5520118422823308,0.9123668980824785,0.5142061737492836,0.13998947560739766,0.23943748464750675,0.8647404923450925,528079814.98253447,481802542.73558414,4834720614.663551,8
2025-10-09,328220,221280,164018,57262,13606,43656,25669,0.5879833241707898,0.8929322761580027,0.5608955328140827,0.2098058380322503,0.23760958401732388,0.800575017746422,678112479.0549713,605508519.4137015,4503180043.151068,8
2025-10-10,333289,218563,163068,55495,13136,42359,25451,0.600840435326613,0.8357286118456818,0.6017118659338679,0.3546939279322577,0.23670600955040993,0.6585850793825637,1194068831.6420918,997917487.1164405,5607671136.925482,8
2025-10-11,346655,236986,180286,56700,10733,45967,26589,0.578436704592425,0.871722336888245,0.5924691358024692,0.6424743342094734,0.18929453262786597,0.3567933752095228,1023632158.0697626,892323016.9465308,3273153992.610662,8
2025-10-12,351674,231454,175443,56011,12984,43027,26239,0.609826388081902,0.9000867092300388,0.6235739408330506,0.21550942288447222,0.2318116084340576,0.7999203862072493,615126910.5686152,553667556.6925452,4326542658.306735,8
2025-10-13,336620,233167,183808,49359,10712,38647,23376,0.6048593681268921,0.9129857727905839,0.6169492898964728,0.20023033738731613,0.21702222492351952,0.8062895052748118,558881650.5705345,510250995.6446165,4185508884.9058166,8
2025-10-14,335309,224593,173133,51460,10757,40703,24813,0.6096110851779967,0.9081927154110674,0.6252429071123202,0.27999506963414067,0.20903614457831327,0.7455525440879471,711898715.8944764,646541227.8858565,4389858070.92658,8
2025-10-15,308216,207280,158626,48654,9874,38780,23009,0.5933212996389892,0.8973588147951042,0.6126731615077897,0.2970763010948929,0.20294323180005755,0.7407960700043837,810095699.7231159,726946516.9741459,4534044429.961136,8
2025-10-16,296270,201263,155919,45344,9206,36138,20990,0.5808290442193813,0.8514672559200633,0.6002999294283698,0.30598940817718,0.2030257586450247,0.6946285652372173,818055615.5616549,696547570.1722806,3893493771.2513547,8
2025-10-17,292875,200393,152745,47648,10513,37135,21244,0.5720748619900363,0.8324005933431837,0.5587222968435192,0.3595934506721955,0.22063885157824042,0.6393638088886197,766082250.5427129,637687319.9014357,3505110795.167192,8
2025-10-18,241940,177219,141782,35437,7597,27840,15655,0.5623204022988506,0.8372858150828619,0.5766853853317154,0.11279968286115123,0.21438044981234303,0.8851576961113572,352697635.299759,295308727.04975665,3639618245.562151,8
2025-10-19,278686,193651,152281,41370,9591,31779,18984,0.5973756254130086,0.7641321454108786,0.6181049069373943,0.15465688816822676,0.23183466279912981,0.8404018038608817,568493671.7390292,434404289.03845215,4272036324.0767994,8
2025-10-20,300867,206128,162216,43912,9979,33933,19802,0.5835617245748976,0.8427030845048564,0.6149116414647476,0.2024557741098125,0.22724995445436327,0.8015428900713242,483860778.3922342,407750970.42205656,3260596704.12673,8
2025-10-21,318730,215345,168591,46754,10557,36197,21664,0.5985026383401939,0.8726697587181947,0.6210591607135219,0.307526973188891,0.22579886212944347,0.6917859450590296,707362111.1324329,617293522.8483331,3599494796.803594,8
2025-10-22,302632,206963,161300,45663,9781,35882,20796,0.5795663563903908,0.9068827878631494,0.6021505376344086,0.33343281610693754,0.21419968026629876,0.6781530437040406,617319998.5427783,559836881.28215,3017550470.5228395,8
2025-10-23,274099,191829,149905,41924,9796,32128,18210,0.5667953187250996,0.9034081807168103,0.5733708615590115,0.329488719567722,0.23366091021849061,0.6743406114267899,605936501.9644065,547407992.8695724,2725910212.129508,8
2025-10-24,275769,193751,151337,42414,8916,33498,19164,0.5720938563496328,0.9139442162310677,0.5927995473192814,0.3082895655200291,0.21021360871410383,0.7219596138532536,662315478.825063,605319401.1924765,3365147263.3437257,8
2025-10-25,243848,181054,142407,38647,8427,30220,15562,0.514956982131039,0.8823210166462979,0.5134680570290061,0.11417425393875551,0.21805056019872177,0.8907281692569585,253572266.1739046,223732139.68386516,2831563731.9992876,8
2025-10-26,268728,186561,143406,43155,9160,33995,19030,0.5597882041476687,0.8761828009990852,0.5878345498783455,0.19833729640490125,0.21225813926543854,0.790243579207073,414372367.12600696,363065941.28508604,2682431819.871812,8
2025-10-27,295496,208515,162567,45948,8948,37000,20452,0.5527567567567567,0.8863321221850189,0.576086010272482,0.4490545764417128,0.19474188212762253,0.5885767120895483,583196254.883836,516905574.24154556,2406416270.827392,8
2025-10-28,306686,206378,162161,44217,8585,35632,19145,0.537297934440952,0.8648394847340565,0.5581789809349346,0.3613525937628083,0.19415609381007304,0.6277475945875511,525240177.53796434,454248444.50355744,2338918130.801362,8
2025-10-29,283223,197841,156121,41720,7793,33927,18262,0.5382733516078639,0.8640072309578988,0.5650047938638543,0.3729094014833683,0.18679290508149568,0.6534586471067961,558152116.263864,482247464.4264324,2479476965.679906,8
2025-10-30,299026,208625,164586,44039,8698,35341,20204,0.571687275402507,0.8670473646961692,0.5940870591975295,0.4303453887394995,0.1975067553759168,0.5904331798673674,512440124.2774823,444309859.3193684,2304464363.0516987,8
2025-10-31,273388,190338,148334,42004,8999,33005,17976,0.544644750795334,0.8693769880102709,0.5646605085229978,0.29963646464703536,0.2142415008094467,0.6889320177567279,511370028.8111502,444573335.40656316,2582981955.1449976,8
2025-11-01,240686,166018,126633,39385,7515,31870,16759,0.5258550360840917,0.8355216305637585,0.5637933223308366,0.1108446020848358,0.1908086835089501,0.8824772365652009,242919418.31195706,202964428.4836061,2454645259.409789,8
2025-11-02,238284,163301,123324,39977,7536,32441,16706,0.5149656299127647,0.8432559436976695,0.5544938339545239,0.12193674332075134,0.18850839232558722,0.8679891932070645,257931929.36885965,217502632.5096984,2393750012.6945143,8
2025-11-03,314412,197915,146489,51426,10164,41262,24658,0.5975958509039795,0.5518111448042367,0.6206004744681679,0.48702291268208364,0.19764321549410804,0.49674180879288404,3462802877.732959,1910813220.193229,9490331678.956652,8
2025-11-04,297782,194117,146201,47916,8655,39261,22967,0.5849825526604009,0.8408574075261157,0.6034518741130311,0.8232717357615794,0.18062860005008766,0.1408037102723732,1000599343.5449752,841361369.985561,3147522452.3591337,8
2025-11-05,277504,185809,141112,44697,8305,36392,20149,0.5536656408001759,0.8770369284279718,0.5822762154059556,0.8677776428933893,0.18580665369040428,0.14596760064908537,842021019.1206403,738483528.2813568,2190017939.0987406,8
2025-11-06,251637,172801,132426,40375,7191,33184,15877,0.47845347155255546,0.8674094801410385,0.5167554179566564,0.855932152609396,0.17810526315789474,0.16966448497653214,545371297.8695716,473060233.9688885,1688054376.028073,8
2025-11-07,274949,184465,142976,41489,7921,33568,19554,0.5825190657769304,0.8748576557558992,0.6023524307647811,0.8162709501448826,0.19091807467039457,0.14181590117908038,931361535.952323,814808770.004463,2318281838.4554625,8
2025-11-08,303462,201192,154521,46671,10464,36207,20935,0.5782031098958765,0.8094005179627439,0.6149000449958218,0.22632003763056444,0.22420775213730154,0.7479825123114595,650749646.2833799,526717100.7658401,3176282926.434965,8
2025-11-09,322896,201274,151672,49602,12021,37581,22383,0.5955935180011176,0.7912059767419163,0.6283415991290674,0.18811320831184256,0.24234909882666023,0.7849554591820695,555716213.6152983,439685989.58481145,3234061143.2609477,8
2025-11-10,304768,203912,158165,45747,10173,35574,21019,0.5908528700736493,0.8913288025768508,0.614400944324218,0.39429372055061945,0.22237523772050627,0.6027537089859641,464030660.3116187,413603892.81450045,2032951172.9062295,8
2025-11-11,326251,211951,162196,49755,11160,38595,23017,0.5963725871226843,0.9059482298944213,0.62874083006733,0.5147511676622818,0.22429906542056074,0.52011661132377,485275837.2932872,439634785.8063867,1864844785.8929672,8
2025-11-12,306471,198069,149918,48151,10748,37403,21843,0.583990588990188,0.9134949090480418,0.6195094598243027,0.13274681616962322,0.22321447114286308,0.883009602199023,612132435.9748058,559179863.9261615,5949953215.084075,8
2025-11-13,336955,213914,162481,51433,11855,39578,23268,0.5879023700035373,0.8830272792068038,0.6166274570800848,0.47077239193747494,0.2304940407909319,0.5459262023383723,509259724.3596612,449690228.8109185,2162392206.1602445,8
2025-11-14,332423,210770,159396,51374,11366,40008,22939,0.5733603279344132,0.8687601753685718,0.6020360493634913,0.7105470408428853,0.22124031611320902,0.33077761252173743,537847919.952516,467260853.2595693,1897297622.6558783,8
2025-11-15,295539,196066,148311,47755,10165,37590,21195,0.5638467677573823,0.9129226841731926,0.6019264998429484,0.2827660761529263,0.21285729243011203,0.751588439655824,378807338.7841955,345821812.50737166,2075525343.6378915,8
2025-11-16,352207,223074,160483,62591,12327,50264,23331,0.46416918669425433,0.8863337211044264,0.5177581441421291,0.3049683427783908,0.19694524771932068,0.7067689400872207,416751589.09311396,369380986.7370826,2158115266.91698,8
2025-11-17,348394,227286,166401,60885,10414,50471,22280,0.4414416199401637,0.8809535646118991,0.49049848074238317,0.6238635481884435,0.17104377104377105,0.40346215407069497,666050642.4804173,586759687.7051692,2070628092.6052628,8
2025-11-18,347148,224812,163924,60888,10141,50747,21588,0.42540445740634913,0.8547273402736819,0.4745105767967416,0.580311582094276,0.1665517014846932,0.41000182648304007,468421695.5074972,400372829.9276116,1779534269.9742684,8
2025-11-19,362413,236973,172670,64303,9866,54437,21717,0.3989382221650716,0.8746779673278187,0.4485638306144348,0.6572693255376619,0.1534298555277359,0.3261222027107598,545616958.6503501,477239132.3318747,1792819630.7993383,8
2025-11-20,364347,246269,185075,61194,9316,51878,20196,0.3892979683102664,0.8540049321878779,0.43411118737131094,0.7021585122261612,0.15223714743275485,0.25891910756043046,476485117.47045195,406920640.43388635,1654067622.0253248,8
2025-11-21,325172,207071,157875,49196,10839,38357,23262,0.606460359256459,0.885885096814238,0.6271241564354826,0.7960320777463684,0.22032279047076997,0.22047604229526802,713967545.3563832,632493208.0402634,2340863689.725712,8
2025-11-22,294696,192938,147902,45036,12157,32879,19933,0.6062532315459715,0.8523294184812331,0.6500355271338485,0.3549335776243963,0.2699396038724576,0.6092774975536929,302487908.1433643,257819342.84543836,1235924743.185216,8
2025-11-23,277703,180884,138509,42375,10519,31856,19395,0.6088335007533903,0.8937241721615922,0.6383008849557522,0.4147786249940828,0.24823598820058998,0.5846184483416086,361613960.27203935,323183137.28620327,1436911098.645993,8
2025-11-24,286854,184613,141618,42995,9892,33103,19190,0.579705766848926,0.8934467886697786,0.6109082451447843,0.6289196668818066,0.230073264333062,0.39534680538310335,450620422.9208894,402605369.76768607,1304122461.3603668,8
2025-11-25,285812,184632,139489,45143,10642,34501,20381,0.590736500391293,0.8992844178533099,0.6248587820924617,0.5084600024623109,0.2357397603172142,0.4895547113746889,470567098.850827,423173659.5509869,1543100440.3837368,8
2025-11-26,305986,195683,148140,47543,11637,35906,22245,0.61953433966468,0.8075332947464962,0.6454998632816608,0.1969695319494074,0.2447678943272406,0.7828377952574385,427098607.6637578,344896345.82835543,2556844106.4959054,8
2025-11-27,299778,193433,145970,47463,11049,36414,21714,0.5963091118800461,0.8762997718002768,0.618903145608158,0.25541431047351726,0.23279185892168636,0.7587089696881977,655782299.8798261,574661879.7353523,3236947984.548641,8
2025-11-28,328645,195088,150542,44546,10133,34413,20175,0.5862610060151687,0.8438997259442409,0.6205719929960042,0.28204751619207635,0.22747272482377767,0.729853839244483,460519484.73873824,388632266.96300423,2247468097.7517653,8
2025-11-29,238160,161602,125595,36007,8794,27213,16360,0.6011832580016904,0.8681263904074563,0.6308773294081707,0.1979758188083353,0.2442302885550032,0.8042262551140743,348447616.03175104,302496571.1517273,2193990784.8632927,8
2025-11-30,255677,165182,127204,37978,9690,28288,17324,0.6124151583710408,0.8667920838028852,0.6434778029385434,0.1610209129495928,0.25514771709937334,0.8549960650627604,222306976.03251588,192693926.9991425,1813690970.205132,8
2025-12-01,365779,220110,163065,57045,13547,43498,26933,0.6191778932364707,0.9059851916874745,0.6487860461039531,0.5158856468728771,0.23747918310106056,0.544595566396629,584741382.0357282,529767033.09123796,2067672907.7408614,8
2025-12-02,325906,204579,153210,51369,13753,37616,24315,0.6464004678860059,0.9002954801085248,0.6458369833946543,0.30507677454872856,0.26772956452335067,0.7078212512989883,394688210.77289313,355336012.21095645,1993316276.5993705,8
2025-12-03,362350,224005,168023,55982,15651,40331,24894,0.617242319803625,0.8807885678095899,0.6297024043442535,0.20371911555856811,0.2795720052874138,0.8080839216506532,400336018.4853505,352611388.3643054,2699493081.659903,8
2025-12-04,313241,201374,153335,48039,12011,36028,22301,0.6189907849450428,0.8429290968853143,0.6376485771976935,0.15618656833641267,0.2500260205249901,0.8435998570440464,362280442.837901,305376726.5005636,2866364580.972952,8
2025-12-05,340646,211368,158603,52765,13740,39025,24059,0.6165022421524664,0.9222299254222173,0.6495783189614328,0.2464759727903559,0.2603998862882593,0.7748310302427068,506256303.8488495,466884713.3430518,2834790280.223383,8
2025-12-06,258847,171383,130666,40717,10420,30297,18368,0.6062646466646863,0.8875401573865881,0.6430974777120122,0.09632759492736193,0.2559127637104895,0.9053435924694557,164490128.0071028,145991594.09996402,2015701972.7538052,8
2025-12-07,189197,124703,96266,28437,6145,22292,12391,0.5558496321550332,0.9023606378895056,0.5849421528290607,0.5823516141128041,0.21609171150261983,0.4688466421436645,189059106.31469023,170599495.77294374,763168302.3863964,8
2025-12-08,194220,130177,99799,30378,7017,23361,12757,0.5460810752964342,0.9175068548642559,0.5544472973862664,0.7256732405889178,0.23098953189808413,0.35197239681222714,313981222.0310304,288079923.5121263,973197222.9679794,8
2025-12-09,232537,151758,115954,35804,6819,28985,16515,0.5697774711057444,0.9152470170300843,0.592028823595129,0.7632529188207271,0.19045358060551892,0.25828652717505723,483675842.9999742,442682872.51523775,1293997535.5134473,8
2025-12-10,258374,173513,134962,38551,7212,31339,18036,0.5755129391493028,0.8899456472154905,0.5985318149983139,0.688045139397317,0.18707685922544162,0.34738357441650347,347040747.89264095,308847402.99346423,1127720920.0096493,8
2025-12-11,275946,179427,138172,41255,9072,32183,20066,0.6234968772333219,0.9013168888835301,0.6472669979396437,0.725517094054809,0.21990061810689612,0.2998834630692335,373960120.88493365,337056572.72251725,1155805534.8979137,8
2025-12-12,264011,169826,129353,40473,10315,30158,18502,0.6135022216327343,0.8832912475570027,0.6289378103921133,0.3748314827101931,0.25486126553504806,0.6408107940397963,260660540.17899525,230239173.72358695,1245812334.9597707,8
2025-12-13,218152,144062,107454,36608,10479,26129,15406,0.5896130735963871,0.8485288394263945,0.5973830856643356,0.2840470151916906,0.28624890734265734,0.7143467813529788,169895226.03221264,144160998.96919835,872780960.5994325,8
2025-12-14,223683,146101,109265,36836,9949,26887,16126,0.5997694052888013,0.8856054262222617,0.6093224019980454,0.24957304395687976,0.2700890433271799,0.755126144106532,129578145.53431518,114755108.80500746,806133808.9383007,8
2025-12-15,311805,193017,142064,50953,14180,36773,22819,0.6205368068963641,0.912340007809677,0.6268914489823956,0.587763767691903,0.27829568425804174,0.4624844585436198,381798276.2798457,348329842.36287564,1256375428.441347,8
2025-12-16,305985,193149,143427,49722,13271,36451,21923,0.6014375462950262,0.8606145496053457,0.6178753871525683,0.5205562339973874,0.26690398616306665,0.48934051821108304,279913541.4467051,240897666.40059337,1034591296.6340659,8
2025-12-17,309209,191784,143785,47999,12491,35508,22452,0.6323082122338628,0.8837198117305455,0.6552428175586992,0.6691624756959875,0.2602345882205879,0.35833209896707646,341255329.76864874,301574095.7751955,1183592747.725147,8
2025-12-18,337404,201703,149312,52391,14897,37494,24961,0.6657331839761028,0.8688172112413884,0.682350021950335,0.6914149440233763,0.28434273062167165,0.2978895890765065,385971614.4247042,335338781.66280794,1249736234.999142,8
2025-12-19,316164,197228,149862,47366,12642,34724,22532,0.6488883769151019,0.8899398090686349,0.6585736604315332,0.6892285626699483,0.2669003082379766,0.3112731935820821,333147781.94067776,296481473.451926,1049417805.8698896,8
2025-12-20,221070,154757,122276,32481,8525,23956,15588,0.6506929370512606,0.8036583499182333,0.6737477294418275,0.35568690457739355,0.2624611311228103,0.6026979769733595,107476142.0371733,86374098.96517237,491554231.00119877,8
2025-12-21,246681,164690,129052,35638,10212,25426,17021,0.6694328639974829,0.9128489565436133,0.6963073124193276,0.525644546116718,0.286548066670408,0.5022918039049998,156924278.56913143,143248163.94819093,590831935.0541081,8
2025-12-22,337624,218498,170434,48064,11961,36103,23742,0.6576184804586876,0.8870332137127617,0.6750998668442078,0.6323577755716814,0.24885569241011984,0.39762024578295857,285323672.4951838,253091574.1617304,1033824749.2601366,8
2025-12-23,303667,203445,159249,44196,10737,33459,20379,0.6090737918048955,0.8892590636203658,0.6386324554258304,0.6062031466622947,0.24294053760521314,0.38466732569730516,306604095.90929276,272650471.2304665,947546259.0939856,8
2025-12-24,309995,224824,185098,39726,9426,30300,18590,0.6135313531353135,0.872208471370232,0.6425011327594019,0.5490279067398952,0.2372753360519559,0.41853482292014144,221668058.21553874,193340758.20778266,754180378.922724,8
2025-12-25,297332,214636,176711,37925,9559,28366,17860,0.6296270182612987,0.8895977860987268,0.6612524719841792,0.5172738220946547,0.2520500988793672,0.4702367552192027,161644610.58085445,143798687.70751894,569012530.5570078,8
2025-12-26,327159,229369,184903,44466,9883,34583,22011,0.6364687852413036,0.898746307776057,0.6617190662528674,0.7366656689267052,0.2222597040435389,0.28652330181022606,254037617.80625075,228315371.03959298,739961979.4572692,8
2025-12-27,274832,208372,174494,33878,7689,26189,16352,0.6243842834777961,0.8653092845271688,0.6456402385028632,0.8611736217836637,0.22696144990849518,0.1858390117329344,148004041.5858259,128069271.33176035,428783012.9641984,8
2025-12-28,287615,209442,171749,37693,9348,28345,17548,0.6190862585994003,0.8410715293202524,0.6525349534396307,0.7369589035920077,0.24800360809699415,0.19225855587303453,140150023.39448765,117876194.51067089,418644547.8733153,8
2025-12-29,359541,248843,200615,48228,12291,35937,22430,0.6241478142304588,0.907809598807222,0.6550758895247574,0.6746915196186883,0.25485195322219456,0.3272711450803587,305060206.50819004,276936583.6822483,1004950793.397085,8
2025-12-30,296987,209588,167280,42308,10151,32157,20056,0.6236900208352769,0.8956425729959587,0.6528079795783304,0.4520831367640818,0.23993098232012858,0.5367461063869444,296373642.80320704,265444852.00844955,1153540209.745913,8
2025-12-31,272094,184723,141716,43007,9925,33082,20593,0.6224835257844145,0.9036695092296114,0.6532657474364638,0.4515914069882596,0.23077638523961216,0.5458165714131127,247545097.03272313,223698956.34775746,930134920.7612574,8
2026-01-01,248220,172547,134780,37767,9334,28433,17347,0.6101009390496958,0.9049774964640762,0.6430746418831255,0.30636208446731245,0.24714698016787143,0.7012976692367717,163252256.01953298,147739617.94466937,772039717.046023,8
2026-01-02,321289,215709,168855,46854,10399,36455,22353,0.613166918118228,0.9025183555300464,0.6402441627182311,0.5544989808245872,0.2219447645878687,0.43480201885520664,306664857.2080699,276770662.62628376,1020961711.8491615,8
2026-01-03,287152,200325,159469,40856,8789,32067,19659,0.6130601552998409,0.8887788597527105,0.6403221069120815,0.48163662177697425,0.21512140199725865,0.49622726485591273,199651175.5375579,177445744.14255896,649699006.8837156,8
2026-01-04,306187,216665,173235,43430,9016,34414,20803,0.6044923577613762,0.8853009332768998,0.6375086345843887,0.4489498442866235,0.20759843426203087,0.5535073857240155,150991714.55750474,133673105.81483822,642076133.2021143,8
2026-01-05,350401,236314,185904,50410,9811,40599,25020,0.6162713367324318,0.9138128276829486,0.6391192223765126,0.7364147076798606,0.19462408252330887,0.27895002132388624,374204399.67523354,341952780.5986254,1136461627.6207817,8
2026-01-06,362319,242174,188943,53231,11137,42094,26631,0.6326554853423291,0.8950223651799989,0.6635794931524863,0.7492430663250319,0.2092201912419455,0.28451796004370583,428804905.4663008,383789980.69123435,1270583429.2196887,8
2026-01-07,335527,232564,184352,48212,9509,38703,22536,0.5822804433764824,0.9176117391658914,0.6121090185016178,0.6713857907919496,0.19723305401144944,0.3584720450004148,384697270.6037293,353002731.5310596,1166790701.1329644,8
2026-01-08,356462,240209,185226,54983,10925,44058,24023,0.545258522856235,0.8231490988344637,0.5914191659240129,0.5858448053614033,0.19869777931360602,0.40880138884655803,314934950.79489744,259238420.938296,1024195080.9152133,8
2026-01-09,313932,216718,171285,45433,10228,35205,20237,0.5748331202954126,0.8129491049566221,0.6119560671758414,0.4820015132448521,0.22512270816366958,0.4834333085898209,268730533.0026055,218464246.27898413,944808729.1045053,8
2026-01-10,251461,184558,149822,34736,7998,26738,15781,0.5902086917495699,0.8668901547968232,0.6133982035928144,0.3368720375715898,0.23025103638876093,0.6745513239523232,140440158.42093712,121746190.67321655,636209527.6376324,8
2026-01-11,272377,198956,162276,36680,8804,27876,17021,0.6105969292581432,0.7971190066881453,0.6373500545256271,0.32537133952600444,0.2400218102508179,0.6406947978455557,146169156.9494056,116514213.19595382,676096926.9129372,8
2026-01-12,326402,222072,178626,43446,10018,33428,21569,0.6452375254277851,0.897323357583116,0.6630529853151038,0.64972065808951,0.23058509413985176,0.3673685077858446,339687126.0427538,304809192.468443,1026186481.6254684,8
2026-01-13,315024,211194,164903,46291,10454,35837,22264,0.6212573597120294,0.9075158856226108,0.6330820245836124,0.7020431085245643,0.22583223520770776,0.2885260625003155,445621937.5229225,404408987.28397876,1316261033.4568048,8
2026-01-14,318000,214758,167332,47426,10329,37097,23289,0.6277866134727875,0.8860372929635933,0.6309830051026863,0.7200965158034506,0.21779192847805,0.25064253791365065,650334517.2236676,576220635.1616439,1680226327.1037846,8
2026-01-15,284340,192853,150953,41900,8205,33695,20946,0.621635257456596,0.9175334687651782,0.6413365155131265,0.7873180262330295,0.19582338902147972,0.2561894594309568,507017598.27110213,465205615.66667396,1228518757.1235032,8
2026-01-16,271691,189474,151246,38228,8138,30090,18923,0.6288800265869059,0.9124448890089465,0.6441090300303443,0.6958318812227288,0.21288061107041958,0.33150783801988076,441953470.7193267,403258185.5376147,1052969316.7105098,8
2026-01-17,244174,169716,134001,35715,7562,28153,17686,0.6282101374631478,0.890913373843251,0.6538989220215595,0.47342288129994053,0.2117317653646927,0.5379806774244977,164463781.5506264,146522982.49628797,987147289.6268734,8
2026-01-18,265406,182897,144352,38545,9118,29427,18619,0.6327182519454922,0.8928040951111734,0.6590997535348294,0.40731568156886894,0.23655467635231547,0.6507571252176797,171426923.42375493,153050659.24503794,753213887.8241653,8
2026-01-19,318658,214298,168278,46020,10150,35870,23328,0.6503484806244773,0.9134626055069153,0.6705345501955672,0.6210467211574325,0.22055627987831378,0.4087667812396923,339822483.11694247,310415130.837832,1148947236.8969793,8
2026-01-20,344811,222909,172033,50876,11137,39739,25518,0.6421399632602732,0.9364934042540647,0.6600951332651938,0.8306835491031073,0.21890478811227299,0.2186046646009815,609182211.3965008,570495122.9617283,1458741886.4360788,8
2026-01-21,350465,225803,172273,53530,10652,42878,24014,0.5600541070012593,0.9130599771082925,0.5857836727068934,0.8122598945663869,0.19899121987670465,0.18562502343804052,409209617.27747023,373632923.7838601,1204510824.8367252,8
2026-01-22,323395,217150,170644,46506,9935,36571,21898,0.5987804544584507,0.9218822894918506,0.6191244140541006,0.7350617077320839,0.21362834903023264,0.3369932738093288,368629883.24279857,339833360.7389847,1132653385.2639408,8
2026-01-23,304163,205967,162848,43119,9874,33245,20597,0.6195518123026019,0.9185423583702472,0.6471856954010993,0.7766288954728576,0.22899417890025278,0.2807073640315333,284103495.8050187,260961095.05797353,835323158.7311914,8
2026-01-24,263046,188933,151278,37655,8424,29231,18680,0.6390475864664227,0.8731677084890573,0.6670827247377507,0.5670381923209606,0.22371531005178596,0.4210172887307337,179230407.32896906,156498204.05899626,542191973.962929,8
2026-01-25,353235,238073,185558,52515,12730,39785,25311,0.6361945456830463,0.8638965827806011,0.6682662096543844,0.6647389269487084,0.24240693135294678,0.36639601913251735,321974834.5612944,278152959.3188516,1032074621.5914936,8
2026-01-26,351980,241678,193748,47930,10828,37102,22858,0.6160853862325482,0.9195088351249276,0.637304402253286,0.7824418481307248,0.22591278948466514,0.2855159891256388,391595515.1220537,360075535.95002556,1182600271.3995519,8
2026-01-27,321365,227847,185043,42804,9179,33625,19657,0.5845947955390335,0.9083466511613303,0.6120689655172413,0.7723332168789675,0.21444257546023737,0.2901402293573672,383351279.4536402,348215850.9101254,1216669987.9938889,8
2026-01-28,309408,223059,183178,39881,8232,31649,19540,0.6173970741571614,0.9389338547897138,0.6433389333266468,0.8103610398195414,0.20641408189363356,0.24702152050101378,405612675.55839777,380843473.01361597,1198360255.4036999,8
2026-01-29,349406,244135,199220,44915,9448,35467,22105,0.623255420531762,0.88079549404216,0.6464878103083602,0.7673727878854771,0.21035288878993655,0.22992984272692094,448861253.4246976,395354969.4665897,1311563248.7957907,8
2026-01-30,350815,220689,170106,50583,9611,40972,25721,0.627770184516255,0.9193843480775782,0.6451179249945634,0.8912767975620426,0.1900045469821877,0.14991479039826644,569960925.133143,524013153.583228,1593274747.1484034,8
2026-01-31,355561,213469,157121,56348,12318,44030,29218,0.6635930047694754,0.8822407382983564,0.674291900333641,0.8527289812423492,0.21860580677220132,0.17516501066551068,731535416.7134707,645390346.1326882,2053840707.3331194,8
2026-02-01,355385,210006,156542,53464,12754,40710,28002,0.6878408253500369,0.8951744319009581,0.7029215920993566,0.8893337113794257,0.23855304503965286,0.12248694651044814,557951000.3062245,499463469.7276958,1370013721.8957076,8
2026-02-02,386097,223183,165035,58148,13360,44788,30767,0.6869473966240958,0.9116527188867842,0.697117699662929,0.898941816552064,0.22975854715553415,0.18609993337034553,658921981.5029645,600708015.971445,1814064927.8028922,8
2026-02-03,360911,215942,163496,52446,11538,40908,27103,0.6625354453896548,0.9041854447079377,0.6774587194447622,0.8801528236723942,0.2199977119322732,0.17075450685609883,469670101.1652175,424668869.2880943,1377043698.608363,8
2026-02-04,340589,205025,154326,50699,10381,40318,24953,0.6189047075747804,0.9090495819174726,0.6439771987613168,0.8936084181129365,0.20475749028580445,0.15011504919550284,619033789.5771278,562732407.6078768,1621558389.9412386,8
2026-02-05,407576,232341,169128,63213,12584,50629,32420,0.6403444666100456,0.8725767584608393,0.6567478208596333,0.8571493404235468,0.1990729754955468,0.13488358883574017,1300316956.3184116,1134626354.7159843,3422599390.322125,8
2026-02-06,396474,230834,170553,60281,12582,47699,31900,0.6687771232101302,0.9088393485744629,0.679252169008477,0.8915496747948323,0.2087224830377731,0.1827202680717031,947246167.5928894,860894589.8947781,2492599739.487138,8
2026-02-07,324250,200152,154050,46102,10640,35462,22810,0.6432237324459985,0.9422830640028469,0.666109930154874,0.9259766645881735,0.23079259034315214,0.12821831367676423,536031770.83842385,505093659.4285019,1301435446.1953325,8
2026-02-08,306412,190936,144058,46878,11069,35809,24036,0.6712279035996537,0.8850014376363338,0.6848841674132855,0.8046459273400847,0.23612355475916208,0.25662726975612565,300415599.7535589,265868237.67028102,821626910.4933597,8
2026-02-09,315214,196844,150397,46447,11536,34911,22879,0.6553521812609207,0.9143961556870955,0.6572652700927939,0.8548733049371637,0.2483691088767843,0.2602266735957064,411186059.33544767,375986951.9284593,1128716860.1447535,8
2026-02-10,312017,201471,156829,44642,11355,33287,21506,0.6460780484873975,0.9269711638330217,0.6558845929841853,0.91692992258118,0.25435688365216613,0.24487109259849235,472247480.27534163,437759796.4080454,1164858411.6787674,8
2026-02-11,355778,221106,169639,51467,12359,39108,25286,0.6465684770379462,0.9369396410401486,0.6636291215730468,0.9307556971062497,0.24013445508772613,0.1987384353808801,582596708.1974552,545857950.6496959,1436025172.720344,8
2026-02-12,351405,218519,161503,57016,12361,44655,27426,0.6141753443063487,0.9172607854666007,0.6262628034236004,0.9215699096017045,0.216798793321173,0.1965400140471585,503957148.7958703,462260130.14600855,1188127355.4470239,8
2026-02-13,324661,211027,161679,49348,10486,38862,23697,0.609773043075498,0.8949325216476337,0.6363378455053903,0.9035041490437504,0.21249088108940586,0.20590447897329228,479567487.24892676,429180540.66390145,1145186595.158799,8
2026-02-14,312752,198437,151625,46812,10716,36096,22489,0.6230330230496454,0.9209294163125267,0.6502178928479877,0.8559263849650464,0.2289156626506024,0.24116163879475888,287053854.92185616,264356339.06344572,683599354.7816905,8
2026-02-15,379930,233274,178979,54295,13834,40461,25641,0.633721361310892,0.9321664937017734,0.6628787181140068,0.8814199715168388,0.25479325904779443,0.22383691290890348,373191800.0694765,347876891.7490171,1050655590.663403,8
2026-02-16,336294,214762,167215,47547,12433,35114,22215,0.6326536424218261,0.9231158124736528,0.6601678339327403,0.8752080036252627,0.26148863230067093,0.24408179198755323,321877633.09088063,297130332.7877846,859245749.3404295,8
2026-02-17,347634,220537,174435,46102,10680,35422,21169,0.5976229461916324,0.9279111566735021,0.6147455641837665,0.907766902544652,0.23166023166023167,0.19690382031615736,488682472.2169445,453453918.0408915,1155441287.516535,8
2026-02-18,320387,208652,161935,46717,11056,35661,21973,0.6161633156669751,0.9046474539523086,0.63983132478541,0.8957355329089388,0.23665903204400968,0.1967808548783508,422731361.44369495,382422849.83583176,1067172596.9668751,8
2026-02-19,336034,220937,172826,48111,11068,37043,23237,0.6272980050211916,0.9180977360935542,0.6464426014840681,0.8971535863222121,0.2300513396104841,0.14558107551416544,451314021.06738853,414350381.009248,1169143829.84499,8
2026-02-20,358909,234589,182019,52570,11848,40722,25454,0.6250675310642896,0.92229282152655,0.6439794559634773,0.8756613405810586,0.22537568955678144,0.205497883094243,437688074.5264517,403676569.20352405,1211707610.7860389,8
2026-02-21,274843,185873,144149,41724,9160,32564,20220,0.6209310895467387,0.9212586791174434,0.6388169878247532,0.832037191507768,0.21953791582782092,0.2735219783046199,264612101.94894466,243776195.51997504,666738782.0506177,8
2026-02-22,262684,173139,131410,41729,9281,32448,19686,0.6066937869822485,0.927740804153261,0.6301612787270243,0.8837185590865675,0.22241127273598696,0.30324372953055734,228760215.26669618,212230186.0697978,561892987.7769327,8
2026-02-23,361824,220475,164678,55797,12628,43169,27142,0.6287382149227455,0.9086919829065854,0.648027671738624,0.865948239863589,0.22632041149165727,0.18375137308978015,506429483.7607534,460188411.8009174,1204536437.3246841,8
2026-02-24,340317,217807,165511,52296,11183,41113,25166,0.6121178216136015,0.8688796753197757,0.6336048646167967,0.8349041881948551,0.21384044668808322,0.16400945679376605,376754793.4276961,327354582.5886258,990377224.7386369,8
2026-02-25,373579,227624,170729,56895,13437,43458,28038,0.6451746513875466,0.8917224647715053,0.6613762193514369,0.8676928104350323,0.23617189559715265,0.18639895433815884,523955831.95109284,467223185.89883316,1374393663.4097967,8
2026-02-26,357961,220924,164287,56637,12470,44167,27670,0.6264858378427333,0.9243576746530351,0.6445786323428148,0.8859071485040166,0.2201740911418331,0.1549393609610357,445027799.21238637,411364861.6359193,1104049250.6898384,8
2026-02-27,340738,215983,165352,50631,11270,39361,24466,0.6215797362871879,0.9447974938700198,0.6429855227034821,0.9217094377257449,0.22259090280658095,0.23389455095037961,502657760.7044657,474909792.5878953,1208897357.1245832,8
2026-02-28,383934,239511,183651,55860,13338,42522,28912,0.6799303889751188,0.9232946845175317,0.6948621553884712,0.8862215961793186,0.23877551020408164,0.1261573635958731,316641832.7120955,292353721.03896725,894926128.7025175,8
2026-03-01,379158,241245,191078,50167,13483,36684,24522,0.6684658161596336,0.9510331132682787,0.684912392608687,0.8734408579901485,0.268762333805091,0.25346170260914375,437476289.4754061,416054437.56085014,1236448687.6686602,8
2026-03-02,362034,232091,183167,48924,12252,36672,24427,0.6660940226876091,0.9182997874963165,0.6831820783255662,0.8662690316942041,0.25042923718420407,0.19831502532574102,543539371.4965713,499132089.3411828,1515235120.4568405,8
2026-03-03,345324,222806,175047,47759,10733,37026,22923,0.6191054934370442,0.9452127724799083,0.6434389329759835,0.8885735368072176,0.22473251114973095,0.18545902217441274,615316882.8383328,581605376.7813154,1493485075.186077,8
2026-03-04,378866,232069,174857,57212,13282,43930,27728,0.6311859776917824,0.911618534614948,0.6508949171502482,0.8756800230936854,0.23215409354680835,0.1518242830373989,673656996.7351823,614118204.1968337,1706665459.597237,8
2026-03-05,329725,215892,168098,47794,9697,38097,22691,0.5956112029818621,0.9121029072222984,0.6256643093275307,0.8786429123077367,0.20289157634849564,0.12989310468989634,438953497.71907604,400370761.40496576,1173895106.331294,8
2026-03-06,306498,204227,159547,44680,9587,35093,20675,0.5891488331006184,0.9021418389403006,0.616987466427932,0.8200558810129857,0.2145702775290958,0.2272447556126385,354792658.7576265,320073301.6141237,972686990.3506215,8
2026-03-07,282207,194290,152775,41515,9426,32089,19368,0.6035713172738322,0.924681442256485,0.6343008551126099,0.6853018383025001,0.22705046368782367,0.32984272189620517,249684377.96201473,230878510.7228291,736004019.3477309,8
2026-03-08,295354,192727,147750,44977,11158,33819,20645,0.6104556610189539,0.8753479476072624,0.6461747115192209,0.7058404543841446,0.24808235320274807,0.32121940776006663,202643468.52770653,177383544.2717448,699596134.5657234,8
2026-03-09,345447,231331,184197,47134,11246,35888,22211,0.6188976816763263,0.9131873115089825,0.6443543938558154,0.8774408303851046,0.2385963423431069,0.2171979256494034,386910587.8248844,353321839.49016625,1114862558.6515942,8
2026-03-10,319898,209211,161942,47269,9517,37752,22713,0.6016369993642721,0.9064674517876532,0.6311324546743109,0.8868891028812294,0.2013370284964776,0.19777093932716674,469122015.6097106,425243838.067222,1185071476.9638882,8
2026-03-11,293439,198735,156502,42233,9467,32766,19720,0.6018433742293842,0.9011323474433819,0.6292946274240523,0.8071082811618598,0.22416120095659792,0.2373287637917495,279520698.0331426,251885142.77761853,806487236.3357716,8
2026-03-12,314359,214494,169603,44891,10895,33996,20800,0.6118366866690199,0.9232007130340313,0.6413089483415384,0.8529658419451782,0.24269898197857032,0.24017154254850046,451318446.29998523,416657511.4295575,1237655672.9969344,8
2026-03-13,335689,219181,171574,47607,10974,36633,22876,0.6244642808396801,0.878226944945816,0.6511227340517151,0.8591790803465023,0.23051231961686305,0.18522275077253905,518859866.992419,455676715.8437446,1297543264.773384,8
2026-03-14,250337,179485,144610,34875,8202,26673,16571,0.6212649495744761,0.875030597812821,0.6433548387096775,0.737279034846088,0.23518279569892472,0.22118755358559114,106464352.4377355,93159565.95934656,450918328.5581808,8
2026-03-15,277325,185383,145903,39480,10013,29467,19455,0.6602300878949333,0.8778509684285003,0.6764184397163121,0.7220664114978167,0.25362208713272544,0.3788077194857262,214915494.54196677,188663775.0139556,648990849.6282501,8
2026-03-16,338240,218695,168846,49849,10985,38864,24909,0.6409273363524084,0.8815339507247232,0.6602940881462015,0.8173394142727103,0.22036550382154105,0.2522602278156688,320146206.22880805,282219749.9864131,1022662864.5934563,8
2026-03-17,303230,206842,162539,44303,9009,35294,20889,0.5918569728565762,0.8258052067054074,0.6212220391395616,0.8217266731680695,0.2033496602938853,0.22178427187751878,312759302.2248375,258278260.22282088,959970061.8857579,8
2026-03-18,288531,193854,150769,43085,8803,34282,20105,0.5864593664313634,0.849608755519287,0.6124637344783568,0.8368109366490507,0.20431704769641407,0.21782839461272235,284222829.1985264,241478204.20553088,947090709.1980548,8
2026-03-19,294993,198118,155506,42612,9178,33434,19723,0.5899084764012682,0.9117965036037011,0.6233924716042429,0.8823979376607597,0.21538533746362526,0.20522424381887677,381480533.50718534,347832616.64472616,1119521638.4755726,8
2026-03-20,283736,195945,157641,38304,8220,30084,18231,0.606003191065018,0.9207075079229127,0.6373224728487886,0.880729906112397,0.21459899749373434,0.13792047735128454,358876274.11738217,330420079.995275,908245628.1155126,8
2026-03-21,210132,152383,123480,28903,5682,23221,13583,0.5849446621592524,0.9442299664499062,0.6152302529149223,0.8891468882052611,0.1965885894197834,0.6498850232949114,158701657.1800152,149850860.43463027,644571278.3991262,8
2026-03-22,360379,204389,144853,59536,11817,47719,34234,0.7174081602715899,0.9262100933856815,0.7323132222520827,0.8694878217248022,0.19848495028218222,0.1861951339685772,400279845.1771467,370743232.78193116,918496788.2528791,8
2026-03-23,342272,226749,179917,46832,10155,36677,23183,0.6320855031763776,0.9181958182929184,0.6479757430816536,0.8973011953738556,0.21683891356337548,0.18660335120822752,382976784.83321035,351647682.33712053,1164924995.2429647,8
2026-03-24,290668,199426,159995,39431,8309,31122,18796,0.6039457618404986,0.9108709012854499,0.6294032613933199,0.9288302587060318,0.21072252796023433,0.34936835018423756,252395077.28682047,229899331.52825695,815875302.8290429,8
2026-03-25,271130,187452,149761,37691,7875,29816,18325,0.6146028977730078,0.9311420108921096,0.6396752540394258,0.8570447942020503,0.20893582022233426,0.28067345421669315,285175438.6388799,265538831.39124602,730240851.1254115,8
2026-03-26,275636,183754,143014,40740,8856,31884,18313,0.5743633170242127,0.9394141756944253,0.6081246931762395,0.9422099241884472,0.21737849779086893,0.5467789341094097,429760366.5769138,403722980.5139855,1687036839.0527759,8
2026-03-27,251695,171116,135066,36050,6971,29079,16883,0.5805908043605351,0.89459510722709,0.6042718446601941,0.8617089350213715,0.19337031900138696,0.16790329614490238,393632518.8498725,352141725.40857124,1204447669.0538945,8
2026-03-28,203579,145169,116604,28565,5858,22707,13042,0.5743603294138372,0.8659036366110238,0.5996499212322772,0.7606331347483625,0.2050761421319797,0.24905280133303814,148676867.69359154,128739840.41581695,912083910.3110082,8
2026-03-29,185269,131674,106500,25174,4889,20285,11499,0.5668720729603155,0.9300029320242655,0.5958528640660999,0.8648888552740983,0.19420831016127751,0.26865370608658246,186301280.7473907,173260737.3349492,474714513.0626768,8
2026-03-30,233590,159384,127635,31749,6285,25464,14790,0.5808199811498587,0.9112727551112141,0.6052789064222496,0.8726094194311345,0.197958990834357,0.14481435402847964,269986549.4888142,246031386.79564184,749499262.208617,8
2026-03-31,256359,167445,129933,37512,6769,30743,17361,0.5647139186156198,0.8957109911648796,0.5895180208999786,0.8608485924017929,0.18044892301130305,0.15608446924677266,298396072.0628635,267276641.46713433,1084394814.6781356,8
2026-04-01,244548,165196,129280,35916,6999,28917,16742,0.5789673894249058,0.9395848648440063,0.6059416416081969,0.9088896646779191,0.1948713665218844,0.19112541595382826,510093347.53724396,479275989.0036081,1305941901.1526384,8
2026-04-02,270095,181064,141437,39627,7251,32376,18148,0.5605386706202125,0.907575282976318,0.5890680596562949,0.9034136732481385,0.18298130062835946,0.12785642297121716,274021063.56533194,248694744.30677775,775809243.0447325,8
2026-04-03,211489,146240,114808,31432,5352,26080,15031,0.5763420245398773,0.9225263756630457,0.6037477729702214,0.9778042529541667,0.17027233392720795,0.7790697675456473,212838156.33094993,196348812.96279597,1794903040.001744,8
2026-04-04,167377,123704,100559,23145,3745,19400,10870,0.5603092783505155,0.9294886170331598,0.5897170015122056,0.8676719168980618,0.1618060056167639,0.17482329183454928,111782785.45432779,103900826.66005754,1002331499.8633914,8
2026-04-05,198844,140460,111649,28811,5622,23189,13489,0.5816982189831386,0.9209500871040901,0.6136197979938218,0.8925046271310391,0.19513380306133074,0.17322421385674047,158231453.8547297,145723271.21012014,433474623.8024349,8
2026-04-06,254461,171376,133172,38204,8151,30053,18199,0.6055635044754267,0.9240324349691248,0.6285205737619097,0.9224346954491984,0.21335462255261228,0.1405229883054693,328524459.2845801,303567256.05964565,895740723.4660802,8
2026-04-07,274769,178103,137763,40340,8817,31523,19591,0.6214827268978207,0.9333378430006094,0.6433812592959841,0.9188481063677644,0.21856717897868122,0.20616816710671684,374704216.8794366,349725625.5454859,1982763610.496872,8
2026-04-08,223852,147466,112377,35089,6340,28749,16938,0.5891683188980487,0.9167161514335472,0.6111601926529682,0.8923652907763007,0.18068340505571548,0.2319890663072238,352588206.7182963,323223303.90365255,2357239163.31285,8
2026-04-09,236967,158080,121896,36184,7515,28669,17385,0.6064041298964038,0.9155201999664262,0.6272938315277471,0.9356415470525034,0.20768848109661728,0.3429181062064306,303085623.5723546,277481010.69991106,2393148724.9429407,8
2026-04-10,253195,167915,127583,40332,8251,32081,18227,0.5681556061220037,0.8976603482644047,0.5978379450560349,0.9016507012685095,0.2045770108102747,0.17314330729984806,243095978.4870202,218217620.71033478,673054113.4573402,8
2026-04-11,206493,140701,109014,31687,6638,25049,15705,0.6269711365723183,0.9097823408651347,0.6575567267333606,0.9767649412560433,0.20948654022154195,0.7933121992394955,148571719.4386863,135167926.69728607,2343311774.423372,8
2026-04-12,188748,128705,99956,28749,5257,23492,13212,0.5624042227141155,0.887806671941244,0.5896552923579951,0.890156450275982,0.18285853420988557,0.10113274443350592,173226011.33502024,153791208.61700052,2001863082.4652283,8
2026-04-13,275237,178102,134834,43268,8127,35141,20280,0.5771036680800204,0.8730597516269175,0.592169732827956,0.8303081772528228,0.1878293427013035,0.1660356879276458,297756563.41848314,259959271.3034254,1418057971.0514855,8
2026-04-14,259786,169704,128025,41679,7593,34086,20552,0.6029454908173444,0.8503118375679292,0.6271023776962019,0.8253425397676192,0.18217807528971425,0.22711345137648453,350419425.93991923,297965785.9904716,1208914510.4919782,8
2026-04-15,265578,171075,128899,42176,8594,33582,20687,0.6160145315943065,0.8853076539100903,0.637329286798179,0.8580150524490928,0.20376517450682852,0.14055606524109404,258408104.43125278,228770672.685386,728015717.7916579,8
2026-04-16,285848,185563,142562,43001,7945,35056,21305,0.6077418986764035,0.8861196094802299,0.6284039906048696,0.862624541383368,0.18476314504313854,0.19389081133554958,243877076.7819369,216104260.03919,2008628572.144898,8
2026-04-17,381646,260133,205207,54926,8864,46062,30059,0.6525769614866919,0.8783874130247555,0.6739067108473219,0.8750756647013309,0.16138076684994357,0.155401138075146,322877283.04815316,283611341.381129,1313545802.480628,8
2026-04-18,355326,240492,185539,54953,9158,45795,29242,0.6385413254722131,0.9185529163881874,0.663730824522774,0.9033284992527608,0.16665150219278294,0.177065022699386,407026798.56043667,373875652.8658364,1176027472.0918741,8
2026-04-19,547270,379636,300771,78865,11200,67665,43203,0.6384837064952339,0.9032670331300915,0.6541558359221454,0.8878608961373781,0.1420148354783491,0.11695639410743698,1114719376.495935,1006889263.9801086,2412905545.094868,8
2026-04-20,509907,372391,305057,67334,9260,58074,35102,0.6044357199435203,0.7986000806348196,0.6251819288917931,0.7982519587339777,0.13752339085751628,0.12218304971583731,854484871.1885047,682391687.0323733,2279094079.936446,8
2026-04-21,479896,338004,267581,70423,10895,59528,35812,0.6015992474129821,0.9092476353479855,0.6302060406401317,0.8915123259634921,0.1547079789273391,0.15007998692177793,1121741455.8826478,1019940766.233104,2476466143.507147,8
2026-04-22,612530,488300,420228,68072,9309,58763,33337,0.5673127648350152,0.8938655769261601,0.5980285579974145,0.9003749671601053,0.13675226231049478,0.14815339265616712,741751601.9567735,663026223.6189948,1847794344.12749,8
2026-04-23,580358,441057,368158,72899,13241,59658,35530,0.5955613664554628,0.8999520120635656,0.6267575686909286,0.9062617335796143,0.1816348646757843,0.2196475843182057,717347905.9352472,645578691.2960111,1668557405.6131794,8
2026-04-24,549733,427052,359558,67494,11112,56382,31968,0.5669894647227839,0.9019075951163725,0.6003200284469731,0.898113498594688,0.16463685660947638,0.1750805240066971,402652234.69676745,363155108.6635947,1431080897.0661738,8
2026-04-25,461199,344533,280340,64193,11689,52504,31481,0.5995924120067042,0.899476729764445,0.6101444082688143,0.8467174221069176,0.18209150530431667,0.18342410913005547,267496862.9615231,240607203.5188787,637852385.363038,8
2026-04-26,529502,397237,327316,69921,13353,56568,35539,0.6282527223872154,0.9082355179093335,0.6546102029433217,0.8894390314079492,0.19097266915518943,0.14056866776987761,323557500.4811697,293866414.0229646,853338408.0257263,8
2026-04-27,441490,352072,299686,52386,10755,41631,21871,0.5253537027695707,0.8839199975933328,0.5105753445577063,0.9443007797738153,0.20530294353453213,0.622917102147409,277222326.8853806,245042358.51334378,1220725693.8844848,8
2026-04-28,367386,295834,254549,41285,6485,34800,18468,0.5306896551724138,0.9098688760742079,0.5370473537604457,0.9046341042371401,0.15707884219450163,0.16902145071979136,411510021.7023895,374420160.939626,1015007918.8187767,8
2026-04-29,382528,279960,227160,52800,7933,44867,26490,0.5904116611317896,0.8997170350716229,0.6072916666666667,0.9114736148681677,0.1502462121212121,0.2630601783294282,367594246.3345133,330730805.4214761,1226306771.608495,8
2026-04-30,318727,232300,185918,46382,6772,39610,23272,0.5875284019187074,0.8848193296112807,0.6064205941960243,0.8755634779698265,0.14600491570005605,0.2309823953157125,305488790.9313736,270302387.1956587,918560844.9056833,8
2026-05-01,341151,252769,202904,49865,7787,42078,24291,0.577285042064737,0.9182317605157035,0.5854607440088239,0.863508702099012,0.1561616364183295,0.14472044741116488,294598485.9512353,270509686.40026355,887220413.2928047,8
2026-05-02,314714,233800,189516,44284,7119,37165,21659,0.5827794968384232,0.8756244216550731,0.5871646644386235,0.7647916514507562,0.16075783578719177,0.2214910881517463,159702275.4357794,139839212.56545353,462188602.5808082,8
2026-05-03,360209,256781,200075,56706,9778,46928,27475,0.5854713603818615,0.8579053279764444,0.5720911367403803,0.7569550882748002,0.17243325221316969,0.20146834162277213,150281861.5889579,128927609.75538555,477680439.45131516,8
2026-05-04,417234,292220,227507,64713,10118,54595,32531,0.5958604267790091,0.9091241619707081,0.6000030905691283,0.8882140423556733,0.1563518922009488,0.2130556546354085,341994948.0865116,310915870.5773657,1075325630.1233823,8
2026-05-05,347491,250550,198654,51896,8428,43468,25138,0.5783104812735805,0.7693646048903839,0.5919724063511639,0.7765478351570261,0.16240172652998305,0.18041850052307234,307989338.72425663,236956095.89803833,907507123.9608729,8
2026-05-06,387280,274457,216823,57634,11722,45912,25902,0.5641662310507057,0.8677588341058268,0.5467605927056945,0.875733191463102,0.20338688968317312,0.22634371682124457,339877442.75194424,294931653.46129704,940939464.0208309,8
2026-05-07,424581,292447,224610,67837,9241,58596,33245,0.567359546726739,0.8809734242539411,0.5731532939251441,0.8659262297062086,0.13622359479340182,0.3139235202712764,362957285.45901585,319755722.62874436,1097990376.7203844,8
2026-05-08,429937,297463,230236,67227,10707,56520,30671,0.542657466383581,0.7178256644557295,0.5472206107665075,0.6920711205379787,0.15926636619215495,0.2275194546105704,550265052.4943068,394994376.93349266,1727445238.2617197,8
2026-05-09,392430,278211,218322,59889,9938,49951,27222,0.5449740745931012,0.8964942287498288,0.5455759822337992,0.816885122039056,0.16594032293075522,0.26710201493044705,232479681.33679408,208416692.62003517,786665465.3395673,8
2026-05-10,464216,329292,262445,66847,11582,55265,28682,0.5189903193703067,0.8477402703460728,0.5168668751028468,0.8182861222550992,0.1732613281074693,0.1384471379133462,189914171.72841215,160997891.2835946,691195504.6277707,8
2026-05-11,447815,321247,256059,65188,11479,53709,28229,0.5255916140684057,0.8776999117534968,0.5186537399521385,0.858427354540583,0.17609069153831994,0.13936813457712038,297459562.1452369,261080231.44510823,1035456947.8770746,8
2026-05-12,407919,307151,252929,54222,8997,45225,23706,0.524179104477612,0.8435961831254954,0.5253955958835896,0.7926802508821578,0.1659289587252407,0.21130834714302918,288530637.56791025,243403344.56705478,980555762.1138928,8
2026-05-13,380654,285525,236834,48691,8401,40290,21723,0.5391660461653016,0.8818004383179684,0.5520732784292786,0.8356810766972403,0.17253701916165204,0.15996663731068417,355299794.46930575,313303514.4973179,926145451.0891886,8
2026-05-14,361381,270231,223863,46368,7233,39135,22216,0.5676759933563307,0.8350608981897961,0.5715148378191857,0.7971161325475827,0.15599120082815734,0.16220065780528384,364317847.3425851,304227588.82847214,1274392612.3349319,8
2026-05-15,310072,228845,188632,40213,6662,33551,18890,0.5630234568269202,0.8863845429098915,0.5681496033620969,0.827710472530286,0.1656678188645463,0.1929337247740089,404327676.9106721,358389803.0842844,1114358780.406612,8
2026-05-16,316681,239769,200172,39597,7168,32429,19033,0.586912948287027,0.8699589253297054,0.5929742152183246,0.7701588203948108,0.1810238149354749,0.21281967390674014,189475505.20312062,164835906.88280982,582098220.5271548,8
2026-05-17,276735,207344,173312,34032,5539,28493,16128,0.5660337626785527,0.8665549087193709,0.5720204513399154,0.6688426233693773,0.16275858015984956,0.3266603883062068,175841967.3477716,152376719.96408284,761584609.5662901,8
2026-05-18,323041,228133,183934,44199,7909,36290,21148,0.5827500688895012,0.8421388580579705,0.5998099504513676,0.713337501673942,0.17894070001583745,0.28316784608262835,369652335.234707,311298595.4730182,3186881827.9162564,8
2026-05-19,267002,194689,157000,37689,9201,28488,16556,0.5811569783768604,0.8884826923868667,0.5363368622144392,0.8026317159183979,0.24412958688211414,0.30918155419347454,265186536.40501916,235613647.84987926,791781553.5247135,8
2026-05-20,287997,204131,162860,41271,7909,33362,19904,0.5966069180504766,0.903660529593344,0.5945336919386495,0.9162362058737944,0.19163577330328802,0.20191494524015377,330526307.2850306,298683577.8857231,838621427.1234121,8
2026-05-21,304886,215360,172468,42892,8639,34253,20791,0.6069833299273056,0.885791631250493,0.6162454536976593,0.8751361858259409,0.20141285088128322,0.24644208122282651,218646337.88420856,193675096.30139956,686830457.5009096,8
2026-05-22,350906,237568,186916,50652,11750,38902,24216,0.6224872757184721,0.9016693005156037,0.619245044618179,0.8784776422656428,0.23197504540788122,0.2905174724981793,270949414.76256126,244306769.2840708,790673964.2692038,8
2026-05-23,321957,222845,178008,44837,9668,35169,21430,0.6093434558844437,0.8851461692177961,0.612685951334835,0.8663916376811613,0.2156254878783148,0.2140879739413189,175259433.41144806,155130216.10342467,621861430.4463158,8
2026-05-24,297437,204959,160832,44127,9047,35080,21084,0.6010262257696694,0.880804735678799,0.5982731660887892,0.8266693567472444,0.20502186869716954,0.18146941084149124,134280057.97678062,118274510.97317207,448527290.947907,8
2026-05-25,288697,198073,155158,42915,8759,34156,21068,0.6168169574891673,0.7779240266574668,0.6119305604101131,0.8124766962660767,0.20410113014097636,0.29472562125037843,283743044.6781436,220730531.85207102,718927329.7277157,8
2026-05-26,329070,213931,165696,48235,10935,37300,23842,0.6391957104557641,0.8786654827350506,0.6387063335752047,0.8543633196834215,0.2267026018451332,0.18606758784803396,300682581.6048317,264199405.71583068,836808145.420141,8
2026-05-27,327683,223035,177621,45414,10505,34909,21270,0.609298461714744,0.8806260273623003,0.6192363588320782,0.8330200419238458,0.2313163341700797,0.17266706010204808,285008892.32831967,250986248.61401775,844399374.9529686,8
2026-05-28,323099,227482,181910,45572,8179,37393,21531,0.5758029577728452,0.8950348256936882,0.5964407969806022,0.8671303831272925,0.17947423856754147,0.14565450372742964,379938063.2002039,340057798.170792,982245773.7414674,8
2026-05-29,272471,190735,152230,38505,7412,31093,18598,0.598141060688901,0.8581752485282502,0.6096351123230749,0.8446492895836145,0.19249448123620308,0.1058393044762423,314508116.82072836,269903081.3167805,798811669.0594583,8
2026-05-30,234778,165577,131931,33646,6727,26919,16754,0.622385675545154,0.8520734385279927,0.615318314212685,0.7908694924463016,0.1999346133269928,0.19433974024218423,126257684.59599438,107580819.4542917,345242362.35402143,8
2026-05-31,254770,177813,141230,36583,7788,28795,17388,0.603854835909012,0.891928649105569,0.5834950660142689,0.8332372448315425,0.21288576661290765,0.2259594723058894,125211898.44886464,111680079.43543953,433022162.4627617,8
2026-06-01,315039,215724,171910,43814,9094,34720,21175,0.6098790322580645,0.8655749542522991,0.6061532843383394,0.8530334775460418,0.207559227644132,0.14052911408812974,308319530.9841112,266873663.9266624,891754221.7630215,8
2026-06-02,339765,224732,176104,48628,11325,37303,22902,0.6139452590944428,0.8611696496156492,0.5896397137451674,0.8433230965289624,0.2328905157522415,0.15269145910039658,430917413.00794363,371092997.57333285,1264365730.1551442,8
2026-06-03,355009,224769,172239,52530,11090,41440,24380,0.5883204633204633,0.8527540871629965,0.577384351798972,0.8437709252759835,0.21111745669141443,0.2068678689863055,455632131.933302,388542162.74891293,1253480144.6223662,8
2026-06-04,400203,252602,195760,56842,11781,45061,28960,0.6426843611992632,0.8009560501197905,0.6407937792477394,0.7876927193198522,0.2072587171457725,0.14755535260196717,438806828.8064712,351464984.3664223,1314632704.1783671,8
2026-06-05,413076,246813,185562,61251,13891,47360,30753,0.6493454391891892,0.8390537484522228,0.6440221384140667,0.8290988770625847,0.22678813407128046,0.19037928118389105,567862269.6199597,476466965.929214,1651283987.8812943,8
2026-06-06,363663,215121,161871,53250,12784,40466,26683,0.6593930707260416,0.9057249234582805,0.6585539906103286,0.878037652361615,0.24007511737089202,0.2633075310342602,314440427.35238665,284796531.9959294,995288023.2339226,8
2026-06-07,359065,211847,161882,49965,11805,38160,24962,0.654140461215933,0.7913415683403636,0.6498348844190933,0.7445353191362079,0.23626538577003903,0.22438328087652284,220802983.37978882,174730579.16199332,647910776.4783957,8
2026-06-08,352883,213073,158670,54403,12120,42283,27170,0.6425750301539626,0.8953482846931045,0.638733158097899,0.8985397813381983,0.2227818318842711,0.2185830607481366,413424849.60300493,370159229.94155514,1595302661.3539717,8
2026-06-09,298822,196298,152208,44090,9801,34289,21412,0.6244568228878066,0.8893549886443489,0.6157858924926287,0.8709052991896356,0.22229530505783623,0.14456360129225795,292686801.1462252,260302466.70975193,1425360199.0248902,8
2026-06-10,307450,205595,165078,40517,8561,31956,19800,0.6196019526849418,0.8741388496819131,0.62089986919071,0.7347744191678941,0.2112940247303601,0.2940774045022783,218816378.2636515,191275897.18695068,712891497.263807,8
2026-06-11,303913,202294,159864,42430,8824,33606,22226,0.66136999345355,0.8826057072996113,0.655055385340561,0.8784707960251555,0.20796606174876267,0.16160819646918156,224320295.48429328,197986373.05757248,628038629.6570323,8
2026-06-12,285239,193490,152099,41391,7861,33530,21287,0.6348643006263048,0.9044024388810873,0.6361044671546955,0.9032524045827561,0.18992051412142735,0.10893597259612048,266299978.54993427,240842350.07454178,659575033.2397585,8
2026-06-13,231288,163927,131996,31931,5712,26219,16203,0.6179869560242572,0.8489595690982823,0.616109736619586,0.8403380178089385,0.17888572233879302,0.18183564571540492,120035168.40213338,101905004.8433149,282639308.5652354,8
2026-06-14,252575,174383,139253,35130,6797,28333,17451,0.6159248932340381,0.8648923478014211,0.6256475946484487,0.8030836015557364,0.19348135496726446,0.2693843128247407,146900542.54749107,127053155.13720211,413999559.254869,8
2026-06-15,357561,227628,174317,53311,11945,41366,27474,0.664168640912827,0.8989411829490279,0.6664290671718782,0.866699561057951,0.22406257620378534,0.24119053005067878,347964366.90877175,312799499.61308086,922493083.8737634,8
2026-06-16,341765,229191,183714,45477,10292,35185,22510,0.6397612619013784,0.8980203812018741,0.6407194845746201,0.8381324740786379,0.22631220177232447,0.20175759985229744,264319327.09687197,237364142.87855583,742094123.1090724,8
2026-06-17,340084,221414,176916,44498,10860,33638,21293,0.6330043403293893,0.8749099915022838,0.6357813834329633,0.8467931667141883,0.24405591262528653,0.20094756337977723,255618810.91650087,223643451.68677965,857639554.6639825,8
2026-06-18,326749,211356,163913,47443,9659,37784,23397,0.619230362058014,0.8799266227374124,0.6336235061020593,0.8686858940439633,0.20359167843517484,0.12044236744368624,285762304.2038163,251449859.24372515,844165568.2192826,8
2026-06-19,276904,189753,152813,36940,7025,29915,18344,0.6132040782216279,0.8120740363347471,0.6224688684353005,0.8192961338273633,0.19017325392528425,0.10525588427608423,178737911.367284,145148417.1300726,473500482.42280865,8
2026-06-20,260776,183957,147764,36193,6520,29673,17420,0.5870656826070839,0.8766762932638796,0.601165971320421,0.8887980237369977,0.1801453319702705,0.19159897630512135,174162600.1635435,152684222.73657447,435679323.0732504,8
2026-06-21,215877,152116,121889,30227,5281,24946,14636,0.5867072877415217,0.875660240525035,0.6038310120091309,0.8724083137295816,0.17471135077910477,0.04679421882904742,137992128.9595417,120834220.83527394,373168594.8313091,8
2026-06-22,266300,182463,145319,37144,7069,30075,17202,0.5719700748129676,0.8805356121367109,0.5856396726254577,0.8710790819883442,0.19031337497307776,0.12583088928183198,212548166.1021914,187156229.5473284,609413712.5305742,8
2026-06-23,280714,188574,146148,42426,7145,35281,19306,0.547206711827896,0.8502048968102262,0.5697685381605619,0.8063238314437048,0.16841088012068073,0.21202052181628633,314619154.48064065,267490745.7697337,740440588.5788164,8
2026-06-24,342045,232323,185750,46573,9144,37429,23375,0.6245157498196585,0.896081174681431,0.6372146952096709,0.8817085777514401,0.1963369334163571,0.09219770290254842,280272664.2805937,251147058.23964876,789570588.8142949,8
2026-06-25,332099,223348,175816,47532,9259,38273,24323,0.6355132861286024,0.8942991674306309,0.6463645544054532,0.882951742561406,0.1947950854161407,0.09415295162047192,311908823.717417,278939801.3647534,870094450.7027344,8
2026-06-26,312851,203148,159259,43889,8962,34927,21914,0.6274229106421966,0.8929476074017918,0.6463122878169929,0.8841766093525424,0.20419695140012303,0.10229251700146282,249133313.7523919,222462996.43927827,927123017.5670154,8
2026-06-27,258157,183060,149439,33621,6878,26743,16129,0.6031110944920166,0.8715978953777342,0.6282680467564915,0.8626566395706387,0.2045745218762083,0.09068437531067734,101324276.24572349,88314025.92644474,283148720.56717527,8
2026-06-28,282194,196392,158348,38044,7979,30065,18058,0.6006319640778314,0.8782276255071374,0.6282199558406056,0.8821673795134177,0.20973083797707917,0.11591344686102859,114515314.7875134,100570512.99004027,355697585.8168791,8
2026-06-29,336636,229654,185931,43723,9248,34475,21701,0.6294706308919507,0.8597723367602786,0.6420419458866043,0.8443561233170194,0.21151339112137776,0.17451138415148132,266492788.1137107,229123127.16628686,791803023.6390471,8
2026-06-30,310510,211022,167758,43264,8019,35245,22368,0.6346432118030927,0.8780273705173193,0.6484375,0.868535947259651,0.18535040680473372,0.11281386082923142,256818549.409788,225493715.6383484,710198796.3380649,8
