date,routes_intermediated,episodes,cnt_native,usd_native,cnt_staked_native,usd_staked_native,cnt_stable,usd_stable,cnt_imported,usd_imported,cnt_other,usd_other,cnt_WETH,cnt_USDC,cnt_DAI,cnt_WBTC,cnt_USDT,cnt_EURS,cnt_sUSD,cnt_TUSD,cnt_PAXG,cnt_USDP,cnt_BUSD,cnt_tBTCv1,cnt_GUSD,cnt_FRAX,cnt_ETH,cnt_stETH,cnt_DOLA,cnt_LUSD,cnt_alUSD,cnt_MIM,cnt_wstETH,cnt_agEUR,cnt_XAUt,cnt_rETH,cnt_cbETH,cnt_sfrxETH,cnt_frxETH,cnt_tBTC,cnt_wBETH,cnt_crvUSD,cnt_PYUSD,cnt_weETH,cnt_USDe,cnt_sUSDe,cnt_cbBTC,cnt_USDS,cnt_USD1,share_native,share_staked_native,share_stable,share_imported,share_other
2020-05-06,1,1.0,1.0,0.000689,0.0,0.0,0.0,0.0,0.0,0.0,0.0,0.0,1.0,,,,,,,,,,,,,,,,,,,,,,,,,,,,,,,,,,,,,1.0,0.0,0.0,0.0,0.0
2020-05-14,1,1.0,1.0,0.001,0.0,0.0,0.0,0.0,0.0,0.0,0.0,0.0,1.0,,,,,,,,,,,,,,,,,,,,,,,,,,,,,,,,,,,,,1.0,0.0,0.0,0.0,0.0
2020-05-15,1,1.0,1.0,7.278277294792404,0.0,0.0,0.0,0.0,0.0,0.0,0.0,0.0,1.0,,,,,,,,,,,,,,,,,,,,,,,,,,,,,,,,,,,,,1.0,0.0,0.0,0.0,0.0
2020-05-16,1,1.0,1.0,0.336338,0.0,0.0,0.0,0.0,0.0,0.0,0.0,0.0,1.0,,,,,,,,,,,,,,,,,,,,,,,,,,,,,,,,,,,,,1.0,0.0,0.0,0.0,0.0
2020-05-17,2,3.0,1.0,0.076515,0.0,0.0,2.0,0.153148,0.0,0.0,0.0,0.0,1.0,2.0,,,,,,,,,,,,,,,,,,,,,,,,,,,,,,,,,,,,0.3333333333333333,0.0,0.6666666666666666,0.0,0.0
2020-05-18,56,65.0,34.0,2485.5964501154626,0.0,0.0,31.0,1322.1860444747329,0.0,0.0,0.0,0.0,34.0,14.0,17.0,,,,,,,,,,,,,,,,,,,,,,,,,,,,,,,,,,,0.5230769230769231,0.0,0.47692307692307695,0.0,0.0
2020-05-19,417,481.0,239.0,79460.48755234762,0.0,0.0,232.0,13947.926900272854,1.0,106.12451348126393,9.0,2726.4295158787636,239.0,147.0,85.0,1.0,,,,,,,,,,,,,,,,,,,,,,,,,,,,,,,,,,0.4968814968814969,0.0,0.48232848232848236,0.002079002079002079,0.018711018711018712
2020-05-20,415,467.0,285.0,62331.87639233333,0.0,0.0,180.0,13454.935297924801,1.0,0.37864165149197737,1.0,33.99848109043443,285.0,100.0,78.0,1.0,2.0,,,,,,,,,,,,,,,,,,,,,,,,,,,,,,,,,0.6102783725910065,0.0,0.3854389721627409,0.0021413276231263384,0.0021413276231263384
2020-05-21,366,413.0,239.0,73683.35023220247,0.0,0.0,153.0,19201.84723736019,1.0,419.77198019886583,20.0,2013.223822736472,239.0,80.0,72.0,1.0,1.0,,,,,,,,,,,,,,,,,,,,,,,,,,,,,,,,,0.5786924939467313,0.0,0.3704600484261501,0.002421307506053269,0.048426150121065374
2020-05-22,447,501.0,340.0,103137.85652991902,0.0,0.0,143.0,32256.057573288323,2.0,194.5348595988475,16.0,5147.423555591102,340.0,78.0,61.0,2.0,3.0,1.0,,,,,,,,,,,,,,,,,,,,,,,,,,,,,,,,0.6786427145708582,0.0,0.28542914171656686,0.003992015968063872,0.031936127744510975
2020-05-23,435,505.0,277.0,51740.92955349596,0.0,0.0,201.0,25332.40894485656,3.0,48.160371489771265,24.0,2644.053268025977,277.0,100.0,96.0,3.0,5.0,,,,,,,,,,,,,,,,,,,,,,,,,,,,,,,,,0.5485148514851486,0.0,0.39801980198019804,0.005940594059405941,0.047524752475247525
2020-05-24,447,524.0,314.0,61730.46736873703,0.0,0.0,194.0,26531.228052132446,0.0,0.0,16.0,1029.232906958364,314.0,93.0,88.0,,10.0,,1.0,2.0,,,,,,,,,,,,,,,,,,,,,,,,,,,,,,0.5992366412213741,0.0,0.3702290076335878,0.0,0.030534351145038167
2020-05-25,401,460.0,277.0,58825.9647966539,0.0,0.0,150.0,28139.554995070917,1.0,201.8500486099867,32.0,6776.669747547653,277.0,75.0,72.0,1.0,3.0,,,,,,,,,,,,,,,,,,,,,,,,,,,,,,,,,0.6021739130434782,0.0,0.32608695652173914,0.002173913043478261,0.06956521739130435
2020-05-26,701,900.0,488.0,77336.33986866128,0.0,0.0,356.0,66035.72022981632,0.0,0.0,56.0,17911.722173509024,488.0,171.0,173.0,,12.0,,,,,,,,,,,,,,,,,,,,,,,,,,,,,,,,,0.5422222222222223,0.0,0.39555555555555555,0.0,0.06222222222222222
2020-05-27,501,565.0,377.0,91297.0194491051,0.0,0.0,166.0,27297.219823234547,2.0,113.0203794313241,20.0,3918.0259159005714,377.0,97.0,65.0,2.0,4.0,,,,,,,,,,,,,,,,,,,,,,,,,,,,,,,,,0.6672566371681415,0.0,0.2938053097345133,0.0035398230088495575,0.035398230088495575
2020-05-28,463,545.0,315.0,67028.28461034405,0.0,0.0,213.0,39947.72120804395,5.0,229.92909785915475,12.0,1444.3495396833885,315.0,90.0,120.0,5.0,3.0,,,,,,,,,,,,,,,,,,,,,,,,,,,,,,,,,0.5779816513761468,0.0,0.3908256880733945,0.009174311926605505,0.022018348623853212
2020-05-29,527,597.0,337.0,115745.31655705825,0.0,0.0,196.0,55646.13534671822,2.0,413.3813071585547,62.0,8393.941575687475,337.0,109.0,85.0,2.0,2.0,,,,,,,,,,,,,,,,,,,,,,,,,,,,,,,,,0.5644891122278057,0.0,0.32830820770519265,0.0033500837520938024,0.10385259631490787
2020-05-30,480,554.0,369.0,105805.0934751756,0.0,0.0,153.0,35108.64193783237,2.0,53.12371276941674,30.0,4871.045348168255,369.0,89.0,62.0,2.0,2.0,,,,,,,,,,,,,,,,,,,,,,,,,,,,,,,,,0.6660649819494585,0.0,0.27617328519855594,0.0036101083032490976,0.05415162454873646
2020-05-31,676,759.0,518.0,184305.85597852673,0.0,0.0,187.0,47335.11332199019,1.0,79.46493173352361,53.0,7178.338385675116,518.0,108.0,74.0,1.0,5.0,,,,,,,,,,,,,,,,,,,,,,,,,,,,,,,,,0.6824769433465085,0.0,0.2463768115942029,0.0013175230566534915,0.06982872200263504
2020-06-01,644,717.0,470.0,119911.85471382692,0.0,0.0,197.0,30025.1391616366,2.0,210.43260936634965,48.0,6724.713019272591,470.0,102.0,92.0,2.0,3.0,,,,,,,,,,,,,,,,,,,,,,,,,,,,,,,,,0.6555090655509066,0.0,0.27475592747559274,0.002789400278940028,0.06694560669456066
2020-06-02,680,757.0,479.0,212760.72086669694,0.0,0.0,200.0,46480.58405394344,2.0,17.986481233017667,76.0,12209.262349955467,479.0,122.0,73.0,2.0,5.0,,,,,,,,,,,,,,,,,,,,,,,,,,,,,,,,,0.6327608982826949,0.0,0.26420079260237783,0.002642007926023778,0.10039630118890357
2020-06-03,865,972.0,647.0,121591.1057554427,0.0,0.0,245.0,47904.80276567439,2.0,92.76298916054097,78.0,16893.93245312068,647.0,107.0,134.0,2.0,4.0,,,,,,,,,,,,,,,,,,,,,,,,,,,,,,,,,0.6656378600823045,0.0,0.25205761316872427,0.00205761316872428,0.08024691358024691
2020-06-04,739,820.0,536.0,122924.45998259222,0.0,0.0,192.0,34658.095468861684,2.0,202.686225067157,90.0,14251.427823851636,536.0,96.0,92.0,2.0,4.0,,,,,,,,,,,,,,,,,,,,,,,,,,,,,,,,,0.6536585365853659,0.0,0.23414634146341465,0.0024390243902439024,0.10975609756097561
2020-06-05,746,827.0,468.0,93973.70668749505,0.0,0.0,214.0,22720.206442295254,3.0,241.31135912933013,142.0,15676.808563439776,468.0,134.0,75.0,3.0,5.0,,,,,,,,,,,,,,,,,,,,,,,,,,,,,,,,,0.56590084643289,0.0,0.2587666263603386,0.0036275695284159614,0.1717049576783555
2020-06-06,775,855.0,499.0,163264.4017361479,0.0,0.0,204.0,39552.0327380658,3.0,167.63819112203407,149.0,27810.486179434243,499.0,137.0,62.0,3.0,5.0,,,,,,,,,,,,,,,,,,,,,,,,,,,,,,,,,0.583625730994152,0.0,0.23859649122807017,0.0035087719298245615,0.1742690058479532
2020-06-07,882,985.0,514.0,192285.7407529594,0.0,0.0,365.0,89753.70757474202,2.0,885.4001037435968,104.0,26048.70030199827,514.0,115.0,246.0,2.0,4.0,,,,,,,,,,,,,,,,,,,,,,,,,,,,,,,,,0.5218274111675127,0.0,0.37055837563451777,0.0020304568527918783,0.10558375634517767
2020-06-08,779,863.0,604.0,182699.83619998203,0.0,0.0,175.0,36590.5935169607,1.0,808.4021726473393,83.0,12479.40913961911,604.0,91.0,80.0,1.0,4.0,,,,,,,,,,,,,,,,,,,,,,,,,,,,,,,,,0.6998841251448435,0.0,0.20278099652375434,0.0011587485515643105,0.09617612977983778
2020-06-09,928,1060.0,676.0,349121.5071542762,0.0,0.0,265.0,70758.88001321619,0.0,0.0,119.0,42951.22985276945,676.0,151.0,111.0,,3.0,,,,,,,,,,,,,,,,,,,,,,,,,,,,,,,,,0.6377358490566037,0.0,0.25,0.0,0.11226415094339623
2020-06-10,1027,1122.0,745.0,296850.9983082082,0.0,0.0,276.0,99591.02857579957,1.0,752.7392787149279,100.0,14898.98920433835,745.0,161.0,114.0,1.0,1.0,,,,,,,,,,,,,,,,,,,,,,,,,,,,,,,,,0.6639928698752228,0.0,0.24598930481283424,0.00089126559714795,0.08912655971479501
2020-06-11,991,1171.0,721.0,257230.0880706182,0.0,0.0,366.0,113181.43713872478,2.0,733.054649690759,82.0,26388.056489583778,721.0,210.0,155.0,2.0,1.0,,,,,,,,,,,,,,,,,,,,,,,,,,,,,,,,,0.6157130657557643,0.0,0.3125533731853117,0.0017079419299743809,0.07002561912894961
2020-06-12,983,1093.0,733.0,315833.65369027277,0.0,0.0,288.0,82708.9260996993,1.0,601.1888023864632,71.0,12871.50823531275,733.0,144.0,141.0,1.0,3.0,,,,,,,,,,,,,,,,,,,,,,,,,,,,,,,,,0.6706312900274474,0.0,0.26349496797804206,0.0009149130832570906,0.06495882891125343
2020-06-13,819,927.0,557.0,227629.05913063107,0.0,0.0,308.0,118075.71797639257,1.0,10334.937053974689,61.0,10983.278958185536,557.0,154.0,145.0,1.0,8.0,,1.0,,,,,,,,,,,,,,,,,,,,,,,,,,,,,,,0.6008629989212514,0.0,0.33225458468176916,0.0010787486515641855,0.06580366774541532
2020-06-14,855,930.0,611.0,202633.49794093778,0.0,0.0,249.0,91675.14606784518,0.0,0.0,70.0,7526.996843384597,611.0,111.0,134.0,,4.0,,,,,,,,,,,,,,,,,,,,,,,,,,,,,,,,,0.656989247311828,0.0,0.267741935483871,0.0,0.07526881720430108
2020-06-15,1182,1419.0,865.0,382163.74097584264,0.0,0.0,489.0,220053.47251460847,3.0,789.4520949755914,62.0,23396.084674255162,865.0,298.0,187.0,3.0,4.0,,,,,,,,,,,,,,,,,,,,,,,,,,,,,,,,,0.609584214235377,0.0,0.34460887949260044,0.0021141649048625794,0.04369274136715997
2020-06-16,1350,1535.0,1001.0,436115.4656726494,0.0,0.0,483.0,187298.70935288825,3.0,132.40918661563506,48.0,6452.962762207361,1001.0,337.0,143.0,3.0,3.0,,,,,,,,,,,,,,,,,,,,,,,,,,,,,,,,,0.6521172638436482,0.0,0.31465798045602605,0.001954397394136808,0.031270358306188926
2020-06-17,1487,1719.0,1023.0,419560.1047056559,0.0,0.0,615.0,258397.25285139706,0.0,0.0,81.0,21426.238218310824,1023.0,334.0,281.0,,,,,,,,,,,,,,,,,,,,,,,,,,,,,,,,,,,0.5951134380453752,0.0,0.35776614310645727,0.0,0.04712041884816754
2020-06-18,1770,2129.0,1273.0,760137.9860861745,0.0,0.0,764.0,406965.27337706153,3.0,35.27186311278977,89.0,22102.410844921098,1273.0,516.0,243.0,3.0,3.0,,2.0,,,,,,,,,,,,,,,,,,,,,,,,,,,,,,,0.5979333020197276,0.0,0.35885392202912164,0.0014091122592766556,0.04180366369187412
2020-06-19,1984,2324.0,1441.0,1054320.495543731,0.0,0.0,754.0,438704.56426098786,2.0,145.23188013895825,127.0,38974.67202004599,1441.0,499.0,247.0,2.0,6.0,,2.0,,,,,,,,,,,,,,,,,,,,,,,,,,,,,,,0.6200516351118761,0.0,0.3244406196213425,0.0008605851979345956,0.05464716006884682
2020-06-20,2232,2613.0,1680.0,809584.9897211107,0.0,0.0,806.0,347397.3759306383,1.0,580.7857190016654,126.0,29394.42973722874,1680.0,489.0,306.0,1.0,8.0,,3.0,,,,,,,,,,,,,,,,,,,,,,,,,,,,,,,0.642939150401837,0.0,0.30845771144278605,0.0003827018752391887,0.04822043628013777
2020-06-21,3279,3880.0,2379.0,1553694.7584150669,0.0,0.0,1194.0,679239.9160303152,6.0,4565.993126695572,301.0,81442.117186168,2379.0,654.0,532.0,6.0,6.0,,2.0,,,,,,,,,,,,,,,,,,,,,,,,,,,,,,,0.6131443298969073,0.0,0.3077319587628866,0.0015463917525773195,0.07757731958762887
2020-06-22,3436,3897.0,2464.0,2041393.7797227441,0.0,0.0,922.0,573105.9262206204,7.0,7471.369860787481,504.0,166680.97852598492,2464.0,527.0,383.0,7.0,10.0,,2.0,,,,,,,,,,,,,,,,,,,,,,,,,,,,,,,0.632281241981011,0.0,0.23659225044906337,0.001796253528355145,0.12933025404157045
2020-06-23,3053,3457.0,2082.0,1997136.9825386484,0.0,0.0,946.0,407980.5167657242,1.0,2305.154334562035,428.0,156229.61630100408,2082.0,614.0,325.0,1.0,4.0,,3.0,,,,,,,,,,,,,,,,,,,,,,,,,,,,,,,0.6022562915822968,0.0,0.2736476713913798,0.0002892681515765114,0.12380676887474688
2020-06-24,3105,3547.0,2310.0,2025131.3208054597,0.0,0.0,961.0,583953.4613070119,1.0,753.3837622044274,275.0,119173.35738547269,2310.0,638.0,304.0,1.0,18.0,,1.0,,,,,,,,,,,,,,,,,,,,,,,,,,,,,,,0.6512545813363406,0.0,0.27093318297152524,0.000281928390188892,0.07753030730194531
2020-06-25,2976,3363.0,2068.0,2239621.356138122,0.0,0.0,931.0,901433.0781969698,3.0,5085.588347915542,361.0,92300.78687822344,2068.0,508.0,413.0,3.0,8.0,,2.0,,,,,,,,,,,,,,,,,,,,,,,,,,,,,,,0.6149271483794231,0.0,0.2768361581920904,0.0008920606601248885,0.10734463276836158
2020-06-26,3127,3589.0,1996.0,1845443.9868504445,0.0,0.0,1130.0,797147.7947685237,2.0,5852.53332285725,461.0,129210.52076126786,1996.0,556.0,536.0,2.0,37.0,,1.0,,,,,,,,,,,,,,,,,,,,,,,,,,,,,,,0.556143772638618,0.0,0.3148509334076344,0.0005572582892170521,0.1284480356645305
2020-06-27,2978,3431.0,2063.0,1719765.758804401,0.0,0.0,1013.0,421955.486535547,3.0,6228.198088176287,352.0,96727.12725505681,2063.0,516.0,385.0,3.0,112.0,,,,,,,,,,,,,,,,,,,,,,,,,,,,,,,,,0.6012824249489944,0.0,0.2952491984844069,0.0008743806470416788,0.10259399591955698
2020-06-28,3233,3667.0,2219.0,1428374.371040382,0.0,0.0,1029.0,291840.5027317367,1.0,925.427512516919,418.0,130540.35216685383,2219.0,501.0,431.0,1.0,97.0,,,,,,,,,,,,,,,,,,,,,,,,,,,,,,,,,0.6051268066539406,0.0,0.28061085355876736,0.0002727024815925825,0.11398963730569948
2020-06-29,3096,3521.0,2235.0,2587292.094968687,0.0,0.0,1064.0,519759.77177236485,0.0,0.0,222.0,49748.417898423766,2235.0,482.0,418.0,,163.0,,1.0,,,,,,,,,,,,,,,,,,,,,,,,,,,,,,,0.6347628514626527,0.0,0.30218687872763417,0.0,0.06305026980971315
2020-06-30,2575,2957.0,1773.0,1658198.9328885616,0.0,0.0,991.0,474206.3199372619,1.0,86.60488704610138,192.0,52257.427383144655,1773.0,546.0,301.0,1.0,142.0,,2.0,,,,,,,,,,,,,,,,,,,,,,,,,,,,,,,0.5995941832938789,0.0,0.33513696313831587,0.00033818058843422386,0.06493067297937098
2020-07-01,3235,3753.0,2303.0,1911628.2254852443,0.0,0.0,1229.0,721254.1111368771,3.0,3866.2506213005636,218.0,75577.20606266642,2303.0,562.0,438.0,3.0,225.0,,4.0,,,,,,,,,,,,,,,,,,,,,,,,,,,,,,,0.613642419397815,0.0,0.3274713562483347,0.0007993605115907274,0.05808686384225953
2020-07-02,3819,4518.0,2568.0,2213086.5918546305,0.0,0.0,1646.0,842962.1212226826,2.0,202.0975940689403,302.0,92945.23299401661,2568.0,795.0,661.0,2.0,189.0,,1.0,,,,,,,,,,,,,,,,,,,,,,,,,,,,,,,0.5683930942895087,0.0,0.36432049579459935,0.0004426737494466578,0.06684373616644533
2020-07-03,3569,4137.0,2737.0,2086688.9085093238,0.0,0.0,1220.0,683942.8809805156,0.0,0.0,180.0,79084.27385897594,2737.0,650.0,390.0,,177.0,,3.0,,,,,,,,,,,,,,,,,,,,,,,,,,,,,,,0.6615905245346869,0.0,0.2948996857626299,0.0,0.043509789702683106
2020-07-04,3389,4018.0,2521.0,1269467.7254979534,0.0,0.0,1292.0,564682.8328957257,1.0,178.08566523364996,204.0,40767.60306120257,2521.0,801.0,329.0,1.0,159.0,,3.0,,,,,,,,,,,,,,,,,,,,,,,,,,,,,,,0.6274265803882528,0.0,0.3215530114484818,0.00024888003982080636,0.0507715281234445
2020-07-05,3220,3724.0,2497.0,1366103.5183122929,0.0,0.0,1000.0,358844.0765690495,4.0,6572.527032758498,223.0,46874.4381632174,2497.0,509.0,353.0,2.0,136.0,,2.0,,2.0,,,,,,,,,,,,,,,,,,,,,,,,,,,,,0.670515574650913,0.0,0.26852846401718583,0.0010741138560687433,0.05988184747583244
2020-07-06,3184,3647.0,2413.0,1629072.97030905,0.0,0.0,1028.0,575053.4342527947,3.0,740.1109973876524,203.0,73646.90925432525,2413.0,519.0,373.0,1.0,133.0,,3.0,,2.0,,,,,,,,,,,,,,,,,,,,,,,,,,,,,0.6616397038661914,0.0,0.2818755141211955,0.0008225939128050452,0.05566218809980806
2020-07-07,3256,3773.0,2541.0,1551669.4127152206,0.0,0.0,1027.0,484116.9836854226,1.0,277.96167285629724,204.0,57213.03370841428,2541.0,572.0,326.0,,127.0,,2.0,,1.0,,,,,,,,,,,,,,,,,,,,,,,,,,,,,0.673469387755102,0.0,0.2721971905645375,0.00026504108136761196,0.05406838059899284
2020-07-08,3370,3864.0,2560.0,2014434.3098962589,0.0,0.0,981.0,486615.5426734073,1.0,1043.3795298075597,322.0,108478.01692510521,2560.0,533.0,311.0,1.0,133.0,,4.0,,,,,,,,,,,,,,,,,,,,,,,,,,,,,,,0.6625258799171843,0.0,0.25388198757763975,0.0002587991718426501,0.08333333333333333
2020-07-09,3374,3904.0,2673.0,1857696.6436244312,0.0,0.0,967.0,418701.35982764163,0.0,0.0,264.0,103953.09164937897,2673.0,541.0,291.0,,135.0,,,,,,,,,,,,,,,,,,,,,,,,,,,,,,,,,0.6846823770491803,0.0,0.24769467213114754,0.0,0.06762295081967214
2020-07-10,3296,3822.0,2466.0,1653381.6768811673,0.0,0.0,972.0,539854.289367304,3.0,3742.725412011614,381.0,90545.52291199486,2466.0,638.0,210.0,3.0,121.0,,3.0,,,,,,,,,,,,,,,,,,,,,,,,,,,,,,,0.6452119309262166,0.0,0.2543171114599686,0.0007849293563579278,0.09968602825745683
2020-07-11,2871,3282.0,2168.0,1786131.671704908,0.0,0.0,882.0,404388.693756675,1.0,465.15744140381054,231.0,56182.426694669164,2168.0,504.0,243.0,1.0,133.0,,2.0,,,,,,,,,,,,,,,,,,,,,,,,,,,,,,,0.6605728214503351,0.0,0.2687385740402194,0.0003046922608165753,0.07038391224862889
2020-07-12,3512,4041.0,2704.0,2477421.079129812,0.0,0.0,1126.0,763292.4181520862,3.0,19538.315682553417,208.0,70005.2112520112,2704.0,650.0,300.0,3.0,174.0,,2.0,,,,,,,,,,,,,,,,,,,,,,,,,,,,,,,0.6691413016580054,0.0,0.27864390002474637,0.0007423904974016332,0.05147240781984657
2020-07-13,3967,4762.0,3153.0,3413820.361037119,0.0,0.0,1390.0,1755120.2343688572,1.0,33.58447681692276,218.0,94259.27865123806,3153.0,923.0,256.0,1.0,210.0,,1.0,,,,,,,,,,,,,,,,,,,,,,,,,,,,,,,0.6621167576648467,0.0,0.29189416211675767,0.00020999580008399833,0.04577908441831163
2020-07-14,3231,3730.0,2545.0,2206379.9496852704,0.0,0.0,987.0,573278.1347236752,0.0,0.0,198.0,91716.74307641573,2545.0,572.0,256.0,,158.0,,1.0,,,,,,,,,,,,,,,,,,,,,,,,,,,,,,,0.6823056300268097,0.0,0.2646112600536193,0.0,0.05308310991957105
2020-07-15,3207,3729.0,2500.0,2482992.69014381,0.0,0.0,1063.0,1053257.0781168449,4.0,8265.92739373919,162.0,63921.84059406506,2500.0,644.0,219.0,3.0,199.0,,1.0,,1.0,,,,,,,,,,,,,,,,,,,,,,,,,,,,,0.6704210244033253,0.0,0.28506301957629393,0.0010726736390453205,0.04344328238133548
2020-07-16,3271,3733.0,2589.0,2468354.717501767,0.0,0.0,1021.0,769890.890611679,3.0,4260.1699674721085,120.0,60220.6268252622,2589.0,593.0,248.0,2.0,180.0,,,,1.0,,,,,,,,,,,,,,,,,,,,,,,,,,,,,0.6935440664345031,0.0,0.2735065630859898,0.0008036431824270024,0.032145727297080096
2020-07-17,4584,5354.0,3313.0,3436537.4644254637,0.0,0.0,1703.0,1072768.925490554,3.0,3809.0852512707356,335.0,138947.4196963754,3313.0,934.0,431.0,2.0,333.0,,3.0,,1.0,2.0,,,,,,,,,,,,,,,,,,,,,,,,,,,,0.6187896899514381,0.0,0.3180799402316025,0.0005603287261860292,0.06257004109077326
2020-07-18,4890,5692.0,3817.0,3935391.6420092634,0.0,0.0,1544.0,1246587.9617065035,10.0,56752.86073414649,321.0,137433.0190209173,3817.0,953.0,366.0,10.0,218.0,,5.0,,,2.0,,,,,,,,,,,,,,,,,,,,,,,,,,,,0.6705903021784961,0.0,0.2712579058327477,0.0017568517217146872,0.05639494026704146
2020-07-19,5964,6873.0,4475.0,4737905.37606053,0.0,0.0,1936.0,1665897.721349161,11.0,99938.79243710871,451.0,238545.98547098885,4475.0,1110.0,547.0,10.0,277.0,,2.0,,1.0,,,,,,,,,,,,,,,,,,,,,,,,,,,,,0.6510985013822203,0.0,0.2816819438382075,0.0016004655899898152,0.06561908918958242
2020-07-20,5686,6634.0,4333.0,5592132.345432188,0.0,0.0,1909.0,1594920.4796060561,12.0,102346.299956981,380.0,174156.5286469607,4333.0,1172.0,425.0,11.0,306.0,,5.0,,1.0,1.0,,,,,,,,,,,,,,,,,,,,,,,,,,,,0.6531504371419958,0.0,0.2877600241181791,0.0018088634308109737,0.05728067530901417
2020-07-21,5145,5998.0,3983.0,4803514.847978195,0.0,0.0,1705.0,1743708.647049962,5.0,40278.49932839551,305.0,188314.70979844432,3983.0,979.0,434.0,2.0,286.0,,3.0,,3.0,3.0,,,,,,,,,,,,,,,,,,,,,,,,,,,,0.664054684894965,0.0,0.2842614204734912,0.0008336112037345782,0.05085028342780927
2020-07-22,5566,6561.0,4305.0,4714856.028556044,0.0,0.0,1911.0,1661679.7746208555,2.0,670.0724681356254,343.0,191965.38871168965,4305.0,1018.0,530.0,1.0,359.0,,4.0,,1.0,,,,,,,,,,,,,,,,,,,,,,,,,,,,,0.6561499771376315,0.0,0.2912665752171925,0.00030483158055174517,0.05227861606462429
2020-07-23,5746,6723.0,4496.0,5497148.856695255,0.0,0.0,1796.0,1834951.8570840785,7.0,31735.32915700504,424.0,211032.55284890207,4496.0,1001.0,495.0,4.0,299.0,,1.0,,3.0,,,,,,,,,,,,,,,,,,,,,,,,,,,,,0.668749070355496,0.0,0.26714264465268484,0.0010412018444146958,0.06306708314740443
2020-07-24,6006,6996.0,4914.0,6864861.42796398,0.0,0.0,1689.0,1980640.879545539,8.0,41538.51528489024,385.0,341955.3111111053,4914.0,1044.0,379.0,5.0,265.0,,1.0,,3.0,,,,,,,,,,,,,,,,,,,,,,,,,,,,,0.7024013722126929,0.0,0.24142367066895368,0.0011435105774728416,0.055031446540880505
2020-07-25,6662,7643.0,5298.0,8718787.531234952,0.0,0.0,1868.0,2572952.6935789105,7.0,100564.62133102774,470.0,286457.3531292044,5298.0,1092.0,486.0,7.0,287.0,1.0,1.0,,,1.0,,,,,,,,,,,,,,,,,,,,,,,,,,,,0.6931833049849535,0.0,0.24440664660473635,0.0009158707313881983,0.06149417767892189
2020-07-26,6883,7953.0,5646.0,12169249.059787665,0.0,0.0,1910.0,2265257.383255232,8.0,44401.90855250248,389.0,167515.14212314866,5646.0,1186.0,433.0,6.0,290.0,,,,2.0,1.0,,,,,,,,,,,,,,,,,,,,,,,,,,,,0.7099207846095813,0.0,0.24016094555513642,0.0010059097196026656,0.04891236011567962
2020-07-27,7295,8463.0,5787.0,12042691.028807981,0.0,0.0,2256.0,2763851.0691729053,8.0,29810.462227603508,412.0,287078.814792364,5787.0,1273.0,485.0,6.0,496.0,,2.0,,2.0,,,,,,,,,,,,,,,,,,,,,,,,,,,,,0.6838000708968451,0.0,0.26657213753987946,0.000945291267871913,0.048682500295403525
2020-07-28,6251,7189.0,5146.0,10515048.16949972,0.0,0.0,1747.0,2188248.756638911,6.0,33816.455579420515,290.0,542733.3527737801,5146.0,1019.0,455.0,5.0,270.0,,3.0,,1.0,,,,,,,,,,,,,,,,,,,,,,,,,,,,,0.7158158297398803,0.0,0.24301015440255946,0.0008346084295451384,0.04033940742801502
2020-07-29,7241,8405.0,5755.0,11037467.797262123,0.0,0.0,2324.0,3169464.037544387,7.0,72619.94646853766,319.0,200339.35979302935,5755.0,1189.0,469.0,7.0,665.0,,1.0,,,,,,,,,,,,,,,,,,,,,,,,,,,,,,,0.6847114812611541,0.0,0.2765020820939917,0.0008328375966686496,0.037953599048185606
2020-07-30,7299,8348.0,5987.0,11077540.92573638,0.0,0.0,2005.0,2462852.8083539223,12.0,309894.784737836,344.0,160131.35748187636,5987.0,1057.0,528.0,8.0,419.0,,1.0,,4.0,,,,,,,,,,,,,,,,,,,,,,,,,,,,,0.7171777671298515,0.0,0.24017728797316723,0.0014374700527072352,0.041207474844274075
2020-07-31,7779,8667.0,6534.0,9663797.368308619,0.0,0.0,1827.0,1763768.4597043027,2.0,14239.21180772088,304.0,162734.37403925628,6534.0,961.0,528.0,2.0,337.0,,1.0,,,,,,,,,,,,,,,,,,,,,,,,,,,,,,,0.7538940809968847,0.0,0.21079958463136034,0.00023076035537094726,0.03507557401638398
2020-08-01,6761,7639.0,5718.0,8160693.547943208,0.0,0.0,1615.0,2256779.8039796106,1.0,9737.151796,305.0,180974.3526228036,5718.0,965.0,358.0,1.0,288.0,,4.0,,,,,,,,,,,,,,,,,,,,,,,,,,,,,,,0.7485272941484488,0.0,0.21141510668935726,0.00013090718680455556,0.03992669197538945
2020-08-02,6375,7222.0,5046.0,7725394.646531426,0.0,0.0,1858.0,3121365.2080330276,6.0,40310.80827442892,312.0,208536.90024693863,5046.0,920.0,652.0,6.0,284.0,,2.0,,,,,,,,,,,,,,,,,,,,,,,,,,,,,,,0.698698421489892,0.0,0.25726945444475213,0.0008307947936859596,0.0432013292716699
2020-08-03,7185,8112.0,6014.0,8540625.286112476,0.0,0.0,1796.0,2309935.2147023953,5.0,47997.574160907425,297.0,220532.391588242,6014.0,925.0,372.0,5.0,498.0,,,,,1.0,,,,,,,,,,,,,,,,,,,,,,,,,,,,0.741370808678501,0.0,0.22140039447731755,0.000616370808678501,0.03661242603550296
2020-08-04,7808,8895.0,5995.0,8375779.202413166,0.0,0.0,2557.0,2637965.4695465225,5.0,51836.59877230224,338.0,292231.9610243058,5995.0,1063.0,335.0,4.0,1156.0,,3.0,,1.0,,,,,,,,,,,,,,,,,,,,,,,,,,,,,0.6739741427768409,0.0,0.2874648679033165,0.0005621135469364812,0.03799887577290613
2020-08-05,8172,9186.0,6349.0,8122021.545151688,0.0,0.0,2510.0,2102540.37570032,2.0,32807.10690289469,325.0,326415.5772058591,6349.0,939.0,293.0,2.0,1276.0,,2.0,,,,,,,,,,,,,,,,,,,,,,,,,,,,,,,0.6911604615719573,0.0,0.2732418898323536,0.00021772262138036142,0.03537992597430873
2020-08-06,8196,9119.0,6580.0,9516820.549650088,0.0,0.0,2180.0,2799679.500349256,1.0,32246.68916311084,358.0,600754.3001342522,6580.0,820.0,412.0,1.0,947.0,,1.0,,,,,,,,,,,,,,,,,,,,,,,,,,,,,,,0.7215703476258362,0.0,0.2390613005812041,0.0001096611470555982,0.039258690645904155
2020-08-07,12168,14053.0,8094.0,13609687.171530325,0.0,0.0,5415.0,8543093.569146868,2.0,280.01280476494463,542.0,826195.625547984,8094.0,1620.0,597.0,1.0,3194.0,,2.0,,1.0,2.0,,,,,,,,,,,,,,,,,,,,,,,,,,,,0.5759624279513271,0.0,0.3853269764463104,0.0001423183661851562,0.038568277236177326
2020-08-08,12493,14241.0,8379.0,15005040.57317883,0.0,0.0,5387.0,6671557.85983281,2.0,2682.9760492759624,473.0,636735.4360843445,8379.0,1318.0,721.0,2.0,3348.0,,,,,,,,,,,,,,,,,,,,,,,,,,,,,,,,,0.5883716031177586,0.0,0.3782739976125272,0.00014043957587248087,0.03321395969384172
2020-08-09,13615,15274.0,10008.0,16000304.727999855,0.0,0.0,4752.0,5215920.123547567,5.0,21276.335654632054,509.0,421673.0254918482,10008.0,1313.0,723.0,2.0,2715.0,,,,3.0,1.0,,,,,,,,,,,,,,,,,,,,,,,,,,,,0.6552311116930732,0.0,0.31111693073196284,0.00032735367290821,0.03332460390205578
2020-08-10,13720,15064.0,11125.0,24159467.478268374,0.0,0.0,3433.0,3889866.7026936607,5.0,146798.2736807791,501.0,471381.23315887514,11125.0,1373.0,785.0,4.0,1274.0,,1.0,,1.0,,,,,,,,,,,,,,,,,,,,,,,,,,,,,0.7385156664896442,0.0,0.22789431757833245,0.0003319171534784918,0.033258098778544874
2020-08-11,13002,14284.0,10403.0,20121202.17883619,0.0,0.0,3365.0,2817415.8951764875,5.0,79485.52628731937,511.0,553514.0369444981,10403.0,1350.0,920.0,4.0,1095.0,,,,1.0,,,,,,,,,,,,,,,,,,,,,,,,,,,,,0.7282973956874825,0.0,0.23557826939232707,0.0003500420050406049,0.035774292915149816
2020-08-12,13901,15350.0,11029.0,29534951.928289074,0.0,0.0,2785.0,4034001.012352525,3.0,17088.31730765602,1533.0,4977809.297466299,11029.0,1405.0,676.0,3.0,704.0,,,,,,,,,,,,,,,,,,,,,,,,,,,,,,,,,0.7185016286644951,0.0,0.1814332247557003,0.00019543973941368078,0.09986970684039088
2020-08-13,11642,13409.0,8841.0,22209011.82805964,0.0,0.0,3700.0,4951071.608582933,1.0,133.33723119309263,867.0,2924524.908332402,8841.0,2076.0,836.0,1.0,782.0,,6.0,,,,,,,,,,,,,,,,,,,,,,,,,,,,,,,0.6593332836154822,0.0,0.27593407412931614,7.457677679170706e-05,0.06465806547841002
2020-08-14,11911,13449.0,9867.0,20772224.558579627,0.0,0.0,2934.0,5379460.421695934,5.0,64651.26286585502,643.0,1866915.417861841,9867.0,1507.0,732.0,5.0,692.0,,2.0,,,1.0,,,,,,,,,,,,,,,,,,,,,,,,,,,,0.7336604952041044,0.0,0.21815748382779387,0.000371774853148933,0.047810246114952784
2020-08-15,11698,12945.0,9905.0,18868905.35942869,0.0,0.0,2472.0,3114797.0374410683,6.0,43332.399976067005,562.0,810435.2070167618,9905.0,1187.0,645.0,5.0,638.0,,2.0,,1.0,,,,,,,,,,,,,,,,,,,,,,,,,,,,,0.7651602935496331,0.0,0.19096176129779838,0.0004634994206257242,0.043414445731942836
2020-08-16,13620,14994.0,11595.0,20541147.46249199,0.0,0.0,2802.0,2210232.7640458737,11.0,105445.55080846018,586.0,962420.3742378507,11595.0,1287.0,747.0,11.0,754.0,,14.0,,,,,,,,,,,,,,,,,,,,,,,,,,,,,,,0.7733093237294918,0.0,0.18687474989995997,0.0007336267840469521,0.039082299586501265
2020-08-17,13203,14568.0,11203.0,23578054.694450986,0.0,0.0,2780.0,2471818.407313476,22.0,301403.2163775419,563.0,1056228.6002706916,11203.0,1400.0,687.0,21.0,687.0,,6.0,,1.0,,,,,,,,,,,,,,,,,,,,,,,,,,,,,0.7690142778693025,0.0,0.19082921471718836,0.0015101592531576056,0.03864634816035146
2020-08-18,16104,17890.0,13563.0,28898812.537075058,0.0,0.0,3618.0,3666341.5385526055,9.0,101577.67786220594,700.0,1497098.7890240552,13563.0,2022.0,775.0,9.0,815.0,,6.0,,,,,,,,,,,,,,,,,,,,,,,,,,,,,,,0.758133035215204,0.0,0.20223588596981554,0.0005030743432084964,0.03912800447177194
2020-08-19,12838,14382.0,11067.0,24249905.149621602,0.0,0.0,2791.0,4821734.293141013,14.0,156881.351404651,510.0,1208154.7397843457,11067.0,1416.0,605.0,14.0,766.0,,4.0,,,,,,,,,,,,,,,,,,,,,,,,,,,,,,,0.7695035460992907,0.0,0.19406202197190933,0.0009734390209984703,0.03546099290780142
2020-08-20,14792,16694.0,12093.0,25230416.97358545,0.0,0.0,4071.0,3839278.837263963,19.0,189996.73302274424,511.0,1045152.6361862472,12093.0,1548.0,737.0,18.0,1778.0,,8.0,,1.0,,,,,,,,,,,,,,,,,,,,,,,,,,,,,0.7243919971247155,0.0,0.24386006948604289,0.001138133461123757,0.030609799928117888
2020-08-21,15468,17343.0,12965.0,30431801.97976554,0.0,0.0,3980.0,4380589.604276317,12.0,164165.9111672776,386.0,769256.7566748414,12965.0,1296.0,794.0,12.0,1883.0,,7.0,,,,,,,,,,,,,,,,,,,,,,,,,,,,,,,0.7475638586173096,0.0,0.2294874012569913,0.0006919218128351496,0.02225681831286398
2020-08-22,15355,17302.0,11656.0,22522024.895498954,0.0,0.0,5235.0,4525193.399256583,2.0,10941.062320941417,409.0,601223.2099990451,11656.0,1223.0,751.0,2.0,3255.0,,6.0,,,,,,,,,,,,,,,,,,,,,,,,,,,,,,,0.6736793434285053,0.0,0.302566177320541,0.00011559357299734135,0.023638885677956304
2020-08-23,17232,19380.0,13201.0,20374357.86971041,0.0,0.0,5524.0,4732098.050293194,5.0,127402.28772917853,650.0,533180.2660850645,13201.0,1287.0,926.0,4.0,3307.0,,4.0,,1.0,,,,,,,,,,,,,,,,,,,,,,,,,,,,,0.6811661506707947,0.0,0.2850361197110423,0.00025799793601651185,0.033539731682146544
2020-08-24,19103,21953.0,13386.0,23926099.990951244,0.0,0.0,8038.0,8291415.853961814,8.0,185897.52942445347,521.0,634132.2571697517,13386.0,1732.0,1798.0,8.0,4504.0,,4.0,,,,,,,,,,,,,,,,,,,,,,,,,,,,,,,0.6097572085819706,0.0,0.3661458570582608,0.0003644148863481073,0.02373251947342049
2020-08-25,16509,18656.0,12829.0,25370902.695104387,0.0,0.0,5439.0,5898388.2337641325,8.0,457525.64205688,380.0,503648.29019616486,12829.0,1370.0,1446.0,5.0,2621.0,,2.0,,3.0,,,,,,,,,,,,,,,,,,,,,,,,,,,,,0.6876608061749572,0.0,0.2915415951972556,0.0004288164665523156,0.020368782161234993
2020-08-26,17469,19736.0,13611.0,25999290.18675788,0.0,0.0,5758.0,7927666.330583889,1.0,383.970620366723,366.0,545977.2041459176,13611.0,1397.0,1240.0,1.0,3120.0,,1.0,,,,,,,,,,,,,,,,,,,,,,,,,,,,,,,0.689653425212809,0.0,0.2917511147142278,5.066882853668423e-05,0.01854479124442643
2020-08-27,15477,17429.0,12016.0,47081667.62972055,0.0,0.0,4860.0,5804242.975809053,4.0,13946.9462007987,549.0,729945.6000730505,12016.0,1339.0,1041.0,1.0,2476.0,,3.0,1.0,3.0,,,,,,,,,,,,,,,,,,,,,,,,,,,,,0.6894256698605772,0.0,0.278845602157324,0.00022950255321590454,0.03149922542888289
2020-08-28,16520,18520.0,12990.0,28294023.91580861,0.0,0.0,5070.0,7675583.172416865,8.0,111662.31454259463,452.0,1094608.4588503228,12990.0,1571.0,897.0,7.0,2580.0,,22.0,,1.0,,,,,,,,,,,,,,,,,,,,,,,,,,,,,0.7014038876889849,0.0,0.2737580993520518,0.00043196544276457883,0.024406047516198705
2020-08-29,20808,22996.0,15752.0,42185239.628503226,0.0,0.0,6656.0,10912850.365351273,7.0,44884.67475310714,581.0,1329921.7782358238,15752.0,1548.0,1117.0,6.0,3978.0,,12.0,,1.0,1.0,,,,,,,,,,,,,,,,,,,,,,,,,,,,0.6849886936858585,0.0,0.28944164202469996,0.00030440076535049573,0.025265263524091145
2020-08-30,25239,28500.0,16950.0,66721110.863789864,0.0,0.0,11041.0,27074063.635714594,2.0,9629.708833387669,507.0,1241002.22647148,16950.0,2106.0,1584.0,2.0,7317.0,,33.0,,,1.0,,,,,,,,,,,,,,,,,,,,,,,,,,,,0.5947368421052631,0.0,0.3874035087719298,7.017543859649122e-05,0.017789473684210525
2020-08-31,21321,23094.0,17054.0,72783420.10194057,0.0,0.0,5691.0,14136544.882522108,7.0,91110.32760863847,342.0,1095311.417222703,17054.0,1295.0,923.0,7.0,3458.0,,15.0,,,,,,,,,,,,,,,,,,,,,,,,,,,,,,,0.7384602061141422,0.0,0.2464276435437776,0.00030310903264917294,0.014809041309431021
2020-09-01,21343,23075.0,16848.0,111283125.40324615,0.0,0.0,5670.0,23570054.758623067,8.0,100931.10480095794,549.0,2873422.6366410176,16848.0,1792.0,606.0,8.0,3235.0,,37.0,,,,,,,,,,,,,,,,,,,,,,,,,,,,,,,0.7301408450704225,0.0,0.2457204767063922,0.0003466955579631636,0.023791982665222103
2020-09-02,23988,26569.0,16607.0,120111811.09884426,0.0,0.0,9222.0,34423168.82768992,4.0,23658.8904372091,736.0,5397389.166202109,16607.0,3277.0,915.0,4.0,4993.0,,37.0,,,,,,,,,,,,,,,,,,,,,,,,,,,,,,,0.6250517520418533,0.0,0.3470962399789228,0.00015055139448229139,0.027701456584741616
2020-09-03,23851,25920.0,18530.0,124926848.12135825,0.0,0.0,6617.0,19874114.14123823,29.0,509086.38045395573,744.0,4001930.600417906,18530.0,2002.0,925.0,29.0,3647.0,,43.0,,,,,,,,,,,,,,,,,,,,,,,,,,,,,,,0.714891975308642,0.0,0.2552854938271605,0.0011188271604938272,0.028703703703703703
2020-09-04,22008,23890.0,17389.0,97163153.94247898,0.0,0.0,5793.0,18418605.812974524,22.0,151280.4384470887,686.0,1156853.741043141,17389.0,1726.0,856.0,21.0,3173.0,,38.0,,1.0,,,,,,,,,,,,,,,,,,,,,,,,,,,,,0.7278777731268313,0.0,0.24248639598158225,0.0009208874005860192,0.028714943491000417
2020-09-05,24799,27534.0,19846.0,141138160.29331023,0.0,0.0,7076.0,22104852.749948412,18.0,395435.16041472944,594.0,860978.0825277232,19846.0,1926.0,1141.0,18.0,3933.0,,76.0,,,,,,,,,,,,,,,,,,,,,,,,,,,,,,,0.7207815791385197,0.0,0.25699135614149776,0.0006537371976465461,0.02157332752233602
2020-09-06,22942,25160.0,19001.0,120991008.79514852,0.0,0.0,5467.0,11348917.622466331,17.0,146531.2538883527,675.0,674711.6468328128,19001.0,1848.0,935.0,17.0,2645.0,,38.0,,,1.0,,,,,,,,,,,,,,,,,,,,,,,,,,,,0.7552066772655008,0.0,0.21728934817170112,0.0006756756756756757,0.026828298887122418
2020-09-07,21330,23026.0,17891.0,93043015.97155981,0.0,0.0,4562.0,6673053.529152068,18.0,167696.58839181697,555.0,543805.228322211,17891.0,1379.0,738.0,18.0,2422.0,,23.0,,,,,,,,,,,,,,,,,,,,,,,,,,,,,,,0.7769912273082602,0.0,0.1981238599843655,0.000781725006514375,0.024103187700859896
2020-09-08,20824,22335.0,17561.0,73787538.87337956,0.0,0.0,4262.0,6827161.444913949,16.0,192488.27537045654,496.0,466876.4987802906,17561.0,1350.0,644.0,16.0,2247.0,,21.0,,,,,,,,,,,,,,,,,,,,,,,,,,,,,,,0.7862547571076786,0.0,0.19082158047906872,0.0007163644504141482,0.022207297962838594
2020-09-09,21166,23157.0,17656.0,90955572.5102936,0.0,0.0,5131.0,8420489.57937994,13.0,188933.74474257813,357.0,617441.037606042,17656.0,1939.0,915.0,13.0,2261.0,,15.0,,,,1.0,,,,,,,,,,,,,,,,,,,,,,,,,,,0.7624476400224555,0.0,0.22157446992270155,0.0005613853262512415,0.015416504728591787
2020-09-10,22326,25077.0,18782.0,116910407.05540262,0.0,0.0,5807.0,14323499.705442548,38.0,917294.922472187,450.0,5866017.321434502,18782.0,2458.0,1242.0,38.0,2096.0,,10.0,,,1.0,,,,,,,,,,,,,,,,,,,,,,,,,,,,0.7489731626590103,0.0,0.23156677433504805,0.0015153327750528373,0.017944730230888863
2020-09-11,21009,23088.0,17737.0,85566958.66152202,0.0,0.0,4761.0,10272133.344583528,26.0,307069.8525237176,564.0,2740965.8211327894,17737.0,2077.0,1001.0,26.0,1669.0,,13.0,,,,1.0,,,,,,,,,,,,,,,,,,,,,,,,,,,0.7682345807345807,0.0,0.2062110187110187,0.0011261261261261261,0.02442827442827443
2020-09-12,23469,25859.0,19610.0,84402661.55793309,0.0,0.0,5603.0,10288892.63928106,41.0,1805114.982656325,605.0,3454594.281596166,19610.0,2051.0,1164.0,41.0,2377.0,,11.0,,,,,,,,,,,,,,,,,,,,,,,,,,,,,,,0.758343323407711,0.0,0.2166750454387254,0.0015855214818825166,0.02339610967168104
2020-09-13,22876,25411.0,18518.0,86946313.68204759,0.0,0.0,6362.0,18512618.37821178,50.0,575709.4271807497,481.0,37516429.95053432,18518.0,2200.0,1133.0,50.0,3010.0,,18.0,,,,1.0,,,,,,,,,,,,,,,,,,,,,,,,,,,0.728739522254142,0.0,0.2503640155838023,0.0019676518043367044,0.018928810357719098
2020-09-14,25305,28572.0,19054.0,97225802.95963942,0.0,0.0,8997.0,19172205.34257526,36.0,376398.24218393624,485.0,4478463.647898872,19054.0,2504.0,2156.0,36.0,4324.0,,12.0,,,,1.0,,,,,,,,,,,,,,,,,,,,,,,,,,,0.6668766624667507,0.0,0.3148887022259555,0.00125997480050399,0.016974660506789863
2020-09-15,27779,31131.0,19685.0,88695198.09902944,0.0,0.0,10915.0,21338867.8211583,36.0,483131.9178368315,495.0,3381702.085030474,19685.0,3645.0,1812.0,36.0,5442.0,,15.0,1.0,,,,,,,,,,,,,,,,,,,,,,,,,,,,,,0.6323279046609489,0.0,0.3506151424624972,0.0011564035848511131,0.015900549291702804
2020-09-16,25637,28963.0,19369.0,86859249.68734369,0.0,0.0,8960.0,23124694.712532148,57.0,292269.56586241024,577.0,3334883.1253078775,19369.0,2933.0,1502.0,57.0,4477.0,,48.0,,,,,,,,,,,,,,,,,,,,,,,,,,,,,,,0.668749784207437,0.0,0.30936021820943965,0.0019680281738770154,0.01992196940924628
2020-09-17,20625,22877.0,17076.0,105871541.16414721,0.0,0.0,5513.0,15503513.67836078,33.0,487442.20423725137,255.0,1628276.3676333341,17076.0,1802.0,1124.0,33.0,2539.0,,46.0,,,,2.0,,,,,,,,,,,,,,,,,,,,,,,,,,,0.7464265419416881,0.0,0.24098439480701142,0.0014424968308781746,0.011146566420422258
2020-09-18,27585,29928.0,21359.0,118599196.32156561,0.0,0.0,8070.0,14393727.511473078,21.0,797868.806895352,478.0,2337991.875659002,21359.0,2367.0,1346.0,21.0,4330.0,,27.0,,,,,,,,,,,,,,,,,,,,,,,,,,,,,,,0.713679497460572,0.0,0.26964715316760224,0.0007016840417000802,0.015971665330125635
2020-09-19,27910,30470.0,21077.0,93484026.6268352,0.0,0.0,8477.0,11745659.718877846,31.0,545979.7190778938,885.0,2099918.9350519218,21077.0,2415.0,1549.0,31.0,4488.0,,23.0,1.0,,,1.0,,,,,,,,,,,,,,,,,,,,,,,,,,,0.6917295700689202,0.0,0.2782080735149327,0.0010173941581883821,0.029044962257958648
2020-09-20,26848,28996.0,19930.0,79814522.30164379,0.0,0.0,8049.0,9470401.268461483,20.0,53804.919125134154,997.0,3974845.0555092413,19930.0,2822.0,1674.0,18.0,3528.0,,25.0,,2.0,,,,,,,,,,,,,,,,,,,,,,,,,,,,,0.687336184301283,0.0,0.27759001241550557,0.0006897503103876397,0.03438405297282384
2020-09-21,27155,29586.0,21524.0,92520240.14282183,0.0,0.0,7192.0,14482174.053983282,21.0,136255.40036303244,849.0,3161195.6994663603,21524.0,2344.0,1518.0,21.0,3292.0,,37.0,,,,1.0,,,,,,,,,,,,,,,,,,,,,,,,,,,0.7275062529574798,0.0,0.24308794700196037,0.000709795173392821,0.028696004867166905
2020-09-22,28919,30994.0,22770.0,66039156.371343195,0.0,0.0,7173.0,8924915.866005844,22.0,37525.95370900595,1029.0,2941260.0625293106,22770.0,1994.0,1310.0,21.0,3845.0,,23.0,,,,1.0,1.0,,,,,,,,,,,,,,,,,,,,,,,,,,0.7346583209653481,0.0,0.23143189004323417,0.0007098148028650707,0.033199974188552625
2020-09-23,29277,32003.0,23240.0,80647885.33465007,0.0,0.0,7532.0,12278474.487989422,54.0,270721.6478527864,1177.0,3032149.4769319477,23240.0,2267.0,1458.0,45.0,3739.0,,68.0,,,,,9.0,,,,,,,,,,,,,,,,,,,,,,,,,,0.7261819204449583,0.0,0.23535293566228166,0.0016873418117051527,0.036777802081054904
2020-09-24,25216,27381.0,20026.0,58782146.68264316,0.0,0.0,6185.0,7226888.307974928,35.0,300404.0948151622,1135.0,3612760.733563066,20026.0,1943.0,1052.0,35.0,3157.0,,33.0,,,,,,,,,,,,,,,,,,,,,,,,,,,,,,,0.7313830758555202,0.0,0.22588656367554144,0.0012782586465067017,0.041452101822431614
2020-09-25,26937,29313.0,20383.0,52220232.68328179,0.0,0.0,7828.0,8207837.558124066,25.0,98496.90857757545,1077.0,2423413.3789483625,20383.0,1931.0,960.0,25.0,4890.0,,46.0,,,,1.0,,,,,,,,,,,,,,,,,,,,,,,,,,,0.6953570088356702,0.0,0.2670487497014976,0.0008528639170333981,0.036741377545798794
2020-09-26,24753,26871.0,19686.0,45794171.89003327,0.0,0.0,6395.0,7177266.563228654,17.0,151450.32338260283,773.0,1490568.5423501562,19686.0,1843.0,884.0,16.0,3632.0,,35.0,,,,1.0,1.0,,,,,,,,,,,,,,,,,,,,,,,,,,0.7326113654125265,0.0,0.23798890997729893,0.0006326523017379331,0.028767072308436604
2020-09-27,23404,25022.0,19203.0,51369150.3400729,0.0,0.0,5006.0,6426157.5861149775,26.0,95408.85596573603,787.0,1778493.6178202443,19203.0,1840.0,618.0,25.0,2493.0,,55.0,,1.0,,,,,,,,,,,,,,,,,,,,,,,,,,,,,0.767444648709136,0.0,0.20006394372951802,0.0010390856046678923,0.031452321956678124
2020-09-28,25970,27847.0,21265.0,52778568.72438884,0.0,0.0,5654.0,8770511.727352874,63.0,626530.3027931701,865.0,2405697.657699992,21265.0,1751.0,1278.0,61.0,2588.0,,37.0,,2.0,,,,,,,,,,,,,,,,,,,,,,,,,,,,,0.7636370165547456,0.0,0.20303802923115596,0.002262362193414012,0.031062592020684454
2020-09-29,25644,27800.0,20039.0,68737817.48232737,0.0,0.0,6936.0,15354576.865930688,10.0,99874.49523954338,815.0,3425489.6831984622,20039.0,3379.0,1138.0,10.0,2377.0,,41.0,,,,1.0,,,,,,,,,,,,,,,,,,,,,,,,,,,0.7208273381294964,0.0,0.24949640287769784,0.00035971223021582735,0.029316546762589928
2020-09-30,24204,26068.0,18296.0,60325220.01317931,0.0,0.0,6948.0,12599167.925677603,28.0,171421.35403087558,796.0,2744065.0944819315,18296.0,3464.0,728.0,26.0,2729.0,,25.0,1.0,2.0,,1.0,,,,,,,,,,,,,,,,,,,,,,,,,,,0.7018566825226331,0.0,0.26653368114162956,0.0010741138560687433,0.03053552247966856
2020-10-01,26200,28301.0,20702.0,69686179.17798677,0.0,0.0,6707.0,16814864.079555333,22.0,287364.90381339233,870.0,4426237.3856176315,20702.0,3464.0,856.0,21.0,2363.0,1.0,23.0,,,,,1.0,,,,,,,,,,,,,,,,,,,,,,,,,,0.7314935867990531,0.0,0.23698809229355852,0.0007773576905409703,0.03074096321684746
2020-10-02,29168,31325.0,24382.0,97676425.94321387,0.0,0.0,5967.0,11316762.970216632,25.0,138407.3014304907,951.0,2787458.721251414,24382.0,2622.0,895.0,22.0,2412.0,,38.0,,2.0,,,1.0,,,,,,,,,,,,,,,,,,,,,,,,,,0.7783559457302474,0.0,0.19048683160415003,0.0007980845969672786,0.030359138068635275
2020-10-03,25384,27401.0,20063.0,53307821.23938361,0.0,0.0,6277.0,7831726.007063104,20.0,77643.55517952106,1041.0,2995671.2210086323,20063.0,2807.0,815.0,20.0,2626.0,,28.0,1.0,,,,,,,,,,,,,,,,,,,,,,,,,,,,,,0.7321995547607751,0.0,0.2290792306850115,0.0007299003685996862,0.03799131418561366
2020-10-04,30459,32861.0,23078.0,66031520.88378788,0.0,0.0,8583.0,8145334.085244719,16.0,100290.84554585913,1184.0,3421942.9259164226,23078.0,2806.0,853.0,16.0,4901.0,3.0,19.0,,,,1.0,,,,,,,,,,,,,,,,,,,,,,,,,,,0.7022914701317672,0.0,0.26119107756915494,0.0004868993639877058,0.03603055293509023
2020-10-05,30300,32611.0,22256.0,50946728.84964651,0.0,0.0,9250.0,7359652.78993766,17.0,348437.8097724927,1088.0,2122117.618356092,22256.0,3609.0,1143.0,17.0,4474.0,1.0,22.0,,,1.0,,,,,,,,,,,,,,,,,,,,,,,,,,,,0.6824691055165435,0.0,0.2836466223053571,0.0005212964950476833,0.03336297568305173
2020-10-06,33685,36739.0,23933.0,74235137.79078314,0.0,0.0,11718.0,14103949.690899676,26.0,287139.8034057502,1062.0,2284945.6671729824,23933.0,4668.0,1111.0,26.0,5920.0,,19.0,,,,,,,,,,,,,,,,,,,,,,,,,,,,,,,0.6514330820109421,0.0,0.3189526116660769,0.0007076948202182966,0.028906611502762733
2020-10-07,28414,30669.0,22339.0,68647360.28152914,0.0,0.0,7293.0,15455114.62726747,24.0,104616.33692248042,1013.0,5191282.202986627,22339.0,2679.0,824.0,24.0,3759.0,4.0,26.0,,,,1.0,,,,,,,,,,,,,,,,,,,,,,,,,,,0.7283902311780626,0.0,0.23779712413185952,0.0007825491538687273,0.033030095536209204
2020-10-08,27756,29890.0,22263.0,65564012.97888705,0.0,0.0,6587.0,9484701.269938447,20.0,99500.09449627015,1020.0,4247886.233424345,22263.0,2411.0,734.0,20.0,3426.0,2.0,13.0,,,,1.0,,,,,,,,,,,,,,,,,,,,,,,,,,,0.7448310471729676,0.0,0.22037470725995317,0.0006691201070592171,0.03412512546002008
2020-10-09,25273,27302.0,20153.0,44122957.87481013,0.0,0.0,6296.0,7663029.119999023,31.0,53457.92888652586,822.0,2975097.9900787575,20153.0,2513.0,743.0,26.0,3019.0,2.0,17.0,2.0,,,,5.0,,,,,,,,,,,,,,,,,,,,,,,,,,0.7381510512050399,0.0,0.23060581642370523,0.00113544795253095,0.030107684418723902
2020-10-10,24224,26233.0,19190.0,40963163.34882473,0.0,0.0,5924.0,7769673.2949335845,26.0,83172.16825799021,1093.0,3412862.731204034,19190.0,2150.0,665.0,24.0,3082.0,4.0,22.0,1.0,,,,2.0,,,,,,,,,,,,,,,,,,,,,,,,,,0.7315213662181222,0.0,0.2258224373880227,0.0009911180574086074,0.04166507833644646
2020-10-11,21571,23389.0,16840.0,35334101.692346014,0.0,0.0,5259.0,4586106.554511474,37.0,196749.98879317736,1253.0,5365177.63976626,16840.0,2354.0,516.0,25.0,2366.0,1.0,19.0,,,,3.0,12.0,,,,,,,,,,,,,,,,,,,,,,,,,,0.7199965795886956,0.0,0.22484928812689725,0.0015819402283124547,0.053572192056094745
2020-10-12,24040,26030.0,19027.0,40096533.45618528,0.0,0.0,6015.0,9424419.195740435,34.0,374114.7644380268,954.0,2777342.0151408985,19027.0,2890.0,593.0,32.0,2481.0,8.0,37.0,5.0,,,1.0,2.0,,,,,,,,,,,,,,,,,,,,,,,,,,0.7309642719938533,0.0,0.2310795236265847,0.0013061851709565886,0.03665001920860546
2020-10-13,21651,23253.0,17593.0,26937434.90012084,0.0,0.0,4676.0,4643107.3411845155,33.0,216681.111751555,951.0,1853031.1854631072,17593.0,2153.0,425.0,28.0,2085.0,1.0,9.0,1.0,,,2.0,5.0,,,,,,,,,,,,,,,,,,,,,,,,,,0.7565905474562422,0.0,0.20109233217219283,0.0014191717197780931,0.040897948651786864
2020-10-14,19883,21250.0,16048.0,31067321.76391265,0.0,0.0,4335.0,6196126.8619197365,29.0,334044.6292624173,838.0,2533778.4477103236,16048.0,2155.0,468.0,17.0,1685.0,1.0,26.0,,,,,12.0,,,,,,,,,,,,,,,,,,,,,,,,,,0.7552,0.0,0.204,0.0013647058823529413,0.03943529411764706
2020-10-15,18909,20389.0,15107.0,28279598.540993303,0.0,0.0,4449.0,13592625.118547656,31.0,275185.9487274842,802.0,1769280.7525420226,15107.0,1885.0,511.0,25.0,2038.0,2.0,13.0,,,,,6.0,,,,,,,,,,,,,,,,,,,,,,,,,,0.7409387414782481,0.0,0.21820589533572024,0.001520427681593016,0.039334935504438666
2020-10-16,18096,19511.0,14241.0,26983732.037967667,0.0,0.0,4417.0,7373285.3292758735,21.0,317343.16766420926,832.0,1922113.5585752572,14241.0,1703.0,474.0,20.0,2221.0,3.0,13.0,2.0,,,1.0,1.0,,,,,,,,,,,,,,,,,,,,,,,,,,0.7298959561273128,0.0,0.2263851160883604,0.0010763159243503664,0.04264261185997642
2020-10-17,17918,19251.0,14065.0,20087657.886143066,0.0,0.0,4432.0,4798885.03257577,28.0,192124.88348482264,726.0,971827.8231945542,14065.0,1747.0,382.0,25.0,2293.0,,7.0,3.0,,,,3.0,,,,,,,,,,,,,,,,,,,,,,,,,,0.7306113968105553,0.0,0.23022180665939432,0.0014544698976676537,0.037712326632382734
2020-10-18,18253,19633.0,14079.0,22403277.39072547,0.0,0.0,4386.0,8658767.085108608,24.0,134336.58761584773,1144.0,2133763.4842098225,14079.0,2039.0,389.0,17.0,1931.0,1.0,24.0,1.0,,1.0,,7.0,,,,,,,,,,,,,,,,,,,,,,,,,,0.7171089492181532,0.0,0.22339937859725972,0.0012224316202312433,0.05826924056435593
2020-10-19,24608,28628.0,19604.0,28190588.735410918,0.0,0.0,5707.0,10387449.2949565,33.0,279726.50334979984,3284.0,2152210.9329720857,19604.0,2572.0,459.0,27.0,2663.0,1.0,12.0,,1.0,,,5.0,,,,,,,,,,,,,,,,,,,,,,,,,,0.6847841274276931,0.0,0.19935028643286293,0.001152717619114154,0.11471286852032975
2020-10-20,22473,24890.0,17621.0,33331285.376933325,0.0,0.0,5666.0,10822775.232878359,36.0,346381.9824312253,1567.0,1581570.810937677,17621.0,3239.0,455.0,31.0,1943.0,4.0,21.0,3.0,1.0,,1.0,4.0,,,,,,,,,,,,,,,,,,,,,,,,,,0.7079550020088389,0.0,0.227641623141824,0.0014463640016070711,0.06295701084773002
2020-10-21,20684,22365.0,16443.0,37319676.14922932,0.0,0.0,5065.0,16107545.018596841,38.0,1055252.6523826718,819.0,1629005.9277639743,16443.0,2700.0,575.0,26.0,1742.0,4.0,43.0,1.0,,,,12.0,,,,,,,,,,,,,,,,,,,,,,,,,,0.7352112676056338,0.0,0.22646993069528282,0.0016990833892242343,0.036619718309859155
2020-10-22,19371,21090.0,14883.0,30055263.3120863,0.0,0.0,5279.0,11159464.392412746,28.0,705905.9265924726,900.0,2704415.6603742638,14883.0,2746.0,486.0,20.0,2015.0,2.0,29.0,1.0,6.0,,,2.0,,,,,,,,,,,,,,,,,,,,,,,,,,0.7056899004267425,0.0,0.2503082029397819,0.0013276434329065909,0.04267425320056899
2020-10-23,20427,22417.0,14751.0,28274071.781220518,0.0,0.0,6636.0,12721543.483728215,49.0,386486.88309104746,981.0,3394895.485443391,14751.0,3592.0,1137.0,31.0,1897.0,1.0,9.0,,4.0,,,14.0,,,,,,,,,,,,,,,,,,,,,,,,,,0.6580273899272874,0.0,0.29602533791319086,0.002185841102734532,0.04376143105678726
2020-10-24,17749,19148.0,13410.0,17723033.740840875,0.0,0.0,4815.0,8311713.710567081,25.0,515205.24982590607,898.0,1757721.4607748894,13410.0,2176.0,565.0,21.0,2034.0,2.0,36.0,2.0,2.0,,,2.0,,,,,,,,,,,,,,,,,,,,,,,,,,0.7003342385627742,0.0,0.251462293712137,0.001305619385836641,0.04689784833925214
2020-10-25,18517,20021.0,13994.0,22352582.566780496,0.0,0.0,5054.0,6713472.233243317,29.0,265088.78671906365,944.0,1556740.6423767973,13994.0,2474.0,471.0,25.0,2089.0,3.0,15.0,1.0,1.0,,1.0,3.0,,,,,,,,,,,,,,,,,,,,,,,,,,0.6989660856101094,0.0,0.252434943309525,0.0014484790969482044,0.04715049198341741
2020-10-26,22249,24689.0,15085.0,889461126.9019655,0.0,0.0,8575.0,26832642.595894646,40.0,2812140.0858414997,989.0,1918402.115900457,15085.0,5911.0,713.0,32.0,1917.0,3.0,30.0,1.0,,,,8.0,,,,,,,,,,,,,,,,,,,,,,,,,,0.6110008505812305,0.0,0.34732066912390136,0.0016201547247762162,0.040058325570091945
2020-10-27,19742,21562.0,15057.0,28656028.92009408,0.0,0.0,5418.0,10683924.812908277,41.0,1922541.2749628918,1046.0,1523373.8590456208,15057.0,2926.0,664.0,39.0,1788.0,1.0,39.0,,,,,2.0,,,,,,,,,,,,,,,,,,,,,,,,,,0.6983118449123458,0.0,0.25127539189314535,0.0019014933679621557,0.0485112698265467
2020-10-28,26142,28707.0,20005.0,60022529.36929784,0.0,0.0,7689.0,13581040.842220237,63.0,1343890.2695687655,950.0,1153049.8667064798,20005.0,2636.0,3247.0,59.0,1759.0,6.0,31.0,7.0,2.0,2.0,1.0,2.0,,,,,,,,,,,,,,,,,,,,,,,,,,0.6968683596335389,0.0,0.2678440798411537,0.0021945866861741038,0.03309297383913331
2020-10-29,26036,28760.0,19161.0,51221736.00225151,0.0,0.0,8424.0,20577840.746145867,65.0,2263250.944263894,1110.0,1635114.4181189998,19161.0,4615.0,2118.0,57.0,1665.0,4.0,18.0,4.0,5.0,,,3.0,,,,,,,,,,,,,,,,,,,,,,,,,,0.6662378303198887,0.0,0.2929068150208623,0.002260083449235049,0.03859527121001391
2020-10-30,24337,26728.0,18019.0,55377034.23358102,0.0,0.0,7399.0,12068090.841738807,68.0,2628147.4500269545,1242.0,2565783.945363561,18019.0,4372.0,1485.0,58.0,1500.0,1.0,31.0,6.0,2.0,,3.0,8.0,1.0,,,,,,,,,,,,,,,,,,,,,,,,,0.6741619275665969,0.0,0.2768258006584855,0.0025441484585453458,0.046468123316372345
2020-10-31,20927,22915.0,16076.0,32188134.333931435,0.0,0.0,5874.0,7184293.066619131,42.0,408579.23437686067,923.0,936738.9912255125,16076.0,2733.0,1460.0,35.0,1642.0,3.0,28.0,5.0,2.0,2.0,,5.0,1.0,,,,,,,,,,,,,,,,,,,,,,,,,0.7015492035784421,0.0,0.2563386428103862,0.0018328605716779402,0.040279293039493784
2020-11-01,19595,21235.0,15235.0,24299374.137196917,0.0,0.0,5221.0,7676874.966886476,33.0,569316.4709437698,746.0,2124304.116337443,15235.0,1988.0,876.0,29.0,2307.0,2.0,39.0,4.0,,,4.0,4.0,1.0,,,,,,,,,,,,,,,,,,,,,,,,,0.7174476100777019,0.0,0.2458676712973864,0.0015540381445726394,0.035130680480339065
2020-11-02,20500,22328.0,15678.0,28530587.725228306,0.0,0.0,5810.0,8655031.113366859,44.0,1530007.2467191943,796.0,1454159.0702180057,15678.0,2942.0,1013.0,41.0,1823.0,5.0,22.0,2.0,,,2.0,3.0,1.0,,,,,,,,,,,,,,,,,,,,,,,,,0.702167681834468,0.0,0.26021139376567537,0.001970619849516302,0.03565030455034038
2020-11-03,19778,21459.0,15753.0,34084057.24565035,0.0,0.0,4767.0,10863488.777459564,28.0,726508.5717650143,911.0,1677846.4458794317,15753.0,2228.0,992.0,23.0,1502.0,8.0,31.0,3.0,1.0,,3.0,4.0,,,,,,,,,,,,,,,,,,,,,,,,,,0.7340975814343632,0.0,0.22214455473228018,0.0013048138310266088,0.042453050002330024
2020-11-04,17079,18569.0,13462.0,30694613.142632883,0.0,0.0,4140.0,11135054.097367182,28.0,82984.08791610341,939.0,1807984.8379409367,13462.0,1967.0,901.0,22.0,1217.0,6.0,45.0,2.0,1.0,,2.0,5.0,,,,,,,,,,,,,,,,,,,,,,,,,,0.7249717270720017,0.0,0.22295223221498195,0.001507889493241424,0.05056815121977489
2020-11-05,18660,20338.0,14964.0,46709765.712502375,0.0,0.0,4326.0,10164127.544729099,45.0,1547896.1863478066,1003.0,1833742.9972548499,14964.0,1994.0,891.0,41.0,1401.0,2.0,32.0,3.0,,1.0,2.0,4.0,,,,,,,,,,,,,,,,,,,,,,,,,,0.7357655620021635,0.0,0.2127052807552365,0.002212606942668896,0.049316550299931164
2020-11-06,18517,19889.0,15085.0,49133869.746752635,0.0,0.0,3855.0,14193052.294344308,49.0,5752771.542675179,900.0,4510832.201323374,15085.0,1823.0,775.0,44.0,1184.0,12.0,58.0,2.0,,,1.0,5.0,,,,,,,,,,,,,,,,,,,,,,,,,,0.758459449947207,0.0,0.1938257328171351,0.0024636733872995123,0.04525114384835839
2020-11-07,19163,20808.0,15544.0,48284066.448685415,0.0,0.0,4149.0,12370419.782075835,51.0,3364232.37120122,1064.0,5265351.716821413,15544.0,2036.0,791.0,46.0,1277.0,9.0,33.0,1.0,,1.0,,5.0,1.0,,,,,,,,,,,,,,,,,,,,,,,,,0.7470203767781622,0.0,0.19939446366782007,0.0024509803921568627,0.051134179161860825
2020-11-08,16090,17461.0,12323.0,27972593.168429106,0.0,0.0,4175.0,9727141.560652344,89.0,6267745.19806415,874.0,2580381.0399689386,12323.0,1685.0,716.0,81.0,1716.0,10.0,42.0,4.0,,,2.0,8.0,,,,,,,,,,,,,,,,,,,,,,,,,,0.7057442299982819,0.0,0.23910428955958996,0.005097073478036768,0.05005440696409141
2020-11-09,19549,21290.0,14699.0,30759482.496329337,0.0,0.0,5429.0,15892805.207051774,52.0,2349875.4273480275,1110.0,4099178.165851665,14699.0,1839.0,1963.0,49.0,1596.0,6.0,22.0,3.0,,,,3.0,,,,,,,,,,,,,,,,,,,,,,,,,,0.6904180366369187,0.0,0.25500234852043213,0.00244246124941287,0.052137153593236264
2020-11-10,20262,21788.0,16454.0,35535186.89334572,0.0,0.0,4329.0,11286326.011548854,50.0,1979816.2066416992,955.0,4095066.467567078,16454.0,2143.0,904.0,46.0,1264.0,3.0,13.0,2.0,,,,4.0,,,,,,,,,,,,,,,,,,,,,,,,,,0.7551863411051956,0.0,0.19868735083532219,0.002294841196989168,0.04383146686249312
2020-11-11,16355,17736.0,13325.0,29199140.747152094,0.0,0.0,3427.0,9040627.314615835,49.0,2308803.4115643874,935.0,3339153.2671931246,13325.0,1709.0,681.0,49.0,1000.0,5.0,23.0,7.0,,,2.0,,,,,,,,,,,,,,,,,,,,,,,,,,,0.7512967974740641,0.0,0.19322282363554352,0.002762742444745151,0.052717636445647274
2020-11-12,16534,17954.0,13242.0,30162432.51015661,0.0,0.0,3704.0,10105389.102099856,32.0,2070861.1437344046,976.0,2123511.5708149113,13242.0,1875.0,788.0,31.0,1015.0,1.0,20.0,3.0,,,,1.0,2.0,,,,,,,,,,,,,,,,,,,,,,,,,0.7375515205525232,0.0,0.20630500167093685,0.0017823326278266682,0.05436114514871338
2020-11-13,20194,21739.0,16751.0,38843834.45708119,0.0,0.0,4037.0,11028200.50831933,48.0,3796429.373566384,903.0,4260411.95023628,16751.0,1880.0,1022.0,48.0,1107.0,4.0,20.0,3.0,,1.0,,,,,,,,,,,,,,,,,,,,,,,,,,,,0.7705506233037398,0.0,0.18570311421868532,0.0022080132480794884,0.04153824922949538
2020-11-14,17989,19801.0,14312.0,32223671.113479123,0.0,0.0,4252.0,9607526.804087857,62.0,5587313.773565609,1175.0,2868414.413455705,14312.0,1870.0,1108.0,61.0,1239.0,5.0,24.0,3.0,,,3.0,1.0,,,,,,,,,,,,,,,,,,,,,,,,,,0.7227917781930205,0.0,0.2147366294631584,0.0031311549921721124,0.05934043735164891
2020-11-15,20558,22625.0,16043.0,35802878.60516208,0.0,0.0,5034.0,12690128.181870522,44.0,2787766.337390611,1504.0,5779732.488074997,16043.0,2236.0,1098.0,42.0,1680.0,2.0,15.0,1.0,,,1.0,2.0,1.0,,,,,,,,,,,,,,,,,,,,,,,,,0.7090828729281768,0.0,0.22249723756906079,0.0019447513812154696,0.06647513812154696
2020-11-16,21004,23042.0,16129.0,43561922.98434778,0.0,0.0,5710.0,20096244.05862578,81.0,6231029.421789279,1122.0,4156605.8745874786,16129.0,2481.0,1764.0,80.0,1438.0,3.0,18.0,2.0,1.0,,3.0,,1.0,,,,,,,,,,,,,,,,,,,,,,,,,0.6999826403957989,0.0,0.2478083499696207,0.003515319850707404,0.04869368978387293
2020-11-17,24904,28452.0,16269.0,51104380.81104892,0.0,0.0,11130.0,32400323.714072447,61.0,3485526.0081244144,992.0,4928646.762501077,16269.0,3562.0,5334.0,60.0,2210.0,1.0,18.0,2.0,,,3.0,1.0,,,,,,,,,,,,,,,,,,,,,,,,,,0.5718051455082244,0.0,0.39118515394348374,0.002143961760157458,0.034865738788134405
2020-11-18,20196,22832.0,14627.0,49536084.307729356,0.0,0.0,6952.0,27720726.43645843,125.0,3953298.4862387027,1128.0,6089138.0834108,14627.0,2659.0,2629.0,124.0,1612.0,4.0,41.0,5.0,,,2.0,1.0,,,,,,,,,,,,,,,,,,,,,,,,,,0.640635949544499,0.0,0.30448493342676947,0.005474772249474422,0.04940434477925718
2020-11-19,21471,23751.0,16859.0,47683534.9831566,0.0,0.0,5666.0,11780290.870144842,44.0,1311569.0959469716,1182.0,4372435.520083916,16859.0,2519.0,1941.0,44.0,1178.0,4.0,12.0,9.0,,,2.0,,1.0,,,,,,,,,,,,,,,,,,,,,,,,,0.709822744305503,0.0,0.23855837648941097,0.0018525535766915078,0.04976632562839459
2020-11-20,21554,23617.0,17626.0,50678074.34767264,0.0,0.0,5024.0,17781389.746040963,31.0,2159327.024828332,936.0,3208573.7409798354,17626.0,2333.0,1553.0,31.0,1077.0,8.0,47.0,,,,4.0,,2.0,,,,,,,,,,,,,,,,,,,,,,,,,0.7463267984926113,0.0,0.2127281195748825,0.0013126137951475633,0.039632468137358684
2020-11-21,24056,26585.0,18762.0,61026711.409613974,0.0,0.0,6731.0,23106168.30548695,33.0,810106.5510862465,1059.0,4120360.9560458534,18762.0,2794.0,2692.0,33.0,1168.0,9.0,53.0,3.0,,,2.0,,10.0,,,,,,,,,,,,,,,,,,,,,,,,,0.7057363174722588,0.0,0.2531878879067143,0.0012413014858002633,0.039834493135226634
2020-11-22,23964,26528.0,18942.0,60388438.43492494,0.0,0.0,6490.0,32397023.849473044,47.0,2567105.6462560035,1049.0,3258883.895921998,18942.0,2620.0,2468.0,46.0,1297.0,15.0,72.0,5.0,,,4.0,1.0,9.0,,,,,,,,,,,,,,,,,,,,,,,,,0.7140379975874548,0.0,0.24464716525934863,0.0017717129071170084,0.039543124246079614
2020-11-23,22031,24018.0,18127.0,52046043.041626476,0.0,0.0,5056.0,21439815.83877865,41.0,1594380.968757579,794.0,1868167.2535628881,18127.0,2387.0,1389.0,38.0,1201.0,7.0,69.0,1.0,,,,3.0,2.0,,,,,,,,,,,,,,,,,,,,,,,,,0.7547256224498293,0.0,0.21050878507785828,0.0017070530435506703,0.03305853942876176
2020-11-24,20539,22542.0,16679.0,55931866.744836465,0.0,0.0,4879.0,20790768.718238343,44.0,2156944.1437215996,940.0,5579046.947368345,16679.0,2616.0,1236.0,44.0,994.0,3.0,29.0,1.0,,,,,,,,,,,,,,,,,,,,,,,,,,,,,,0.7399077277970012,0.0,0.21644042232277527,0.0019519119865140627,0.04169993789370952
2020-11-25,21072,23281.0,16717.0,46021094.09811059,0.0,0.0,5546.0,19667764.713905644,53.0,1214625.004703287,965.0,4510755.250959544,16717.0,2898.0,1300.0,38.0,1292.0,5.0,44.0,1.0,,,6.0,15.0,,,,,,,,,,,,,,,,,,,,,,,,,,0.7180533482238736,0.0,0.23822000773162666,0.0022765345131222883,0.04145010953137752
2020-11-26,20400,22991.0,16141.0,97343817.1988619,0.0,0.0,5780.0,57467259.96322161,59.0,3262867.418728633,1011.0,7848297.240398477,16141.0,2548.0,1402.0,58.0,1678.0,11.0,128.0,7.0,,,6.0,1.0,,,,,,,,,,,,,,,,,,,,,,,,,,0.7020573267800444,0.0,0.2514027228045757,0.002566221564960202,0.04397372885041973
2020-11-27,17634,19129.0,14765.0,36004870.72388914,0.0,0.0,3485.0,8820139.223392855,28.0,213470.79236583263,851.0,2066421.8462364862,14765.0,1591.0,709.0,28.0,1113.0,7.0,56.0,5.0,,,2.0,,2.0,,,,,,,,,,,,,,,,,,,,,,,,,0.7718647080349208,0.0,0.18218411835433113,0.0014637461445972085,0.04448742746615087
2020-11-28,17661,19246.0,14068.0,28784530.109380346,0.0,0.0,4074.0,11394385.210205205,23.0,3512781.9950044528,1081.0,2756219.6158448276,14068.0,1770.0,667.0,22.0,1573.0,7.0,52.0,3.0,,,2.0,1.0,,,,,,,,,,,,,,,,,,,,,,,,,,0.7309570819910631,0.0,0.21168034916346254,0.0011950535176140497,0.05616751532786034
2020-11-29,19130,20906.0,15219.0,29560876.1022845,0.0,0.0,4471.0,8403249.225631429,42.0,731560.7175606816,1174.0,2260937.3614837015,15219.0,2261.0,624.0,42.0,1508.0,14.0,56.0,5.0,,,3.0,,,,,,,,,,,,,,,,,,,,,,,,,,,0.7279728307662872,0.0,0.21386204917248636,0.0020089926336936763,0.056156127427532766
2020-11-30,22150,24938.0,15584.0,53045435.25108844,0.0,0.0,8410.0,32668383.20404268,31.0,1118967.4275994704,913.0,3086379.871626709,15584.0,2615.0,4320.0,30.0,1319.0,7.0,127.0,2.0,1.0,,20.0,,,,,,,,,,,,,,,,,,,,,,,,,,,0.6249097762450878,0.0,0.3372363461384233,0.0012430828454567328,0.03661079477103216
2020-12-01,20368,22525.0,15044.0,52771063.88435871,0.0,0.0,6537.0,20166513.91019042,45.0,4072168.548416542,899.0,2884518.255954929,15044.0,1683.0,3533.0,45.0,1219.0,8.0,86.0,5.0,,,3.0,,,,,,,,,,,,,,,,,,,,,,,,,,,0.6678801331853497,0.0,0.2902108768035516,0.001997780244173141,0.03991120976692564
2020-12-02,22897,27341.0,18231.0,46891827.4247234,0.0,0.0,5416.0,10147185.676213162,19.0,115290.27174812967,3675.0,16490259.394050824,18231.0,1849.0,2293.0,18.0,1214.0,8.0,46.0,4.0,,,2.0,1.0,,,,,,,,,,,,,,,,,,,,,,,,,,0.666800775392268,0.0,0.1980907794155298,0.0006949270326615705,0.1344135181595406
2020-12-03,25476,28237.0,20387.0,51777795.74605453,0.0,0.0,6230.0,12734219.717103744,34.0,653193.465388816,1586.0,3611491.7669188366,20387.0,2811.0,1797.0,34.0,1567.0,5.0,46.0,1.0,,,3.0,,,,,,,,,,,,,,,,,,,,,,,,,,,0.7219959627439175,0.0,0.22063250345291638,0.0012040939193257074,0.056167439883840355
2020-12-04,25543,28258.0,20181.0,51614502.80303989,0.0,0.0,6260.0,16289509.796021488,116.0,1001504.4930090879,1701.0,5831968.40156832,20181.0,2157.0,2296.0,115.0,1764.0,2.0,36.0,4.0,1.0,1.0,,,,,,,,,,,,,,,,,,,,,,,,,,,,0.7141694387430109,0.0,0.2215301861419775,0.00410503220326987,0.060195342911741806
2020-12-05,24045,26639.0,19556.0,47311690.57922451,0.0,0.0,5337.0,12890007.902035426,57.0,665926.1264234828,1689.0,7697526.710584164,19556.0,1834.0,1866.0,57.0,1598.0,5.0,29.0,3.0,,,2.0,,,,,,,,,,,,,,,,,,,,,,,,,,,0.7341116408273584,0.0,0.20034535830924585,0.0021397199594579376,0.06340328090393783
2020-12-06,28226,31129.0,23190.0,52558930.83121267,0.0,0.0,5878.0,15014793.985796718,88.0,620875.8175403317,1973.0,4551274.489730576,23190.0,2181.0,2071.0,87.0,1582.0,7.0,33.0,2.0,,,1.0,1.0,1.0,,,,,,,,,,,,,,,,,,,,,,,,,0.7449645025538887,0.0,0.18882713868097273,0.0028269459346589995,0.06338141283047961
2020-12-07,29359,32374.0,22480.0,45387857.08382078,0.0,0.0,7939.0,13608176.891274488,71.0,700404.9860105419,1884.0,3838641.548368775,22480.0,3702.0,1876.0,71.0,2345.0,,11.0,,,,5.0,,,,,,,,,,,,,,,,,,,,,,,,,,,0.6943843825291901,0.0,0.2452276518193612,0.002193117934144684,0.05819484771730401
2020-12-08,31095,34571.0,22446.0,65653643.85020938,0.0,0.0,10289.0,22267833.49383399,53.0,529053.9487171918,1783.0,4117463.8517085575,22446.0,3645.0,2194.0,53.0,4408.0,2.0,36.0,1.0,,,3.0,,,,,,,,,,,,,,,,,,,,,,,,,,,0.6492725116427063,0.0,0.29761939197593357,0.0015330768563246652,0.05157501952503543
2020-12-09,32640,36346.0,22478.0,54882121.19833025,0.0,0.0,11896.0,22895422.896808617,60.0,443247.6791943041,1912.0,5240939.2123721875,22478.0,2881.0,2083.0,59.0,6872.0,8.0,49.0,,,,3.0,1.0,,,,,,,,,,,,,,,,,,,,,,,,,,0.6184449457987123,0.0,0.3272987398888461,0.0016508006383095801,0.05260551367413195
2020-12-10,29423,34560.0,19966.0,44497037.467686296,0.0,0.0,10806.0,17575295.173150044,64.0,412951.6795842904,3724.0,11031867.237530373,19966.0,2779.0,2104.0,64.0,5891.0,4.0,26.0,,,,2.0,,,,,,,,,,,,,,,,,,,,,,,,,,,0.5777199074074074,0.0,0.31267361111111114,0.001851851851851852,0.10775462962962963
2020-12-11,27521,31219.0,21208.0,48507778.23218142,0.0,0.0,7658.0,14386897.871666253,88.0,1033792.279034849,2265.0,11118633.866015349,21208.0,2466.0,1969.0,88.0,3170.0,3.0,44.0,3.0,,1.0,1.0,,1.0,,,,,,,,,,,,,,,,,,,,,,,,,0.679329895256094,0.0,0.2452993369422467,0.0028187962458759088,0.07255197155578334
2020-12-12,23278,26375.0,17993.0,35842950.6662119,0.0,0.0,6339.0,11231266.291731648,53.0,459644.46951892966,1990.0,4838867.285615604,17993.0,2285.0,1652.0,53.0,2359.0,6.0,37.0,,,,,,,,,,,,,,,,,,,,,,,,,,,,,,,0.6821990521327014,0.0,0.24034123222748816,0.002009478672985782,0.07545023696682464
2020-12-13,23134,25970.0,17710.0,33082542.4743028,0.0,0.0,6234.0,11066667.003095528,58.0,443548.011197337,1968.0,4907064.221780363,17710.0,2043.0,1676.0,58.0,2478.0,5.0,29.0,1.0,,,1.0,,1.0,,,,,,,,,,,,,,,,,,,,,,,,,0.6819407008086253,0.0,0.24004620716211011,0.0022333461686561418,0.0757797458606084
2020-12-14,24001,26938.0,18489.0,39125320.63343205,0.0,0.0,6616.0,14953976.656148482,58.0,586923.9279195891,1775.0,4856639.18542522,18489.0,2474.0,1913.0,58.0,2207.0,4.0,14.0,,,1.0,3.0,,,,,,,,,,,,,,,,,,,,,,,,,,,0.6863538495805183,0.0,0.24560100972603757,0.002153092285990051,0.06589204840745415
2020-12-15,26443,29548.0,18197.0,42641224.40696526,0.0,0.0,10078.0,22905725.009145018,104.0,1983562.5454889091,1169.0,4792264.5365110105,18197.0,4158.0,2044.0,103.0,3857.0,2.0,17.0,,,,,1.0,,,,,,,,,,,,,,,,,,,,,,,,,,0.6158454040882632,0.0,0.341072153783674,0.0035196967645864355,0.03956274536347638
2020-12-16,22311,25232.0,15944.0,50163791.81407042,0.0,0.0,8058.0,23817456.90480183,100.0,3510843.5345945028,1130.0,4444588.260480507,15944.0,3642.0,2111.0,100.0,2259.0,2.0,38.0,1.0,,1.0,3.0,,1.0,,,,,,,,,,,,,,,,,,,,,,,,,0.6318960050729233,0.0,0.3193563728598605,0.003963221306277742,0.04478440076093849
2020-12-17,22087,25827.0,14335.0,123596769.34051667,0.0,0.0,10324.0,230392291.41952184,56.0,1227671.2066897815,1112.0,4938223.2487807525,14335.0,5444.0,2737.0,56.0,2075.0,4.0,48.0,,,,3.0,,,13.0,,,,,,,,,,,,,,,,,,,,,,,,0.5550392999574089,0.0,0.39973670964494523,0.0021682735122158982,0.04305571688542997
2020-12-18,24475,28095.0,15349.0,42475545.01874902,0.0,0.0,11444.0,34621152.82645224,66.0,1120880.5711386744,1236.0,4180809.7421727576,15349.0,4858.0,3462.0,65.0,3083.0,1.0,31.0,1.0,,,1.0,1.0,1.0,6.0,,,,,,,,,,,,,,,,,,,,,,,,0.5463249688556683,0.0,0.407332265527674,0.0023491724506139885,0.04399359316604378
2020-12-19,27651,31514.0,18998.0,49783862.34944968,0.0,0.0,11037.0,32754672.01729222,49.0,1363590.3381353677,1430.0,7410166.23274249,18998.0,5517.0,3111.0,49.0,2382.0,1.0,25.0,,,,,,,1.0,,,,,,,,,,,,,,,,,,,,,,,,0.6028431808085295,0.0,0.35022529669353303,0.0015548645046645935,0.04537665799327283
2020-12-20,29375,33186.0,20888.0,44846222.043243624,0.0,0.0,10480.0,26904695.63967,53.0,1171664.687219763,1765.0,4914331.151569911,20888.0,5289.0,2360.0,53.0,2700.0,12.0,24.0,2.0,,,1.0,,,92.0,,,,,,,,,,,,,,,,,,,,,,,,0.6294220454408486,0.0,0.3157958175134093,0.001597059000783463,0.05318507804495872
2020-12-21,30543,34565.0,21970.0,65126359.58074968,0.0,0.0,10998.0,28721618.2497278,46.0,1164673.6993272216,1551.0,4961170.930666351,21970.0,5373.0,2606.0,46.0,2960.0,4.0,25.0,1.0,,,1.0,,,28.0,,,,,,,,,,,,,,,,,,,,,,,,0.635614060465789,0.0,0.318183133227253,0.0013308259800376102,0.044871980326920295
2020-12-22,31653,36487.0,17622.0,49355315.633543946,0.0,0.0,17117.0,37987277.16388379,49.0,1271842.261478789,1699.0,6256145.773415151,17622.0,11733.0,2202.0,49.0,3115.0,6.0,33.0,4.0,,,8.0,,,16.0,,,,,,,,,,,,,,,,,,,,,,,,0.48296653602653,0.0,0.46912599007865813,0.0013429440622687533,0.0465645298325431
2020-12-23,24912,28507.0,16219.0,72545297.88226697,0.0,0.0,10982.0,37108674.60966692,58.0,3969409.985832995,1248.0,3838226.129747343,16219.0,6365.0,1949.0,58.0,2614.0,4.0,37.0,,,,1.0,,1.0,11.0,,,,,,,,,,,,,,,,,,,,,,,,0.5689479776896903,0.0,0.3852387132984881,0.002034587995930824,0.04377872101589084
2020-12-24,23065,26487.0,15109.0,67209146.19079532,0.0,0.0,10091.0,39175470.81394935,67.0,370556.61535506346,1220.0,5404510.585053601,15109.0,4790.0,2972.0,58.0,2256.0,20.0,28.0,2.0,,,5.0,9.0,2.0,16.0,,,,,,,,,,,,,,,,,,,,,,,,0.5704307773624797,0.0,0.38097934835957264,0.0025295427945784725,0.0460603314833692
2020-12-25,22955,25974.0,14771.0,55413034.42951732,0.0,0.0,9569.0,26394745.288128372,100.0,935018.222310535,1534.0,5293261.274860645,14771.0,3586.0,4229.0,92.0,1714.0,10.0,22.0,1.0,,,,8.0,1.0,6.0,,,,,,,,,,,,,,,,,,,,,,,,0.5686840686840687,0.0,0.3684068684068684,0.00385000385000385,0.05905905905905906
2020-12-26,21368,24210.0,13778.0,43499595.339428425,0.0,0.0,9253.0,33341824.632237416,136.0,3415289.6258484693,1043.0,3200597.6075730342,13778.0,4978.0,2321.0,133.0,1909.0,12.0,20.0,2.0,,,1.0,3.0,1.0,9.0,,,,,,,,,,,,,,,,,,,,,,,,0.5691036761668732,0.0,0.3821974390747625,0.005617513424204874,0.043081371334159436
2020-12-27,22845,26095.0,15378.0,69009323.58506986,0.0,0.0,9447.0,49607537.125519805,141.0,4570344.883980484,1129.0,7714809.87038436,15378.0,4957.0,2219.0,138.0,2153.0,15.0,55.0,1.0,,2.0,5.0,3.0,,40.0,,,,,,,,,,,,,,,,,,,,,,,,0.5893082966085457,0.0,0.3620233761256946,0.0054033339720252925,0.043264993293734434
2020-12-28,24768,27851.0,18544.0,69905416.10728134,0.0,0.0,7890.0,37864182.381817415,85.0,4085560.6178503097,1332.0,10174067.851472333,18544.0,3698.0,2293.0,85.0,1816.0,6.0,34.0,2.0,,,3.0,,4.0,34.0,,,,,,,,,,,,,,,,,,,,,,,,0.6658288750852752,0.0,0.28329323902193815,0.003051955046497433,0.04782593084628918
2020-12-29,24960,28540.0,15570.0,53661500.020991184,0.0,0.0,11574.0,55927753.72885467,88.0,1297914.4614959247,1308.0,16335752.057964263,15570.0,5261.0,3860.0,86.0,2369.0,8.0,40.0,,,,4.0,2.0,1.0,31.0,,,,,,,,,,,,,,,,,,,,,,,,0.5455501051156272,0.0,0.40553608969866856,0.0030833917309039944,0.04583041345480028
2020-12-30,25667,29619.0,15593.0,81859356.24681945,0.0,0.0,13019.0,65235782.1741364,92.0,3901583.1207892275,915.0,8449267.506116621,15593.0,3360.0,4986.0,92.0,4579.0,7.0,49.0,,,,2.0,,1.0,35.0,,,,,,,,,,,,,,,,,,,,,,,,0.5264526148755866,0.0,0.43954893818157265,0.003106114318511766,0.03089233262432898
2020-12-31,27259,31510.0,14994.0,63919510.31892425,0.0,0.0,15480.0,58139609.46030852,131.0,5593243.694949053,905.0,4967136.669158834,14994.0,4293.0,6588.0,130.0,4543.0,11.0,24.0,,,,5.0,1.0,1.0,15.0,,,,,,,,,,,,,,,,,,,,,,,,0.4758489368454459,0.0,0.49127261186924787,0.004157410345921929,0.028721040939384324
2021-01-01,26627,30880.0,16007.0,63288620.12035633,0.0,0.0,13684.0,54119528.54277749,109.0,5934308.000130562,1080.0,5863313.87083303,16006.0,3632.0,6273.0,106.0,3733.0,7.0,17.0,2.0,,,3.0,3.0,,17.0,1.0,,,,,,,,,,,,,,,,,,,,,,,0.5183613989637306,0.0,0.44313471502590673,0.0035297927461139895,0.034974093264248704
2021-01-02,25691,29666.0,15399.0,77782709.0879454,0.0,0.0,13202.0,63159987.277269535,139.0,2851665.954329101,926.0,4424696.443207046,15399.0,3184.0,5469.0,138.0,4480.0,2.0,34.0,2.0,,,4.0,1.0,1.0,26.0,,,,,,,,,,,,,,,,,,,,,,,,0.5190790804287737,0.0,0.44502123643227937,0.004685498550529225,0.031214184588417716
2021-01-03,23194,27180.0,13809.0,106183746.35545366,0.0,0.0,12191.0,95479372.43056145,117.0,2760866.503571592,1063.0,7768981.02730108,13809.0,3288.0,4814.0,117.0,3986.0,1.0,50.0,4.0,,2.0,5.0,,3.0,38.0,,,,,,,,,,,,,,,,,,,,,,,,0.5080573951434879,0.0,0.44852832965415745,0.004304635761589404,0.039109639440765266
2021-01-04,18967,22131.0,11486.0,132824318.18655568,0.0,0.0,9744.0,124469719.33089347,106.0,9775622.460853482,795.0,23556994.023940824,11486.0,3133.0,3859.0,104.0,2620.0,2.0,74.0,,,,4.0,2.0,4.0,48.0,,,,,,,,,,,,,,,,,,,,,,,,0.5190004970403507,0.0,0.4402873796936424,0.004789661560706701,0.03592246170530026
2021-01-05,20654,23596.0,14731.0,99851659.92830396,2.0,12857.293969123148,7907.0,65760261.18609595,83.0,2736230.9197485917,873.0,9652414.954894537,14731.0,2809.0,2569.0,82.0,2400.0,2.0,67.0,3.0,,,3.0,1.0,1.0,53.0,,2.0,,,,,,,,,,,,,,,,,,,,,,0.624300728937108,8.476012883539582e-05,0.3350991693507374,0.003517545346668927,0.03699779623665028
2021-01-06,20702,23977.0,14384.0,114218218.60224435,1.0,5468.819994163044,8591.0,81386065.44317734,88.0,5469269.339815815,913.0,6613365.138812343,14384.0,2513.0,2754.0,87.0,3241.0,3.0,58.0,2.0,,,3.0,1.0,,17.0,,1.0,,,,,,,,,,,,,,,,,,,,,,0.5999082454018434,4.170663552571214e-05,0.358301705801393,0.0036701839262626686,0.038078158234975186
2021-01-07,18388,21074.0,13190.0,106908008.14497027,1.0,2927.735094614739,6807.0,65282652.24037084,121.0,4469774.679504655,955.0,9013703.32755686,13189.0,2061.0,2437.0,121.0,2227.0,3.0,37.0,,,,2.0,,6.0,34.0,1.0,1.0,,,,,,,,,,,,,,,,,,,,,,0.6258897219322388,4.745183638606814e-05,0.32300465027996583,0.005741672202714245,0.04531650374869507
2021-01-08,18687,21371.0,13577.0,122417868.39769192,1.0,2394.1640714285713,6588.0,77209383.54589795,124.0,4664446.043899246,1081.0,9251686.719305554,13575.0,2113.0,1808.0,123.0,2541.0,1.0,81.0,4.0,1.0,,7.0,,2.0,31.0,2.0,1.0,,,,,,,,,,,,,,,,,,,,,,0.6353001731318142,4.679238220017781e-05,0.30826821393477144,0.005802255392822048,0.05058256515839221
2021-01-09,20962,23667.0,15053.0,109982142.84024587,0.0,0.0,7587.0,52547069.651815005,107.0,4052831.54838543,920.0,10229062.224563869,15053.0,2352.0,2895.0,106.0,2273.0,3.0,44.0,,,,5.0,1.0,,15.0,,,,,,,,,,,,,,,,,,,,,,,,0.6360332953057,0.0,0.32057294967676514,0.0045210630836185406,0.038872691933916424
2021-01-10,20597,23581.0,15164.0,109901589.06092666,0.0,0.0,7158.0,62861422.1319048,130.0,11437010.196038945,1129.0,15252212.858992346,15163.0,2847.0,2265.0,130.0,1949.0,4.0,53.0,2.0,,,9.0,,2.0,27.0,1.0,,,,,,,,,,,,,,,,,,,,,,,0.6430600907510283,0.0,0.3035494677918663,0.0055129129383825965,0.0478775285187227
2021-01-11,18382,21624.0,11913.0,178007767.25270513,0.0,0.0,8495.0,127563119.41521196,134.0,17783875.035232812,1082.0,11162354.48989798,11911.0,2915.0,2717.0,134.0,2641.0,4.0,152.0,3.0,,,6.0,,19.0,38.0,2.0,,,,,,,,,,,,,,,,,,,,,,,0.5509156492785794,0.0,0.3928505364409915,0.006196818349981502,0.05003699593044765
2021-01-12,22021,25521.0,13335.0,86926985.03972551,0.0,0.0,10579.0,55470227.12603298,185.0,6097038.04209871,1422.0,11238521.535101939,13334.0,3452.0,4211.0,185.0,2771.0,4.0,67.0,3.0,,,7.0,,1.0,63.0,1.0,,,,,,,,,,,,,,,,,,,,,,,0.5225108733983778,0.0,0.4145213745542886,0.007248932251871008,0.05571881979546256
2021-01-13,22293,24739.0,13903.0,82414447.31650528,0.0,0.0,9259.0,50463982.49629522,193.0,3895977.5669904086,1384.0,12901369.626813812,13899.0,2097.0,2037.0,193.0,5002.0,3.0,66.0,1.0,,,2.0,,2.0,49.0,4.0,,,,,,,,,,,,,,,,,,,,,,,0.5619871458021747,0.0,0.3742673511459639,0.007801447107805489,0.055944055944055944
2021-01-14,25141,27841.0,15693.0,89427400.05123176,1.0,2816.8377878702527,10415.0,57595196.300913215,226.0,4379583.2643985795,1506.0,14127835.889349908,15692.0,3730.0,3778.0,223.0,2779.0,5.0,61.0,5.0,3.0,,8.0,,1.0,48.0,1.0,1.0,,,,,,,,,,,,,,,,,,,,,,0.563665098236414,3.591825006285694e-05,0.374088574404655,0.008117524514205669,0.05409288459466255
2021-01-15,22957,25403.0,16434.0,111772423.21560182,1.0,2031.5058974608323,7473.0,56733181.48011077,204.0,5649353.885282793,1291.0,12333016.936475446,16434.0,2804.0,2527.0,204.0,1999.0,2.0,73.0,1.0,,,20.0,,,47.0,,1.0,,,,,,,,,,,,,,,,,,,,,,0.6469314647876235,3.93654292800063e-05,0.29417785300948707,0.008030547573121286,0.050820769200488135
2021-01-16,26368,28760.0,19536.0,106186370.10095118,0.0,0.0,7485.0,44340486.007241316,231.0,5362642.10592577,1508.0,12847184.114990225,19536.0,2997.0,2383.0,231.0,1973.0,1.0,55.0,3.0,,,5.0,,4.0,64.0,,,,,,,,,,,,,,,,,,,,,,,,0.6792767732962448,0.0,0.2602573018080668,0.008031988873435326,0.05243393602225313
2021-01-17,28615,30952.0,21696.0,90448877.51543836,0.0,0.0,7658.0,39943195.56600294,214.0,3011994.4859204125,1384.0,18714888.24226443,21695.0,3300.0,2096.0,212.0,2127.0,2.0,59.0,,,,7.0,2.0,2.0,65.0,1.0,,,,,,,,,,,,,,,,,,,,,,,0.7009563194623933,0.0,0.2474153528043422,0.006913931248384596,0.04471439648487981
2021-01-18,30341,32972.0,22805.0,101414173.41935727,0.0,0.0,8447.0,40613943.57882786,338.0,4551338.195442126,1382.0,17578378.712001093,22804.0,3686.0,2394.0,336.0,2294.0,1.0,28.0,2.0,,,9.0,2.0,3.0,30.0,1.0,,,,,,,,,,,,,,,,,,,,,,,0.6916474584495936,0.0,0.25618706781511585,0.010251122164260584,0.04191435157102996
2021-01-19,25495,28125.0,19246.0,147364311.9605252,0.0,0.0,6936.0,116764566.35957558,568.0,21685267.17187284,1375.0,15022649.05866381,19243.0,2444.0,1891.0,540.0,2486.0,1.0,67.0,4.0,,,7.0,28.0,,36.0,3.0,,,,,,,,,,,,,,,,,,,,,,,0.6843022222222223,0.0,0.24661333333333332,0.020195555555555557,0.04888888888888889
2021-01-20,26678,29319.0,19814.0,96637891.82907309,0.0,0.0,7456.0,60538391.75831005,824.0,11608625.59091165,1225.0,11632148.017628811,19813.0,2395.0,2392.0,823.0,2532.0,,77.0,2.0,,,7.0,1.0,1.0,50.0,1.0,,,,,,,,,,,,,,,,,,,,,,,0.6758074968450493,0.0,0.2543060813806746,0.028104642040997305,0.04178177973327876
2021-01-21,24618,27055.0,18756.0,136570718.71749836,0.0,0.0,5926.0,70761272.2267435,1166.0,19003434.69695979,1207.0,9836615.22123999,18756.0,2094.0,1418.0,1165.0,2290.0,1.0,66.0,4.0,,,7.0,1.0,6.0,40.0,,,,,,,,,,,,,,,,,,,,,,,,0.693254481611532,0.0,0.2190352984660876,0.043097394197006096,0.044612825725374235
2021-01-22,23737,26327.0,17041.0,129518560.50760208,0.0,0.0,6593.0,80983320.69705786,1323.0,10547917.868988404,1370.0,24311465.713643733,17041.0,2966.0,1594.0,1322.0,1910.0,2.0,73.0,6.0,,,3.0,1.0,,39.0,,,,,,,,,,,,,,,,,,,,,,,,0.647282257758195,0.0,0.25042731796254797,0.05025259239563946,0.05203783188361758
2021-01-23,29233,32708.0,20219.0,99846207.24397165,0.0,0.0,8092.0,73694037.33464958,2652.0,16531805.193858849,1745.0,18972318.62805698,20217.0,2729.0,3570.0,2648.0,1728.0,,27.0,1.0,,,4.0,4.0,1.0,32.0,2.0,,,,,,,,,,,,,,,,,,,,,,,0.6181668093432799,0.0,0.24740124740124741,0.08108108108108109,0.05335086217439158
2021-01-24,31246,34708.0,22491.0,117026535.45146042,1.0,1474.1906628577085,8778.0,48190388.949030444,1725.0,12780018.489086889,1713.0,20598091.33999595,22491.0,3169.0,3714.0,1724.0,1800.0,2.0,45.0,2.0,,,5.0,1.0,3.0,38.0,,1.0,,,,,,,,,,,,,,,,,,,,,,0.6480062233490838,2.881180131381814e-05,0.25290999193269564,0.049700357266336294,0.04935461565057048
2021-01-25,30100,33551.0,21862.0,160076997.89562044,0.0,0.0,7953.0,65488801.7649005,2235.0,32220386.79393891,1501.0,17261489.2186237,21862.0,3004.0,2797.0,2232.0,2069.0,1.0,56.0,4.0,,,2.0,3.0,,20.0,,,,,,,,,,,,,,,,,,,,,,,,0.6516050192244642,0.0,0.23704211498912103,0.06661500402372507,0.04473786176268964
2021-01-26,28710,31847.0,21223.0,147049954.06512037,0.0,0.0,6868.0,57761125.94148331,2242.0,19265655.577457566,1514.0,16935978.27553115,21223.0,2656.0,1979.0,2241.0,2143.0,1.0,53.0,4.0,,,1.0,1.0,,31.0,,,,,,,,,,,,,,,,,,,,,,,,0.6664049989009954,0.0,0.21565610575564417,0.07039909567620184,0.0475397996671586
2021-01-27,28669,31577.0,21608.0,129798486.85600129,0.0,0.0,6611.0,49192498.931624815,2070.0,16088074.696098842,1288.0,14616075.799592331,21608.0,3163.0,1469.0,2070.0,1899.0,2.0,45.0,3.0,,,6.0,,,24.0,,,,,,,,,,,,,,,,,,,,,,,,0.6842955315577794,0.0,0.20936124394337652,0.06555404249928745,0.04078918199955664
2021-01-28,27215,30311.0,20005.0,107983409.95663272,0.0,0.0,7063.0,41494873.25827082,1495.0,11090411.706703605,1748.0,22174837.651573867,20005.0,3310.0,1567.0,1493.0,2134.0,1.0,29.0,2.0,,,3.0,2.0,,17.0,,,,,,,,,,,,,,,,,,,,,,,,0.6599914222559466,0.0,0.23301771634060242,0.049322028306555375,0.057668833096895515
2021-01-29,24057,26750.0,18508.0,154972787.85722157,0.0,0.0,5506.0,89827043.9861635,1191.0,17768750.134098016,1545.0,20812363.378357682,18508.0,2399.0,1125.0,1189.0,1912.0,,52.0,,,,3.0,2.0,1.0,14.0,,,,,,,,,,,,,,,,,,,,,,,,0.6918878504672897,0.0,0.20583177570093458,0.04452336448598131,0.05775700934579439
2021-01-30,25450,28002.0,19946.0,121543934.28717743,0.0,0.0,5170.0,32708132.754827075,1313.0,9388921.639007512,1573.0,22255693.97754206,19946.0,2174.0,1351.0,1312.0,1622.0,,12.0,,,,3.0,1.0,1.0,7.0,,,,,,,,,,,,,,,,,,,,,,,,0.7123062638382973,0.0,0.18462966930933505,0.04688950789229341,0.05617455896007428
2021-01-31,28406,30986.0,22574.0,155295607.60854355,0.0,0.0,5333.0,46178028.54653666,1567.0,15958153.101178098,1512.0,35252767.19834031,22574.0,2119.0,1281.0,1566.0,1899.0,,20.0,1.0,,,1.0,1.0,,12.0,,,,,,,,,,,,,,,,,,,,,,,,0.7285225585748403,0.0,0.17210998515458595,0.050571225714838956,0.04879623055573485
2021-02-01,26378,28766.0,20841.0,130767926.87682925,0.0,0.0,5128.0,40577914.26752246,1369.0,18172260.60215274,1428.0,40403962.282541975,20841.0,2053.0,1336.0,1369.0,1688.0,,31.0,1.0,,,2.0,,,17.0,,,,,,,,,,,,,,,,,,,,,,,,0.7245011471876521,0.0,0.17826600848223598,0.04759090593061253,0.04964193839949941
2021-02-02,24793,27115.0,19759.0,142891767.4228049,0.0,0.0,4888.0,59395638.6675259,1040.0,14493314.074438706,1428.0,26821836.56016009,19758.0,2458.0,882.0,1039.0,1515.0,1.0,20.0,3.0,,,6.0,1.0,,3.0,1.0,,,,,,,,,,,,,,,,,,,,,,,0.7287110455467454,0.0,0.1802692236769316,0.03835515397381523,0.052664576802507836
2021-02-03,27375,29869.0,21519.0,133245242.14236808,0.0,0.0,5939.0,38097148.420377694,1098.0,14925607.695976121,1313.0,19080031.744182993,21519.0,3327.0,983.0,1096.0,1603.0,,16.0,5.0,,,,2.0,,5.0,,,,,,,,,,,,,,,,,,,,,,,,0.7204459473032241,0.0,0.19883491245103618,0.03676052094144431,0.043958619304295427
2021-02-04,25483,27748.0,20169.0,401921505.5835482,0.0,0.0,4897.0,52479101.024522625,1331.0,23185568.198554218,1351.0,28710400.869147852,20169.0,2303.0,894.0,1331.0,1674.0,,19.0,1.0,,,2.0,,,4.0,,,,,,,,,,,,,,,,,,,,,,,,0.7268631973475566,0.0,0.17648118783335737,0.04796742107539282,0.04868819374369324
2021-02-05,27349,29776.0,21786.0,203503838.30799875,0.0,0.0,4847.0,42341573.38767768,1814.0,40637332.659573294,1329.0,34783183.17686451,21784.0,2524.0,973.0,1814.0,1329.0,1.0,8.0,2.0,,1.0,2.0,,2.0,5.0,2.0,,,,,,,,,,,,,,,,,,,,,,,0.7316630843632456,0.0,0.1627821063944116,0.060921547555077914,0.04463326168726491
2021-02-06,27289,29552.0,22293.0,196680724.0690401,0.0,0.0,4365.0,36486830.55278721,1697.0,33366391.92388013,1197.0,20163653.393677633,22292.0,2117.0,806.0,1697.0,1422.0,,12.0,3.0,,,1.0,,,4.0,1.0,,,,,,,,,,,,,,,,,,,,,,,0.7543651867893882,0.0,0.14770573903627504,0.05742420140768814,0.04050487276664862
2021-02-07,28488,30676.0,23565.0,151859450.286525,0.0,0.0,4665.0,44636552.30945575,1125.0,17785345.715888657,1321.0,17184727.71284755,23565.0,2415.0,776.0,1125.0,1441.0,3.0,15.0,1.0,,,6.0,,1.0,7.0,,,,,,,,,,,,,,,,,,,,,,,,0.7681901160516365,0.0,0.1520732820445951,0.0366736210718477,0.04306298083192072
2021-02-08,27191,29631.0,21296.0,189890606.8967199,0.0,0.0,5868.0,40651076.25428535,1268.0,27000430.272196382,1199.0,57436921.21424894,21295.0,2534.0,1346.0,1268.0,1966.0,,15.0,,,,,,4.0,3.0,1.0,,,,,,,,,,,,,,,,,,,,,,,0.7187067598123587,0.0,0.19803584084236103,0.042793020822786944,0.040464378522493336
2021-02-09,26316,28626.0,20769.0,181925472.11166522,0.0,0.0,5528.0,54989590.22391616,1264.0,22802735.850524157,1065.0,1096871457.4730392,20767.0,2738.0,855.0,1264.0,1905.0,,10.0,1.0,,,,,,19.0,2.0,,,,,,,,,,,,,,,,,,,,,,,0.7255292391532173,0.0,0.19311115768881437,0.04415566268427304,0.03720394047369524
2021-02-10,25711,27818.0,20373.0,195561529.05005816,1.0,61824.427281011944,5161.0,55820813.93045525,1208.0,21805538.035143763,1075.0,77547376.61063817,20370.0,2453.0,686.0,1208.0,1982.0,2.0,17.0,1.0,,,2.0,,1.0,17.0,3.0,1.0,,,,,,,,,,,,,,,,,,,,,,0.7323675318139334,3.5947947372205044e-05,0.18552735638795026,0.043425120425623694,0.03864404342512043
2021-02-11,28379,30699.0,21908.0,152969839.97945708,0.0,0.0,6641.0,43794110.367693536,1040.0,13492974.000645561,1110.0,24897775.18761614,21906.0,2999.0,678.0,1040.0,2940.0,2.0,8.0,5.0,,,,,3.0,6.0,2.0,,,,,,,,,,,,,,,,,,,,,,,0.7136388807453011,0.0,0.21632626469917587,0.03387732499429949,0.03615752956122349
2021-02-12,31579,34000.0,24845.0,179485821.31156,0.0,0.0,6819.0,46413197.99523333,1162.0,20895060.30237019,1174.0,25939065.251234733,24845.0,2930.0,706.0,1161.0,3165.0,2.0,6.0,1.0,,,1.0,1.0,1.0,7.0,,,,,,,,,,,,,,,,,,,,,,,,0.730735294117647,0.0,0.20055882352941176,0.034176470588235294,0.034529411764705885
2021-02-13,32750,35219.0,26716.0,192066944.64086014,0.0,0.0,5927.0,38306685.820169926,1114.0,16848082.849372808,1462.0,33325486.694411516,26715.0,2549.0,968.0,1113.0,2397.0,,4.0,4.0,,,,1.0,,5.0,1.0,,,,,,,,,,,,,,,,,,,,,,,0.7585678185070559,0.0,0.16828984355035634,0.03163065390840172,0.04151168403418609
2021-02-14,33257,35537.0,27816.0,187921187.5669281,1.0,10439.390479045987,5449.0,35217560.23003594,1025.0,12456346.145042272,1246.0,19981994.58437316,27815.0,2407.0,704.0,1025.0,2315.0,1.0,7.0,3.0,,,,,1.0,11.0,1.0,1.0,,,,,,,,,,,,,,,,,,,,,,0.7827334890395925,2.8139685398317247e-05,0.15333314573543066,0.02884317753327518,0.03506204800630329
2021-02-15,30714,32897.0,25516.0,217396129.31801406,0.0,0.0,5151.0,38245935.89424567,1140.0,23324539.8553084,1090.0,22185552.22877905,25516.0,2414.0,684.0,1139.0,2029.0,,9.0,1.0,,,1.0,1.0,5.0,8.0,,,,,,,,,,,,,,,,,,,,,,,,0.7756330364470925,0.0,0.15657962732164027,0.03465361583123081,0.033133720400036475
2021-02-16,28452,30438.0,23965.0,167151127.89198357,0.0,0.0,4651.0,28374903.353895985,921.0,16255948.45472923,901.0,19430814.872990735,23964.0,2026.0,608.0,921.0,1994.0,1.0,7.0,2.0,,,,,,13.0,1.0,,,,,,,,,,,,,,,,,,,,,,,0.787338195676457,0.0,0.15280241803009395,0.030258229844273607,0.029601156449175374
2021-02-17,32265,34897.0,25108.0,215657084.18446437,0.0,0.0,7694.0,68203790.5620654,1002.0,16279521.727572627,1093.0,21017905.39347865,25108.0,2297.0,862.0,1001.0,4505.0,,15.0,5.0,,,,1.0,3.0,7.0,,,,,,,,,,,,,,,,,,,,,,,,0.7194887812705963,0.0,0.2204774049345216,0.028713069891394674,0.03132074390348741
2021-02-18,29074,31116.0,22982.0,186645762.4893621,0.0,0.0,6469.0,73077466.33928435,770.0,14670894.597093243,895.0,18622169.93370749,22982.0,2599.0,700.0,770.0,3115.0,2.0,11.0,2.0,,,3.0,,2.0,35.0,,,,,,,,,,,,,,,,,,,,,,,,0.7385910785448001,0.0,0.20789947293996658,0.024746111325363158,0.028763337189870165
2021-02-19,26806,28682.0,21276.0,192262942.92596775,0.0,0.0,4697.0,53281737.00233604,1842.0,28368268.86549698,867.0,19719346.529689934,21276.0,1979.0,611.0,1841.0,2075.0,1.0,12.0,,,,3.0,1.0,1.0,15.0,,,,,,,,,,,,,,,,,,,,,,,,0.7417892755038002,0.0,0.16376124398577505,0.06422146293842829,0.030228017571996373
2021-02-20,24879,26761.0,19899.0,217454306.87327808,0.0,0.0,4792.0,53247015.02294442,1129.0,17604772.93564357,941.0,38852024.712281235,19899.0,1817.0,680.0,1129.0,2268.0,1.0,6.0,,,,3.0,,1.0,16.0,,,,,,,,,,,,,,,,,,,,,,,,0.7435820783976682,0.0,0.17906655207204514,0.0421882590336684,0.035163110496618216
2021-02-21,26356,28477.0,20978.0,165641145.40508968,0.0,0.0,5491.0,40239251.55585687,1088.0,23645375.51855554,920.0,17794409.52705233,20978.0,2422.0,663.0,1085.0,2381.0,,10.0,1.0,,,3.0,3.0,,11.0,,,,,,,,,,,,,,,,,,,,,,,,0.7366646767566808,0.0,0.19282227762755907,0.03820627172806124,0.03230677388769884
2021-02-22,23897,25632.0,19836.0,250550797.43551177,1.0,4034.279738,4151.0,83898386.93827581,897.0,17848791.272740148,747.0,16808098.28635052,19836.0,1722.0,582.0,897.0,1800.0,2.0,20.0,2.0,,,1.0,,3.0,19.0,,1.0,,,,,,,,,,,,,,,,,,,,,,0.773876404494382,3.9013732833957553e-05,0.1619460049937578,0.03499531835205993,0.02914325842696629
2021-02-23,20168,21872.0,16592.0,305021535.6180811,0.0,0.0,3723.0,147904880.18819806,864.0,22032079.036451876,693.0,29592990.016015466,16590.0,1528.0,688.0,863.0,1426.0,1.0,41.0,1.0,,,3.0,1.0,3.0,32.0,2.0,,,,,,,,,,,,,,,,,,,,,,,0.7585954645208486,0.0,0.17021762984637892,0.03950256035113387,0.031684345281638625
2021-02-24,24187,25982.0,19594.0,183512261.73276323,0.0,0.0,4688.0,62806271.50133643,853.0,7952742.521098427,847.0,18061259.244114846,19594.0,2265.0,728.0,853.0,1638.0,1.0,35.0,,,,1.0,,,20.0,,,,,,,,,,,,,,,,,,,,,,,,0.7541374797937034,0.0,0.1804326071895928,0.032830421060734354,0.03259949195596952
2021-02-25,25783,27556.0,21726.0,174327354.9723504,1.0,3280.8409225581245,4190.0,41807264.83717556,808.0,8318320.526263162,831.0,14031936.144578962,21726.0,2115.0,583.0,807.0,1439.0,,31.0,3.0,1.0,,1.0,,2.0,16.0,,1.0,,,,,,,,,,,,,,,,,,,,,,0.7884308317607781,3.628973726230222e-05,0.1520539991290463,0.029322107707940196,0.030156771664973145
2021-02-26,24393,26125.0,20288.0,189130019.86854807,1.0,1566.1510440020243,4081.0,75118996.69253303,880.0,13954343.084465863,875.0,19643387.617680114,20287.0,2000.0,618.0,874.0,1392.0,,45.0,3.0,,,4.0,6.0,,19.0,1.0,1.0,,,,,,,,,,,,,,,,,,,,,,0.7765741626794258,3.8277511961722486e-05,0.15621052631578947,0.03368421052631579,0.03349282296650718
2021-02-27,23580,25350.0,18935.0,132166028.82265206,1.0,1488.3282905011035,4421.0,32144636.049290203,975.0,9748971.755324727,1018.0,15108382.775840953,18935.0,2349.0,533.0,973.0,1486.0,1.0,31.0,1.0,,,,2.0,1.0,19.0,,1.0,,,,,,,,,,,,,,,,,,,,,,0.7469428007889546,3.944773175542406e-05,0.17439842209072978,0.038461538461538464,0.040157790927021694
2021-02-28,26183,28442.0,21186.0,180674747.48961973,0.0,0.0,4968.0,59233660.39446229,1145.0,14872265.461146733,1143.0,17684951.358520065,21186.0,1971.0,1207.0,1143.0,1704.0,1.0,50.0,2.0,1.0,,7.0,1.0,1.0,25.0,,,,,,,,,,,,,,,,,,,,,,,,0.7448843259967654,0.0,0.174671260811476,0.04025736586737923,0.04018704732437944
2021-03-01,25718,28212.0,20929.0,153118661.27027714,1.0,6859.363964269508,4884.0,39870650.29150918,956.0,11106368.622363936,1442.0,20599217.6835542,20929.0,2178.0,1113.0,951.0,1546.0,,29.0,2.0,,,5.0,5.0,,11.0,,1.0,,,,,,,,,,,,,,,,,,,,,,0.741847440805331,3.544590954203885e-05,0.17311782220331773,0.03388628952218914,0.05111300155962002
2021-03-02,24794,27050.0,20009.0,188332897.36834174,2.0,11094.254520590708,4241.0,37244395.20494114,1634.0,29174902.563768152,1164.0,18846709.519482605,20008.0,1760.0,803.0,1634.0,1644.0,,18.0,4.0,,,3.0,,,9.0,1.0,2.0,,,,,,,,,,,,,,,,,,,,,,0.7397042513863217,7.393715341959335e-05,0.1567837338262477,0.060406654343807764,0.043031423290203326
2021-03-03,25699,27656.0,21187.0,148580138.90117967,0.0,0.0,4613.0,33613050.47537226,899.0,23057834.191674124,957.0,13181226.653992437,21187.0,2014.0,836.0,899.0,1723.0,,21.0,1.0,,,7.0,,,11.0,,,,,,,,,,,,,,,,,,,,,,,,0.7660905409314435,0.0,0.1667992479028059,0.03250650853341047,0.03460370263234018
2021-03-04,27405,29541.0,22814.0,155402060.85641652,1.0,2210.4277323210204,4790.0,38411052.00251961,910.0,10357179.397495352,1026.0,14600673.641855886,22813.0,2053.0,745.0,910.0,1941.0,,26.0,3.0,,,4.0,,,18.0,1.0,1.0,,,,,,,,,,,,,,,,,,,,,,0.7722825902982295,3.385125757421888e-05,0.16214752378050845,0.030804644392539184,0.03473139027114857
2021-03-05,31562,33643.0,26805.0,168070432.64440852,1.0,2779.7483785161894,5290.0,56375292.33714868,636.0,6493231.676414236,911.0,17318275.643200435,26805.0,2837.0,773.0,636.0,1626.0,,24.0,1.0,,1.0,8.0,,,14.0,,1.0,6.0,,,,,,,,,,,,,,,,,,,,,0.7967482091371162,2.9723865291442498e-05,0.1572392473917308,0.018904378325357428,0.027078441280504118
2021-03-06,26812,28627.0,23151.0,127915894.32124773,0.0,0.0,3984.0,29671854.772958886,631.0,7032056.891999172,861.0,11154905.049338628,23151.0,1825.0,680.0,628.0,1428.0,,29.0,1.0,,,2.0,3.0,1.0,18.0,,,,,,,,,,,,,,,,,,,,,,,,0.8087120550529221,0.0,0.13916931568100047,0.02204212806092151,0.03007650120515597
2021-03-07,27851,29503.0,24262.0,160658013.227483,2.0,9479.712455147277,3788.0,35235779.46873749,688.0,9591987.677815521,763.0,16391587.202855278,24261.0,1652.0,601.0,688.0,1498.0,1.0,14.0,1.0,,,1.0,,3.0,13.0,1.0,2.0,4.0,,,,,,,,,,,,,,,,,,,,,0.8223570484357523,6.778971630003728e-05,0.12839372267227062,0.023319662407212827,0.025861776768464222
2021-03-08,28991,30753.0,25160.0,193006363.32910186,0.0,0.0,4138.0,35647894.84028328,695.0,14446559.731009493,760.0,17975542.284563567,25159.0,1753.0,638.0,695.0,1705.0,,26.0,1.0,,,2.0,,,13.0,1.0,,,,,,,,,,,,,,,,,,,,,,,0.8181315644002212,0.0,0.13455597827854193,0.022599421194680194,0.02471303612655676
2021-03-09,30485,32622.0,25516.0,177013719.76181683,1.0,3898.007134136911,5756.0,60335259.556865126,545.0,6162619.662438636,804.0,16066563.530595206,25515.0,2668.0,662.0,544.0,2398.0,,18.0,2.0,,,,1.0,1.0,7.0,1.0,1.0,,,,,,,,,,,,,,,,,,,,,,0.78217154067807,3.065415976948072e-05,0.17644534363313102,0.016706517074366992,0.024645944454662498
2021-03-10,28149,29877.0,24042.0,163544975.55054018,0.0,0.0,4542.0,24777426.82337597,502.0,4429246.645116296,791.0,10029113.01027104,24042.0,1791.0,682.0,502.0,2043.0,,12.0,,,,2.0,,1.0,11.0,,,,,,,,,,,,,,,,,,,,,,,,0.8046992669946782,0.0,0.15202329551159754,0.016802222445359307,0.026475215048364965
2021-03-11,27983,30031.0,23065.0,153798577.09438962,0.0,0.0,5454.0,37838402.23981978,628.0,7216162.5080486545,884.0,12703881.692334717,23064.0,1956.0,683.0,628.0,2782.0,,23.0,,,,,,,9.0,1.0,,1.0,,,,,,,,,,,,,,,,,,,,,0.7680396923179381,0.0,0.18161233392161433,0.020911724551296994,0.029436249209150545
2021-03-12,28876,30790.0,23526.0,174630052.10091886,0.0,0.0,6017.0,34537078.3379768,539.0,7111281.285197521,708.0,11652479.42452956,23525.0,2351.0,603.0,538.0,3042.0,,9.0,1.0,,,2.0,1.0,,9.0,1.0,,,,,,,,,,,,,,,,,,,,,,,0.7640792465086067,0.0,0.19542059110100682,0.01750568366352712,0.02299447872685937
2021-03-13,28097,29937.0,22945.0,190875859.55642223,1.0,4722.503092437092,5716.0,43956529.1708419,507.0,5589343.499838747,768.0,15092295.37740505,22945.0,2514.0,552.0,507.0,2625.0,,17.0,,,,2.0,,,6.0,,1.0,,,,,,,,,,,,,,,,,,,,,,0.7664428633463607,3.340348064268297e-05,0.19093429535357584,0.016935564685840263,0.02565387313358052
2021-03-14,30843,32757.0,26101.0,175128271.41874188,0.0,0.0,5426.0,35525170.25715613,474.0,4499636.572902172,756.0,9518475.757352553,26100.0,2491.0,640.0,473.0,2275.0,,8.0,1.0,,,1.0,1.0,,10.0,1.0,,,,,,,,,,,,,,,,,,,,,,,0.7968067893885277,0.0,0.16564398449186432,0.014470189577800165,0.023079036541807856
2021-03-15,30069,31600.0,25308.0,179541086.22064796,0.0,0.0,5282.0,34719895.30014232,373.0,2682397.804344872,637.0,8504928.003500145,25308.0,2401.0,732.0,369.0,2123.0,,12.0,,,,2.0,4.0,,12.0,,,,,,,,,,,,,,,,,,,,,,,,0.8008860759493671,0.0,0.1671518987341772,0.011803797468354431,0.020158227848101267
2021-03-16,28929,30509.0,24932.0,171316967.80346522,0.0,0.0,4646.0,38956380.63446288,411.0,4212839.620787335,520.0,8685576.825164497,24932.0,1998.0,631.0,409.0,1999.0,,7.0,1.0,2.0,,,,,10.0,,,,,,,,,,,,,,,,,,,,,,,,0.8172014815300404,0.0,0.1522829329050444,0.013471434658625324,0.017044150906289947
2021-03-17,27800,29298.0,23408.0,167027889.88706034,0.0,0.0,5060.0,40342287.069326594,324.0,8116692.753486486,506.0,12875570.213963093,23407.0,2114.0,618.0,322.0,2309.0,,12.0,,2.0,,1.0,,,6.0,1.0,,,,,,,,,,,,,,,,,,,,,,,0.7989623865110247,0.0,0.17270803467813503,0.011058775343026827,0.0172708034678135
2021-03-18,27811,29508.0,22073.0,146839217.75060382,0.0,0.0,6520.0,37522522.627202556,373.0,3910486.413666184,542.0,9588445.393645309,22072.0,2335.0,488.0,372.0,3688.0,,4.0,,1.0,,2.0,,,3.0,1.0,,,,,,,,,,,,,,,,,,,,,,,0.7480344313406534,0.0,0.2209570286024129,0.012640639826487733,0.01836790023044598
2021-03-19,29706,31317.0,25294.0,173023476.26409793,0.0,0.0,5126.0,34825389.14988863,386.0,3242090.1611532345,511.0,10968653.543351073,25294.0,2659.0,511.0,385.0,1940.0,,6.0,2.0,,,2.0,1.0,,6.0,,,,,,,,,,,,,,,,,,,,,,,,0.8076763419229173,0.0,0.16368106779065683,0.012325573969409585,0.016317016317016316
2021-03-20,29707,31260.0,25164.0,146740477.27284345,0.0,0.0,5035.0,25377856.31616156,415.0,3895441.466942082,646.0,9175624.657918632,25163.0,2442.0,546.0,415.0,2028.0,,15.0,1.0,,,,,,3.0,1.0,,,,,,,,,,,,,,,,,,,,,,,0.8049904030710173,0.0,0.1610684580934101,0.013275751759436981,0.020665387076135636
2021-03-21,28004,29462.0,23742.0,154219033.8641035,0.0,0.0,4690.0,25932685.15798635,416.0,14088762.40747483,614.0,11111559.708752802,23741.0,2189.0,747.0,416.0,1734.0,,12.0,,,3.0,,,1.0,4.0,1.0,,,,,,,,,,,,,,,,,,,,,,,0.8058516054578779,0.0,0.15918810671373296,0.014119883239427058,0.020840404588962053
2021-03-22,32335,34107.0,27379.0,235617903.45938334,0.0,0.0,5502.0,55877377.205978304,417.0,6685519.360725771,809.0,11709354.752857117,27379.0,2767.0,741.0,415.0,1968.0,,16.0,3.0,1.0,,,1.0,,7.0,,,,,,,,,,,,,,,,,,,,,,,,0.8027384407892808,0.0,0.16131585891459232,0.01222622921980825,0.023719471076318645
2021-03-23,30916,32848.0,25142.0,200096159.17163432,0.0,0.0,6312.0,57657494.469827086,511.0,4782491.664749185,883.0,22997229.630845115,25142.0,2424.0,1580.0,510.0,2289.0,,9.0,2.0,1.0,,2.0,,,6.0,,,,,,,,,,,,,,,,,,,,,,,,0.7654042864101315,0.0,0.1921578178275694,0.015556502679006332,0.02688139308329274
2021-03-24,32662,34603.0,27547.0,240029457.43018585,0.0,0.0,5674.0,45506527.58394804,609.0,10541575.182066973,773.0,14371764.661331026,27546.0,2620.0,906.0,608.0,2122.0,,13.0,6.0,1.0,,,,,7.0,1.0,,,,,,,,,,,,,,,,,,,,,,,0.7960870444759125,0.0,0.1639742218882756,0.0175996300898766,0.022339103545935324
2021-03-25,29204,30808.0,24953.0,205781634.34871042,0.0,0.0,4631.0,42085882.11389135,622.0,11591211.407481719,602.0,23029816.448633604,24952.0,2245.0,675.0,622.0,1689.0,,11.0,3.0,,,2.0,,,6.0,1.0,,,,,,,,,,,,,,,,,,,,,,,0.8099519605297325,0.0,0.1503180991950143,0.020189561152947285,0.019540379122305895
2021-03-26,30284,32302.0,25690.0,177601383.5260599,0.0,0.0,5157.0,32554788.511138905,510.0,4950537.435725855,945.0,12299767.312077101,25689.0,2240.0,903.0,509.0,2000.0,,10.0,,1.0,,,,1.0,3.0,1.0,,,,,,,,,,,,,,,,,,,,,,,0.795306792149093,0.0,0.15964955730295338,0.0157884960683549,0.029255154479598786
2021-03-27,31305,33030.0,26911.0,154152105.2600414,0.0,0.0,4942.0,27634049.97715101,468.0,5011130.802993683,709.0,9956192.158369366,26911.0,2008.0,1102.0,467.0,1813.0,1.0,11.0,1.0,,,,1.0,1.0,5.0,,,,,,,,,,,,,,,,,,,,,,,,0.8147441719648804,0.0,0.1496215561610657,0.014168937329700272,0.021465334544353617
2021-03-28,30815,32496.0,26438.0,185915119.5358676,1.0,2481.47670615132,4792.0,26630274.318940222,504.0,5992481.886030847,761.0,8907887.07909838,26438.0,2035.0,853.0,502.0,1887.0,,7.0,1.0,1.0,,1.0,1.0,1.0,7.0,,1.0,,,,,,,,,,,,,,,,,,,,,,0.813577055637617,3.077301821762679e-05,0.14746430329886756,0.0155096011816839,0.023418266863613982
2021-03-29,31439,33366.0,25389.0,287622215.4691393,0.0,0.0,6673.0,42146558.05062466,511.0,4559956.101373945,793.0,10478116.913056685,25389.0,3099.0,814.0,511.0,2734.0,,12.0,1.0,,,,,,13.0,,,,,,,,,,,,,,,,,,,,,,,,0.7609242941916922,0.0,0.19999400587424324,0.015314991308517652,0.023766708625546962
2021-03-30,31256,32996.0,26505.0,406362235.44766116,0.0,0.0,5279.0,33348766.082943853,518.0,7263564.962551412,694.0,119984090.41049644,26505.0,2517.0,704.0,516.0,2040.0,,5.0,2.0,1.0,,1.0,1.0,1.0,9.0,,,,,,,,,,,,,,,,,,,,,,,,0.8032791853558007,0.0,0.15998908958661656,0.015698872590617044,0.021032852466965693
2021-03-31,27244,28613.0,23688.0,294448997.9068948,0.0,0.0,4072.0,37596574.68569337,338.0,3439343.1302134017,515.0,8768919.494190743,23688.0,1901.0,624.0,337.0,1522.0,,12.0,2.0,,,,1.0,1.0,10.0,,,,,,,,,,,,,,,,,,,,,,,,0.8278754412330059,0.0,0.14231293468004055,0.011812812358019082,0.0179988117289344
2021-04-01,31123,32750.0,25514.0,195102547.20074368,0.0,0.0,5131.0,43824815.22538561,1567.0,8973506.020684084,538.0,11489086.2106686,25514.0,2688.0,974.0,1567.0,1456.0,,7.0,,,,,,,6.0,,,,,,,,,,,,,,,,,,,,,,,,0.7790534351145039,0.0,0.15667175572519085,0.04784732824427481,0.016427480916030534
2021-04-02,27810,29102.0,23629.0,192186741.18387938,0.0,0.0,4193.0,36803927.82141953,736.0,15987703.293537991,544.0,10622311.8720561,23629.0,1953.0,720.0,736.0,1491.0,,15.0,,,,1.0,,,13.0,,,,,,,,,,,,,,,,,,,,,,,,0.811937323895265,0.0,0.14407944471170367,0.02529035805099306,0.018692873342038348
2021-04-03,25867,27158.0,22341.0,167348692.91124076,0.0,0.0,3591.0,54991971.01708819,622.0,3837780.5644665533,604.0,20096083.317387234,22339.0,1646.0,587.0,621.0,1328.0,,12.0,2.0,1.0,1.0,1.0,,,14.0,2.0,,,,,,,,,,,,,,,,,,,,,,,0.8226305324397968,0.0,0.13222623168127257,0.022903012003829444,0.02224022387510126
2021-04-04,26921,28499.0,22917.0,142538996.6665412,0.0,0.0,4262.0,33620733.58247253,577.0,2319181.3359146714,743.0,11635096.983490843,22917.0,1937.0,858.0,577.0,1449.0,,10.0,,,,2.0,,,6.0,,,,,,,,,,,,,,,,,,,,,,,,0.804133478367662,0.0,0.14954910698621005,0.020246324432436225,0.02607109021369171
2021-04-05,27599,29014.0,23709.0,171212521.33490503,0.0,0.0,3964.0,29031629.52007839,595.0,3729333.663953132,746.0,11820236.575212097,23708.0,1591.0,1072.0,594.0,1284.0,,10.0,,1.0,,2.0,,,5.0,1.0,,,,,,,,,,,,,,,,,,,,,,,0.8171572344385469,0.0,0.13662369890397738,0.0205073412835183,0.0257117253739574
2021-04-06,30140,31699.0,25924.0,198639414.44009462,0.0,0.0,4448.0,28831097.057367027,575.0,2907076.8473054282,752.0,17919598.22577154,25923.0,2102.0,882.0,575.0,1434.0,,14.0,,,,1.0,,,14.0,1.0,,,1.0,,,,,,,,,,,,,,,,,,,,0.8178175967696142,0.0,0.14031988390800973,0.018139373481813305,0.023723145840562794
2021-04-07,29754,31506.0,25202.0,206078483.0239997,0.0,0.0,4817.0,50672813.24646272,497.0,8837543.231311262,990.0,16787092.914884713,25202.0,2288.0,862.0,497.0,1628.0,,14.0,,,,1.0,,1.0,19.0,,,,4.0,,,,,,,,,,,,,,,,,,,,0.7999111280391037,0.0,0.1528915127277344,0.015774773059099852,0.03142258617406209
2021-04-08,28724,30581.0,23859.0,178484136.1003722,0.0,0.0,5179.0,41170585.90911814,608.0,15284415.316822905,935.0,13786186.335496169,23859.0,2480.0,830.0,608.0,1846.0,,14.0,,,1.0,,,,8.0,,,,,,,,,,,,,,,,,,,,,,,,0.7801903142474085,0.0,0.16935352015957622,0.0198816258461136,0.03057453974690167
2021-04-09,27637,29279.0,23304.0,170258164.92792714,1.0,26934.7717665,4670.0,30575748.877316136,531.0,5519675.186419668,773.0,13025783.993336676,23304.0,2175.0,717.0,531.0,1754.0,,17.0,1.0,,,2.0,,,4.0,,1.0,,,,,,,,,,,,,,,,,,,,,,0.7959288227056935,3.415417193210151e-05,0.15949998292291404,0.0181358652959459,0.026401174903514464
2021-04-10,30489,32549.0,21768.0,171775837.27001706,0.0,0.0,9473.0,73877907.6829876,564.0,6642306.772044636,744.0,9631612.09053336,21767.0,4793.0,806.0,564.0,3843.0,,21.0,1.0,,,2.0,,,6.0,1.0,,1.0,,,,,,,,,,,,,,,,,,,,,0.6687763064917509,0.0,0.29103812713140187,0.017327721281759807,0.02285784509508741
2021-04-11,29621,31658.0,23104.0,136926938.14601737,0.0,0.0,7208.0,40962199.240293115,602.0,4724827.657679545,744.0,8369177.843802559,23103.0,4801.0,769.0,601.0,1626.0,,7.0,,1.0,,,,,5.0,1.0,,,,,,,,,,,,,,,,,,,,,,,0.7297997346642239,0.0,0.22768336597384548,0.019015730621012066,0.02350116874091857
2021-04-12,27486,29506.0,22373.0,163403460.9027527,0.0,0.0,5495.0,36998023.634989746,483.0,7527666.068439049,1155.0,26628609.51201728,22372.0,3246.0,587.0,483.0,1638.0,,12.0,,,,4.0,,,8.0,1.0,,,,,,,,,,,,,,,,,,,,,,,0.7582525588015997,0.0,0.18623330847963127,0.016369551955534467,0.0391445807632346
2021-04-13,26864,28565.0,22309.0,167136252.51048067,0.0,0.0,4888.0,57264570.52666856,520.0,5265685.976455976,848.0,12016706.491199825,22308.0,2752.0,635.0,520.0,1479.0,,9.0,1.0,,,,,,12.0,1.0,,,,,,,,,,,,,,,,,,,,,,,0.7809907229126554,0.0,0.17111850166287415,0.018204095921582356,0.02968667950288815
2021-04-14,29768,31900.0,22991.0,195949498.580737,0.0,0.0,7438.0,76239131.71987434,574.0,6830824.628386852,897.0,18679544.489938665,22991.0,5322.0,621.0,574.0,1460.0,,18.0,,,,2.0,,1.0,14.0,,,,,,,,,,,,,,,,,,,,,,,,0.7207210031347963,0.0,0.23316614420062695,0.01799373040752351,0.02811912225705329
2021-04-15,30979,33343.0,25174.0,189370403.12156576,0.0,0.0,6422.0,51070928.01006707,595.0,9173690.224171652,1152.0,29810169.513816964,25173.0,3817.0,797.0,594.0,1755.0,4.0,27.0,,1.0,1.0,2.0,,5.0,13.0,1.0,,,1.0,,,,,,,,,,,,,,,,,,,,0.7550010496955882,0.0,0.19260414479800858,0.017844825000749784,0.03454998050565336
2021-04-16,28863,30592.0,24118.0,206325105.41113317,0.0,0.0,5230.0,46398897.25616739,473.0,4957341.543061869,771.0,12373104.513782842,24118.0,2626.0,706.0,473.0,1871.0,,14.0,,,,,,,13.0,,,,,,,,,,,,,,,,,,,,,,,,0.7883760460251046,0.0,0.1709597280334728,0.015461558577405858,0.025202667364016735
2021-04-17,30967,32524.0,27097.0,194678039.70287603,0.0,0.0,4339.0,29708840.799948446,407.0,2618020.9053776334,681.0,13151323.194457605,27097.0,2097.0,623.0,406.0,1590.0,1.0,14.0,,,,1.0,1.0,,13.0,,,,,,,,,,,,,,,,,,,,,,,,0.8331386053375969,0.0,0.13340917476325176,0.012513835936539172,0.020938383962612224
2021-04-18,30200,32215.0,25248.0,288230972.67628986,0.0,0.0,5377.0,135280925.89361915,529.0,9993829.83080709,1061.0,24144573.798512813,25248.0,2473.0,910.0,528.0,1914.0,2.0,32.0,,1.0,1.0,3.0,,1.0,41.0,,,,,,,,,,,,,,,,,,,,,,,,0.7837342852708366,0.0,0.16690982461586218,0.01642092193077759,0.03293496818252367
2021-04-19,27819,29280.0,23979.0,220073860.89197084,0.0,0.0,4114.0,61712323.45422495,380.0,5895985.544837138,807.0,20057477.882345885,23979.0,1779.0,691.0,380.0,1575.0,,41.0,,,,3.0,,,25.0,,,,,,,,,,,,,,,,,,,,,,,,0.8189549180327869,0.0,0.1405054644808743,0.012978142076502733,0.027561475409836066
2021-04-20,29323,30676.0,25543.0,271856429.37573963,0.0,0.0,3870.0,53702337.96722561,417.0,7482066.91291938,846.0,20727561.0118249,25543.0,1607.0,637.0,417.0,1558.0,1.0,38.0,,,1.0,,,1.0,27.0,,,,,,,,,,,,,,,,,,,,,,,,0.8326704915895162,0.0,0.1261572564871561,0.013593688877298213,0.02757856304602947
2021-04-21,32097,34032.0,24623.0,218451537.26852468,0.0,0.0,8137.0,93558754.48248637,416.0,3192310.8515439043,856.0,14559391.48041928,24623.0,2024.0,752.0,415.0,5309.0,1.0,24.0,2.0,,,3.0,1.0,,22.0,,,,,,,,,,,,,,,,,,,,,,,,0.7235249177244946,0.0,0.23909849553361542,0.012223789374706159,0.025152797367183826
2021-04-22,33837,36282.0,24824.0,256861774.18984988,0.0,0.0,9349.0,124518297.04028088,553.0,8905419.895163633,1556.0,38027632.78013804,24824.0,2102.0,1137.0,553.0,6043.0,,35.0,,,,,,1.0,31.0,,,,,,,,,,,,,,,,,,,,,,,,0.684196020065046,0.0,0.2576759825808941,0.01524171765613803,0.04288627969792184
2021-04-23,33795,36169.0,27781.0,267410116.66437516,0.0,0.0,6313.0,106651573.4356398,653.0,7245064.6087484555,1422.0,23571002.36120974,27781.0,2223.0,1197.0,653.0,2762.0,1.0,37.0,1.0,,,3.0,,3.0,86.0,,,,,,,,,,,,,,,,,,,,,,,,0.7680886947385883,0.0,0.17454173463463188,0.018054134756283004,0.03931543587049684
2021-04-24,28521,30303.0,23990.0,139113339.88605025,0.0,0.0,4691.0,39406046.27558601,525.0,2322775.021258994,1097.0,11720639.094501905,23990.0,1819.0,955.0,525.0,1830.0,1.0,37.0,1.0,,2.0,5.0,,1.0,40.0,,,,,,,,,,,,,,,,,,,,,,,,0.7916707916707917,0.0,0.1548031548031548,0.017325017325017324,0.0362010362010362
2021-04-25,30164,32186.0,25072.0,140054965.18527678,0.0,0.0,5326.0,38471834.71914622,551.0,2896553.4049997544,1237.0,12573720.249957962,25072.0,2263.0,1098.0,551.0,1864.0,3.0,50.0,6.0,,1.0,2.0,,4.0,34.0,,,,1.0,,,,,,,,,,,,,,,,,,,,0.7789722239483005,0.0,0.16547567265270616,0.017119244391971666,0.03843285900702169
2021-04-26,32190,34410.0,26903.0,192171908.2570635,0.0,0.0,5370.0,50138870.90432967,645.0,10499038.075100152,1492.0,21348699.918378346,26902.0,2350.0,1058.0,645.0,1871.0,6.0,34.0,3.0,,2.0,3.0,,6.0,34.0,1.0,,1.0,2.0,,,,,,,,,,,,,,,,,,,,0.7818366753850625,0.0,0.15605928509154315,0.018744551002615517,0.043359488520778845
2021-04-27,32619,34645.0,27994.0,188161077.42733505,0.0,0.0,4778.0,46050427.73053897,481.0,6865438.96664898,1392.0,29873637.356195215,27993.0,2210.0,906.0,480.0,1598.0,2.0,26.0,4.0,,,4.0,1.0,3.0,24.0,1.0,,,1.0,,,,,,,,,,,,,,,,,,,,0.8080242459229326,0.0,0.13791311877615817,0.013883677298311446,0.04017895800259778
2021-04-28,32089,33961.0,27582.0,190606609.87534684,2.0,33733.89689594452,4559.0,38066462.79574022,501.0,14115491.105529912,1317.0,17317397.25930442,27582.0,2102.0,867.0,498.0,1523.0,2.0,32.0,1.0,1.0,,6.0,2.0,2.0,23.0,,2.0,,1.0,,,,,,,,,,,,,,,,,,,,0.8121668973234004,5.889108094579076e-05,0.13424221901593003,0.014752215776920586,0.038779776802803215
2021-04-29,33287,35285.0,27595.0,179543812.0939842,1.0,2544.595452868368,5999.0,36967094.78584399,462.0,5562200.868900203,1228.0,16432019.408431191,27595.0,3335.0,938.0,461.0,1674.0,3.0,17.0,1.0,,,1.0,1.0,1.0,29.0,,1.0,,,,,,,,,,,,,,,,,,,,,,0.7820603655944453,2.8340654669122857e-05,0.17001558736006803,0.01309338245713476,0.03480232393368287
2021-04-30,36791,39219.0,30336.0,175164047.6523182,0.0,0.0,5970.0,36779080.90660655,523.0,5099178.029620198,2390.0,25037545.061202466,30336.0,2853.0,1265.0,521.0,1801.0,1.0,22.0,,,1.0,4.0,2.0,,20.0,,,,3.0,,,,,,,,,,,,,,,,,,,,0.7735026390270022,0.0,0.15222213722940411,0.013335373160967898,0.06093985058262577
2021-05-01,35549,37711.0,30569.0,193682928.27068877,0.0,0.0,5058.0,46841106.86448529,496.0,5486110.619957642,1588.0,15928527.145243054,30567.0,2361.0,880.0,496.0,1749.0,2.0,29.0,3.0,,,1.0,,4.0,18.0,2.0,,,11.0,,,,,,,,,,,,,,,,,,,,0.8106122881917743,0.0,0.1341253215242237,0.013152661027286468,0.04210972925671555
2021-05-02,43775,46058.0,38892.0,239490570.8614893,0.0,0.0,5080.0,29515991.661986776,582.0,3590468.4315121667,1504.0,18703079.402101852,38889.0,2492.0,953.0,580.0,1591.0,2.0,15.0,2.0,1.0,,1.0,1.0,,24.0,3.0,,,,,,,,,,,,,,,,,,,,,,,0.8444135655043641,0.0,0.11029571409961353,0.012636241261018715,0.03265447913500369
2021-05-03,36059,38216.0,30550.0,275725773.69794154,0.0,0.0,5359.0,65073120.668123625,504.0,20730346.290995162,1803.0,25001802.03214669,30548.0,2423.0,1141.0,504.0,1697.0,3.0,33.0,1.0,,1.0,2.0,,3.0,48.0,2.0,,,7.0,,,,,,,,,,,,,,,,,,,,0.7994033912497384,0.0,0.14022922336194263,0.013188193426836928,0.047179191961482105
2021-05-04,37182,39537.0,31310.0,283521975.9419128,1.0,3549.2577267725533,5681.0,91294619.68525013,563.0,13341433.969388349,1982.0,38153250.76561384,31307.0,2386.0,1188.0,561.0,1963.0,1.0,54.0,2.0,2.0,,,,2.0,61.0,3.0,1.0,,24.0,,,,,,,,,,,,,,,,,,,,0.791916432708602,2.5292763740293902e-05,0.14368819080860964,0.014239825985785467,0.05013025773326251
2021-05-05,35839,38041.0,29202.0,220403823.86150023,0.0,0.0,6551.0,69394400.32944195,525.0,11005564.998065053,1763.0,25481221.102925707,29202.0,2959.0,1043.0,523.0,2443.0,1.0,39.0,,,,4.0,2.0,2.0,44.0,,,,16.0,,,,,,,,,,,,,,,,,,,,0.7676454351883494,0.0,0.17220893246760074,0.013800899029993954,0.046344733314055885
2021-05-06,31462,33081.0,25522.0,211048980.68378657,0.0,0.0,5699.0,74308418.79837644,426.0,6902392.718287755,1434.0,22543852.237320468,25522.0,2509.0,1239.0,424.0,1877.0,2.0,24.0,1.0,1.0,,2.0,1.0,2.0,32.0,,,,11.0,,,,,,,,,,,,,,,,,,,,0.7715002569450742,0.0,0.1722741150509356,0.01287748254284937,0.04334814546114084
2021-05-07,32717,34312.0,26050.0,226983468.06793118,0.0,0.0,6351.0,91097838.93769795,558.0,11996354.089288278,1353.0,25282655.037733544,26045.0,2606.0,1193.0,558.0,2506.0,2.0,19.0,1.0,,,,,5.0,17.0,5.0,,,2.0,,,,,,,,,,,,,,,,,,,,0.7592096059687573,0.0,0.1850955933784099,0.016262532058754955,0.03943226859407788
2021-05-08,30294,31735.0,25669.0,419410197.26738334,0.0,0.0,4830.0,134567375.36323422,447.0,10869181.95370478,789.0,22441368.709876176,25669.0,1781.0,1209.0,447.0,1800.0,1.0,22.0,,,,,,,7.0,,,,10.0,,,,,,,,,,,,,,,,,,,,0.8088545769654956,0.0,0.1521978887663463,0.01408539467464944,0.024862139593508744
2021-05-09,31038,32500.0,26090.0,320678223.8602944,0.0,0.0,5102.0,114590165.67803979,358.0,12190059.746536497,950.0,23681110.45753978,26090.0,2173.0,1009.0,358.0,1867.0,2.0,19.0,,,,,,,9.0,,,,23.0,,,,,,,,,,,,,,,,,,,,0.8027692307692308,0.0,0.1569846153846154,0.011015384615384616,0.02923076923076923
2021-05-10,29798,31171.0,25534.0,489686944.0366212,0.0,0.0,4644.0,230813426.18786803,347.0,26514555.064824507,646.0,33612762.01485535,25533.0,2006.0,897.0,347.0,1679.0,,19.0,,,,1.0,,1.0,6.0,1.0,,,35.0,,,,,,,,,,,,,,,,,,,,0.8191588335311668,0.0,0.1489846331526098,0.011132142055115332,0.02072439126110808
2021-05-11,31448,32818.0,24414.0,370432339.7309161,0.0,0.0,7703.0,155438607.53690052,258.0,5464451.339092798,443.0,35580133.852753095,24414.0,1394.0,657.0,258.0,5615.0,,9.0,,,,,,,5.0,,,,23.0,,,,,,,,,,,,,,,,,,,,0.7439210189530135,0.0,0.2347187519044427,0.007861539399110244,0.013498689743433481
2021-05-12,32594,34404.0,25408.0,581649181.6301405,0.0,0.0,7739.0,256716599.13363388,494.0,70744349.75712673,763.0,50474283.634838186,25407.0,2702.0,805.0,494.0,4181.0,2.0,18.0,1.0,,,,,1.0,8.0,1.0,,,21.0,,,,,,,,,,,,,,,,,,,,0.7385187768864085,0.0,0.22494477386350425,0.01435879548889664,0.02217765376119056
2021-05-13,30211,32169.0,23400.0,436679221.705276,0.0,0.0,6942.0,377947025.11108196,643.0,45245071.76003594,1184.0,41157884.11666803,23400.0,2932.0,1165.0,643.0,2745.0,1.0,33.0,2.0,,,2.0,,,32.0,,,,30.0,,,,,,,,,,,,,,,,,,,,0.7274083745220554,0.0,0.21579781777487644,0.01998818738537101,0.036805620317697164
2021-05-14,32046,33692.0,25223.0,384534640.4343871,0.0,0.0,7124.0,208462721.96211928,484.0,59697874.69365151,861.0,35527363.24334906,25223.0,2641.0,781.0,484.0,3664.0,3.0,14.0,1.0,,,,,,7.0,,,,13.0,,,,,,,,,,,,,,,,,,,,0.7486346907277692,0.0,0.21144485337765642,0.014365427994776208,0.02555502789979817
2021-05-15,36177,38225.0,28412.0,284279846.11699766,0.0,0.0,8305.0,240850257.99781513,503.0,33609878.440102845,1005.0,30256209.305023234,28408.0,3835.0,936.0,502.0,3480.0,,11.0,1.0,,,,1.0,1.0,29.0,4.0,,,12.0,,,,,,,,,,,,,,,,,,,,0.7432831916285154,0.0,0.21726618705035972,0.01315892740353172,0.026291693917593197
2021-05-16,37166,39083.0,30111.0,364444289.2379403,0.0,0.0,7250.0,357336772.24608546,604.0,20394601.15029115,1118.0,37842253.43985463,30110.0,3108.0,1127.0,604.0,2933.0,1.0,21.0,2.0,,,3.0,,1.0,27.0,1.0,,1.0,26.0,,,,,,,,,,,,,,,,,,,,0.7704372745183328,0.0,0.18550264821021928,0.015454289588823786,0.02860578768262416
2021-05-17,35296,37399.0,27883.0,374246504.6511692,0.0,0.0,7582.0,387815293.1402642,673.0,18162203.154390834,1261.0,46198037.933243014,27883.0,2947.0,1316.0,673.0,3207.0,2.0,37.0,4.0,,,3.0,,6.0,44.0,,,,16.0,,,,,,,,,,,,,,,,,,,,0.7455546939757748,0.0,0.20273269338752373,0.01799513355972085,0.033717479076980666
2021-05-18,36098,37905.0,28794.0,309561172.18942875,0.0,0.0,7352.0,359071222.3526915,583.0,22458328.44723606,1176.0,28548150.581091374,28794.0,3659.0,964.0,583.0,2666.0,5.0,19.0,3.0,,2.0,1.0,,1.0,28.0,,,,4.0,,,,,,,,,,,,,,,,,,,,0.7596359319351009,0.0,0.19395858066218177,0.015380556654794882,0.03102493074792244
2021-05-19,34141,37057.0,26260.0,840601405.3689843,0.0,0.0,8321.0,1107858936.9021356,975.0,43785816.30981774,1501.0,96993910.55526929,26260.0,3443.0,1820.0,975.0,2917.0,2.0,70.0,4.0,,3.0,,,5.0,32.0,,,1.0,24.0,,,,,,,,,,,,,,,,,,,,0.7086380440942333,0.0,0.22454596972231966,0.026310818468845292,0.04050516771460183
2021-05-20,32182,34333.0,24817.0,395403242.759731,0.0,0.0,7208.0,563732965.8154703,977.0,49612510.44776983,1331.0,55808789.915132724,24817.0,2948.0,1447.0,977.0,2683.0,5.0,57.0,4.0,,2.0,3.0,,7.0,41.0,,,,11.0,,,,,,,,,,,,,,,,,,,,0.7228322605073836,0.0,0.20994378586199866,0.028456586957154924,0.03876736667346285
2021-05-21,34400,36581.0,27498.0,361884766.674624,0.0,0.0,6723.0,473502023.9431053,843.0,16040126.87822248,1517.0,52580213.14566529,27498.0,2777.0,1321.0,843.0,2506.0,1.0,44.0,1.0,,3.0,3.0,,3.0,57.0,,,,7.0,,,,,,,,,,,,,,,,,,,,0.7517017030698997,0.0,0.18378393154916486,0.02304475000683415,0.04146961537410131
2021-05-22,32492,34587.0,25419.0,244686703.9789629,0.0,0.0,6652.0,320996025.56866074,756.0,15995615.279852556,1760.0,45113333.44600212,25419.0,2520.0,1280.0,755.0,2710.0,1.0,41.0,4.0,1.0,6.0,3.0,,2.0,77.0,,,,8.0,,,,,,,,,,,,,,,,,,,,0.7349293086998006,0.0,0.1923265966981814,0.02185792349726776,0.05088617110475034
2021-05-23,37962,41054.0,29781.0,465170666.871423,2.0,7410.563995436221,8162.0,653727498.5397142,1189.0,34112620.5471559,1920.0,54772918.39635414,29781.0,3160.0,1884.0,1188.0,2964.0,2.0,45.0,4.0,,2.0,3.0,1.0,8.0,77.0,,2.0,,13.0,,,,,,,,,,,,,,,,,,,,0.7254104350367808,4.8716324840454034e-05,0.19881132167389293,0.028961855117649926,0.046767671846835876
2021-05-24,35213,37840.0,27265.0,346202456.78769654,0.0,0.0,7641.0,419355751.0237704,921.0,15075124.047664009,2013.0,56702229.37044119,27265.0,2822.0,1781.0,920.0,2870.0,3.0,53.0,1.0,,2.0,2.0,1.0,7.0,91.0,,,,9.0,,,,,,,,,,,,,,,,,,,,0.7205338266384778,0.0,0.20192917547568712,0.024339323467230445,0.05319767441860465
2021-05-25,34544,36718.0,26820.0,225544946.21969715,0.0,0.0,7173.0,329687996.42778146,952.0,31815328.45509992,1773.0,43236849.87570738,26820.0,2573.0,1511.0,951.0,2956.0,3.0,37.0,6.0,1.0,1.0,2.0,,5.0,76.0,,,,3.0,,,,,,,,,,,,,,,,,,,,0.7304319407375129,0.0,0.19535377743885832,0.02592733809030993,0.04828694373331881
2021-05-26,35267,37437.0,27928.0,255308934.26161,1.0,16458.77574249705,6961.0,302673260.0080882,937.0,83260437.5901765,1610.0,46095066.544591226,27927.0,2772.0,1323.0,937.0,2785.0,,36.0,1.0,,1.0,2.0,,8.0,32.0,1.0,1.0,,1.0,,,,,,,,,,,,,,,,,,,,0.7459999465769159,2.671154205732297e-05,0.1859390442610252,0.02502871490771162,0.04300558271228998
2021-05-27,33897,35753.0,27105.0,186815350.63831738,0.0,0.0,6597.0,228735652.4556459,568.0,8716167.64297518,1483.0,37446243.490161374,27105.0,2354.0,1439.0,568.0,2753.0,,15.0,,,,,,6.0,29.0,,,,1.0,,,,,,,,,,,,,,,,,,,,0.7581181998713394,0.0,0.18451598467261487,0.015886778731854668,0.041479036724190975
2021-05-28,38217,40088.0,31689.0,236456184.03491935,1.0,155.6535882341265,6335.0,333269144.62993234,694.0,12052360.49666943,1369.0,32826722.48340742,31689.0,2431.0,1464.0,694.0,2380.0,1.0,17.0,4.0,,4.0,,,1.0,28.0,,1.0,,3.0,2.0,,,,,,,,,,,,,,,,,,,0.7904859309519058,2.4945120734384356e-05,0.1580273398523249,0.017311913789662743,0.03414987028537218
2021-05-29,36417,38162.0,30059.0,178287398.664706,0.0,0.0,6156.0,221101071.11336395,654.0,20208696.413021203,1293.0,28195483.101605944,30059.0,2062.0,1470.0,650.0,2521.0,,30.0,4.0,3.0,2.0,3.0,1.0,2.0,59.0,,,,2.0,1.0,,,,,,,,,,,,,,,,,,,0.7876683611970022,0.0,0.16131230019391019,0.01713746658980137,0.0338818720192862
2021-05-30,38329,39956.0,32136.0,181708367.64460135,0.0,0.0,6017.0,411828546.86108786,520.0,2939011.396073272,1283.0,26420093.266394757,32136.0,1918.0,1384.0,519.0,2634.0,1.0,38.0,,,2.0,,1.0,10.0,28.0,,,,1.0,1.0,,,,,,,,,,,,,,,,,,,0.804284713184503,0.0,0.15059064971468616,0.013014315747322053,0.03211032135348884
2021-05-31,36162,37745.0,29650.0,157082581.63838124,0.0,0.0,6144.0,174609472.79416692,574.0,5651186.00211318,1377.0,46267790.55477187,29649.0,1961.0,1394.0,573.0,2714.0,,41.0,2.0,1.0,1.0,2.0,,5.0,24.0,1.0,,,,,,,,,,,,,,,,,,,,,,,0.7855345078818387,0.0,0.16277652669227713,0.015207312226785005,0.03648165319909922
2021-06-01,33443,34796.0,27811.0,137289097.48405188,0.0,0.0,5402.0,151388693.33136186,497.0,3948560.5738877077,1086.0,24896194.076621335,27811.0,1814.0,1256.0,497.0,2272.0,,20.0,4.0,,,1.0,,2.0,28.0,,,,3.0,2.0,,,,,,,,,,,,,,,,,,,0.7992585354638464,0.0,0.15524772962409472,0.014283250948384871,0.031210483963673985
2021-06-02,35390,36868.0,29371.0,173897944.58353716,0.0,0.0,5758.0,135842079.6992342,723.0,9833422.77249266,1016.0,20224472.87545204,29370.0,2390.0,1141.0,723.0,2167.0,5.0,14.0,3.0,,,3.0,,3.0,30.0,1.0,,,2.0,,,,,,,,,,,,,,,,,,,,0.7966529239448844,0.0,0.15617880004339807,0.019610502332646197,0.027557773679071283
2021-06-03,38758,40328.0,31786.0,165786457.14602816,0.0,0.0,6853.0,143913681.744933,635.0,7411373.780253631,1054.0,23253716.046928756,31786.0,2448.0,1206.0,635.0,3149.0,,13.0,3.0,,2.0,1.0,,1.0,28.0,,,,2.0,,,,,,,,,,,,,,,,,,,,0.7881868676849831,0.0,0.16993156119817496,0.015745883753223566,0.02613568736361833
2021-06-04,37053,38950.0,30598.0,194154344.29685733,0.0,0.0,6537.0,222223015.0572182,635.0,7094881.135512264,1180.0,25829430.29607225,30596.0,2571.0,1256.0,635.0,2643.0,1.0,21.0,5.0,,2.0,3.0,,3.0,29.0,2.0,,,1.0,2.0,,,,,,,,,,,,,,,,,,,0.7855712451861361,0.0,0.16783055198973043,0.016302952503209244,0.030295250320924262
2021-06-05,36379,38244.0,29402.0,140401532.27510107,0.0,0.0,7175.0,169885377.7846396,537.0,8870286.63777006,1130.0,18021937.317919835,29402.0,3462.0,1208.0,535.0,2459.0,,15.0,6.0,2.0,,6.0,,2.0,16.0,,,,,1.0,,,,,,,,,,,,,,,,,,,0.7688003346930238,0.0,0.18761112854303943,0.014041418261688109,0.02954711850224872
2021-06-06,33007,34632.0,27429.0,93321022.37880962,0.0,0.0,5657.0,76573376.3701601,507.0,5057361.398905393,1039.0,12483407.62966094,27428.0,2472.0,1043.0,507.0,2092.0,2.0,13.0,2.0,,,3.0,,1.0,23.0,1.0,,,4.0,2.0,,,,,,,,,,,,,,,,,,,0.792013167013167,0.0,0.16334603834603834,0.01463963963963964,0.030001155001155
2021-06-07,40250,42249.0,32996.0,182639690.635996,0.0,0.0,7275.0,160631787.3680495,649.0,17156428.928977326,1329.0,21950818.584195677,32996.0,2946.0,1428.0,649.0,2836.0,1.0,25.0,5.0,,2.0,5.0,,4.0,20.0,,,,3.0,,,,,,,,,,,,,,,,,,,,0.7809888991455419,0.0,0.17219342469644253,0.015361310326871642,0.03145636583114393
2021-06-08,41278,43766.0,32909.0,247292747.09116644,0.0,0.0,8368.0,233314782.05565262,831.0,40693502.03202833,1658.0,34645205.983358316,32909.0,3481.0,1620.0,831.0,3184.0,3.0,34.0,4.0,,1.0,3.0,,2.0,33.0,,,,3.0,,,,,,,,,,,,,,,,,,,,0.7519307224786363,0.0,0.19119864735182562,0.0189873417721519,0.0378832883973861
2021-06-09,37698,39805.0,30592.0,186634433.46532542,0.0,0.0,6949.0,181931600.5090459,877.0,30166670.70865689,1387.0,22672410.56095404,30592.0,3176.0,1310.0,877.0,2406.0,2.0,28.0,4.0,,1.0,1.0,,1.0,15.0,,,,5.0,,,,,,,,,,,,,,,,,,,,0.7685466649918352,0.0,0.17457605828413517,0.022032407988946113,0.03484486873508353
2021-06-10,37728,40021.0,30997.0,174552630.58122304,0.0,0.0,6787.0,175502503.5331096,682.0,15656075.252319854,1555.0,19460111.74294041,30994.0,3225.0,1054.0,679.0,2431.0,1.0,21.0,5.0,,1.0,4.0,3.0,3.0,36.0,3.0,,,3.0,3.0,,,,,,,,,,,,,,,,,,,0.7745183778516279,0.0,0.16958596736713225,0.017041053446940357,0.03885460133429949
2021-06-11,38047,40497.0,31125.0,195096140.31359428,0.0,0.0,6829.0,166897812.32941738,889.0,24265795.053139392,1654.0,28393818.035840843,31123.0,3144.0,1162.0,885.0,2450.0,,26.0,4.0,2.0,6.0,1.0,2.0,4.0,28.0,2.0,,,3.0,1.0,,,,,,,,,,,,,,,,,,,0.7685754500333358,0.0,0.16862977504506507,0.021952243376052546,0.04084253154554658
2021-06-12,36577,38988.0,29229.0,170305240.13738385,0.0,0.0,6615.0,123569502.1010519,1195.0,17868481.38084119,1949.0,16968029.00956622,29229.0,3302.0,1215.0,1191.0,2022.0,1.0,28.0,3.0,4.0,6.0,2.0,,3.0,32.0,,,,,1.0,,,,,,,,,,,,,,,,,,,0.7496922129886119,0.0,0.16966759002770082,0.03065045655073356,0.049989740432953726
2021-06-13,33145,35340.0,26844.0,145228513.7455104,0.0,0.0,5871.0,129390021.60050826,1082.0,22487496.262773804,1543.0,18666254.484156594,26844.0,2798.0,1167.0,1081.0,1836.0,3.0,19.0,3.0,,1.0,2.0,1.0,2.0,37.0,,,,1.0,2.0,,,,,,,,,,,,,,,,,,,0.7595925297113753,0.0,0.16612903225806452,0.030616864742501415,0.04366157328805886
2021-06-14,36580,38685.0,29588.0,137961379.95764384,0.0,0.0,6803.0,120803808.8816775,769.0,10354986.63335752,1525.0,20511769.599432316,29585.0,3056.0,1265.0,768.0,2423.0,2.0,26.0,2.0,,6.0,3.0,1.0,,19.0,3.0,,,1.0,,,,,,,,,,,,,,,,,,,,0.7648442548791521,0.0,0.17585627504200593,0.019878505880832363,0.03942096419800956
2021-06-15,37891,39862.0,30873.0,159234580.775185,0.0,0.0,6785.0,118691449.41994487,740.0,9966910.690697199,1464.0,19076734.827044282,30873.0,3131.0,1245.0,739.0,2334.0,1.0,29.0,10.0,1.0,1.0,2.0,,3.0,22.0,,,1.0,3.0,3.0,,,,,,,,,,,,,,,,,,,0.7744970147007175,0.0,0.17021223220109377,0.018564045958557023,0.03672670713963173
2021-06-16,35658,37906.0,28166.0,137891733.15769002,0.0,0.0,7339.0,116941822.46063088,786.0,9701753.143821351,1615.0,18268490.867279142,28166.0,3049.0,1188.0,786.0,3041.0,,14.0,6.0,,3.0,3.0,,2.0,29.0,,,,2.0,1.0,1.0,,,,,,,,,,,,,,,,,,0.7430485938901493,0.0,0.19361051020946551,0.020735503614203555,0.042605392286181605
2021-06-17,37491,39741.0,27459.0,136227761.7082414,0.0,0.0,9946.0,150573028.58496508,779.0,8167140.220973589,1557.0,18854690.133137155,27459.0,3470.0,1154.0,776.0,5254.0,1.0,16.0,4.0,1.0,8.0,1.0,2.0,6.0,29.0,,,,2.0,1.0,,,,,,,,,,,,,,,,,,,0.6909488940892278,0.0,0.2502705014971943,0.019601922447849827,0.03917868196572809
2021-06-18,34898,37320.0,26031.0,161057104.45703077,0.0,0.0,8818.0,173302071.89235476,862.0,10707884.05714052,1609.0,19371785.215394802,26029.0,3219.0,1272.0,862.0,4248.0,,25.0,8.0,,4.0,2.0,,4.0,28.0,2.0,,3.0,2.0,3.0,,,,,,,,,,,,,,,,,,,0.697508038585209,0.0,0.23628081457663452,0.02309753483386924,0.04311361200428725
2021-06-19,36149,38109.0,29122.0,109381015.57559763,0.0,0.0,6924.0,109140583.67672503,744.0,7405105.570044252,1319.0,12398511.481178336,29121.0,2629.0,1093.0,744.0,3138.0,3.0,17.0,3.0,,4.0,,,9.0,25.0,1.0,,1.0,2.0,,,,,,,,,,,,,,,,,,,,0.7641764412605946,0.0,0.18168936471699598,0.019522947335275133,0.03461124668713427
2021-06-20,35178,37471.0,27999.0,151621118.3984362,0.0,0.0,6950.0,173194282.23975414,841.0,10451998.671126476,1681.0,15490004.227838367,27995.0,2853.0,1201.0,839.0,2803.0,,22.0,9.0,2.0,2.0,3.0,,8.0,39.0,4.0,,3.0,4.0,3.0,,,,,,,,,,,,,,,,,,,0.747217848469483,0.0,0.18547676870112886,0.022444023378079048,0.044861359451309014
2021-06-21,39398,42505.0,28697.0,206335852.12053707,0.0,0.0,11069.0,345629963.19729394,1161.0,30323048.650751848,1578.0,16488509.875630476,28697.0,3555.0,2063.0,1161.0,5330.0,1.0,60.0,10.0,,4.0,3.0,,4.0,30.0,,,3.0,1.0,4.0,1.0,,,,,,,,,,,,,,,,,,0.675144100694036,0.0,0.26041642159745915,0.027314433596047523,0.03712504411245736
2021-06-22,39787,42459.0,31045.0,225546231.71807685,0.0,0.0,8500.0,230333775.90875956,1257.0,31107164.577862117,1657.0,34589893.73268953,31044.0,3454.0,1723.0,1257.0,3213.0,2.0,40.0,10.0,,9.0,3.0,,7.0,29.0,1.0,,3.0,4.0,3.0,,,,,,,,,,,,,,,,,,,0.7311759579829954,0.0,0.20019312748769402,0.029605030735533104,0.03902588379377753
2021-06-23,32929,35403.0,24970.0,135060209.0926012,0.0,0.0,7688.0,115302059.85282251,1071.0,17306420.77271175,1674.0,21713929.68463847,24970.0,2940.0,1346.0,1070.0,3311.0,3.0,26.0,7.0,,15.0,3.0,1.0,4.0,26.0,,,1.0,6.0,,,,,,,,,,,,,,,,,,,,0.7053074598197893,0.0,0.21715673812953704,0.030251673586984155,0.04728412846368952
2021-06-24,32215,34351.0,24856.0,113462377.62099378,0.0,0.0,7113.0,95525609.83248137,967.0,22497673.708674178,1415.0,16609263.963526737,24855.0,2569.0,1175.0,965.0,3282.0,,60.0,2.0,,2.0,2.0,2.0,,16.0,1.0,,2.0,3.0,,,,,,,,,,,,,,,,,,,,0.7235888329306279,0.0,0.20706820762132105,0.028150563302378386,0.04119239614567261
2021-06-25,34471,36820.0,26075.0,121170661.6717476,0.0,0.0,8184.0,121766171.48690261,1123.0,21440979.69453832,1438.0,19093556.484497868,26075.0,3449.0,1359.0,1121.0,3268.0,1.0,40.0,5.0,1.0,16.0,6.0,1.0,1.0,33.0,,,1.0,3.0,,2.0,,,,,,,,,,,,,,,,,,0.7081749049429658,0.0,0.222270505160239,0.030499728408473654,0.03905486148832157
2021-06-26,30170,32420.0,22875.0,97970211.7531128,0.0,0.0,7139.0,97834819.51649879,880.0,16325287.192342771,1526.0,12004306.171855446,22874.0,2902.0,1369.0,880.0,2765.0,2.0,35.0,5.0,,9.0,4.0,,3.0,42.0,1.0,,,2.0,1.0,,,,,,,,,,,,,,,,,,,0.7055829734731647,0.0,0.220203578038248,0.027143738433066007,0.04706971005552128
2021-06-27,27139,29059.0,20562.0,102117448.32062255,0.0,0.0,6329.0,108979620.28618631,824.0,16388536.030267889,1344.0,15636129.386975314,20560.0,2462.0,1172.0,824.0,2625.0,,25.0,4.0,,1.0,1.0,,7.0,31.0,2.0,,,1.0,,,,,,,,,,,,,,,,,,,,0.7075948931484222,0.0,0.21779827248012665,0.028356103100588458,0.046250731270862724
2021-06-28,31582,33709.0,24642.0,137040677.84544918,0.0,0.0,6741.0,131203678.90177637,953.0,18000063.995871224,1373.0,16656086.406974006,24642.0,2513.0,1503.0,949.0,2642.0,3.0,34.0,5.0,2.0,16.0,1.0,2.0,4.0,18.0,,,,1.0,1.0,,,,,,,,,,,,,,,,,,,0.7310213889465721,0.0,0.199976267465662,0.02827138153015515,0.040730962057610724
2021-06-29,32120,34174.0,24862.0,112353446.56568721,0.0,0.0,6804.0,99193687.6485557,1032.0,14943402.817989537,1476.0,19241223.59002906,24861.0,2822.0,1494.0,1032.0,2390.0,1.0,35.0,3.0,,12.0,,,2.0,44.0,1.0,,,,1.0,,,,,,,,,,,,,,,,,,,0.7275121437350032,0.0,0.19909873002867678,0.030198396441739335,0.043190729794580676
2021-06-30,30520,32383.0,23890.0,126899432.54650801,0.0,0.0,6417.0,121453428.5007157,945.0,24372450.1014728,1131.0,14241967.55681247,23890.0,2292.0,1650.0,944.0,2392.0,,25.0,8.0,1.0,7.0,2.0,,1.0,34.0,,,,6.0,,,,,,,,,,,,,,,,,,,,0.7377327610165828,0.0,0.1981595281474848,0.02918197819843745,0.03492573263749498
2021-07-01,35734,37606.0,28185.0,101395853.15017194,0.0,0.0,7367.0,104077183.91414244,804.0,12162943.958076337,1250.0,14931275.236804241,28184.0,3167.0,1670.0,803.0,2433.0,2.0,20.0,4.0,1.0,13.0,2.0,,3.0,50.0,1.0,,,1.0,2.0,,,,,,,,,,,,,,,,,,,0.7494814657235548,0.0,0.19589959049087913,0.02137956709035792,0.03323937669520821
2021-07-02,34033,36022.0,25740.0,86468613.09716526,1.0,6000.0,8140.0,77098173.18624917,802.0,11781407.202168388,1339.0,10613229.599416222,25739.0,4019.0,1471.0,802.0,2573.0,,25.0,4.0,,4.0,1.0,,2.0,39.0,1.0,1.0,,1.0,1.0,,,,,,,,,,,,,,,,,,,0.7145633224140803,2.7760812836599856e-05,0.22597301648992282,0.022264171894953083,0.037171728388207204
2021-07-03,36339,38231.0,27265.0,119346350.92997663,1.0,1143.23255880367,8864.0,91923020.04146813,730.0,9758982.112064421,1371.0,18676868.893372748,27265.0,3710.0,1685.0,730.0,3405.0,,14.0,1.0,,5.0,2.0,,,40.0,,1.0,,1.0,1.0,,,,,,,,,,,,,,,,,,,0.7131647092673485,2.615678376186864e-05,0.23185373126520364,0.019094452146164106,0.035860950537521905
2021-07-04,38086,40335.0,26626.0,104518669.57744282,0.0,0.0,11296.0,120908884.51887748,743.0,9731796.608106878,1670.0,24862744.665147413,26625.0,7120.0,1469.0,743.0,2625.0,3.0,12.0,5.0,,3.0,4.0,,1.0,54.0,1.0,,,,,,,,,,,,,,,,,,,,,,,0.6601214825833643,0.0,0.2800545432006942,0.01842072641626379,0.041403247799677696
2021-07-05,33307,35545.0,24879.0,99023367.55102734,0.0,0.0,8051.0,140567397.2929169,855.0,9543294.546487046,1760.0,16300848.694607828,24879.0,4418.0,1314.0,854.0,2237.0,1.0,27.0,13.0,1.0,1.0,1.0,,3.0,32.0,,,,3.0,1.0,,,,,,,,,,,,,,,,,,,0.6999296666197777,0.0,0.22650161766774513,0.024054016036010692,0.04951469967646645
2021-07-06,24034,25582.0,17960.0,150502948.2497254,0.0,0.0,5750.0,108374325.98533437,627.0,15196897.0482925,1245.0,27202942.969020925,17959.0,2695.0,1073.0,627.0,1923.0,,19.0,1.0,,,,,3.0,36.0,1.0,,,,,,,,,,,,,,,,,,,,,,,0.7020561332186693,0.0,0.22476741458838245,0.02450942068642014,0.04866703150652803
2021-07-07,23843,25225.0,18462.0,115434129.35255082,0.0,0.0,5135.0,108691509.9435831,497.0,3623515.566051694,1131.0,21888983.387052745,18462.0,2273.0,984.0,497.0,1826.0,,6.0,4.0,,,1.0,,1.0,40.0,,,,,,,,,,,,,,,,,,,,,,,,0.7318929633300297,0.0,0.20356788899900893,0.019702675916749256,0.04483647175421209
2021-07-08,24321,25848.0,18013.0,101600355.03889026,0.0,0.0,5974.0,151635836.74174574,682.0,15962880.847384633,1179.0,15050368.538897583,18011.0,2764.0,1155.0,682.0,1970.0,,12.0,5.0,,2.0,,,5.0,60.0,2.0,,,,1.0,,,,,,,,,,,,,,,,,,,0.696881770349737,0.0,0.2311203961621789,0.026385020117610646,0.045612813370473536
2021-07-09,24996,26690.0,17605.0,78374538.81968255,1.0,15325.539049701105,6917.0,76112143.69955894,637.0,10373781.051595367,1530.0,24451275.110221826,17603.0,3323.0,1049.0,636.0,2471.0,1.0,15.0,2.0,1.0,5.0,3.0,,2.0,45.0,2.0,1.0,,,1.0,,,,,,,,,,,,,,,,,,,0.6596103409516673,3.746721618583739e-05,0.25916073435743725,0.02386661671037842,0.05732484076433121
2021-07-10,27810,29761.0,19822.0,104036560.79466014,0.0,0.0,7825.0,140676829.98525634,618.0,20561587.637674928,1496.0,16556073.279835435,19822.0,4383.0,1053.0,618.0,2325.0,,15.0,2.0,,,1.0,,1.0,43.0,,,1.0,,,1.0,,,,,,,,,,,,,,,,,,0.666039447599207,0.0,0.2629279930109875,0.020765431269110582,0.05026712812069487
2021-07-11,26893,28435.0,19419.0,56951844.194637485,0.0,0.0,7223.0,42254021.91685655,507.0,4626162.672783944,1286.0,12706155.140887978,19418.0,3652.0,1090.0,506.0,2442.0,2.0,9.0,,1.0,,1.0,,3.0,22.0,1.0,,,2.0,,,,,,,,,,,,,,,,,,,,0.6829259715139793,0.0,0.25401793564269387,0.01783013891331106,0.04522595393001583
2021-07-12,24760,26166.0,18521.0,77727368.44045223,0.0,0.0,5958.0,97289503.7835196,615.0,5342224.208428803,1072.0,13613441.080530941,18520.0,2818.0,1201.0,615.0,1888.0,,9.0,2.0,,3.0,2.0,,5.0,28.0,1.0,,,1.0,1.0,,,,,,,,,,,,,,,,,,,0.7078269510051212,0.0,0.22770006879156157,0.023503783535886266,0.04096919666743102
2021-07-13,31705,33621.0,20865.0,84801672.2532869,0.0,0.0,10616.0,134596319.4690618,700.0,6207693.293095529,1440.0,23948575.795591902,20864.0,6711.0,1855.0,700.0,1957.0,,21.0,3.0,,8.0,3.0,,4.0,48.0,1.0,,,2.0,2.0,2.0,,,,,,,,,,,,,,,,,,0.6205942714374945,0.0,0.3157550340560959,0.020820320632937747,0.04283037387347194
2021-07-14,33792,35977.0,21646.0,115340407.60449107,0.0,0.0,11698.0,141344987.8927855,1097.0,5885180.036520054,1536.0,22630842.598291986,21644.0,7577.0,1625.0,1097.0,2409.0,,17.0,3.0,,6.0,2.0,,3.0,53.0,2.0,,,1.0,1.0,1.0,,,,,,,,,,,,,,,,,,0.6016621730550074,0.0,0.3251521805598021,0.030491703032492982,0.04269394335269756
2021-07-15,33600,35771.0,22603.0,125476471.188309,0.0,0.0,10896.0,128973669.35317004,773.0,7266055.194428377,1499.0,24870926.473297566,22602.0,6425.0,1556.0,772.0,2819.0,2.0,24.0,2.0,1.0,6.0,2.0,,2.0,53.0,1.0,,,2.0,,3.0,,,,,,,,,,,,,,,,,,0.6318805736490453,0.0,0.3046042883900366,0.02160968382209052,0.04190545413882754
2021-07-16,27708,29613.0,17705.0,91415640.06729063,0.0,0.0,9655.0,102482794.19934407,767.0,12122407.639704632,1486.0,20728965.13245254,17705.0,5550.0,1430.0,767.0,2601.0,,15.0,,,11.0,1.0,,2.0,40.0,,,,1.0,,4.0,,,,,,,,,,,,,,,,,,0.5978793097626043,0.0,0.32603923952318237,0.025900786816600817,0.05018066389761253
2021-07-17,27463,29462.0,18786.0,82075914.00680381,0.0,0.0,8431.0,76656265.53912698,774.0,6213736.13648791,1471.0,27148446.99703454,18785.0,4735.0,1468.0,774.0,2130.0,2.0,9.0,8.0,,2.0,1.0,,,70.0,1.0,,1.0,3.0,,2.0,,,,,,,,,,,,,,,,,,0.6376349195573959,0.0,0.2861652297875229,0.026271128911818615,0.04992872174326251
2021-07-18,26461,28383.0,17764.0,69741752.71042757,0.0,0.0,8532.0,74505816.74164371,757.0,6382760.028690138,1330.0,15469212.454356212,17761.0,4707.0,1346.0,757.0,2404.0,3.0,9.0,1.0,,2.0,,,1.0,55.0,3.0,,,,,4.0,,,,,,,,,,,,,,,,,,0.625867596800902,0.0,0.30060247331148926,0.026670894549554312,0.04685903533805447
2021-07-19,29727,31859.0,21359.0,95960021.92396033,0.0,0.0,8188.0,101847802.20198745,842.0,8774553.97426923,1470.0,23023994.397299252,21358.0,4266.0,1675.0,842.0,2130.0,2.0,22.0,2.0,,,1.0,,3.0,79.0,1.0,,,3.0,1.0,4.0,,,,,,,,,,,,,,,,,,0.6704228004645469,0.0,0.2570074390282181,0.026428952572271572,0.04614080793496343
2021-07-20,29338,31526.0,20737.0,106101514.31755555,0.0,0.0,8105.0,148788132.35990834,891.0,10563955.485550221,1793.0,23307357.71441444,20737.0,4136.0,1793.0,889.0,2042.0,,21.0,3.0,,5.0,,2.0,7.0,92.0,,,1.0,2.0,2.0,1.0,,,,,,,,,,,,,,,,,,0.6577745353041934,0.0,0.25708938653809554,0.028262386601535242,0.05687369155617585
2021-07-21,27205,29563.0,19215.0,128724282.35410981,0.0,0.0,7471.0,139469863.29401103,868.0,10012510.813992623,2009.0,23532032.85470089,19214.0,3662.0,1596.0,866.0,2085.0,,28.0,3.0,1.0,4.0,2.0,1.0,6.0,81.0,1.0,,,3.0,1.0,,,,,,,,,,,,,,,,,,,0.6499678652369516,0.0,0.25271454182593106,0.02936102560633224,0.0679565673307851
2021-07-22,25116,26797.0,18504.0,96863939.99709085,0.0,0.0,6275.0,112631140.241371,566.0,11236259.239169184,1452.0,22056485.030296307,18504.0,3408.0,1199.0,564.0,1588.0,1.0,12.0,1.0,1.0,6.0,2.0,1.0,2.0,54.0,,,,,1.0,1.0,,,,,,,,,,,,,,,,,,0.6905250587752361,0.0,0.23416800388103146,0.021121767362018137,0.05418516998171437
2021-07-23,27130,29385.0,19678.0,100182586.56875488,0.0,0.0,7520.0,66283869.48138262,584.0,4009692.000365545,1603.0,21011616.079556566,19677.0,4173.0,1261.0,583.0,1993.0,,15.0,7.0,1.0,4.0,,,2.0,62.0,1.0,,,2.0,1.0,,,,,,,,,,,,,,,,,,,0.6696613918665986,0.0,0.2559128807214565,0.019874085417730135,0.054551641994214736
2021-07-24,32587,34895.0,23316.0,115603984.11562026,0.0,0.0,9257.0,106842820.67865208,575.0,10706650.6888718,1747.0,15276188.049804578,23316.0,5647.0,1268.0,572.0,2269.0,1.0,6.0,3.0,3.0,13.0,1.0,,4.0,43.0,,,,1.0,1.0,,,,,,,,,,,,,,,,,,,0.6681759564407508,0.0,0.2652815589626021,0.016478005444906147,0.050064479151740934
2021-07-25,29593,31519.0,21113.0,75216375.92288046,0.0,0.0,8353.0,67843113.33562535,594.0,4371509.206257364,1459.0,16480001.537871413,21112.0,5428.0,1097.0,593.0,1754.0,1.0,9.0,1.0,,5.0,2.0,1.0,1.0,52.0,1.0,,,1.0,2.0,,,,,,,,,,,,,,,,,,,0.669849931787176,0.0,0.2650147530061233,0.018845775563945556,0.046289539642755166
2021-07-26,34272,36971.0,24937.0,196785148.6122399,0.0,0.0,8979.0,206310653.54494998,1041.0,21350080.16857616,2014.0,36403204.096479,24936.0,4703.0,1816.0,1036.0,2318.0,,26.0,2.0,4.0,6.0,2.0,1.0,9.0,76.0,1.0,,,7.0,14.0,,,,,,,,,,,,,,,,,,,0.6745016364177329,0.0,0.24286603013172486,0.028157204295258444,0.05447512915528387
2021-07-27,26118,28087.0,18517.0,102456749.45577413,0.0,0.0,7245.0,102630472.83617364,807.0,11736108.57860509,1518.0,20498945.195674248,18516.0,3661.0,1731.0,804.0,1750.0,,17.0,2.0,,10.0,,3.0,6.0,58.0,1.0,,,3.0,7.0,,,,,,,,,,,,,,,,,,,0.6592729732616514,0.0,0.2579485171075587,0.028732153665396803,0.05404635596539324
2021-07-28,27365,29264.0,20238.0,130368328.87722094,0.0,0.0,6941.0,106725663.71555014,768.0,18027163.231354814,1317.0,14680563.893392108,20237.0,3799.0,1250.0,767.0,1813.0,1.0,22.0,,,6.0,2.0,1.0,3.0,43.0,1.0,,1.0,,1.0,,,,,,,,,,,,,,,,,,,0.691566429743029,0.0,0.2371856205576818,0.026243849097867686,0.04500410060142154
2021-07-29,31229,33337.0,23583.0,119638867.37365353,0.0,0.0,7784.0,88187194.24631165,593.0,7016673.485344681,1377.0,25453039.857595626,23583.0,4499.0,1485.0,593.0,1722.0,1.0,5.0,,,5.0,,,1.0,64.0,,,,1.0,1.0,,,,,,,,,,,,,,,,,,,0.7074121846596875,0.0,0.23349431562528122,0.017788043315235324,0.04130545639979602
2021-07-30,30540,32514.0,23033.0,148781322.74519452,0.0,0.0,7388.0,94876112.32748464,614.0,9822318.580898307,1479.0,25322689.78494426,23027.0,4253.0,1249.0,611.0,1801.0,,11.0,2.0,1.0,8.0,2.0,2.0,2.0,58.0,6.0,,,,2.0,,,,,,,,,,,,,,,,,,,0.70840253429292,0.0,0.22722519530048593,0.018884172971642986,0.0454880974349511
2021-07-31,30037,31928.0,22486.0,135899321.07150215,0.0,0.0,7547.0,88427547.88085845,490.0,5598251.5741307605,1405.0,25896524.250446573,22485.0,4128.0,1549.0,489.0,1800.0,,,1.0,,1.0,1.0,1.0,2.0,64.0,1.0,,,1.0,,,,,,,,,,,,,,,,,,,,0.7042721122525682,0.0,0.23637559508895015,0.015347030819343523,0.04400526183913806
2021-08-01,29469,31370.0,22116.0,152380844.87501326,0.0,0.0,7280.0,113692668.09683765,603.0,8676069.311687518,1371.0,21827881.73251361,22115.0,4005.0,1420.0,601.0,1779.0,,13.0,1.0,,1.0,2.0,2.0,2.0,47.0,1.0,,,8.0,2.0,,,,,,,,,,,,,,,,,,,0.7050047816385081,0.0,0.23206885559451707,0.019222186802677718,0.0437041759642971
2021-08-02,24908,26427.0,18715.0,112060457.77347866,0.0,0.0,5972.0,106964850.48831736,565.0,9101830.930510212,1175.0,20469979.15925083,18715.0,3257.0,1193.0,562.0,1467.0,,7.0,1.0,,1.0,1.0,3.0,1.0,38.0,,,1.0,2.0,3.0,,,,,,,,,,,,,,,,,,,0.7081772429712037,0.0,0.22598100427592993,0.021379649600787073,0.04446210315207931
2021-08-03,25789,27414.0,18719.0,124438280.10600372,0.0,0.0,6860.0,133176946.00578095,680.0,9842366.100502858,1155.0,26800193.381685577,18718.0,3972.0,1359.0,680.0,1486.0,3.0,7.0,1.0,,3.0,3.0,,2.0,20.0,1.0,,,1.0,3.0,,,,,,,,,,,,,,,,,,,0.6828262931348946,0.0,0.25023710512876635,0.024804844240169256,0.04213175749616984
2021-08-04,27397,29072.0,20319.0,174332182.41181368,0.0,0.0,6695.0,179363639.90256733,786.0,42558055.137792066,1272.0,31391780.669376493,20318.0,3546.0,1512.0,784.0,1581.0,1.0,17.0,,,10.0,4.0,2.0,5.0,14.0,1.0,,,2.0,3.0,,,,,,,,,,,,,,,,,,,0.6989199229499174,0.0,0.23029031370390754,0.027036323610346726,0.043753439735828285
2021-08-05,23941,25608.0,17666.0,142253830.3658537,0.0,0.0,5798.0,143406439.38418296,925.0,26659184.30381696,1219.0,25489368.613813587,17666.0,2874.0,1413.0,923.0,1462.0,1.0,13.0,1.0,1.0,8.0,1.0,1.0,5.0,13.0,,,,2.0,5.0,,,,,,,,,,,,,,,,,,,0.6898625429553265,0.0,0.22641362074351765,0.03612152452358638,0.04760231177756951
2021-08-06,25747,27455.0,17649.0,164166817.31988803,1.0,10288.828143267667,7801.0,235528287.34034207,812.0,19263817.46416425,1192.0,26766961.96761599,17649.0,4331.0,1372.0,810.0,2055.0,1.0,13.0,,,4.0,1.0,2.0,1.0,19.0,,1.0,,1.0,3.0,,,,,,,,,,,,,,,,,,,0.642833727918412,3.6423238025860496e-05,0.28413767983973776,0.029575669276998725,0.043416499726825715
2021-08-07,26536,28287.0,18618.0,212640849.96199152,0.0,0.0,7338.0,222762922.32197157,1106.0,28770363.088262215,1225.0,29064611.45409554,18616.0,3442.0,2032.0,1106.0,1800.0,1.0,15.0,2.0,,5.0,,,2.0,32.0,2.0,,,3.0,3.0,1.0,,,,,,,,,,,,,,,,,,0.6581822038392194,0.0,0.2594124509491993,0.039099232863152686,0.043306112348428606
2021-08-08,24369,25988.0,16893.0,135376761.04126492,0.0,0.0,6992.0,180904928.502993,952.0,17888952.04612167,1151.0,29200057.1199518,16891.0,3812.0,1483.0,952.0,1639.0,1.0,14.0,2.0,,17.0,1.0,,2.0,15.0,2.0,,1.0,1.0,4.0,,,,,,,,,,,,,,,,,,,0.6500307834385101,0.0,0.26904725257811296,0.03663229182699707,0.04428967215637987
2021-08-09,24014,25796.0,16479.0,228663163.09800404,0.0,0.0,7131.0,368470641.35392755,762.0,18534764.887562502,1424.0,59916587.277935654,16477.0,3622.0,1811.0,762.0,1632.0,1.0,15.0,1.0,,11.0,,,4.0,27.0,2.0,,,2.0,5.0,,,,,,,,,,,,,,,,,,,0.6388199720886959,0.0,0.276438207474027,0.0295394634827105,0.0552023569545666
2021-08-10,23438,25101.0,16214.0,166702673.07134518,1.0,4110.709665984941,6739.0,151289460.02398014,772.0,15005540.954250071,1375.0,49832650.10883691,16214.0,2881.0,1388.0,772.0,2427.0,2.0,8.0,,,4.0,1.0,,1.0,18.0,,1.0,,4.0,5.0,,,,,,,,,,,,,,,,,,,0.6459503605434046,3.9839050237042346e-05,0.2684753595474284,0.030755746782996692,0.05477869407593323
2021-08-11,26467,28261.0,19465.0,193063170.40120283,0.0,0.0,6630.0,135889131.090781,638.0,16900516.052730102,1528.0,43930863.30304364,19465.0,3109.0,1556.0,638.0,1923.0,,12.0,,,6.0,,,,18.0,,,,2.0,4.0,,,,,,,,,,,,,,,,,,,0.688758359576802,0.0,0.2345989172357666,0.022575280421782667,0.054067442765648774
2021-08-12,23439,25041.0,17152.0,157725943.81073928,0.0,0.0,5975.0,242086183.10921425,709.0,17094799.726882808,1205.0,33125504.3250094,17152.0,3019.0,1355.0,707.0,1545.0,2.0,13.0,1.0,1.0,4.0,1.0,1.0,3.0,24.0,,,1.0,2.0,5.0,,,,,,,,,,,,,,,,,,,0.6849566710594625,0.0,0.23860868176191047,0.028313565752166446,0.048121081426460606
2021-08-13,22820,24637.0,16895.0,170633743.24335828,0.0,0.0,5922.0,168351586.21934628,630.0,8949014.040956665,1190.0,47041186.37482407,16895.0,2897.0,1307.0,630.0,1683.0,2.0,5.0,,,1.0,,,3.0,23.0,,,,,,1.0,,,,,,,,,,,,,,,,,,0.6857571944636116,0.0,0.2403701749401307,0.025571295206396883,0.048301335389860776
2021-08-14,23395,24767.0,16912.0,128162001.25052728,1.0,8760.280644985667,6355.0,83491843.41457361,526.0,5786969.744035509,973.0,34681523.45611614,16912.0,3257.0,1381.0,526.0,1653.0,2.0,4.0,,,,,,,58.0,,1.0,,,,,,,,,,,,,,,,,,,,,,0.6828441070779666,4.037630718294505e-05,0.25659143214761576,0.021237937578229095,0.03928614688900553
2021-08-15,22061,23383.0,16014.0,136180563.29006863,0.0,0.0,5869.0,130442328.79909517,490.0,10451670.881482918,1010.0,24052671.378063403,16012.0,2950.0,1436.0,490.0,1416.0,1.0,8.0,2.0,,2.0,1.0,,3.0,47.0,2.0,,,2.0,1.0,,,,,,,,,,,,,,,,,,,0.6848565196937947,0.0,0.25099431210708634,0.020955394945045547,0.043193773254073475
2021-08-16,24219,25811.0,17876.0,180311231.82254323,0.0,0.0,6417.0,223237035.3168355,511.0,13524642.205816543,1007.0,34979901.89590446,17872.0,2818.0,1554.0,511.0,1982.0,3.0,17.0,,,2.0,1.0,,1.0,38.0,4.0,,,,1.0,,,,,,,,,,,,,,,,,,,0.6925729340203789,0.0,0.24861493161830228,0.019797760644686375,0.039014373716632446
2021-08-17,27824,29839.0,20780.0,238439793.4585067,0.0,0.0,7234.0,358427490.5646329,602.0,14873445.711589469,1223.0,36811612.624704614,20779.0,2967.0,2201.0,602.0,1987.0,2.0,5.0,2.0,,6.0,,,2.0,57.0,1.0,,,3.0,2.0,,,,,,,,,,,,,,,,,,,0.6964040349877677,0.0,0.24243439793558766,0.020174938838432924,0.04098662823821174
2021-08-18,29059,31162.0,20525.0,235421875.38045523,0.0,0.0,8676.0,212209231.74575502,654.0,17441677.57095054,1307.0,49960520.47334212,20523.0,4080.0,2061.0,654.0,2475.0,,7.0,2.0,,6.0,1.0,,2.0,33.0,2.0,,1.0,2.0,1.0,5.0,,,,,,,,,,,,,,,,,,0.6586547718374944,0.0,0.2784160195109428,0.020987099672678262,0.04194210897888454
2021-08-19,29606,31549.0,21654.0,181839890.91847488,8.0,32897.40360867427,8029.0,163909504.9527467,577.0,7490543.517052436,1281.0,30458887.356654238,21653.0,4163.0,1543.0,576.0,2264.0,1.0,7.0,3.0,1.0,3.0,1.0,,3.0,30.0,1.0,,1.0,1.0,2.0,7.0,8.0,,,,,,,,,,,,,,,,,0.6863608989191416,0.0002535738058258582,0.2544930108719769,0.018289010745190022,0.040603505657865545
2021-08-20,30848,32695.0,23489.0,235835469.53955397,0.0,0.0,7386.0,196247831.97445792,619.0,15841700.720621744,1201.0,29475156.596363354,23488.0,3888.0,1493.0,619.0,1941.0,1.0,10.0,1.0,,1.0,1.0,,3.0,40.0,1.0,,,3.0,1.0,3.0,,,,,,,,,,,,,,,,,,0.718427894173421,0.0,0.22590610185043586,0.01893255849518275,0.03673344548096039
2021-08-21,27371,29155.0,20309.0,150626281.24414867,0.0,0.0,7177.0,106395353.67817482,519.0,10763532.999526558,1150.0,29194896.656967063,20306.0,3631.0,1537.0,519.0,1951.0,3.0,9.0,,,1.0,,,,39.0,3.0,,,1.0,1.0,4.0,,,,,,,,,,,,,,,,,,0.6965872063110958,0.0,0.24616703824386899,0.017801406276796432,0.039444349168238725
2021-08-22,28300,29875.0,21312.0,159828192.03261366,0.0,0.0,6798.0,79258218.2235469,623.0,8865069.158498174,1142.0,37116054.222533934,21309.0,3382.0,1435.0,623.0,1931.0,1.0,5.0,,,2.0,1.0,,3.0,21.0,3.0,,,4.0,,13.0,,,,,,,,,,,,,,,,,,0.7133723849372385,0.0,0.2275481171548117,0.020853556485355647,0.03822594142259414
2021-08-23,28845,30586.0,21078.0,190978893.56741303,2.0,199269.98068840723,7815.0,143376341.3355637,542.0,18390900.434314515,1149.0,44867319.01805005,21076.0,4315.0,1428.0,542.0,1907.0,4.0,2.0,,,1.0,,,1.0,148.0,2.0,,,,1.0,8.0,2.0,,,,,,,,,,,,,,,,,0.689138821683123,6.53893938403191e-05,0.2555090564310469,0.017720525730726477,0.03756620676126332
2021-08-24,25771,27613.0,17904.0,203590307.33857942,0.0,0.0,7290.0,193707800.03000876,469.0,12452290.128748786,1950.0,104113705.0656815,17901.0,3942.0,1340.0,469.0,1926.0,,1.0,,,1.0,1.0,,,65.0,3.0,,,1.0,1.0,12.0,,,,,,,,,,,,,,,,,,0.6483902509687466,0.0,0.26400608409082676,0.016984753558106688,0.07061891138231992
2021-08-25,22164,23346.0,15129.0,150507637.06287083,2.0,41410.806821531,6667.0,105522714.64081913,450.0,8178678.816128246,1098.0,44596312.59502069,15129.0,3427.0,1267.0,450.0,1911.0,,4.0,1.0,,2.0,,,1.0,39.0,,2.0,,3.0,1.0,11.0,,,,,,,,,,,,,,,,,,0.6480339244410177,8.56677803478112e-05,0.2855735457894286,0.01927525057825752,0.047031611410948346
2021-08-26,23048,24305.0,16217.0,153396738.6686913,0.0,0.0,6507.0,106289657.60845023,545.0,6729977.159816088,1036.0,39207323.66096326,16215.0,3347.0,1269.0,544.0,1834.0,1.0,6.0,1.0,1.0,1.0,,,1.0,35.0,2.0,,,2.0,2.0,8.0,,,,,,,,,,,,,,,,,,0.6672289652334911,0.0,0.26772269080436123,0.022423369677021188,0.042624974285126516
2021-08-27,17592,18674.0,11690.0,123759902.75335488,1.0,98026.361535,5663.0,123370307.57941683,456.0,7589040.194275585,864.0,41471426.924376704,11689.0,2636.0,1035.0,456.0,1936.0,4.0,4.0,,,3.0,1.0,,2.0,27.0,1.0,,,2.0,1.0,12.0,1.0,,,,,,,,,,,,,,,,,0.6260040698297098,5.35503909178537e-05,0.3032558637678055,0.024418978258541287,0.0462675377530256
2021-08-28,18349,19343.0,12817.0,112614838.81235701,0.0,0.0,5347.0,64699996.213164136,366.0,6504457.743771841,813.0,31137238.943252534,12815.0,2946.0,920.0,366.0,1449.0,1.0,2.0,,,,1.0,,,25.0,2.0,,,,1.0,2.0,,,,,,,,,,,,,,,,,,0.6626169673783798,0.0,0.2764307501421703,0.018921573695910666,0.04203070878353927
2021-08-29,18579,19475.0,13289.0,150760707.21635002,0.0,0.0,5000.0,114450222.8988027,403.0,8947087.223446093,783.0,37560160.02008546,13286.0,2497.0,1126.0,403.0,1331.0,1.0,10.0,,,1.0,,,2.0,25.0,3.0,,,,1.0,6.0,,,,,,,,,,,,,,,,,,0.6823620025673941,0.0,0.25673940949935814,0.020693196405648265,0.040205391527599485
2021-08-30,19634,20771.0,14467.0,229439701.1456169,0.0,0.0,4870.0,109693390.83348931,514.0,13151618.752696855,920.0,35496953.62889095,14466.0,2378.0,1070.0,513.0,1364.0,2.0,8.0,1.0,,3.0,,1.0,,29.0,1.0,,,1.0,1.0,13.0,,,,,,,,,,,,,,,,,,0.6964999277839296,0.0,0.23446150883443262,0.024746040152135187,0.044292523229502674
2021-08-31,18763,20023.0,12899.0,171245292.96536082,0.0,0.0,5614.0,154060723.18191546,542.0,17371373.93434805,968.0,38142861.56726218,12899.0,3019.0,1076.0,542.0,1468.0,4.0,7.0,,,2.0,1.0,,1.0,26.0,,,,1.0,1.0,8.0,,,,,,,,,,,,,,,,,,0.6442091594666134,0.0,0.28037756579933076,0.02706887079858163,0.048344403935474206
2021-09-01,17649,18762.0,12394.0,194011693.3067067,0.0,0.0,4959.0,176793218.53720492,461.0,30580465.13637867,948.0,48155762.43968405,12394.0,2524.0,1107.0,461.0,1295.0,3.0,5.0,,,4.0,,,1.0,12.0,,,,,1.0,7.0,,,,,,,,,,,,,,,,,,0.6605905553778915,0.0,0.2643108410617205,0.024570941264257542,0.050527662296130475
2021-09-02,18177,19135.0,13437.0,182665741.973671,0.0,0.0,4488.0,154791802.95761943,466.0,32122282.196935464,744.0,31532410.711853884,13435.0,2369.0,846.0,466.0,1240.0,1.0,6.0,,,1.0,,,,11.0,2.0,,,1.0,1.0,12.0,,,,,,,,,,,,,,,,,,0.7022210608831984,0.0,0.23454402926574341,0.024353279331068723,0.038881630519989545
2021-09-03,17010,18045.0,11817.0,213803447.5269047,0.0,0.0,5101.0,164627900.53392032,306.0,14001872.714729536,821.0,40838297.02473376,11816.0,2984.0,749.0,306.0,1335.0,,3.0,,,1.0,,,1.0,15.0,1.0,,,,2.0,11.0,,,,,,,,,,,,,,,,,,0.6548628428927681,0.0,0.2826821834303131,0.016957605985037406,0.04549736769188141
2021-09-04,16248,17239.0,11396.0,152783045.1149388,0.0,0.0,4758.0,98838725.53591073,329.0,15651506.168353997,756.0,41777734.93801824,11396.0,2959.0,701.0,329.0,1083.0,,1.0,,,1.0,,,1.0,7.0,,,,1.0,,4.0,,,,,,,,,,,,,,,,,,0.6610592261732119,0.0,0.2760020882881838,0.019084633679447762,0.04385405185915656
2021-09-05,15642,16475.0,11482.0,148190901.75893056,0.0,0.0,4057.0,89814204.29771036,297.0,8419987.700533705,639.0,27482163.966283653,11481.0,2156.0,745.0,297.0,1126.0,,4.0,2.0,,1.0,1.0,,,18.0,1.0,,1.0,,,3.0,,,,,,,,,,,,,,,,,,0.6969347496206373,0.0,0.24625189681335358,0.01802731411229135,0.03878603945371775
2021-09-06,18710,19841.0,13751.0,207939734.2109577,0.0,0.0,4888.0,102140121.88498719,365.0,13862271.80884509,837.0,52948453.70396645,13750.0,2823.0,840.0,365.0,1199.0,,3.0,1.0,,4.0,,,,14.0,1.0,,,1.0,,3.0,,,,,,,,,,,,,,,,,,0.6930598256136283,0.0,0.24635855047628646,0.01839625018900257,0.04218537372108261
2021-09-07,21609,23299.0,15257.0,318573285.5158828,0.0,0.0,6186.0,331622394.15888673,561.0,36923323.122115925,1295.0,67691921.45137936,15257.0,3198.0,1186.0,561.0,1725.0,,17.0,1.0,,4.0,,,1.0,27.0,,,,1.0,1.0,25.0,,,,,,,,,,,,,,,,,,0.6548349714580025,0.0,0.26550495729430446,0.02407828662174342,0.055581784625949614
2021-09-08,20415,21881.0,12951.0,242663052.30277073,6.0,205422.78807031037,7313.0,312939029.4330634,437.0,38921457.930996045,1174.0,88602371.1188427,12951.0,2664.0,1021.0,437.0,3569.0,2.0,5.0,1.0,,4.0,1.0,,1.0,22.0,,,,,,23.0,6.0,,,,,,,,,,,,,,,,,0.5918833691330377,0.0002742105022622366,0.3342169005072894,0.019971664914766235,0.053653854942644304
2021-09-09,18617,19935.0,12288.0,177727842.47686607,0.0,0.0,6139.0,182216700.86346972,377.0,13076539.699693631,1131.0,78292394.36161916,12287.0,2805.0,920.0,377.0,2353.0,5.0,5.0,,,3.0,2.0,,3.0,27.0,1.0,,,1.0,1.0,14.0,,,,,,,,,,,,,,,,,,0.6164033107599699,0.0,0.3079508402307499,0.01891146225232004,0.05673438675696012
2021-09-10,21568,23569.0,14130.0,180113454.08720502,0.0,0.0,7175.0,173264809.95768243,556.0,18913873.0263277,1708.0,70016976.60623498,14129.0,3612.0,1310.0,556.0,2190.0,2.0,3.0,,,9.0,,,,27.0,1.0,,,3.0,5.0,14.0,,,,,,,,,,,,,,,,,,0.5995163138020281,0.0,0.3044253044253044,0.02359030930459502,0.07246807246807246
2021-09-11,20661,22401.0,14019.0,127617448.2080974,1.0,162927.494785,6448.0,88919475.2743254,415.0,6306826.223621871,1518.0,52055663.991624296,14018.0,3380.0,1206.0,415.0,1821.0,1.0,1.0,,,3.0,,,2.0,21.0,1.0,,,1.0,1.0,11.0,1.0,,,,,,,,,,,,,,,,,0.625820275880541,4.4640864247131826e-05,0.287844292665506,0.018525958662559707,0.06776483192714611
2021-09-12,19125,20527.0,13213.0,127874484.51120432,25.0,216568.04143497368,5880.0,103285778.14240716,400.0,20049132.01301928,1009.0,40318681.11961761,13207.0,3142.0,1261.0,400.0,1414.0,3.0,3.0,1.0,,3.0,1.0,,,32.0,6.0,1.0,,1.0,4.0,15.0,24.0,,,,,,,,,,,,,,,,,0.6436888001169192,0.0012179081210113509,0.2864519900618697,0.019486529936181614,0.04915477176401812
2021-09-13,21074,22504.0,14800.0,145873376.95472267,2.0,98421.34970703255,6033.0,156926437.64186108,381.0,13132795.05295831,1288.0,58085838.35490608,14796.0,2992.0,1290.0,381.0,1671.0,2.0,4.0,2.0,,5.0,2.0,,,48.0,4.0,,1.0,2.0,1.0,13.0,2.0,,,,,,,,,,,,,,,,,0.6576608602915037,8.887308922858158e-05,0.26808567365801633,0.016930323498044794,0.05723426946320654
2021-09-14,21295,22695.0,15066.0,130980235.07184564,0.0,0.0,6018.0,88668173.68217416,353.0,6211153.173300034,1258.0,42024076.124413446,15064.0,3262.0,1230.0,353.0,1472.0,4.0,3.0,1.0,,1.0,,,2.0,31.0,2.0,,,1.0,,11.0,,,,,,,,,,,,,,,,,,0.6638466622604098,0.0,0.2651685393258427,0.01555408680326063,0.05543071161048689
2021-09-15,21957,23315.0,15569.0,160793777.36291468,0.0,0.0,6175.0,104928356.40426247,378.0,12355790.218335995,1193.0,81232921.03182314,15569.0,3445.0,1155.0,378.0,1507.0,6.0,6.0,1.0,,,,,3.0,44.0,,,,,,8.0,,,,,,,,,,,,,,,,,,0.6677675316319965,0.0,0.2648509543212524,0.016212738580313104,0.051168775466437916
2021-09-16,22822,24199.0,15874.0,173934389.4604549,0.0,0.0,6861.0,126498722.90679795,361.0,10919685.394275226,1103.0,52580600.21136815,15872.0,3694.0,1149.0,360.0,1943.0,4.0,5.0,,1.0,2.0,1.0,,1.0,38.0,2.0,,1.0,4.0,,19.0,,,,,,,,,,,,,,,,,,0.6559775197322203,0.0,0.283524112566635,0.014917971817017232,0.04558039588412744
2021-09-17,19937,21382.0,14252.0,181638274.26208785,2.0,111867.96719150299,5772.0,139628077.55739614,307.0,12344683.86836317,1049.0,37612639.28286749,14251.0,3225.0,1167.0,307.0,1321.0,2.0,2.0,,,5.0,,,,39.0,1.0,,,1.0,1.0,9.0,2.0,,,,,,,,,,,,,,,,,0.6665419511738846,9.353661958656815e-05,0.26994668412683565,0.01435787110653821,0.04905995697315499
2021-09-18,20509,22151.0,15289.0,130667903.34749733,3.0,201976.96878001565,5417.0,77450029.73852931,293.0,8647282.171928972,1149.0,42178693.56621966,15288.0,2947.0,1145.0,293.0,1263.0,,5.0,,,10.0,,,,35.0,1.0,,,2.0,1.0,9.0,3.0,,,,,,,,,,,,,,,,,0.6902171459527786,0.00013543406618211367,0.24454877883616993,0.013227393797119768,0.05187124734774954
2021-09-19,18799,20350.0,13896.0,123523009.73242052,2.0,142664.48391074577,5116.0,86714865.0159268,252.0,9550712.124205848,1084.0,34956638.61893168,13896.0,2570.0,1034.0,251.0,1287.0,,,,,2.0,,1.0,1.0,209.0,,1.0,,3.0,1.0,9.0,1.0,,,,,,,,,,,,,,,,,0.6828501228501228,9.828009828009828e-05,0.2514004914004914,0.012383292383292383,0.05326781326781327
2021-09-20,23845,26135.0,17595.0,255988160.78508526,4.0,107530.23119007307,6329.0,309890895.1855145,449.0,24671912.617207337,1758.0,77690116.05296996,17589.0,3294.0,1288.0,449.0,1614.0,1.0,6.0,1.0,,12.0,2.0,,1.0,66.0,6.0,,,2.0,4.0,38.0,4.0,,,,,,,,,,,,,,,,,0.6732351253108858,0.00015305146355462025,0.24216567820929788,0.01718002678400612,0.06726611823225559
2021-09-21,19978,21958.0,14970.0,201423046.80332908,1.0,63460.947574799604,5296.0,270039681.46900797,421.0,25543061.805585906,1270.0,54560259.94079066,14969.0,2617.0,1244.0,421.0,1319.0,7.0,4.0,7.0,,8.0,1.0,,2.0,40.0,1.0,,,18.0,2.0,27.0,1.0,,,,,,,,,,,,,,,,,0.6817560797886875,4.554148829583751e-05,0.24118772201475544,0.019172966572547592,0.05783769013571363
2021-09-22,21260,23298.0,15790.0,201278150.00785062,5.0,469684.1869408235,5725.0,174880847.6676775,325.0,15343974.415028058,1453.0,50920605.079861194,15788.0,2790.0,1371.0,325.0,1424.0,10.0,3.0,,,9.0,2.0,,1.0,88.0,2.0,,,10.0,,17.0,5.0,,,,,,,,,,,,,,,,,0.6777405785904369,0.00021461069619709846,0.24572924714567773,0.0139496952528114,0.06236586831487681
2021-09-23,20032,21809.0,14117.0,154187893.81328562,2.0,120490.45933648356,6260.0,133305973.26873603,382.0,14676441.138862805,1048.0,45605752.27462901,14116.0,3125.0,1442.0,382.0,1602.0,4.0,1.0,,,2.0,2.0,,2.0,42.0,1.0,,,2.0,,36.0,2.0,,,,,,,,,,,,,,,,,0.647301572745197,9.170525929662066e-05,0.2870374615984227,0.017515704525654548,0.048053555871429225
2021-09-24,20412,22464.0,14671.0,171991790.38849562,2.0,55702.51257949317,5947.0,201657669.39165697,473.0,32863861.81918557,1371.0,55716212.12828783,14670.0,2871.0,1410.0,473.0,1533.0,,10.0,,,6.0,,,2.0,81.0,1.0,,,17.0,2.0,15.0,2.0,,,,,,,,,,,,,,,,,0.6530893874643875,8.903133903133904e-05,0.26473468660968663,0.02105591168091168,0.061030982905982904
2021-09-25,17201,18819.0,12679.0,104816793.81015964,4.0,112702.4316266704,4751.0,104661690.75428626,257.0,9374004.466046894,1128.0,34951172.2010017,12678.0,2307.0,1037.0,257.0,1333.0,1.0,6.0,,,5.0,,,2.0,35.0,1.0,1.0,,8.0,2.0,15.0,3.0,,,,,,,,,,,,,,,,,0.6737339922418832,0.00021255114511929433,0.25245762261544186,0.013656411073914661,0.059939422923641
2021-09-26,18379,20177.0,13569.0,167785628.8231041,2.0,115127.05930365928,4987.0,148441475.52725816,289.0,24326680.651451565,1330.0,44106320.41750202,13569.0,2465.0,1027.0,289.0,1402.0,1.0,5.0,,,8.0,3.0,,,42.0,,,1.0,12.0,3.0,18.0,2.0,,,,,,,,,,,,,,,,,0.6724983892550924,9.912276354264757e-05,0.2471626108935917,0.014323239331912574,0.06591663775586064
2021-09-27,16784,18392.0,12558.0,136705049.36345074,3.0,201119.53793154118,4514.0,134014847.79334496,253.0,10156615.749007657,1064.0,34327765.46136545,12556.0,2246.0,981.0,253.0,1231.0,,4.0,1.0,,,2.0,,,30.0,2.0,1.0,,9.0,3.0,7.0,2.0,,,,,,,,,,,,,,,,,0.6827968682035668,0.00016311439756415834,0.24543279686820357,0.01375598086124402,0.05785123966942149
2021-09-28,16808,18142.0,12628.0,136948031.44129774,1.0,93333.49689548035,4423.0,139685993.57215598,230.0,15234501.082131261,860.0,44483683.37654839,12625.0,2214.0,1062.0,230.0,1087.0,,2.0,2.0,,3.0,,,1.0,31.0,3.0,,2.0,8.0,3.0,8.0,1.0,,,,,,,,,,,,,,,,,0.6960643809943777,5.5120714364458166e-05,0.24379891963399847,0.012677764303825377,0.04740381435343402
2021-09-29,19495,21181.0,14031.0,133412248.58351439,0.0,0.0,5864.0,109956968.77207218,285.0,10373945.327750044,1001.0,44455801.463525385,14030.0,3368.0,1249.0,285.0,1187.0,1.0,3.0,,,4.0,,,2.0,35.0,1.0,,,9.0,1.0,5.0,,,,,,,,,,,,,,,,,,0.6624333128747463,0.0,0.2768518955667815,0.013455455360936688,0.04725933619753553
2021-09-30,18221,19745.0,13195.0,141767909.41755822,0.0,0.0,5372.0,191085910.70029464,258.0,24442633.14545368,920.0,35236188.26663212,13192.0,2883.0,1287.0,258.0,1114.0,5.0,3.0,,,6.0,,,,56.0,3.0,,,10.0,1.0,7.0,,,,,,,,,,,,,,,,,,0.6682704482147379,0.0,0.2720688781970119,0.013066599139022538,0.046594074449227654
2021-10-01,19147,20894.0,13164.0,175203948.09015197,0.0,0.0,6406.0,184213000.8421174,302.0,28405305.677762367,1022.0,38464488.22496793,13164.0,3833.0,1382.0,302.0,1120.0,2.0,3.0,,,1.0,1.0,,1.0,47.0,,,,5.0,1.0,10.0,,,,,,,,,,,,,,,,,,0.6300373312912798,0.0,0.3065951947927635,0.01445391021345841,0.048913563702498324
2021-10-02,19312,21051.0,13983.0,132552039.16190474,1.0,681.0330214483602,5698.0,106730426.00875741,273.0,18353237.367767356,1096.0,31589732.16838161,13983.0,3245.0,1215.0,273.0,1188.0,,1.0,,,2.0,1.0,,2.0,30.0,,,,4.0,,10.0,1.0,,,,,,,,,,,,,,,,,0.6642439789083654,4.750368153531899e-05,0.2706759773882476,0.012968505059142084,0.05206403496270961
2021-10-03,19373,21158.0,14360.0,138438182.59170663,0.0,0.0,5494.0,108014362.49832976,199.0,10980559.971390132,1105.0,42349960.474561684,14359.0,3040.0,1288.0,199.0,1089.0,2.0,2.0,,,8.0,,,1.0,47.0,1.0,,,3.0,1.0,13.0,,,,,,,,,,,,,,,,,,0.6787030910293979,0.0,0.2596653747991304,0.00940542584365252,0.052226108327819265
2021-10-04,18235,20021.0,13696.0,170743777.35789722,0.0,0.0,5123.0,161907699.96848246,256.0,17951121.903875366,946.0,53122905.51375654,13696.0,2595.0,1448.0,256.0,1018.0,,5.0,1.0,,1.0,3.0,,,41.0,,,,5.0,,6.0,,,,,,,,,,,,,,,,,,0.6840817142000899,0.0,0.25588132460916035,0.012786574097197943,0.04725038709355177
2021-10-05,18995,20690.0,13991.0,208505345.18814924,0.0,0.0,5401.0,149732714.01900926,278.0,16764959.689479018,1020.0,72959415.9609264,13991.0,3062.0,1327.0,278.0,955.0,,2.0,,,2.0,,,,38.0,,,,2.0,1.0,12.0,,,,,,,,,,,,,,,,,,0.6762203963267279,0.0,0.26104398260029,0.013436442725954567,0.04929917834702755
2021-10-06,17600,19221.0,12983.0,228396883.62754303,2.0,112387.87749605972,4834.0,206856295.7640756,414.0,40372467.63744202,988.0,57126698.85733062,12983.0,2516.0,1364.0,414.0,899.0,,4.0,,,4.0,,,1.0,26.0,,1.0,1.0,6.0,2.0,11.0,1.0,,,,,,,,,,,,,,,,,0.6754591332396858,0.00010405285885229697,0.25149575984600175,0.02153894178242547,0.0514021122730347
2021-10-07,19102,20663.0,14536.0,229315619.84917474,0.0,0.0,4875.0,147344234.86853966,301.0,24245756.008326404,951.0,45853769.36169217,14536.0,2506.0,1339.0,301.0,942.0,,5.0,1.0,,2.0,1.0,,,50.0,,,2.0,14.0,1.0,12.0,,,,,,,,,,,,,,,,,,0.7034796496152543,0.0,0.23592895513720177,0.014567100614625175,0.046024294632918746
2021-10-08,16451,17960.0,12416.0,179635420.14154294,0.0,0.0,4362.0,129618743.36791658,209.0,12156176.63173895,973.0,46852790.412715584,12415.0,2114.0,1214.0,209.0,952.0,1.0,3.0,1.0,,1.0,1.0,,2.0,65.0,1.0,,,1.0,,7.0,,,,,,,,,,,,,,,,,,0.6913140311804009,0.0,0.24287305122494432,0.0116369710467706,0.054175946547884185
2021-10-09,19050,20863.0,14616.0,150421092.25543216,0.0,0.0,4793.0,82298210.45359302,279.0,8187663.5475805765,1175.0,45132690.109775975,14615.0,2269.0,1538.0,279.0,911.0,,2.0,,,1.0,1.0,,,51.0,1.0,,,11.0,1.0,8.0,,,,,,,,,,,,,,,,,,0.7005703877678187,0.0,0.2297368547188803,0.01337295690936107,0.05631980060393999
2021-10-10,19881,21852.0,15232.0,186131211.6810051,1.0,28315.135170037498,5118.0,125520494.25415204,307.0,16359560.631337842,1194.0,42814776.3397104,15232.0,2473.0,1595.0,307.0,984.0,,4.0,,,2.0,1.0,,,36.0,,,,11.0,1.0,11.0,1.0,,,,,,,,,,,,,,,,,0.6970529013362621,4.576240161083654e-05,0.2342119714442614,0.014049057294526816,0.05464030752333882
2021-10-11,21053,23360.0,15935.0,255624613.1278913,0.0,0.0,5768.0,160562268.3453533,389.0,22004116.13721196,1268.0,77729779.60591494,15935.0,2323.0,2334.0,389.0,1026.0,,4.0,,,3.0,1.0,,1.0,63.0,,,2.0,6.0,,5.0,,,,,,,,,,,,,,,,,,0.6821489726027398,0.0,0.24691780821917808,0.016652397260273972,0.05428082191780822
2021-10-12,22619,24873.0,17423.0,243474915.43242308,1.0,7076.396390617151,5683.0,189856196.49903324,379.0,26081506.641742706,1387.0,69638755.46505569,17422.0,2610.0,1803.0,379.0,1157.0,,2.0,2.0,,2.0,1.0,,,67.0,1.0,1.0,11.0,17.0,1.0,10.0,,,,,,,,,,,,,,,,,,0.700478430426567,4.0204237526635306e-05,0.22848068186386844,0.015237406022594782,0.05576327744944317
2021-10-13,21976,24192.0,16673.0,225094451.4453025,1.0,70000.0,5947.0,191180793.3162774,339.0,37476578.351006866,1232.0,56823511.489481606,16673.0,2681.0,2105.0,339.0,1088.0,,3.0,1.0,,2.0,,,,39.0,,1.0,2.0,21.0,1.0,4.0,,,,,,,,,,,,,,,,,,0.6891947751322751,4.1335978835978834e-05,0.24582506613756613,0.014012896825396826,0.05092592592592592
2021-10-14,22368,24737.0,16382.0,366517100.38435787,0.0,0.0,6927.0,280168501.4068892,294.0,27129442.933285914,1134.0,70505645.37709253,16381.0,3885.0,1997.0,294.0,967.0,,2.0,2.0,,3.0,1.0,,2.0,45.0,1.0,,3.0,14.0,,6.0,,,,,,,,,,,,,,,,,,0.6622468367223188,0.0,0.28002587217528396,0.01188503052108178,0.045842260581315436
2021-10-15,24611,28091.0,16301.0,357967945.10617363,0.0,0.0,9514.0,436841042.332816,705.0,58223768.497210346,1571.0,92265788.08875425,16301.0,3518.0,4508.0,705.0,1340.0,1.0,3.0,1.0,,2.0,,,1.0,82.0,,,7.0,39.0,1.0,11.0,,,,,,,,,,,,,,,,,,0.5802926204122317,0.0,0.3386849880744722,0.02509700615855612,0.055925385354739954
2021-10-16,21377,23453.0,16121.0,224358934.48690003,2.0,16522.175138338167,5771.0,231255438.81058893,317.0,19930084.637879007,1242.0,60870018.10447063,16121.0,2705.0,1482.0,317.0,1512.0,1.0,1.0,,,6.0,2.0,,,43.0,,2.0,12.0,6.0,,1.0,,,,,,,,,,,,,,,,,,0.687374749498998,8.527693685242826e-05,0.24606660128768174,0.01351639449110988,0.05295697778535795
2021-10-17,21995,24299.0,16312.0,197023144.64490405,0.0,0.0,6352.0,163930274.65193963,275.0,13924694.233802047,1360.0,52574765.17910381,16312.0,3032.0,1878.0,274.0,1346.0,,1.0,2.0,,2.0,,1.0,1.0,41.0,,,30.0,15.0,,4.0,,,,,,,,,,,,,,,,,,0.6713033458167003,0.0,0.26140993456520845,0.011317338162064282,0.055969381456027
2021-10-18,23497,25670.0,17917.0,196337044.1664111,1.0,60747.20501415308,6338.0,206379899.1100041,270.0,12837117.63504609,1144.0,44228743.933446236,17917.0,3087.0,1930.0,269.0,1208.0,1.0,3.0,2.0,,1.0,,1.0,2.0,51.0,,,34.0,11.0,1.0,7.0,1.0,,,,,,,,,,,,,,,,,0.6979742890533697,3.895597974289053e-05,0.2469029996104402,0.010518114530580444,0.04456564082586677
2021-10-19,25928,28150.0,20141.0,239394295.00096574,1.0,1259.852352753138,6222.0,202746929.7645145,333.0,25652868.164193586,1453.0,54048934.55892747,20141.0,2722.0,2060.0,333.0,1356.0,2.0,1.0,,,3.0,1.0,,2.0,39.0,,,23.0,7.0,1.0,5.0,1.0,,,,,,,,,,,,,,,,,0.7154884547069271,3.552397868561279e-05,0.22103019538188276,0.011829484902309059,0.051616341030195384
2021-10-20,26642,29053.0,19544.0,288661612.81635123,1.0,55557.167321394656,7564.0,262281238.4827126,385.0,16963020.320194706,1559.0,67363390.21973392,19544.0,3475.0,2648.0,385.0,1374.0,,,,,2.0,1.0,,2.0,25.0,,,16.0,16.0,1.0,4.0,1.0,,,,,,,,,,,,,,,,,0.6727016142911231,3.4419853371424635e-05,0.26035177090145595,0.013251643547998486,0.05366055140605101
2021-10-21,24022,26365.0,18339.0,272918260.8784946,1.0,38950.64701760727,6303.0,289515964.6124902,334.0,21280472.140968986,1388.0,68448991.23784956,18339.0,3484.0,1453.0,334.0,1227.0,1.0,8.0,,,5.0,1.0,,3.0,84.0,,,16.0,15.0,1.0,5.0,1.0,,,,,,,,,,,,,,,,,0.6955812630381187,3.7929072634174095e-05,0.23906694481319932,0.012668310259814148,0.05264555281623364
2021-10-22,23012,24974.0,18285.0,221117573.91375524,0.0,0.0,5169.0,193684347.4976534,291.0,17345614.818646636,1229.0,54191831.47571449,18284.0,2541.0,1437.0,291.0,1131.0,4.0,4.0,4.0,,3.0,,,1.0,29.0,1.0,,5.0,5.0,1.0,4.0,,,,,,,,,,,,,,,,,,0.732161447905822,0.0,0.206975254264435,0.011652118202931048,0.04921117962681188
2021-10-23,23864,25896.0,19361.0,183544359.56382,1.0,29562.91893759304,5159.0,151358771.43476355,208.0,10917101.455627033,1167.0,51053697.04031465,19361.0,1960.0,1864.0,208.0,1253.0,4.0,5.0,2.0,,3.0,1.0,,,40.0,,,10.0,14.0,,3.0,1.0,,,,,,,,,,,,,,,,,0.7476444238492431,3.861600247142416e-05,0.19921995675007723,0.008032128514056224,0.04506487488415199
2021-10-24,26453,28509.0,21906.0,206514021.7267331,2.0,49285.30869756186,5169.0,156613362.59288156,212.0,12632639.33501156,1220.0,46002233.0029457,21906.0,2086.0,1776.0,212.0,1210.0,,3.0,1.0,,1.0,,,,71.0,,1.0,9.0,7.0,1.0,4.0,1.0,,,,,,,,,,,,,,,,,0.7683889298116384,7.015328492756673e-05,0.18131116489529622,0.0074362482023220735,0.04279350380581571
2021-10-25,28501,30532.0,23206.0,258031926.33363184,0.0,0.0,5870.0,169104273.72239345,213.0,13475268.15976942,1243.0,53682344.965908416,23205.0,2417.0,1827.0,213.0,1449.0,,2.0,,,,,,,148.0,1.0,,12.0,11.0,,4.0,,,,,,,,,,,,,,,,,,0.7600550242368662,0.0,0.19225730381239356,0.006976287174112407,0.0407113847766278
2021-10-26,29134,31429.0,23575.0,328380805.2369771,0.0,0.0,6410.0,356890570.5319721,210.0,18580880.45798319,1234.0,72424889.8275338,23574.0,2587.0,2211.0,209.0,1331.0,,4.0,3.0,1.0,2.0,2.0,,2.0,220.0,1.0,,13.0,32.0,,3.0,,,,,,,,,,,,,,,,,,0.7501034076808043,0.0,0.20395176429412326,0.006681727067358172,0.039263100957714216
2021-10-27,26047,27901.0,22117.0,425567985.70695496,2.0,14574.017801382499,4306.0,341868588.8693613,232.0,19831839.469408028,1244.0,92820548.85672289,22117.0,1975.0,983.0,232.0,1250.0,,1.0,,,3.0,1.0,,,56.0,,2.0,6.0,21.0,1.0,9.0,,,,,,,,,,,,,,,,,,0.792695602308161,7.168201856564281e-05,0.15433138597182897,0.008315114153614566,0.04458621554782983
2021-10-28,27135,28722.0,23575.0,383045792.9953473,0.0,0.0,3880.0,232927672.5697488,222.0,14729556.925709037,1045.0,62241573.08424219,23575.0,1800.0,866.0,221.0,1113.0,1.0,,,1.0,,,,,75.0,,,6.0,12.0,,7.0,,,,,,,,,,,,,,,,,,0.8207993872293016,0.0,0.13508808578789777,0.007729266764152914,0.036383260218647726
2021-10-29,29139,30536.0,25730.0,373549480.4698658,0.0,0.0,3768.0,266091862.01883206,155.0,11566099.14292511,883.0,52253475.523792915,25730.0,1827.0,809.0,155.0,1082.0,3.0,1.0,,,,1.0,,1.0,28.0,,,1.0,9.0,,6.0,,,,,,,,,,,,,,,,,,0.8426119989520566,0.0,0.1233953366518208,0.0050759758973015455,0.028916688498821064
2021-10-30,30878,32387.0,27189.0,326749341.8617763,0.0,0.0,4109.0,244713880.65400293,177.0,11276277.953676831,912.0,54569751.25468012,27189.0,2163.0,647.0,177.0,1248.0,,,2.0,,2.0,,,1.0,25.0,,,8.0,8.0,,5.0,,,,,,,,,,,,,,,,,,0.8395035044925433,0.0,0.1268718930435051,0.005465155772377806,0.02815944669157378
2021-10-31,28898,30541.0,24892.0,302720480.3395818,2.0,15000.159109086268,4376.0,215220163.62952012,179.0,19930642.307292957,1092.0,44771535.69974884,24892.0,2128.0,673.0,179.0,1503.0,,4.0,,,1.0,1.0,,,41.0,,2.0,8.0,15.0,,2.0,,,,,,,,,,,,,,,,,,0.8150355260142104,6.548574048001048e-05,0.14328280017026293,0.005860973772960938,0.03575521430208572
2021-11-01,25479,26813.0,22244.0,257791189.6050448,2.0,120913.72860628387,3463.0,155537370.44643933,158.0,12724841.552015694,946.0,54592101.37376475,22244.0,1727.0,564.0,158.0,1102.0,,4.0,1.0,,5.0,,,1.0,37.0,,1.0,9.0,7.0,,6.0,1.0,,,,,,,,,,,,,,,,,0.8295975832618506,7.459068362361541e-05,0.12915376869429007,0.005892664006265617,0.03528139335397009
2021-11-02,29114,30607.0,25180.0,361963859.43565834,5.0,154103.4136705237,4180.0,235212907.20785844,175.0,10841584.652632995,1067.0,52381639.85619849,25179.0,2104.0,636.0,175.0,1379.0,1.0,4.0,1.0,,2.0,,,,37.0,1.0,,2.0,4.0,,10.0,5.0,,,,,,,,,,,,,,,,,0.8226876204789754,0.00016336132257326755,0.13657006567125168,0.005717646290064365,0.0348613062371353
2021-11-03,31344,33247.0,25206.0,336877443.8167156,3.0,183817.69417215005,6161.0,199578098.4184768,303.0,20759049.87240986,1574.0,65888774.544787966,25206.0,3255.0,722.0,303.0,2099.0,,13.0,,,2.0,,,,58.0,,1.0,3.0,2.0,1.0,6.0,2.0,,,,,,,,,,,,,,,,,0.7581435919030288,9.02337052967185e-05,0.18530995277769421,0.009113604234968568,0.04734261737901164
2021-11-04,28348,30251.0,22940.0,314351551.4709299,2.0,89067.14447615496,5580.0,219062686.57107592,305.0,12613255.613547944,1424.0,60785001.08711534,22939.0,2939.0,595.0,305.0,1916.0,,4.0,1.0,,3.0,,,,97.0,1.0,2.0,5.0,13.0,,7.0,,,,,,,,,,,,,,,,,,0.7583220389408615,6.611351690853195e-05,0.18445671217480414,0.010082311328551122,0.04707282403887475
2021-11-05,28978,30689.0,23042.0,296596742.1023344,0.0,0.0,5792.0,183798361.9547643,248.0,11475846.162808836,1607.0,81741537.41400956,23042.0,3910.0,556.0,248.0,1257.0,,5.0,1.0,,1.0,,,,43.0,,,6.0,7.0,,6.0,,,,,,,,,,,,,,,,,,0.7508227703737496,0.0,0.18873211900029327,0.008081071393658965,0.052364039232298216
2021-11-06,27887,29777.0,22775.0,240191655.3282891,1.0,203040.48812851857,5269.0,154629782.99119076,263.0,7002401.049346679,1469.0,81250016.56933628,22775.0,2981.0,580.0,263.0,1603.0,,1.0,,,1.0,,,,54.0,,,26.0,12.0,,11.0,1.0,,,,,,,,,,,,,,,,,0.7648520670316016,3.358296671927998e-05,0.17694865164388623,0.008832320247170636,0.04933337811062229
2021-11-07,30834,32699.0,25725.0,265330392.08882576,2.0,34732.66744976959,5208.0,153273992.24545753,270.0,8811090.376946257,1494.0,64013843.39904171,25722.0,3067.0,590.0,270.0,1479.0,1.0,,,,,1.0,,2.0,46.0,3.0,1.0,7.0,9.0,,6.0,1.0,,,,,,,,,,,,,,,,,0.7867213064619714,6.116394996788892e-05,0.15927092571638277,0.008257133245665006,0.04568947062601303
2021-11-08,30679,32648.0,25077.0,335063977.64262694,0.0,0.0,5523.0,283354326.19612485,462.0,19205196.601583667,1586.0,90306192.59657796,25076.0,3459.0,618.0,462.0,1315.0,1.0,2.0,,,1.0,,,,102.0,1.0,,11.0,6.0,,8.0,,,,,,,,,,,,,,,,,,0.76810218083803,0.0,0.1691680960548885,0.014150943396226415,0.04857877971085518
2021-11-09,27041,28892.0,21714.0,343669668.7409557,0.0,0.0,5186.0,212334893.6662109,251.0,12205789.94109668,1741.0,130021245.86205599,21714.0,3536.0,399.0,251.0,1178.0,,3.0,,,,,,,56.0,,,6.0,2.0,1.0,5.0,,,,,,,,,,,,,,,,,,0.7515575245742766,0.0,0.1794960542710785,0.008687525958742904,0.06025889519590198
2021-11-10,29641,31951.0,23513.0,475713857.4022437,2.0,44444.0,6442.0,474658947.14366215,228.0,16773351.541109739,1766.0,127644139.98805836,23512.0,4328.0,552.0,228.0,1458.0,,1.0,,,2.0,1.0,,1.0,81.0,1.0,1.0,2.0,5.0,,11.0,1.0,,,,,,,,,,,,,,,,,0.735908109292354,6.259584989515196e-05,0.20162123251228445,0.007135926888047322,0.05527213545741917
2021-11-11,33695,35430.0,28826.0,448112376.3161817,0.0,0.0,5110.0,240449735.17888525,199.0,8268907.732251476,1295.0,106041493.02441509,28826.0,3176.0,409.0,199.0,1436.0,1.0,2.0,,,2.0,,,,62.0,,,6.0,5.0,,5.0,,6.0,,,,,,,,,,,,,,,,0.8136042901495908,0.0,0.14422805532035,0.0056167090036692065,0.036550945526390065
2021-11-12,35563,37270.0,31131.0,379901086.303626,0.0,0.0,4726.0,267029839.89884207,256.0,19337131.630305503,1157.0,74648383.05345426,31128.0,2945.0,482.0,256.0,1190.0,,1.0,,,1.0,,,1.0,85.0,3.0,,5.0,5.0,,5.0,,6.0,,,,,,,,,,,,,,,,0.8352830694928898,0.0,0.1268044003219748,0.006868795277703246,0.03104373490743225
2021-11-13,28576,30007.0,24403.0,287386495.61405426,0.0,0.0,4458.0,142610741.6874858,177.0,11908536.690685024,969.0,47649851.20550142,24399.0,2763.0,301.0,177.0,1085.0,3.0,3.0,,,1.0,,,,46.0,4.0,,7.0,6.0,,240.0,,3.0,,,,,,,,,,,,,,,,0.813243576498817,0.0,0.1485653347552238,0.005898623654480621,0.03229246509147866
2021-11-14,27833,29544.0,23617.0,243653941.5048642,1.0,7604.76140029346,4612.0,158755892.07248062,195.0,5855967.703712159,1119.0,55402194.09441289,23615.0,2914.0,421.0,195.0,1148.0,5.0,12.0,,,,,,,62.0,2.0,1.0,7.0,19.0,,22.0,,2.0,,,,,,,,,,,,,,,,0.7993839696723531,3.3847820200379094e-05,0.15610614676414838,0.006600324939073924,0.03787571080422421
2021-11-15,26175,27892.0,20663.0,300900279.60768396,0.0,0.0,5837.0,185513830.9000999,150.0,5481205.576837637,1242.0,74591640.39423232,20662.0,4117.0,398.0,150.0,1225.0,1.0,,,,3.0,,,,42.0,1.0,,15.0,17.0,,18.0,,1.0,,,,,,,,,,,,,,,,0.7408217410010038,0.0,0.20927147569195467,0.005377886132224293,0.04452889717481715
2021-11-16,25674,27714.0,20753.0,448532344.4821915,2.0,112228.83332057088,5296.0,446599325.99712676,258.0,37210702.6418054,1405.0,112057462.75809269,20750.0,3074.0,702.0,258.0,1386.0,,3.0,,,2.0,,,,73.0,3.0,1.0,11.0,26.0,,11.0,1.0,8.0,,,,,,,,,,,,,,,,0.7488273074980154,7.216569242981887e-05,0.19109475355416036,0.009309374323446633,0.05069639893194775
2021-11-17,24481,26432.0,19774.0,321605933.67880833,2.0,74691.83097625483,5101.0,359076375.7739027,212.0,16963344.07699137,1343.0,77641704.52681942,19772.0,3112.0,650.0,212.0,1241.0,2.0,2.0,,,3.0,,,1.0,65.0,2.0,1.0,3.0,15.0,,5.0,1.0,2.0,,,,,,,,,,,,,,,,0.7481083535108959,7.566585956416465e-05,0.19298577481840193,0.008020581113801453,0.05080962469733656
2021-11-18,27026,29079.0,21539.0,421357891.50238264,1.0,54535.81899173089,6022.0,444495781.3019632,248.0,27364446.444364555,1269.0,81318238.30522116,21537.0,3798.0,608.0,248.0,1502.0,,4.0,,,13.0,1.0,,1.0,60.0,2.0,,2.0,10.0,,16.0,1.0,7.0,,,,,,,,,,,,,,,,0.7407063516627119,3.4389078028818045e-05,0.20709102788954228,0.008528491351146876,0.0436397400185701
2021-11-19,24670,26710.0,19661.0,300484523.77691686,0.0,0.0,5527.0,288200857.3621708,262.0,22364949.164241258,1260.0,73915904.29093038,19659.0,3318.0,530.0,262.0,1543.0,7.0,3.0,1.0,,3.0,,,,91.0,2.0,,5.0,11.0,,4.0,,11.0,,,,,,,,,,,,,,,,0.7360913515537252,0.0,0.2069262448521153,0.009809060277049794,0.0471733433171097
2021-11-20,24628,26425.0,20407.0,247767662.78715125,1.0,4288.706604463964,4721.0,163149017.19326407,183.0,10783517.185939422,1113.0,60265634.72396711,20404.0,2939.0,474.0,183.0,1239.0,5.0,2.0,,,2.0,,,,34.0,3.0,,3.0,5.0,,4.0,1.0,14.0,,,,,,,,,,,,,,,,0.7722611163670766,3.784295175023652e-05,0.1786565752128666,0.006925260170293283,0.042119205298013246
2021-11-21,25325,26983.0,21096.0,242928249.49767804,1.0,96175.09964909212,4646.0,225288839.46891084,165.0,12616219.330429204,1075.0,76735497.776334,21092.0,2985.0,473.0,165.0,1125.0,1.0,,1.0,,1.0,,,,45.0,4.0,,1.0,7.0,,5.0,1.0,2.0,,,,,,,,,,,,,,,,0.7818255938924508,3.706037134492088e-05,0.17218248526850238,0.006114961271911945,0.039839899195789945
2021-11-22,21281,22929.0,17103.0,283443727.0954971,3.0,130448.74795435774,4473.0,418012097.7503802,175.0,18739037.34670184,1175.0,110840536.65482502,17101.0,2578.0,507.0,175.0,1304.0,4.0,1.0,1.0,,4.0,,,,48.0,2.0,1.0,3.0,10.0,,4.0,2.0,9.0,,,,,,,,,,,,,,,,0.7459112913777313,0.00013083867591259977,0.19508046578568625,0.007632256094901653,0.05124514806576824
2021-11-23,25102,27556.0,19400.0,313493128.8638641,3.0,179172.46186752987,4986.0,262863939.55297056,180.0,14491224.787766883,2987.0,194125644.69319326,19396.0,3133.0,601.0,180.0,1160.0,4.0,3.0,2.0,,4.0,,,,57.0,4.0,1.0,2.0,10.0,,4.0,2.0,6.0,,,,,,,,,,,,,,,,0.704020902888663,0.00010886921178690666,0.18094062998983887,0.0065321527072144,0.10839744520249674
2021-11-24,29619,32432.0,23488.0,346596201.52617854,1.0,4927.72869960289,5372.0,298049114.02769744,226.0,21379486.68560826,3345.0,195724376.80198225,23487.0,3273.0,574.0,226.0,1427.0,6.0,2.0,2.0,,3.0,1.0,,,58.0,1.0,1.0,4.0,5.0,,15.0,,2.0,,,,,,,,,,,,,,,,0.7242229896398619,3.0833744449926e-05,0.16563887518500248,0.006968426245683276,0.10313887518500246
2021-11-25,30137,32736.0,24102.0,403634127.77485865,0.0,0.0,6399.0,296256656.11011803,224.0,20252685.49789457,2011.0,114389622.5282291,24100.0,4062.0,519.0,223.0,1754.0,2.0,2.0,1.0,,,,,,43.0,2.0,,5.0,6.0,,4.0,,1.0,1.0,,,,,,,,,,,,,,,0.7362536656891495,0.0,0.19547287390029325,0.006842619745845552,0.06143084066471163
2021-11-26,29561,32922.0,22467.0,461868169.42749125,3.0,174084.56661252253,8037.0,546847072.579221,305.0,33963849.135676794,2110.0,130051901.85944822,22465.0,5558.0,644.0,305.0,1688.0,4.0,2.0,2.0,,9.0,1.0,,,61.0,2.0,2.0,20.0,26.0,1.0,15.0,1.0,6.0,,,,,,,,,,,,,,,,0.6824312010205942,9.112447603426281e-05,0.24412247129579004,0.009264321730150052,0.0640908814774315
2021-11-27,25718,28167.0,20588.0,285036668.24813354,0.0,0.0,5503.0,247998708.36319342,203.0,19214866.346400343,1873.0,91363418.65963955,20586.0,3581.0,455.0,203.0,1352.0,5.0,,2.0,,8.0,,,,59.0,2.0,,14.0,6.0,,14.0,,7.0,,,,,,,,,,,,,,,,0.7309262612276778,0.0,0.1953704689885327,0.007207015301594064,0.06649625448219548
2021-11-28,22447,25066.0,17872.0,310455717.2565758,2.0,182774.78479641,5217.0,262813514.2506895,214.0,24680035.91483487,1761.0,80595115.20435303,17872.0,3374.0,434.0,213.0,1248.0,6.0,,1.0,,9.0,,,,61.0,,,54.0,11.0,,11.0,2.0,8.0,1.0,,,,,,,,,,,,,,,0.7129976861086731,7.978935609989628e-05,0.20813053538657944,0.0085374611026889,0.07025452804595866
2021-11-29,22574,24499.0,17451.0,290412074.7170133,0.0,0.0,5451.0,265732572.4091572,193.0,15398986.141122038,1404.0,78354599.74534386,17450.0,3462.0,417.0,193.0,1465.0,4.0,1.0,,,2.0,1.0,,,50.0,1.0,,24.0,10.0,,8.0,,7.0,,,,,,,,,,,,,,,,0.7123147883587085,0.0,0.2224988775052043,0.007877872566227193,0.05730846156986
2021-11-30,22577,24596.0,17639.0,326814188.2323942,2.0,221609.33675478716,5156.0,490915707.6624923,240.0,15726897.499709647,1559.0,86530529.70264322,17638.0,2870.0,798.0,239.0,1396.0,2.0,,1.0,,7.0,2.0,,,52.0,1.0,,12.0,3.0,,9.0,2.0,4.0,1.0,,,,,,,,,,,,,,,0.7171491299398276,8.13140348024069e-05,0.20962758172060497,0.009757684176288828,0.06338429012847617
2021-12-01,22030,23619.0,17142.0,285382527.136273,0.0,0.0,5191.0,334223464.2335532,202.0,44582994.33354749,1084.0,54610465.687316075,17134.0,3460.0,392.0,202.0,1272.0,2.0,,2.0,,4.0,2.0,,,37.0,8.0,,6.0,3.0,,4.0,,7.0,,,,,,,,,,,,,,,,0.7257716245395656,0.0,0.2197806850417037,0.008552436597654431,0.04589525382107625
2021-12-02,22910,24812.0,16748.0,300511913.54416597,1.0,5756.7069550837405,6425.0,376328254.44439024,368.0,32631181.99516203,1270.0,82818541.99096571,16748.0,3644.0,390.0,367.0,2279.0,4.0,1.0,,,5.0,1.0,,1.0,69.0,,1.0,7.0,7.0,,7.0,,10.0,1.0,,,,,,,,,,,,,,,0.6749959696920845,4.030307915524746e-05,0.25894728357246494,0.014831533129131066,0.05118491052716428
2021-12-03,22047,24106.0,16346.0,281694802.7414152,2.0,240008.04046599998,6202.0,450460822.3874965,282.0,29530147.46449245,1274.0,79311781.98744003,16344.0,3824.0,533.0,281.0,1730.0,2.0,,,,6.0,,,1.0,71.0,2.0,,4.0,12.0,1.0,9.0,2.0,9.0,1.0,,,,,,,,,,,,,,,0.6780884427113582,8.296689620841284e-05,0.2572803451422882,0.011698332365386211,0.05284991288475898
2021-12-04,23979,26580.0,17240.0,484739999.4559929,0.0,0.0,7459.0,836203874.7142769,335.0,34246064.63048742,1546.0,104621775.20150912,17240.0,4960.0,688.0,334.0,1665.0,3.0,1.0,,,18.0,2.0,,,64.0,,,6.0,16.0,2.0,26.0,,8.0,1.0,,,,,,,,,,,,,,,0.6486079759217457,0.0,0.2806245297215952,0.012603461249059443,0.0581640331075997
2021-12-05,17639,19566.0,13411.0,266509396.5126355,0.0,0.0,4802.0,385406340.3316917,165.0,14916090.381989902,1188.0,82637188.94007914,13411.0,2955.0,418.0,165.0,1322.0,5.0,2.0,,,4.0,1.0,,,59.0,,,4.0,13.0,1.0,12.0,,6.0,,,,,,,,,,,,,,,,0.6854236941633446,0.0,0.24542573852601451,0.008432996013492794,0.06071757129714812
2021-12-06,22781,25235.0,17542.0,362172482.7197438,1.0,80504.63073247336,5849.0,576018522.3253947,245.0,19683527.249251965,1598.0,155174859.1046691,17541.0,3717.0,583.0,244.0,1398.0,7.0,1.0,1.0,,9.0,,,,98.0,1.0,,2.0,8.0,,19.0,1.0,6.0,1.0,,,,,,,,,,,,,,,0.6951456310679611,3.962750148603131e-05,0.2317812561917971,0.009708737864077669,0.06332474737467803
2021-12-07,20517,22461.0,15146.0,276095549.00239897,0.0,0.0,5809.0,323863778.001047,158.0,17314667.671872243,1348.0,124006355.50352111,15144.0,4070.0,351.0,157.0,1260.0,6.0,1.0,,,8.0,,,,57.0,2.0,,13.0,6.0,,32.0,,5.0,1.0,,,,,,,,,,,,,,,0.6743243844886693,0.0,0.25862606295356394,0.007034415208583767,0.060015137349183026
2021-12-08,20132,22117.0,15506.0,228158717.31734338,0.0,0.0,5170.0,262277640.081019,136.0,5997915.193647957,1305.0,85345062.82820876,15505.0,3569.0,391.0,135.0,1057.0,8.0,3.0,,,5.0,1.0,,1.0,86.0,1.0,,9.0,17.0,,11.0,,12.0,1.0,,,,,,,,,,,,,,,0.701089659537912,0.0,0.2337568386309174,0.006149116064565719,0.059004385766604876
2021-12-09,22975,25115.0,18192.0,272560945.8193318,2.0,44438.01016049593,5391.0,497779134.0770975,168.0,14496565.680325212,1362.0,99009228.25037518,18192.0,3419.0,430.0,168.0,1382.0,5.0,2.0,2.0,,7.0,1.0,,3.0,88.0,,2.0,7.0,24.0,,14.0,,7.0,,,,,,,,,,,,,,,,0.7243479992036631,7.963368504877563e-05,0.2146525980489747,0.006689229544097153,0.05423053951821621
2021-12-10,23422,25809.0,17735.0,251690851.45303082,0.0,0.0,6193.0,587194194.1581004,262.0,35016537.11703337,1619.0,120566112.67465848,17735.0,4207.0,541.0,262.0,1290.0,3.0,1.0,,,13.0,,,1.0,92.0,,,10.0,14.0,2.0,16.0,,3.0,,,,,,,,,,,,,,,,0.6871633926149793,0.0,0.2399550544383742,0.010151497539617962,0.06273005540702856
2021-12-11,20191,21966.0,15439.0,171409245.6419109,1.0,37780.598299094,5146.0,247866879.24581903,189.0,11287104.162784765,1191.0,62397849.977687046,15438.0,3674.0,363.0,189.0,991.0,2.0,,2.0,,10.0,,,1.0,61.0,1.0,1.0,1.0,24.0,1.0,13.0,,3.0,,,,,,,,,,,,,,,,0.7028589638532278,4.552490212146044e-05,0.2342711463170354,0.008604206500956023,0.054220158426659386
2021-12-12,18767,20782.0,14577.0,183827915.4262405,1.0,4837.898570688,4691.0,222608193.836133,166.0,20153874.919863276,1347.0,60444808.642365634,14577.0,3214.0,422.0,166.0,916.0,3.0,,,,4.0,,,1.0,82.0,,1.0,6.0,27.0,3.0,11.0,,2.0,,,,,,,,,,,,,,,,0.7014243094986046,4.8118564142046e-05,0.22572418439033778,0.007987681647579636,0.06481570589933597
2021-12-13,19692,22166.0,15245.0,268139414.6752995,4.0,308964.5048785703,5140.0,510681502.5565547,250.0,50565128.0536254,1527.0,86081046.32338348,15244.0,3218.0,609.0,249.0,1186.0,3.0,3.0,,1.0,11.0,,,,81.0,1.0,2.0,7.0,7.0,1.0,11.0,2.0,3.0,,,,,,,,,,,,,,,,0.6877650455652802,0.00018045655508436344,0.231886673283407,0.011278534692772716,0.06888928990345575
2021-12-14,18413,20626.0,13860.0,199747373.71586937,3.0,185432.5392037062,5144.0,385317421.93572927,227.0,28055387.28238234,1392.0,76492916.26889645,13860.0,3157.0,652.0,227.0,1161.0,10.0,4.0,,,8.0,1.0,,,97.0,,,10.0,22.0,,17.0,3.0,5.0,,,,,,,,,,,,,,,,0.6719674197614661,0.0001454474934548628,0.2493939687772714,0.011005527004751285,0.06748763696305633
2021-12-15,20242,22377.0,15255.0,264797728.2955883,2.0,149346.74822542185,5568.0,488657830.86109793,218.0,39023345.72999972,1334.0,68003480.15876038,15255.0,3024.0,818.0,217.0,1594.0,9.0,3.0,,,4.0,,,2.0,62.0,,,4.0,19.0,2.0,18.0,2.0,9.0,1.0,,,,,,,,,,,,,,,0.6817267730258748,8.937748581132413e-05,0.24882692049872637,0.00974214595343433,0.059614783036153196
2021-12-16,16381,18100.0,12399.0,185309820.772718,1.0,12871.43506,4458.0,340854996.9617296,120.0,18787849.29723731,1122.0,43770881.88226848,12398.0,2799.0,687.0,120.0,860.0,26.0,1.0,1.0,,,1.0,,,46.0,1.0,1.0,7.0,9.0,,4.0,,17.0,,,,,,,,,,,,,,,,0.6850276243093922,5.524861878453039e-05,0.24629834254143645,0.0066298342541436465,0.06198895027624309
2021-12-17,19021,21374.0,14935.0,234771463.80614766,1.0,92339.61925537467,4712.0,435230452.23438954,161.0,26517755.632602636,1565.0,79704546.00612415,14931.0,2877.0,826.0,157.0,882.0,10.0,2.0,1.0,,1.0,1.0,,,75.0,4.0,,4.0,12.0,2.0,8.0,1.0,11.0,4.0,,,,,,,,,,,,,,,0.6987461401703003,4.678581454103116e-05,0.22045475811733883,0.007532516141106017,0.07321979975671376
2021-12-18,19103,21350.0,14680.0,193334316.13321617,1.0,82414.68514846147,4145.0,265807448.01941547,149.0,6512736.755331703,2375.0,108412008.56123897,14678.0,2511.0,688.0,148.0,791.0,6.0,2.0,,,6.0,,,,100.0,2.0,,3.0,16.0,1.0,17.0,1.0,4.0,1.0,,,,,,,,,,,,,,,0.6875878220140516,4.68384074941452e-05,0.19414519906323185,0.006978922716627635,0.11124121779859485
2021-12-19,20765,22863.0,16081.0,163161237.00048664,0.0,0.0,4452.0,191896713.92837486,119.0,7996974.808813666,2211.0,83445859.80193233,16076.0,2787.0,677.0,119.0,883.0,6.0,1.0,,,4.0,6.0,,,47.0,5.0,,3.0,11.0,,24.0,,3.0,,,,,,,,,,,,,,,,0.7033635130997682,0.0,0.19472510169269125,0.005204916240213445,0.09670646896732712
2021-12-20,23260,25963.0,18086.0,228699110.6825036,0.0,0.0,5217.0,333041248.6252606,191.0,36603823.02671107,2469.0,113996354.71505289,18085.0,3424.0,734.0,190.0,947.0,7.0,3.0,1.0,,,5.0,,,51.0,1.0,,4.0,15.0,,11.0,,15.0,1.0,,,,,,,,,,,,,,,0.6966067095482033,0.0,0.200939798944652,0.007356622886415283,0.0950968686207295
2021-12-21,22252,24732.0,17489.0,209183872.46110654,0.0,0.0,4695.0,280987182.5150589,176.0,11835863.005572027,2372.0,117044781.50838153,17488.0,2840.0,709.0,174.0,973.0,15.0,,,1.0,2.0,,,,130.0,1.0,,4.0,4.0,,13.0,,5.0,1.0,,,,,,,,,,,,,,,0.7071405466601973,0.0,0.1898350315380883,0.007116286592269125,0.09590813520944526
2021-12-22,21544,23836.0,16013.0,234965573.84405503,0.0,0.0,5675.0,235990155.00185478,109.0,9969816.953086266,2039.0,117065632.11014178,16012.0,2576.0,419.0,108.0,2525.0,10.0,1.0,,,2.0,1.0,,,100.0,1.0,,6.0,2.0,,23.0,,10.0,1.0,,,,,,,,,,,,,,,0.6717989595569727,0.0,0.2380852492028864,0.004572914918610505,0.08554287632153046
2021-12-23,22391,25097.0,15984.0,287131206.1661534,0.0,0.0,6499.0,228344024.20687,148.0,15162407.467027634,2466.0,107760025.06496263,15983.0,2787.0,451.0,147.0,3094.0,9.0,3.0,1.0,,4.0,4.0,,1.0,113.0,1.0,,11.0,2.0,,11.0,,8.0,1.0,,,,,,,,,,,,,,,0.6368888711798223,0.0,0.25895525361597005,0.005897119177590947,0.09825875602661673
2021-12-24,22010,24468.0,16347.0,216724059.32909426,1.0,6496.622464722481,5548.0,190659219.05845782,129.0,6464529.520776502,2443.0,83239537.29942285,16346.0,3095.0,408.0,129.0,1940.0,1.0,1.0,1.0,,5.0,,,,68.0,1.0,1.0,6.0,1.0,,13.0,,9.0,,,,,,,,,,,,,,,,0.668097106424718,4.086970737289521e-05,0.22674513650482261,0.005272192251103482,0.099844695111983
2021-12-25,24363,26570.0,18650.0,204584029.04914784,0.0,0.0,5108.0,119597416.63937652,96.0,7242093.437334782,2716.0,100817125.78407449,18650.0,2427.0,315.0,96.0,2280.0,5.0,,,,1.0,1.0,,,42.0,,,6.0,6.0,2.0,11.0,,12.0,,,,,,,,,,,,,,,,0.7019194580353783,0.0,0.19224689499435454,0.0036130974783590516,0.10222054949190816
2021-12-26,21177,23549.0,15541.0,184169334.840967,0.0,0.0,5682.0,140337756.96915177,144.0,7675521.515173302,2182.0,84627634.02288245,15541.0,3509.0,498.0,142.0,1580.0,3.0,,,,1.0,1.0,,,57.0,,,7.0,6.0,1.0,15.0,,4.0,2.0,,,,,,,,,,,,,,,0.6599430973714383,0.0,0.24128413096097498,0.006114909337976135,0.0926578623296106
2021-12-27,21847,24064.0,16110.0,205314993.38936985,0.0,0.0,5648.0,137029450.48672912,108.0,7507744.921762768,2198.0,118708857.96412095,16110.0,3260.0,458.0,108.0,1805.0,2.0,,,,4.0,,,,92.0,,,2.0,5.0,3.0,12.0,,5.0,,,,,,,,,,,,,,,,0.6694647606382979,0.0,0.23470744680851063,0.004488031914893617,0.09133976063829788
2021-12-28,21847,24497.0,16554.0,263251200.94804132,1.0,20522.698876257436,5468.0,346243120.8037769,136.0,19715775.314098164,2338.0,98501792.67605412,16554.0,3358.0,498.0,135.0,1496.0,2.0,,1.0,,4.0,1.0,,1.0,75.0,,1.0,1.0,8.0,5.0,10.0,,8.0,1.0,,,,,,,,,,,,,,,0.6757562150467404,4.0821325060211456e-05,0.22321100542923622,0.005551700208188758,0.09544025799077438
2021-12-29,21970,24411.0,16168.0,229922085.55598837,0.0,0.0,5954.0,258742453.9968455,115.0,16177610.618856497,2174.0,105583343.39855134,16167.0,2964.0,393.0,115.0,1236.0,,,,,,1.0,,,123.0,1.0,,,2.0,2.0,1232.0,,1.0,,,,,,,,,,,,,,,,0.6623243619679653,0.0,0.2439064356232846,0.004710990946704355,0.0890582114620458
2021-12-30,20921,23394.0,14451.0,210013810.7831885,1.0,69285.9132715585,6743.0,213722384.11743537,146.0,21383220.089337368,2053.0,95072167.8212199,14451.0,4253.0,454.0,146.0,1553.0,2.0,1.0,1.0,,4.0,,,,220.0,,,11.0,5.0,1.0,230.0,,8.0,,1.0,,,,,,,,,,,,,,0.6177224929469095,4.274600324869625e-05,0.2882362999059588,0.006240916474309652,0.08775754466957339
2021-12-31,23404,25974.0,16396.0,243055820.00580034,0.0,0.0,7303.0,248980870.66334638,189.0,17017545.187968206,2086.0,135969015.14409882,16396.0,5094.0,523.0,187.0,1408.0,2.0,6.0,,,5.0,,,1.0,141.0,,,,13.0,1.0,104.0,,5.0,2.0,,,,,,,,,,,,,,,0.6312466312466313,0.0,0.28116578116578117,0.007276507276507277,0.08031108031108031
2022-01-01,18530,20848.0,13540.0,203616442.9881074,1.0,35333.70276376582,5164.0,206735418.18767962,149.0,18369324.316827122,1994.0,100471623.03494129,13538.0,3413.0,414.0,147.0,1178.0,,,,,4.0,,,1.0,102.0,2.0,1.0,3.0,1.0,,42.0,,6.0,2.0,,,,,,,,,,,,,,,0.6494627782041443,4.7966231772831926e-05,0.24769762087490407,0.007146968534151957,0.09564466615502686
2022-01-02,17426,19456.0,13814.0,167985757.501569,0.0,0.0,3726.0,165388899.76199594,105.0,4611335.377120682,1811.0,70784718.47925194,13811.0,2263.0,386.0,105.0,946.0,5.0,,,,3.0,,,,65.0,3.0,,8.0,3.0,1.0,40.0,,6.0,,,,,,,,,,,,,,,,0.7100123355263158,0.0,0.19150904605263158,0.005396792763157895,0.09308182565789473
2022-01-03,18508,20610.0,14598.0,225941692.61285067,2.0,63073.47827728005,3976.0,188184795.12336656,92.0,8933426.12055177,1942.0,100591392.1311378,14597.0,2442.0,398.0,92.0,981.0,10.0,10.0,1.0,,,3.0,,1.0,66.0,1.0,1.0,3.0,7.0,,42.0,1.0,12.0,,,,,,,,,,,,,,,,0.7082969432314411,9.704027171276079e-05,0.19291606016496846,0.004463852498786997,0.09422610383309073
2022-01-04,17516,19566.0,13503.0,224230406.22339016,1.0,224304.98614346635,4127.0,265418379.43469864,92.0,9451027.342654534,1843.0,83165985.28066547,13502.0,2484.0,351.0,91.0,996.0,5.0,,1.0,,,,,4.0,139.0,1.0,,1.0,,,129.0,,17.0,1.0,1.0,,,,,,,,,,,,,,0.6901257283042012,5.1109066748441174e-05,0.21092711847081672,0.004702034140856588,0.09419401001737708
2022-01-05,21433,24344.0,16365.0,348806244.3201473,0.0,0.0,5343.0,389379720.8669775,166.0,26437439.08682852,2470.0,146637481.36210185,16364.0,3354.0,482.0,165.0,1056.0,2.0,1.0,,,1.0,1.0,,1.0,60.0,1.0,,9.0,4.0,1.0,357.0,,14.0,1.0,,,,,,,,,,,,,,,0.6722395662175484,0.0,0.21947913243509695,0.0068189286887939534,0.10146237265856063
2022-01-06,19834,22717.0,15015.0,282752781.4332061,0.0,0.0,5286.0,435021223.11098015,169.0,50178039.10889737,2247.0,115358909.34911664,15015.0,3316.0,437.0,168.0,1216.0,2.0,1.0,,,,2.0,,,95.0,,,1.0,7.0,1.0,203.0,,5.0,1.0,,,,,,,,,,,,,,,0.6609587533565171,0.0,0.23268917550732932,0.007439362591891535,0.09891270854426201
2022-01-07,19127,22160.0,14496.0,307219432.6726361,1.0,2271.801689394906,5101.0,470387105.73314655,206.0,39613420.03814853,2356.0,125745828.73494689,14495.0,3074.0,534.0,203.0,1192.0,2.0,1.0,1.0,,6.0,,,,123.0,1.0,,5.0,12.0,2.0,142.0,1.0,7.0,3.0,,,,,,,,,,,,,,,0.6541516245487364,4.5126353790613716e-05,0.23018953068592057,0.009296028880866426,0.10631768953068592
2022-01-08,16883,19217.0,12890.0,245191993.45033684,1.0,30472.93897831035,4292.0,346208788.02681565,155.0,14480045.968481548,1879.0,91815245.44039896,12890.0,2625.0,429.0,152.0,964.0,6.0,2.0,,,3.0,1.0,,,126.0,,1.0,7.0,6.0,,117.0,,6.0,3.0,,,,,,,,,,,,,,,0.670760264349274,5.2037258677212886e-05,0.2233439142425977,0.008065775094967998,0.09777800905448301
2022-01-09,12454,13830.0,9788.0,161952400.81690878,0.0,0.0,2753.0,156639153.15479282,72.0,6857354.589336346,1217.0,71378296.04490009,9787.0,1705.0,256.0,72.0,653.0,1.0,,1.0,,1.0,,,,53.0,1.0,,1.0,3.0,,75.0,,4.0,,,,,,,,,,,,,,,,0.7077368040491685,0.0,0.199060014461316,0.005206073752711497,0.08799710773680405
2022-01-10,15880,18050.0,12477.0,314608296.05899084,1.0,98287.24545529911,3463.0,437071932.6366226,135.0,26149767.732865907,1974.0,108864447.86207464,12476.0,2011.0,546.0,135.0,720.0,5.0,3.0,,,,,,,63.0,1.0,,4.0,22.0,,80.0,1.0,9.0,,,,,,,,,,,,,,,,0.6912465373961219,5.5401662049861494e-05,0.19185595567867036,0.007479224376731302,0.1093628808864266
2022-01-11,15713,17548.0,12655.0,243286464.81948447,1.0,14193.958561529516,2885.0,233453084.3611211,112.0,9007525.748469925,1895.0,109918225.6292309,12655.0,1724.0,329.0,112.0,687.0,4.0,2.0,,,3.0,,,,60.0,,1.0,2.0,5.0,1.0,61.0,,7.0,,,,,,,,,,,,,,,,0.721164805105995,5.6986551173922956e-05,0.1644062001367677,0.0063824937314793705,0.10798951447458399
2022-01-12,15942,17833.0,12892.0,253686772.92342997,1.0,62634.470349,2970.0,185605899.6584663,104.0,7652694.217970364,1866.0,110206174.13311698,12891.0,1716.0,298.0,104.0,762.0,4.0,4.0,,,,,,,70.0,1.0,,46.0,8.0,1.0,58.0,1.0,3.0,,,,,,,,,,,,,,,,0.722929400549543,5.607581450120563e-05,0.16654516906858072,0.0058318847081253854,0.10463746985924971
2022-01-13,14479,16174.0,11365.0,222593734.54550272,0.0,0.0,2918.0,275962579.4388023,88.0,7792546.873470033,1803.0,101549667.56832579,11364.0,1732.0,338.0,86.0,663.0,3.0,,,,,,,1.0,81.0,1.0,,12.0,16.0,,57.0,,15.0,2.0,,,,,,,,,,,,,,,0.702670953381971,0.0,0.1804130085322122,0.005440830963274391,0.11147520712254236
2022-01-14,18223,19591.0,15591.0,190474664.43516335,1.0,31128.828584287025,2586.0,129162860.13068481,82.0,8211777.583373857,1331.0,83569186.89081833,15589.0,1639.0,268.0,82.0,589.0,1.0,,1.0,,2.0,1.0,,,36.0,2.0,,1.0,2.0,,35.0,1.0,11.0,,,,,,,,,,,,,,,,0.7958246133428615,5.104384666428462e-05,0.13199938747384002,0.0041855954264713386,0.06793935991016282
2022-01-15,14282,15683.0,11528.0,157603061.93835446,1.0,19423.243,2690.0,154369438.69026157,63.0,3004182.9715919597,1401.0,70464388.66425346,11528.0,1702.0,290.0,63.0,590.0,3.0,,,,,,,,33.0,,1.0,5.0,6.0,,51.0,,10.0,,,,,,,,,,,,,,,,0.7350634444940382,6.376331059108588e-05,0.17152330549002104,0.004017088567238411,0.08933239813811134
2022-01-16,13822,15407.0,10902.0,167803891.8758774,0.0,0.0,2799.0,126587965.15297028,117.0,5227450.947600998,1589.0,99208652.56017165,10902.0,1678.0,328.0,116.0,707.0,1.0,,,,,,,,40.0,,,2.0,5.0,1.0,29.0,,8.0,1.0,,,,,,,,,,,,,,,0.7076004413578244,0.0,0.18167066917634841,0.007593950801583696,0.10313493866424353
2022-01-17,17362,19796.0,12888.0,252585678.89897382,1.0,716.8482251596664,4275.0,212681907.42992747,133.0,7202104.104235486,2499.0,153397810.7641361,12886.0,2490.0,818.0,132.0,800.0,2.0,1.0,,,6.0,,,1.0,62.0,2.0,,5.0,13.0,2.0,63.0,,12.0,1.0,1.0,,,,,,,,,,,,,,0.6510406142655082,5.051525560719337e-05,0.21595271772075167,0.006718528995756719,0.12623762376237624
2022-01-18,16684,18789.0,12961.0,238924918.02475372,3.0,64151.78728041567,3619.0,234822306.42804855,164.0,17017806.17903597,2042.0,119187641.62539455,12960.0,1987.0,661.0,164.0,829.0,1.0,,,,3.0,,,,76.0,1.0,3.0,12.0,11.0,1.0,30.0,,8.0,,,,,,,,,,,,,,,,0.6898185108308053,0.0001596678907871627,0.1926126989195806,0.008728511363031561,0.10868061099579542
2022-01-19,16707,18816.0,13072.0,221994138.7095978,1.0,49970.713137019964,3697.0,217321849.04424408,139.0,10097805.844693322,1907.0,115058878.14940046,13069.0,2030.0,647.0,134.0,875.0,5.0,2.0,,,2.0,,,,66.0,3.0,,3.0,4.0,3.0,48.0,1.0,12.0,5.0,,,,,,,,,,,,,,,0.6947278911564626,5.314625850340136e-05,0.19648171768707484,0.0073873299319727895,0.1013499149659864
2022-01-20,17357,19457.0,13388.0,331562539.06188,1.0,222736.996357,4187.0,404248097.77471316,172.0,10091510.306889338,1709.0,152802820.68798998,13387.0,2317.0,817.0,167.0,912.0,7.0,,,,3.0,1.0,,,76.0,1.0,,5.0,5.0,,30.0,1.0,14.0,5.0,,,,,,,,,,,,,,,0.688081410289356,5.139538469445444e-05,0.21519247571568073,0.008840006167446164,0.08783471244282264
2022-01-21,21783,25246.0,16306.0,442754977.41610736,1.0,5209.74985063863,6425.0,792531665.3712549,271.0,53437086.425845705,2243.0,161032485.399497,16304.0,4276.0,591.0,271.0,1348.0,3.0,3.0,3.0,,15.0,,,,107.0,2.0,,7.0,14.0,4.0,39.0,,15.0,,1.0,,,,,,,,,,,,,,0.6458844965539096,3.9610235284797595e-05,0.2544957617048245,0.010734373762180147,0.088845757743801
2022-01-22,21344,25191.0,15603.0,374767131.1381294,5.0,413724.36895339325,6696.0,686307933.6838926,345.0,57825282.022978954,2542.0,152198422.86596063,15601.0,4106.0,694.0,343.0,1629.0,19.0,6.0,3.0,,31.0,2.0,,,98.0,2.0,,5.0,20.0,1.0,56.0,4.0,26.0,2.0,1.0,,,,,,,,,,,,,,0.6193878766226033,0.0001984835854074868,0.2658092175777063,0.01369536739311659,0.10090905482116629
2022-01-23,14245,16212.0,10285.0,189789404.5490506,4.0,143640.994510027,4287.0,351409006.2361354,152.0,21022714.8214775,1484.0,56619082.90518524,10283.0,2974.0,324.0,150.0,870.0,6.0,3.0,,1.0,9.0,2.0,,,54.0,2.0,,4.0,8.0,,22.0,4.0,11.0,1.0,,,,,,,,,,,,,,,0.634406612385887,0.0002467308166790032,0.2644337527757217,0.009375771033802122,0.09153713298791019
2022-01-24,19107,22051.0,12733.0,297615842.6191041,5.0,238846.2926153824,6945.0,598222299.1591221,306.0,70919677.94356368,2062.0,135810218.98904714,12733.0,5071.0,531.0,304.0,1146.0,3.0,2.0,2.0,,17.0,,,2.0,90.0,,,23.0,9.0,2.0,34.0,5.0,13.0,2.0,,,,,,,,,,,,,,,0.5774341299714298,0.00022674708629994103,0.31495170287061813,0.013876921681556392,0.09351049839009569
2022-01-25,13753,15473.0,10638.0,173974055.09852782,5.0,238497.2978832769,3315.0,199820404.40021116,147.0,21511511.104494657,1368.0,72410312.0376234,10638.0,2218.0,293.0,146.0,668.0,4.0,,,,16.0,2.0,,,75.0,,,15.0,1.0,1.0,13.0,5.0,9.0,1.0,,,,,,,,,,,,,,,0.6875201964712725,0.00032314354036062817,0.21424416725909648,0.009500420086602469,0.08841207264266787
2022-01-26,15700,18022.0,12283.0,272290538.0785457,2.0,77118.03100985545,3832.0,402113317.8410051,246.0,52442405.87471256,1659.0,108846070.35936871,12282.0,2416.0,381.0,245.0,872.0,4.0,,,,16.0,,,,97.0,1.0,,3.0,8.0,2.0,24.0,2.0,9.0,1.0,,,,,,,,,,,,,,,0.6815558761513706,0.00011097547442015315,0.21262900898901343,0.013649983353678837,0.09205415603151704
2022-01-27,13188,15060.0,10261.0,301418333.0305716,4.0,144755.6183242452,3376.0,543196153.3272246,164.0,24259938.186743688,1255.0,85810149.15715873,10259.0,2146.0,301.0,163.0,735.0,7.0,,,,22.0,1.0,,1.0,64.0,2.0,,8.0,13.0,,66.0,4.0,12.0,1.0,,,,,,,,,,,,,,,0.6813413014608234,0.0002656042496679947,0.22416998671978752,0.010889774236387782,0.08333333333333333
2022-01-28,12276,13807.0,9280.0,153566885.53793287,3.0,144633.0797979456,3071.0,436135229.0583321,151.0,11016718.048580576,1302.0,143943889.11172786,9280.0,1987.0,250.0,151.0,615.0,8.0,,3.0,,6.0,4.0,,,83.0,,,16.0,3.0,1.0,83.0,3.0,12.0,,,,,,,,,,,,,,,,0.6721228362424857,0.00021728108930252772,0.22242340841602085,0.010936481494893895,0.09429999275729703
2022-01-29,11626,12913.0,9191.0,135936050.32222646,3.0,166418.97490627936,2492.0,185843075.05088335,111.0,7113283.778459477,1116.0,87619280.00625941,9188.0,1529.0,219.0,110.0,650.0,3.0,,,,5.0,,,,29.0,3.0,,8.0,3.0,,37.0,3.0,9.0,1.0,,,,,,,,,,,,,,,0.7117633392705026,0.00023232401455897158,0.19298381476031906,0.008595988538681949,0.08642453341593742
2022-01-30,10835,11853.0,8543.0,118706754.75607285,0.0,0.0,2390.0,180459568.9366951,110.0,3340591.8347552465,810.0,39582684.86120127,8542.0,1540.0,217.0,109.0,566.0,1.0,1.0,,,2.0,,1.0,,20.0,1.0,,19.0,4.0,,18.0,,2.0,,,,,,,,,,,,,,,,0.7207458027503586,0.0,0.20163671644309458,0.009280350966000168,0.0683371298405467
2022-01-31,11196,12568.0,8500.0,136052033.04636982,2.0,19934.345264065014,2609.0,188295673.96654695,115.0,5074445.162500056,1342.0,105096829.10140793,8500.0,1652.0,237.0,112.0,602.0,11.0,,,,13.0,,,1.0,28.0,,1.0,27.0,5.0,2.0,16.0,1.0,15.0,3.0,,,,,,,,,,,,,,,0.6763208147676639,0.00015913430935709738,0.20759070655633355,0.0091502227880331,0.10677912157861234
2022-02-01,11208,12407.0,9145.0,235443895.39670148,6.0,243699.2846878394,2193.0,250972506.805798,130.0,56571942.64504988,933.0,62458829.74056153,9142.0,1362.0,191.0,128.0,563.0,3.0,,,,5.0,1.0,,,33.0,3.0,,7.0,3.0,1.0,12.0,6.0,12.0,2.0,,,,,,,,,,,,,,,0.7370839042476022,0.00048359796888853066,0.17675505762875796,0.010477955992584831,0.07519948416216651
2022-02-02,11860,13082.0,9847.0,171282714.522504,2.0,41075.29760251497,2190.0,155431940.03527457,132.0,13797355.608969515,911.0,62071556.633176364,9847.0,1226.0,239.0,132.0,622.0,11.0,,1.0,,9.0,,,1.0,29.0,,,4.0,6.0,,28.0,1.0,14.0,,1.0,,,,,,,,,,,,,,0.7527136523467359,0.00015288182235132243,0.16740559547469805,0.01009020027518728,0.06963767008102736
2022-02-03,11942,13182.0,9803.0,145542657.07213625,2.0,39509.41409726946,2277.0,136402503.69963208,125.0,13495866.076453516,975.0,49570318.68519121,9802.0,1329.0,227.0,125.0,602.0,8.0,1.0,,,12.0,,,,61.0,1.0,,5.0,5.0,,11.0,1.0,16.0,,1.0,,,,,,,,,,,,,,0.7436656046123502,0.00015172204521316947,0.17273554847519346,0.009482627825823093,0.07396449704142012
2022-02-04,14072,15707.0,11501.0,186305531.57611385,4.0,194172.96330656388,2761.0,200999285.3639402,163.0,14759696.493442418,1278.0,105447892.2968619,11498.0,1548.0,312.0,163.0,756.0,5.0,2.0,1.0,,24.0,,,2.0,64.0,3.0,,14.0,3.0,4.0,19.0,4.0,7.0,,,,,,,,,,,,,,,,0.7322213026039346,0.0002546635258165149,0.17578149869484944,0.010377538677022983,0.08136499649837652
2022-02-05,13182,14689.0,10642.0,167140947.95057914,0.0,0.0,2618.0,216910858.1782986,148.0,13825001.854200557,1281.0,54603190.36335119,10640.0,1552.0,305.0,145.0,679.0,4.0,,1.0,,9.0,1.0,,1.0,29.0,2.0,,3.0,2.0,3.0,21.0,,8.0,3.0,,,,,,,,,,,,,,,0.7244877118932534,0.0,0.17822860644019334,0.010075566750629723,0.08720811491592348
2022-02-06,13528,14825.0,11072.0,151201646.7658661,0.0,0.0,2515.0,157174999.266324,113.0,10004993.623275995,1125.0,51623303.3532779,11071.0,1440.0,335.0,113.0,669.0,3.0,1.0,,,6.0,,,,37.0,1.0,,5.0,3.0,,11.0,,5.0,,,,,,,,,,,,,,,,0.7468465430016863,0.0,0.16964586846543,0.007622259696458684,0.07588532883642496
2022-02-07,14842,16257.0,11971.0,206768075.73090693,5.0,76484.57528324939,2928.0,226824096.23483688,120.0,14235511.62472564,1233.0,50640853.468583494,11971.0,1521.0,601.0,120.0,744.0,1.0,,,,8.0,,,1.0,32.0,,2.0,3.0,5.0,,6.0,2.0,6.0,,1.0,,,,,,,,,,,,,,0.7363597219659224,0.0003075598203850649,0.180107030817494,0.0073814356892415575,0.07584425170695701
2022-02-08,16340,18032.0,13339.0,196052549.85486406,4.0,75004.06483727861,3236.0,250965657.64521432,137.0,14588089.663680935,1316.0,51201776.00654437,13338.0,1778.0,528.0,137.0,826.0,3.0,,1.0,,8.0,,,,69.0,1.0,1.0,3.0,7.0,,4.0,2.0,9.0,,1.0,,,,,,,,,,,,,,0.739740461401952,0.00022182786157941438,0.17945874001774623,0.0075976042590949425,0.07298136645962733
2022-02-09,17082,18662.0,13936.0,178129582.7716095,4.0,103581.3124635854,3173.0,172522905.4642235,115.0,7764449.628265585,1434.0,247819314.34099215,13935.0,1948.0,421.0,115.0,734.0,,,1.0,,7.0,,,1.0,50.0,1.0,,2.0,5.0,1.0,2.0,3.0,1.0,,1.0,,,,,,,,,,,,,,0.7467581181009538,0.0002143392991104919,0.1700246490193977,0.0061622548494266426,0.07684063873111135
2022-02-10,15685,17319.0,12490.0,174388952.53071424,3.0,115883.05747116994,3370.0,231300397.02350453,141.0,14356217.091822825,1315.0,59875167.13842105,12489.0,2208.0,357.0,141.0,686.0,3.0,,,,2.0,,,1.0,58.0,1.0,,1.0,7.0,1.0,18.0,3.0,28.0,,,,,,,,,,,,,,,,0.7211732779028812,0.00017322016282695306,0.19458398290894394,0.008141347652866794,0.07592817137248109
2022-02-11,17406,19330.0,14158.0,185750495.5299119,5.0,310796.1404511863,3496.0,333706420.86589867,162.0,34950984.95214478,1509.0,106474318.38900103,14157.0,2242.0,379.0,161.0,765.0,2.0,,1.0,,4.0,,,,67.0,1.0,1.0,3.0,9.0,3.0,10.0,4.0,11.0,1.0,,,,,,,,,,,,,,,0.732436627004656,0.0002586652871184687,0.1808587687532333,0.008380755302638387,0.07806518365235385
2022-02-12,16128,17628.0,13406.0,156418564.7379915,6.0,175021.89396805628,2969.0,183449968.54970863,143.0,23332623.743567586,1104.0,53771014.60344896,13405.0,1830.0,268.0,134.0,702.0,5.0,,,,8.0,1.0,,,136.0,1.0,,1.0,5.0,,7.0,6.0,6.0,9.0,,,,,,,,,,,,,,,0.7604946675743136,0.0003403675970047651,0.16842523258452463,0.008112094395280236,0.06262763784887679
2022-02-13,14671,15926.0,12188.0,106500296.80805829,1.0,20907.01896187361,2667.0,96395196.2928726,102.0,3219699.773619408,968.0,41094414.89884902,12186.0,1670.0,257.0,101.0,628.0,4.0,,,1.0,5.0,,,1.0,79.0,2.0,,5.0,2.0,1.0,7.0,,8.0,,1.0,,,,,,,,,,,,,,0.765289463769936,6.279040562602035e-05,0.16746201180459624,0.006404621373854075,0.06078111264598769
2022-02-14,14464,15814.0,11682.0,127379722.31557275,1.0,25127.018718255542,2973.0,142040572.89879864,101.0,3639474.889901842,1057.0,42938140.15944748,11682.0,1987.0,253.0,100.0,639.0,4.0,1.0,,,8.0,,,,56.0,,,,3.0,1.0,12.0,1.0,9.0,1.0,,,,,,,,,,,,,,,0.7387125331984318,6.32351081320349e-05,0.18799797647653976,0.006386745921335525,0.0668395092955609
2022-02-15,15517,17197.0,12190.0,175683224.9505982,3.0,64866.83935731136,3554.0,253238621.16938406,114.0,12228345.56518418,1336.0,62757263.40193654,12188.0,2336.0,326.0,111.0,781.0,1.0,2.0,2.0,,6.0,1.0,,,67.0,2.0,,,4.0,1.0,20.0,2.0,7.0,3.0,1.0,,,,,,,,,,,,,,0.7088445659126592,0.00017444903180787347,0.20666395301506077,0.006629063208699192,0.07768796883177298
2022-02-16,15026,16388.0,12204.0,146126838.0853433,5.0,92927.14314569805,2968.0,278605097.7191408,102.0,13154081.023361042,1109.0,43221239.42840244,12203.0,1910.0,306.0,99.0,661.0,7.0,,1.0,,3.0,,,,62.0,1.0,,,1.0,1.0,5.0,5.0,11.0,3.0,,,,,,,,,,,,,,,0.744691237490847,0.000305101293629485,0.18110812789846228,0.006224066390041493,0.06767146692701977
2022-02-17,16688,18304.0,13682.0,174848171.36092687,5.0,161229.53082353776,3160.0,184659211.0809482,128.0,7230798.592192779,1329.0,76229598.06732492,13682.0,2045.0,286.0,120.0,744.0,1.0,1.0,1.0,1.0,3.0,,,,47.0,,,2.0,10.0,3.0,9.0,5.0,8.0,7.0,,,,,,,,,,,,,,,0.7474868881118881,0.0002731643356643357,0.17263986013986013,0.006993006993006993,0.07260708041958042
2022-02-18,13805,15140.0,11575.0,163067710.57662272,8.0,233834.31953331377,2460.0,217176418.20002845,93.0,15632448.357887387,1004.0,75196183.28992793,11573.0,1532.0,270.0,91.0,565.0,1.0,,,1.0,15.0,1.0,,,55.0,2.0,,1.0,6.0,1.0,7.0,7.0,6.0,1.0,1.0,,,,,,,,,,,,,,0.7645310435931307,0.0005284015852047556,0.16248348745046234,0.006142668428005284,0.06631439894319682
2022-02-19,12698,13928.0,10501.0,94779313.81159727,5.0,162923.20645525245,2346.0,157503233.04856125,95.0,11385263.723410975,981.0,41125534.51744641,10500.0,1375.0,271.0,95.0,565.0,3.0,,1.0,,5.0,2.0,,,94.0,1.0,,7.0,7.0,1.0,9.0,3.0,6.0,,2.0,,,,,,,,,,,,,,0.7539488799540494,0.00035898908673176336,0.16843767949454336,0.006820792647903503,0.07043365881677197
2022-02-20,14397,16140.0,11419.0,167917367.81135473,15.0,462456.7598668902,3316.0,257152360.64977843,131.0,16267342.747013358,1259.0,43997308.04429154,11419.0,2024.0,339.0,129.0,769.0,10.0,3.0,3.0,1.0,16.0,1.0,,1.0,111.0,,,1.0,9.0,2.0,9.0,14.0,18.0,1.0,1.0,,,,,,,,,,,,,,0.7074969021065676,0.0009293680297397769,0.20545229244114002,0.008116480793060718,0.07800495662949194
2022-02-21,11618,13070.0,9152.0,158124273.47833434,12.0,376507.6181544199,2752.0,281035047.9445288,146.0,29558379.31590193,1008.0,42659379.01805083,9150.0,1613.0,330.0,144.0,686.0,2.0,1.0,,1.0,10.0,3.0,,1.0,71.0,2.0,,3.0,9.0,4.0,7.0,11.0,12.0,1.0,1.0,,,,,,,,,,,,,,0.700229533282326,0.000918133129303749,0.21055853098699312,0.01117061973986228,0.07712318286151491
2022-02-22,13648,15215.0,11119.0,127689505.13160284,7.0,203113.91640693927,2733.0,196594638.52059305,185.0,19688334.381031584,1171.0,48552857.84386815,11118.0,1633.0,331.0,130.0,671.0,4.0,,,54.0,12.0,1.0,,,55.0,1.0,,4.0,7.0,1.0,8.0,6.0,6.0,1.0,1.0,,,,,,,,,,,,,,0.7307919815971081,0.0004600722970752547,0.179625369700953,0.012159053565560303,0.07696352283930331
2022-02-23,11523,12930.0,9260.0,110845943.46013038,8.0,233089.51840810015,2424.0,200731026.3287838,175.0,14119228.59513973,1063.0,38028865.08005209,9260.0,1419.0,264.0,115.0,630.0,7.0,,4.0,60.0,7.0,,,,49.0,,,5.0,3.0,,18.0,8.0,18.0,,,,,,,,,,,,,,,,0.7161639597834494,0.0006187161639597834,0.18747099767981437,0.013534416086620264,0.08221191028615622
2022-02-24,20877,24187.0,16025.0,279526243.12434024,26.0,627254.6429427861,5611.0,668574552.3374981,364.0,76625678.57895862,2161.0,116657745.26664117,16024.0,3360.0,677.0,332.0,1293.0,14.0,1.0,2.0,28.0,36.0,4.0,,,133.0,1.0,1.0,11.0,20.0,5.0,36.0,25.0,19.0,4.0,,,,,,,,,,,,,,,0.6625459957828586,0.0010749576218629841,0.23198412370281557,0.01504940670608178,0.08934551618638112
2022-02-25,11394,13021.0,8638.0,144729143.31790692,19.0,459529.51143934747,2867.0,333301456.31609064,185.0,34712083.908951364,1312.0,46290358.68040356,8636.0,1741.0,312.0,175.0,654.0,4.0,1.0,1.0,10.0,7.0,,,1.0,119.0,2.0,,1.0,3.0,1.0,9.0,18.0,13.0,,1.0,,,,,,,,,,,,,,0.6633899086091698,0.0014591813224790722,0.22018278166039476,0.01420781813992781,0.10076031026802856
2022-02-26,11278,12858.0,8428.0,76079322.65594886,15.0,326709.5019580829,2874.0,153373229.18322223,114.0,12356321.600096766,1427.0,28433073.477541693,8427.0,1830.0,288.0,113.0,637.0,4.0,,3.0,1.0,10.0,,,2.0,77.0,1.0,,1.0,3.0,,9.0,13.0,10.0,,2.0,,,,,,,,,,,,,,0.6554674132835588,0.0011665888940737283,0.22351843210452638,0.008866075594960336,0.1109814901228807
2022-02-27,12239,13971.0,9321.0,105707540.96817233,16.0,357540.43772162765,3082.0,209916114.47974613,168.0,29085636.20732665,1384.0,27599084.30620889,9319.0,1887.0,339.0,165.0,714.0,3.0,1.0,8.0,3.0,9.0,3.0,,,98.0,2.0,,1.0,8.0,4.0,4.0,15.0,3.0,,1.0,,,,,,,,,,,,,,0.6671677045308139,0.0011452294037649416,0.22059981390022187,0.012024908739531888,0.09906234342566746
2022-02-28,12021,13787.0,9155.0,127347099.97148392,19.0,480065.0096774571,3145.0,181093612.8074207,198.0,27042359.222541742,1270.0,41802079.635781504,9154.0,1896.0,381.0,195.0,720.0,4.0,,3.0,3.0,12.0,,,1.0,101.0,1.0,1.0,1.0,11.0,3.0,8.0,18.0,4.0,,,,,,,,,,,,,,,,0.6640313338652354,0.0013781098135925147,0.2281134401972873,0.014361354899543047,0.09211576122434177
2022-03-01,15205,17122.0,11614.0,193255044.29091907,12.0,241308.7496369071,3899.0,311458824.1288763,190.0,25586430.510301407,1407.0,100620296.70339924,11595.0,2558.0,344.0,190.0,855.0,16.0,,2.0,,13.0,2.0,,1.0,86.0,19.0,1.0,1.0,2.0,,6.0,10.0,13.0,,1.0,,,,,,,,,,,,,,0.6783086088073823,0.0007008527041233501,0.2277187244480785,0.011096834481953043,0.0821749795584628
2022-03-02,15801,17352.0,12723.0,167131242.40035948,18.0,430376.3389854922,3185.0,283240772.3442321,165.0,38258785.59121816,1261.0,51931600.351696454,12722.0,1856.0,318.0,165.0,902.0,3.0,2.0,3.0,,9.0,,,,63.0,1.0,,,3.0,2.0,13.0,16.0,11.0,,2.0,,,,,,,,,,,,,,0.7332295988934993,0.001037344398340249,0.18355232826187182,0.009508990318118948,0.07267173812816967
2022-03-03,16190,17782.0,13030.0,107501035.14180835,10.0,233813.32759498505,3316.0,177864868.23217463,152.0,21927476.698539197,1274.0,69770148.43768479,13028.0,2079.0,369.0,152.0,720.0,11.0,1.0,3.0,,3.0,,,2.0,108.0,2.0,,4.0,6.0,1.0,5.0,9.0,4.0,,1.0,,,,,,,,,,,,,,0.7327634686761894,0.0005623664379709819,0.1864807108311776,0.008547969857158924,0.07164548419750309
2022-03-04,16652,18670.0,13480.0,157955766.10269928,11.0,330529.5644403153,3595.0,283718882.5675845,149.0,36350658.300349206,1435.0,48377846.11912442,13480.0,2211.0,413.0,145.0,778.0,12.0,6.0,,2.0,11.0,2.0,,,115.0,,,5.0,11.0,2.0,11.0,11.0,18.0,2.0,,,,,,,,,,,,,,,0.7220139260846278,0.0005891805034815211,0.1925549009105517,0.007980717728976969,0.07686127477236208
2022-03-05,15723,17258.0,12675.0,103706515.72244032,8.0,187845.48531558178,3056.0,101932568.84559055,123.0,7241848.267021992,1396.0,25039980.36370088,12667.0,2013.0,285.0,121.0,673.0,6.0,,,1.0,11.0,,,,47.0,8.0,,2.0,6.0,1.0,4.0,6.0,8.0,1.0,2.0,,,,,,,,,,,,,,0.7344419979140109,0.0004635531347780739,0.17707729748522424,0.007127129447212887,0.0808900220187739
2022-03-06,14844,16665.0,11728.0,101280536.10878979,21.0,391428.6601073828,3362.0,138922159.18063566,156.0,8153577.769594974,1398.0,37999483.54067815,11723.0,2029.0,322.0,153.0,869.0,5.0,1.0,1.0,3.0,8.0,,,2.0,89.0,5.0,1.0,7.0,5.0,1.0,6.0,15.0,17.0,,5.0,,,,,,,,,,,,,,0.7037503750375037,0.0012601260126012602,0.20174017401740174,0.00936093609360936,0.08388838883888389
2022-03-07,16995,19379.0,13433.0,124560968.79204229,21.0,496991.9375645719,3923.0,206841512.19040063,271.0,14342394.69454667,1731.0,54623778.18571501,13430.0,2283.0,427.0,268.0,947.0,38.0,4.0,3.0,2.0,20.0,,,,113.0,3.0,2.0,7.0,7.0,5.0,13.0,13.0,56.0,1.0,6.0,,,,,,,,,,,,,,0.6931730223437742,0.00108364724701997,0.20243562619330202,0.013984209711543424,0.08932349450436039
2022-03-08,17290,19101.0,14169.0,89779761.30059725,22.0,621029.7324953659,3335.0,142891901.42796814,178.0,13369459.462745553,1397.0,95130380.10606709,14169.0,2005.0,316.0,171.0,889.0,6.0,1.0,6.0,4.0,11.0,,,,79.0,,,1.0,4.0,2.0,8.0,17.0,7.0,3.0,5.0,,,,,,,,,,,,,,0.7417936233705041,0.0011517721585257317,0.17459818857651432,0.009318883828071828,0.07313753206638396
2022-03-09,18066,20373.0,14045.0,138570955.37585464,26.0,1456956.1966810045,4257.0,176735897.20536134,218.0,25904320.60329679,1827.0,59447179.6701252,14043.0,2755.0,374.0,215.0,989.0,6.0,,1.0,2.0,18.0,,,1.0,69.0,2.0,,8.0,4.0,2.0,3.0,18.0,27.0,1.0,8.0,,,,,,,,,,,,,,0.6893928238354685,0.0012761988906886566,0.20895302606390811,0.010700436852697197,0.08967751435723752
2022-03-10,16160,18288.0,11404.0,93512233.39144419,146.0,14388485.393862825,5019.0,124100016.79647571,195.0,14295250.675055042,1524.0,51986659.605749615,11402.0,3580.0,424.0,188.0,879.0,6.0,1.0,1.0,3.0,9.0,,,,79.0,2.0,,3.0,4.0,3.0,7.0,77.0,23.0,4.0,69.0,,,,,,,,,,,,,,0.623578302712161,0.007983377077865266,0.27444225721784776,0.010662729658792652,0.08333333333333333
2022-03-11,16341,18406.0,12143.0,86534581.58913755,162.0,22329338.969933357,4417.0,158306772.69438338,136.0,9921892.367356522,1548.0,61932249.11292539,12138.0,3174.0,342.0,132.0,791.0,9.0,1.0,1.0,4.0,8.0,,,,56.0,5.0,,1.0,10.0,3.0,5.0,86.0,16.0,,76.0,,,,,,,,,,,,,,0.6597305226556558,0.008801477778985113,0.2399760947517114,0.00738889492556775,0.08410300988807998
2022-03-12,14827,16480.0,11210.0,53568165.5520665,31.0,2630340.9246725445,3663.0,117228889.12302482,105.0,2147793.9529070216,1471.0,50788249.889806785,11208.0,2612.0,251.0,105.0,712.0,2.0,,,,10.0,1.0,,2.0,54.0,2.0,,7.0,1.0,,6.0,17.0,5.0,,14.0,,,,,,,,,,,,,,0.6802184466019418,0.0018810679611650485,0.22226941747572815,0.006371359223300971,0.08925970873786408
2022-03-13,15514,17476.0,12114.0,64394171.946658716,18.0,607495.4753096023,3623.0,205570744.86825517,111.0,3609326.6942864647,1610.0,44773386.07774282,12108.0,2477.0,298.0,109.0,682.0,1.0,,2.0,,3.0,1.0,,1.0,59.0,6.0,,71.0,5.0,2.0,12.0,15.0,9.0,2.0,3.0,,,,,,,,,,,,,,0.6931792172121767,0.0010299839780270085,0.20731288624399177,0.0063515678644998855,0.09212634470130465
2022-03-14,17056,19003.0,13617.0,81024689.34045441,26.0,1353023.2238160307,3721.0,144547559.51498902,160.0,11588639.777611505,1479.0,52660532.027789444,13615.0,2481.0,303.0,156.0,795.0,,,2.0,1.0,13.0,,,,63.0,2.0,1.0,37.0,3.0,2.0,14.0,18.0,8.0,3.0,7.0,,,,,,,,,,,,,,0.7165710677261485,0.001368205020259959,0.19581118770720413,0.008419723201599748,0.07782981634478767
2022-03-15,16684,18592.0,12391.0,86363879.10613751,18.0,1546300.8218677605,4470.0,150197958.5836487,134.0,6482292.357667535,1579.0,34894092.26398813,12389.0,2868.0,613.0,134.0,890.0,7.0,2.0,,,9.0,1.0,,,54.0,2.0,,8.0,1.0,2.0,1.0,13.0,14.0,,5.0,,,,,,,,,,,,,,0.6664694492254734,0.00096815834767642,0.24042598967297762,0.007207401032702237,0.08492900172117039
2022-03-16,15838,17498.0,12036.0,126581679.4272533,26.0,3511247.375756646,3905.0,194065171.29646227,176.0,17426641.652799163,1355.0,40181233.096544385,12033.0,2417.0,341.0,175.0,1066.0,5.0,,,,7.0,,,3.0,49.0,3.0,,1.0,4.0,2.0,3.0,21.0,7.0,1.0,5.0,,,,,,,,,,,,,,0.687850040004572,0.0014858841010401188,0.22316836209852556,0.010058292376271575,0.07743742141959081
2022-03-17,18303,20212.0,14566.0,249413644.29687294,18.0,2437226.7003089017,3979.0,149878431.3613368,149.0,14547784.856244395,1500.0,52274474.31305031,14563.0,2716.0,281.0,146.0,912.0,2.0,1.0,1.0,2.0,11.0,,,,39.0,3.0,,1.0,5.0,1.0,6.0,12.0,3.0,1.0,6.0,,,,,,,,,,,,,,0.7206609934692262,0.0008905600633287156,0.19686324955471995,0.0073718583019988125,0.0742133386107263
2022-03-18,19685,22782.0,14504.0,290196739.8123991,19.0,1955775.3089543274,5690.0,238493272.802277,173.0,18234351.68956574,2396.0,97568481.53420995,14504.0,3421.0,932.0,173.0,1233.0,2.0,2.0,1.0,,8.0,,,2.0,61.0,,1.0,9.0,4.0,1.0,6.0,14.0,8.0,,4.0,,,,,,,,,,,,,,0.6366429637433061,0.0008339917478711263,0.24975858133614257,0.007593714335879203,0.10517074883680098
2022-03-19,16629,18733.0,12881.0,132015565.6950675,13.0,1524190.4253200993,4053.0,148318256.2760282,192.0,15906828.21863551,1594.0,50188443.49187989,12881.0,2398.0,406.0,191.0,1184.0,,1.0,,,10.0,,1.0,1.0,37.0,,,4.0,2.0,,4.0,10.0,6.0,,3.0,,,,,,,,,,,,,,0.6876100998238402,0.0006939625260235947,0.21635616292104842,0.010249292692040784,0.08509048203704692
2022-03-20,14853,16791.0,11607.0,116023316.86181997,14.0,617688.3063761984,3589.0,119603161.44317193,142.0,5824185.569079908,1439.0,24491979.559096117,11606.0,2063.0,338.0,141.0,1116.0,1.0,1.0,1.0,,8.0,2.0,,1.0,39.0,1.0,1.0,1.0,2.0,1.0,5.0,12.0,10.0,1.0,1.0,,,,,,,,,,,,,,0.6912631767018046,0.0008337800011911143,0.21374545887677923,0.00845691144065273,0.08570067297957239
2022-03-21,15078,16761.0,12086.0,128528895.46749875,23.0,3099488.671762286,3193.0,145174000.54596084,144.0,10744556.60326906,1315.0,29665550.864715103,12085.0,1855.0,374.0,143.0,900.0,1.0,,1.0,,8.0,1.0,,,39.0,1.0,,5.0,2.0,,4.0,16.0,3.0,1.0,7.0,,,,,,,,,,,,,,0.7210786945886284,0.0013722331603126304,0.1905017600381839,0.008591372829783426,0.0784559393830917
2022-03-22,16337,18462.0,12951.0,160986514.95717865,12.0,652503.6073534226,3774.0,218817195.597966,123.0,9565150.820180714,1602.0,58853787.758754835,12951.0,2284.0,360.0,123.0,1049.0,,,2.0,,6.0,1.0,,2.0,62.0,,1.0,2.0,1.0,1.0,2.0,9.0,2.0,,2.0,,,,,,,,,,,,,,0.7014949626259344,0.0006499837504062399,0.20441988950276244,0.006662333441663958,0.08677283067923301
2022-03-23,14488,16358.0,11216.0,121397262.24160062,20.0,789324.6346108225,3556.0,143428490.328995,133.0,18757992.958817422,1433.0,53351419.06010472,11216.0,2283.0,311.0,132.0,875.0,4.0,,,1.0,8.0,,,3.0,58.0,,,,3.0,1.0,4.0,17.0,6.0,,3.0,,,,,,,,,,,,,,0.6856583934466316,0.001222643354933366,0.21738598850715246,0.008130578310306884,0.08760239638097567
2022-03-24,16597,19145.0,12651.0,211436900.10983452,13.0,673993.43431368,4345.0,294267716.0124749,239.0,20344697.26725652,1897.0,70331787.27069286,12651.0,2692.0,394.0,239.0,1154.0,2.0,,,,8.0,1.0,,,61.0,,1.0,3.0,7.0,1.0,5.0,9.0,17.0,,3.0,,,,,,,,,,,,,,0.6607991642726561,0.0006790284669626535,0.22695220684251763,0.012483677200313398,0.09908592321755028
2022-03-25,17296,19698.0,13502.0,152083487.86121148,16.0,3354949.9942813963,4182.0,294887371.88214886,219.0,18430984.64309095,1779.0,83315407.09757952,13500.0,2745.0,367.0,218.0,942.0,7.0,,1.0,1.0,14.0,,,,83.0,2.0,,2.0,4.0,,6.0,11.0,11.0,,5.0,,,,,,,,,,,,,,0.6854502995227942,0.0008122652045892984,0.21230581784952787,0.011117879987816022,0.09031373743527261
2022-03-26,13590,15313.0,10680.0,101848706.34827751,12.0,914980.7826794782,3104.0,89937172.92692907,143.0,7824783.888234193,1374.0,43343837.01649119,10679.0,1918.0,300.0,143.0,776.0,5.0,,1.0,,3.0,,,1.0,68.0,1.0,1.0,6.0,7.0,2.0,13.0,6.0,4.0,,5.0,,,,,,,,,,,,,,0.6974466139881147,0.0007836478808855221,0.20270358518905504,0.009338470580552472,0.08972768236139228
2022-03-27,16580,18656.0,13352.0,134588937.00248373,4.0,1023462.4888710687,3411.0,178572952.34659064,184.0,15909568.046794364,1705.0,60832442.17661384,13350.0,2105.0,313.0,182.0,851.0,6.0,,2.0,,9.0,1.0,1.0,3.0,84.0,2.0,,5.0,7.0,2.0,16.0,3.0,7.0,1.0,1.0,,,,,,,,,,,,,,0.7156946826758147,0.0002144082332761578,0.18283662092624356,0.00986277873070326,0.09139150943396226
2022-03-28,21423,24338.0,17487.0,254312950.53421554,17.0,2339060.237094487,4386.0,258187862.48782983,196.0,17917911.33919165,2252.0,77693163.61433417,17483.0,2736.0,516.0,196.0,998.0,2.0,1.0,,,19.0,1.0,,2.0,83.0,4.0,,,16.0,,6.0,11.0,6.0,,6.0,,,,,,,,,,,,,,0.7185060399375462,0.0006984961788150218,0.18021201413427562,0.008053250061632015,0.09253019968773112
2022-03-29,20807,23896.0,16797.0,231086751.2273055,10.0,401125.7217616642,4603.0,309434628.20626736,216.0,22315274.382032506,2270.0,90898058.87610568,16797.0,2634.0,472.0,215.0,1357.0,10.0,1.0,,,6.0,,,,98.0,,,1.0,6.0,1.0,8.0,9.0,9.0,1.0,1.0,,,,,,,,,,,,,,0.7029209909608303,0.0004184800803481754,0.19262638098426516,0.009039169735520589,0.09499497823903583
2022-03-30,18605,21081.0,15550.0,174469355.04924786,19.0,2414937.3060758384,3248.0,187459974.58351868,139.0,25535012.181978818,2125.0,59617291.75663457,15549.0,1896.0,337.0,139.0,886.0,2.0,1.0,,,7.0,1.0,,1.0,85.0,1.0,,4.0,15.0,1.0,7.0,10.0,5.0,,9.0,,,,,,,,,,,,,,0.737631042170675,0.000901285517764812,0.15407238745790047,0.006593615103647835,0.10080166975001185
2022-03-31,17851,20301.0,14697.0,165201419.03090903,12.0,1057839.0010507174,3547.0,199308744.30596182,153.0,26628824.15974594,1892.0,63322172.75088346,14694.0,2052.0,346.0,153.0,1020.0,3.0,4.0,,,6.0,,,,83.0,3.0,,7.0,8.0,1.0,9.0,8.0,8.0,,4.0,,,,,,,,,,,,,,0.7239544850007389,0.0005911038865080538,0.1747204571203389,0.007536574552977686,0.09319737943943648
2022-04-01,18781,21072.0,15630.0,179643062.5716266,13.0,880156.472078324,3557.0,180232234.53779927,159.0,11339449.605102986,1713.0,57784573.126457445,15628.0,2273.0,344.0,159.0,816.0,2.0,3.0,,,13.0,1.0,,,85.0,2.0,1.0,4.0,1.0,1.0,5.0,12.0,9.0,,,,,,,,,,,,,,,,0.7417425968109339,0.0006169324221716021,0.16880220197418375,0.007545558086560365,0.08129271070615034
2022-04-02,19647,22459.0,15817.0,192571476.29686075,17.0,2062052.3111911283,4372.0,263179612.78070745,145.0,15305660.212420372,2108.0,97657501.61334175,15816.0,2460.0,400.0,145.0,822.0,1.0,1.0,,,8.0,,,,437.0,1.0,,221.0,10.0,,8.0,9.0,4.0,,8.0,,,,,,,,,,,,,,0.7042610980008015,0.0007569348590765395,0.19466583552250769,0.006456209092123425,0.0938599225254909
2022-04-03,17118,19028.0,14279.0,151632826.90864503,22.0,2802050.629411817,3128.0,129224456.16903807,117.0,3200407.77808687,1482.0,52854322.05053751,14278.0,1791.0,303.0,116.0,647.0,3.0,,1.0,1.0,2.0,1.0,,,339.0,1.0,,13.0,3.0,,21.0,13.0,4.0,,9.0,,,,,,,,,,,,,,0.7504204330460374,0.001156190876602901,0.16438932100063064,0.0061488332982972465,0.07788522177843178
2022-04-04,19032,20896.0,16333.0,187265488.77813634,18.0,1237137.6702509671,3077.0,164821752.04514006,127.0,8972796.113833707,1341.0,67908241.00734295,16333.0,1897.0,345.0,127.0,663.0,6.0,,1.0,,3.0,,,,141.0,,,2.0,8.0,,4.0,7.0,7.0,,11.0,,,,,,,,,,,,,,0.7816328483920367,0.0008614088820826952,0.1472530627871363,0.006077718223583461,0.0641749617151608
2022-04-05,16584,18347.0,13947.0,156643961.56746477,15.0,1195374.5232024905,2925.0,172893241.69606066,127.0,6412100.380470936,1333.0,51064761.156416506,13947.0,1793.0,266.0,125.0,688.0,1.0,3.0,,,3.0,3.0,,2.0,137.0,,,6.0,6.0,,9.0,5.0,8.0,2.0,10.0,,,,,,,,,,,,,,0.7601787758216603,0.0008175723551534311,0.15942660925491905,0.006922112606965717,0.07265492996130157
2022-04-06,19786,22058.0,16773.0,227175927.41285577,31.0,2725900.3674427536,3445.0,245979064.95199838,222.0,23058462.49777161,1587.0,70995172.56375825,16772.0,2051.0,387.0,221.0,839.0,1.0,,,1.0,18.0,1.0,,,121.0,1.0,,5.0,7.0,2.0,5.0,19.0,8.0,,12.0,,,,,,,,,,,,,,0.7604043884305014,0.0014053858010699067,0.15617916402212348,0.01006437573669417,0.07194668600961103
2022-04-07,15345,17278.0,11386.0,130500481.80352391,33.0,5204715.615630123,4278.0,169031180.15756774,188.0,22489202.64460427,1393.0,131204290.72043851,11386.0,3115.0,270.0,188.0,758.0,,,,,7.0,,,,102.0,,,3.0,2.0,2.0,7.0,20.0,12.0,,13.0,,,,,,,,,,,,,,0.6589883088320407,0.0019099432804722768,0.24759810163213336,0.010880888991781456,0.08062275726357217
2022-04-08,14181,16297.0,11050.0,152317375.50026515,11.0,236738.50052072582,3700.0,337582584.6333278,246.0,22838082.60145357,1290.0,234048644.91539657,11049.0,2100.0,312.0,246.0,835.0,7.0,,,,7.0,,,1.0,391.0,1.0,,3.0,12.0,3.0,10.0,11.0,19.0,,,,,,,,,,,,,,,,0.6780389028655581,0.0006749708535313248,0.2270356507332638,0.015094802724427809,0.079155672823219
2022-04-09,13983,15954.0,10909.0,93324887.16297434,7.0,808852.7030816698,3475.0,121566691.6808857,165.0,6588091.375236312,1398.0,53749042.1040316,10900.0,1601.0,297.0,165.0,1262.0,2.0,,2.0,,3.0,,,,270.0,9.0,,1.0,19.0,1.0,4.0,6.0,13.0,,1.0,,,,,,,,,,,,,,0.68377836279303,0.00043876143913752037,0.21781371442898334,0.010342233922527266,0.08762692741632193
2022-04-10,14013,16052.0,11440.0,94625756.47149399,13.0,1851035.1946591686,3009.0,108119365.37558311,162.0,6140583.748961312,1428.0,56820652.15331107,11438.0,1617.0,295.0,162.0,770.0,4.0,,2.0,,4.0,,,,276.0,2.0,,1.0,29.0,,2.0,11.0,9.0,,2.0,,,,,,,,,,,,,,0.7126837777224022,0.0008098679292300025,0.18745327685023674,0.010092200348866185,0.08896087714926489
2022-04-11,18722,21986.0,14825.0,239870260.2378866,11.0,618375.570771575,4402.0,395819435.4149245,514.0,83062359.55216263,2234.0,93619705.59719044,14823.0,2677.0,431.0,512.0,983.0,,2.0,4.0,,20.0,1.0,,,240.0,2.0,,2.0,13.0,7.0,13.0,9.0,9.0,2.0,2.0,,,,,,,,,,,,,,0.674292731738379,0.0005003183844264532,0.2002183207495679,0.023378513599563357,0.10161011552806332
2022-04-12,16778,19110.0,13512.0,147803935.28624517,23.0,5570067.815975091,3663.0,280094886.2478728,155.0,38366183.13286577,1757.0,90301986.27291434,13511.0,2037.0,362.0,153.0,1030.0,,2.0,,,8.0,,,1.0,194.0,1.0,,3.0,15.0,,5.0,18.0,6.0,2.0,5.0,,,,,,,,,,,,,,0.7070643642072213,0.0012035583464154894,0.19167974882260597,0.008110936682365254,0.09194139194139195
2022-04-13,16188,18757.0,12875.0,132711625.2334272,12.0,1376577.3398744366,3856.0,226628716.2826796,109.0,19140021.468730055,1905.0,90270624.08874744,12871.0,2059.0,365.0,107.0,726.0,1.0,2.0,1.0,1.0,6.0,,,,673.0,4.0,,2.0,4.0,1.0,3.0,10.0,13.0,1.0,2.0,,,,,,,,,,,,,,0.6864104067814683,0.0006397611558351549,0.20557658474169643,0.005811163832169323,0.10156208348883083
2022-04-14,16291,18474.0,13056.0,121691835.06564113,4.0,822415.1177779995,3407.0,202568012.56540352,104.0,13704390.352611657,1903.0,94429165.39209113,13055.0,1864.0,298.0,103.0,756.0,1.0,2.0,1.0,1.0,9.0,,,1.0,449.0,1.0,,,10.0,3.0,5.0,3.0,8.0,,1.0,,,,,,,,,,,,,,0.7067229620006495,0.00021652051531882645,0.18442134892281042,0.005629533398289488,0.10300963516293168
2022-04-15,13698,15531.0,10824.0,87916429.63110232,6.0,1272085.1075995693,3084.0,176588292.9804567,105.0,11787745.64952033,1512.0,44681217.85041195,10821.0,1612.0,285.0,105.0,1000.0,,1.0,,,5.0,,,,159.0,3.0,,2.0,6.0,1.0,3.0,5.0,10.0,,1.0,,,,,,,,,,,,,,0.6969287231987638,0.00038632412594166504,0.19857060073401583,0.006760672203979139,0.0973536797372996
2022-04-16,14392,16366.0,11088.0,57144314.22770834,8.0,533416.6002584298,3553.0,63079094.4831957,87.0,4680719.501257892,1630.0,48102499.85004169,11081.0,1598.0,314.0,85.0,1517.0,5.0,2.0,,,3.0,,,1.0,97.0,7.0,2.0,4.0,3.0,,,2.0,9.0,2.0,4.0,,,,,,,,,,,,,,0.6775021385799829,0.0004888182818037394,0.2170964194060858,0.005315898814615667,0.09959672491751191
2022-04-17,19643,22468.0,12689.0,139882317.10132575,6.0,421137.20244769723,7952.0,238918632.30477634,121.0,28089734.149359062,1700.0,38697332.67625397,12683.0,5854.0,440.0,121.0,1421.0,5.0,1.0,1.0,,9.0,,,1.0,186.0,6.0,,11.0,15.0,,2.0,4.0,6.0,,2.0,,,,,,,,,,,,,,0.5647587680256365,0.0002670464660850988,0.35392558305145094,0.005385437066049493,0.075663165390778
2022-04-18,18443,21235.0,13050.0,149023453.87350646,15.0,5614867.013635096,6245.0,227158017.40697587,162.0,28209971.97468191,1763.0,85454631.17852849,13049.0,4539.0,443.0,158.0,994.0,5.0,4.0,1.0,1.0,17.0,1.0,,,206.0,1.0,,6.0,7.0,3.0,7.0,12.0,12.0,3.0,3.0,,,,,,,,,,,,,,0.6145514480809984,0.0007063809748057452,0.2940899458441253,0.007628914527902048,0.0830233105721686
2022-04-19,18315,20821.0,12630.0,126008129.48973197,19.0,3771753.9118948574,6483.0,220652659.35837904,95.0,18977154.218513783,1594.0,104050833.55248116,12627.0,4985.0,310.0,94.0,900.0,11.0,,,,7.0,1.0,,,243.0,3.0,1.0,5.0,1.0,,5.0,14.0,15.0,1.0,4.0,,,,,,,,,,,,,,0.6065991066711494,0.000912540223812497,0.3113683300513904,0.004562701119062485,0.07655732193458527
2022-04-20,17682,19932.0,12183.0,189018932.6480681,9.0,342028.7084483599,6103.0,211598837.6977486,96.0,18257588.988073077,1541.0,91351725.4923083,12179.0,4642.0,345.0,91.0,864.0,3.0,1.0,3.0,5.0,6.0,,,,212.0,4.0,,3.0,7.0,1.0,2.0,9.0,14.0,,,,,,,,,,,,,,,,0.6112281757977123,0.0004515352197471403,0.306191049568533,0.00481637567730283,0.07731286373670479
2022-04-21,19212,21645.0,11306.0,155350130.12000054,17.0,1307490.3391196772,8759.0,247570301.18691346,96.0,21101163.8117545,1467.0,71331048.1723289,11304.0,7151.0,551.0,96.0,798.0,21.0,2.0,1.0,,7.0,1.0,,,168.0,2.0,,1.0,12.0,2.0,8.0,13.0,36.0,,4.0,,,,,,,,,,,,,,0.5223377223377224,0.0007854007854007854,0.4046662046662047,0.004435204435204435,0.06777546777546778
2022-04-22,14956,16829.0,10208.0,118291329.25129917,9.0,328330.5987612062,5207.0,143836926.48279092,120.0,12665783.968155792,1285.0,57662184.92187716,10205.0,3906.0,371.0,120.0,775.0,10.0,1.0,,,3.0,1.0,,,102.0,3.0,,6.0,7.0,1.0,4.0,7.0,20.0,,2.0,,,,,,,,,,,,,,0.6065719888288074,0.0005347911343514172,0.30940638184086994,0.007130548458018896,0.07635628973795235
2022-04-23,16554,18492.0,10570.0,75000520.76852489,4.0,501600.5600046129,6447.0,102830119.9957195,109.0,1804786.9621063904,1362.0,45978352.04446551,10568.0,4551.0,300.0,109.0,1483.0,4.0,1.0,1.0,,3.0,,,,92.0,2.0,1.0,,3.0,,2.0,1.0,7.0,,2.0,,,,,,,,,,,,,,0.5715985290936622,0.00021630975556997622,0.34863724853990913,0.005894440839281851,0.0736534717715769
2022-04-24,13906,15514.0,9908.0,70342379.12121606,1.0,9013.370376434932,4325.0,86035183.49821864,62.0,2570328.8223839053,1218.0,25592509.20204148,9903.0,3170.0,283.0,62.0,765.0,3.0,,,,9.0,1.0,,,69.0,5.0,,4.0,5.0,1.0,2.0,1.0,13.0,,,,,,,,,,,,,,,,0.6386489622276653,6.44579089854325e-05,0.2787804563619956,0.0039963903570968155,0.0785097331442568
2022-04-25,15395,17595.0,11537.0,141511881.5097091,11.0,292549.0172631016,4322.0,227473793.1477979,138.0,19755804.434479676,1587.0,81946003.95926464,11533.0,3034.0,350.0,137.0,776.0,4.0,,1.0,,4.0,3.0,,1.0,122.0,4.0,,,4.0,3.0,3.0,11.0,17.0,1.0,,,,,,,,,,,,,,,0.6556976413753908,0.000625177607274794,0.24563796533105997,0.00784313725490196,0.09019607843137255
2022-04-26,14483,16433.0,10752.0,127671470.01335426,4.0,2962679.818611431,4128.0,188151357.46713012,147.0,23290699.57712097,1402.0,55131088.59725695,10748.0,2811.0,335.0,146.0,836.0,5.0,,1.0,,6.0,,,,108.0,4.0,,2.0,6.0,2.0,5.0,4.0,11.0,1.0,,,,,,,,,,,,,,,0.6542931905312481,0.00024341264528692264,0.25120184993610417,0.008945414714294407,0.0853161321730664
2022-04-27,14099,15795.0,10428.0,100161491.50150205,9.0,107258.25014034421,3780.0,165144289.8569075,104.0,5862171.456208986,1474.0,95886498.05729036,10419.0,2588.0,251.0,104.0,837.0,7.0,2.0,,,10.0,,,,70.0,9.0,1.0,3.0,2.0,1.0,,8.0,9.0,,,,,,,,,,,,,,,,0.6602089268755935,0.0005698005698005698,0.23931623931623933,0.006584362139917695,0.09332067109844888
2022-04-28,16378,18821.0,11473.0,178056737.82370925,12.0,835045.7414859899,5590.0,253114295.59223512,132.0,14632432.469429536,1614.0,139398901.3609799,11468.0,3849.0,285.0,132.0,1348.0,8.0,,,,11.0,,,,68.0,5.0,,1.0,1.0,1.0,1.0,10.0,17.0,,2.0,,,,,,,,,,,,,,0.6095850379894798,0.0006375856755751554,0.2970086605387599,0.0070134424313267095,0.0857552733648584
2022-04-29,19259,22408.0,12953.0,203719714.70158884,7.0,1410617.936693292,7355.0,277463892.30284816,125.0,15344222.751472011,1968.0,99532616.5245459,12949.0,4785.0,309.0,121.0,2118.0,9.0,7.0,,1.0,8.0,,,,89.0,4.0,,1.0,1.0,4.0,3.0,3.0,21.0,3.0,4.0,,,,,,,,,,,,,,0.5780524812566941,0.0003123884327026062,0.3282309889325241,0.005578364869689397,0.08782577650838987
2022-04-30,18789,22254.0,12669.0,244210779.38746256,2.0,33875.02307766373,6975.0,445267118.2888819,149.0,20443149.579666797,2459.0,171028861.77128688,12665.0,4314.0,358.0,149.0,2177.0,5.0,3.0,,,11.0,,,,82.0,4.0,1.0,1.0,2.0,2.0,14.0,1.0,6.0,,,,,,,,,,,,,,,,0.56929091399299,8.987148377819718e-05,0.31342679967646264,0.0066954255414756894,0.11049698930529343
2022-05-01,11443,13150.0,7755.0,142551110.26878688,3.0,25585.35477743068,4146.0,222993916.066666,123.0,15153418.114487154,1123.0,54921441.40421588,7750.0,2789.0,209.0,123.0,1026.0,9.0,1.0,,,7.0,1.0,,,90.0,5.0,,1.0,2.0,1.0,2.0,2.0,8.0,,1.0,,,,,,,,,,,,,,0.5897338403041825,0.00022813688212927757,0.3152851711026616,0.009353612167300381,0.08539923954372623
2022-05-02,10871,12353.0,8126.0,107928993.2465499,7.0,782747.2255615048,2899.0,117096739.88831964,136.0,20243547.902558368,1185.0,30780269.307633895,8117.0,2135.0,204.0,136.0,466.0,2.0,1.0,,,6.0,1.0,,1.0,68.0,9.0,,5.0,2.0,1.0,2.0,5.0,5.0,,2.0,,,,,,,,,,,,,,0.6578159151623088,0.0005666639682668178,0.23467983485792926,0.011009471383469603,0.09592811462802558
2022-05-03,10575,12035.0,7988.0,79257669.71817814,5.0,772085.7889855342,2831.0,195051447.1338508,104.0,45295843.4331055,1107.0,37445491.502182715,7983.0,1914.0,205.0,103.0,485.0,8.0,6.0,,,1.0,,1.0,2.0,190.0,5.0,1.0,,1.0,2.0,3.0,3.0,14.0,,1.0,,,,,,,,,,,,,,0.6637307852098048,0.0004154549231408392,0.23523057748234316,0.008641462401329457,0.09198171998338181
2022-05-04,13586,15679.0,9489.0,127103360.95508821,9.0,138100.34781984653,4433.0,200356313.26427087,154.0,38599308.3678222,1594.0,82933956.22721459,9482.0,2480.0,227.0,153.0,1529.0,9.0,2.0,1.0,,12.0,,,,155.0,7.0,1.0,1.0,1.0,1.0,2.0,8.0,13.0,1.0,,,,,,,,,,,,,,,0.6052044135467823,0.0005740162000127559,0.28273486829517186,0.009822054977996045,0.101664646980037
2022-05-05,13028,14920.0,8871.0,176468022.46214223,8.0,1670673.2687896327,4567.0,232334222.85453016,220.0,86384724.34711212,1254.0,37336894.93198128,8869.0,3357.0,285.0,219.0,749.0,3.0,1.0,1.0,1.0,14.0,3.0,,4.0,138.0,2.0,,,1.0,4.0,1.0,8.0,6.0,,,,,,,,,,,,,,,,0.5945710455764075,0.0005361930294906167,0.30609919571045574,0.014745308310991957,0.08404825737265416
2022-05-06,12092,13925.0,8571.0,142509009.1223329,2.0,20209.80227412837,3865.0,391773251.3999847,218.0,104530251.68198825,1269.0,58822813.531255215,8568.0,2702.0,256.0,218.0,721.0,2.0,,,,10.0,,,2.0,142.0,3.0,,10.0,,2.0,2.0,2.0,16.0,,,,,,,,,,,,,,,,0.6155116696588869,0.00014362657091561938,0.2775583482944345,0.015655296229802513,0.0911310592459605
2022-05-07,9965,11572.0,7150.0,89922423.45142464,10.0,481600.7544554125,3072.0,178895432.2263866,126.0,20096064.354319774,1214.0,52278046.13816871,7146.0,1989.0,220.0,126.0,728.0,3.0,,,,3.0,,,,102.0,4.0,1.0,7.0,,1.0,4.0,8.0,15.0,,1.0,,,,,,,,,,,,,,0.6178707224334601,0.0008641548565502938,0.26546837193225026,0.010888351192533702,0.10490839958520567
2022-05-08,12897,15247.0,9267.0,168397065.6112204,12.0,640065.9935327526,4198.0,303797476.6927604,181.0,22482109.89787913,1589.0,44910834.19293748,9263.0,2615.0,401.0,181.0,979.0,8.0,2.0,2.0,,12.0,1.0,,,140.0,4.0,1.0,1.0,5.0,2.0,14.0,9.0,16.0,,2.0,,,,,,,,,,,,,,0.607791696727225,0.0007870400734570736,0.2753328523643995,0.011871187774644193,0.10421722306027416
2022-05-09,17725,21600.0,12663.0,306849605.03700024,11.0,3936490.5519316965,6224.0,844058109.6640978,342.0,47421197.27792682,2360.0,178020798.1607483,12650.0,3947.0,555.0,342.0,1238.0,6.0,3.0,5.0,,17.0,4.0,,1.0,259.0,13.0,1.0,4.0,7.0,4.0,148.0,9.0,26.0,,1.0,,,,,,,,,,,,,,0.58625,0.0005092592592592592,0.28814814814814815,0.015833333333333335,0.10925925925925926
2022-05-10,17859,22647.0,12005.0,315367822.2336576,10.0,864972.7991892134,6596.0,454818787.1232934,448.0,62536067.1964153,3588.0,255442528.2077341,12000.0,4082.0,506.0,446.0,1541.0,7.0,1.0,3.0,2.0,30.0,,,1.0,247.0,5.0,3.0,3.0,1.0,2.0,145.0,4.0,27.0,,3.0,,,,,,,,,,,,,,0.5300922859539895,0.00044155958846646355,0.29125270455247937,0.019781869563297565,0.15843158034176713
2022-05-11,22134,28518.0,14082.0,427044068.6478428,9.0,2704018.2421163693,8721.0,1080650231.7388735,575.0,107374706.87316778,5131.0,346597025.7918979,14062.0,5408.0,788.0,574.0,1819.0,3.0,,3.0,1.0,40.0,1.0,,2.0,404.0,20.0,3.0,5.0,5.0,12.0,192.0,4.0,39.0,,2.0,,,,,,,,,,,,,,0.49379339364611824,0.0003155901535872081,0.3058068588260046,0.020162704256960515,0.1799214531173294
2022-05-12,19445,25423.0,12182.0,426012105.86274105,39.0,3384729.5939502083,8254.0,1132284017.1719062,754.0,160638763.47330886,4194.0,532346875.0963288,12163.0,4700.0,1117.0,752.0,1747.0,12.0,6.0,5.0,1.0,98.0,4.0,,5.0,204.0,19.0,6.0,22.0,11.0,8.0,192.0,21.0,123.0,1.0,12.0,,,,,,,,,,,,,,0.4791724029422177,0.00153404397592731,0.3246666404436927,0.029658183534594658,0.16496872910356764
2022-05-13,17368,21581.0,11621.0,178669474.83701748,45.0,5975421.816907647,5879.0,423393931.0524615,340.0,53810769.71854701,3696.0,95619786.87944743,11604.0,3479.0,575.0,340.0,1247.0,2.0,5.0,2.0,,28.0,4.0,,1.0,254.0,17.0,10.0,4.0,2.0,2.0,252.0,20.0,22.0,,15.0,,,,,,,,,,,,,,0.5384829247949585,0.0020851675084565128,0.2724155507159075,0.01575459895278254,0.1712617580278949
2022-05-14,19906,24674.0,12400.0,88937369.0901188,10.0,1166197.3402526106,5056.0,513769999.5356456,205.0,25390684.36837555,7003.0,88836071.75662975,12394.0,3174.0,450.0,203.0,1068.0,1.0,2.0,1.0,1.0,10.0,3.0,,1.0,167.0,6.0,2.0,1.0,7.0,2.0,131.0,5.0,38.0,1.0,3.0,,,,,,,,,,,,,,0.5025532949663614,0.0004052849152954527,0.20491205317338088,0.008308340763556781,0.28382102618140553
2022-05-15,16432,20110.0,11097.0,76548038.38665262,12.0,1834479.6714163506,5055.0,264720022.8896091,192.0,7571566.442704404,3754.0,47909990.817956954,11094.0,3200.0,476.0,192.0,966.0,1.0,4.0,2.0,,22.0,1.0,,1.0,172.0,3.0,3.0,5.0,7.0,3.0,178.0,5.0,17.0,,4.0,,,,,,,,,,,,,,0.5518150174042765,0.0005967180507210343,0.2513674788662357,0.00954748881153655,0.18667329686723022
2022-05-16,14684,18179.0,10320.0,136052533.77445263,6.0,270346.5795047874,4658.0,274814207.5505382,290.0,40298909.60172816,2905.0,47927172.514301725,10319.0,2975.0,362.0,288.0,955.0,6.0,1.0,1.0,2.0,15.0,2.0,,1.0,137.0,1.0,3.0,3.0,1.0,5.0,160.0,2.0,34.0,,1.0,,,,,,,,,,,,,,0.567687991638704,0.00033005115792947905,0.2562297156059189,0.015952472633258157,0.15979976896418946
2022-05-17,12658,15118.0,8403.0,79998176.74920203,6.0,2253497.9333752757,4557.0,236934857.18505183,204.0,21521131.02190298,1948.0,147273362.7332801,8401.0,2726.0,738.0,204.0,838.0,18.0,,2.0,,4.0,1.0,,,121.0,2.0,2.0,3.0,2.0,3.0,43.0,3.0,58.0,,1.0,,,,,,,,,,,,,,0.5558274904087842,0.0003968778939013097,0.3014287604180447,0.013493848392644529,0.1288530228866252
2022-05-18,13799,16644.0,9354.0,88981010.98281951,6.0,1001222.0645642577,4654.0,259946991.16051877,242.0,14363394.39342642,2388.0,269736804.21621263,9349.0,2746.0,724.0,242.0,934.0,2.0,1.0,2.0,,10.0,8.0,,1.0,154.0,5.0,1.0,3.0,3.0,3.0,45.0,4.0,18.0,,1.0,,,,,,,,,,,,,,0.5620043258832012,0.0003604902667627974,0.27962028358567653,0.014539774092766161,0.14347512617159336
2022-05-19,15228,18121.0,10946.0,122894215.89826676,24.0,2360560.375164306,4330.0,296215618.56389636,327.0,27041713.468772978,2494.0,242449255.93529874,10945.0,2674.0,563.0,325.0,810.0,10.0,4.0,1.0,1.0,9.0,1.0,,2.0,173.0,1.0,2.0,1.0,5.0,2.0,35.0,12.0,40.0,1.0,10.0,,,,,,,,,,,,,,0.604050549086695,0.001324430219082832,0.2389492853595276,0.01804536173500359,0.13763037359969096
2022-05-20,13011,14943.0,9799.0,63704432.82903015,1.0,6697.023257087709,3445.0,449202925.045356,172.0,17186048.739100363,1526.0,345918272.29015857,9794.0,2078.0,473.0,170.0,726.0,6.0,2.0,1.0,,8.0,1.0,1.0,2.0,108.0,5.0,1.0,3.0,1.0,5.0,18.0,,13.0,1.0,,,,,,,,,,,,,,,0.6557585491534498,6.692096633875393e-05,0.2305427290370073,0.011510406210265675,0.1021213946329385
2022-05-21,10458,12074.0,7665.0,32814263.40012636,16.0,2601220.1551074507,2829.0,107164229.25976121,120.0,3701416.3599953246,1444.0,57583339.006511465,7665.0,1799.0,278.0,119.0,615.0,7.0,,,1.0,7.0,1.0,,,58.0,,4.0,23.0,2.0,,25.0,5.0,14.0,,7.0,,,,,,,,,,,,,,0.6348351830379327,0.001325161504058307,0.2343051184363094,0.009938711280437303,0.11959582574126222
2022-05-22,11663,13547.0,8367.0,48829244.12464866,8.0,346798.0221182144,3542.0,82407800.92188972,101.0,7051422.651136157,1529.0,33848105.76016894,8365.0,2468.0,345.0,101.0,570.0,4.0,1.0,1.0,,1.0,,,,116.0,2.0,1.0,5.0,4.0,1.0,13.0,4.0,13.0,,3.0,,,,,,,,,,,,,,0.6176275190078985,0.0005905366501808519,0.2614601018675722,0.007455525208533254,0.11286631726581531
2022-05-23,16201,18920.0,10039.0,93985801.35144772,12.0,2731817.807359774,6757.0,158718411.03503338,147.0,15146278.05783605,1965.0,84378735.05897908,10035.0,5157.0,517.0,147.0,835.0,13.0,,1.0,,7.0,1.0,,,164.0,4.0,1.0,5.0,2.0,2.0,26.0,7.0,27.0,,4.0,,,,,,,,,,,,,,0.5306025369978858,0.0006342494714587737,0.3571353065539112,0.007769556025369979,0.1038583509513742
2022-05-24,13710,15842.0,8888.0,56530149.416917786,2.0,72573.00123128603,5132.0,92184470.61139528,115.0,5129733.709809192,1705.0,65724231.66879251,8887.0,3913.0,375.0,114.0,668.0,14.0,1.0,1.0,1.0,6.0,2.0,,,85.0,1.0,,2.0,6.0,1.0,33.0,1.0,25.0,,1.0,,,,,,,,,,,,,,0.5610402726928418,0.00012624668602449185,0.3239489963388461,0.007259184446408282,0.1076252998358793
2022-05-25,11760,13535.0,8027.0,42332152.72582284,2.0,188169.5440012413,3990.0,91911778.82128538,125.0,14675305.157025905,1391.0,42841527.597394854,8026.0,2827.0,412.0,124.0,583.0,10.0,,,,24.0,1.0,,,87.0,1.0,,2.0,2.0,2.0,26.0,1.0,14.0,1.0,1.0,,,,,,,,,,,,,,0.5930550424824529,0.0001477650535648319,0.29479128186183967,0.009235315847801994,0.1027705947543406
2022-05-26,13388,16022.0,8789.0,110876787.73480226,1.0,861.819218510919,5249.0,398349889.8931367,252.0,83284607.22413999,1731.0,110769283.47522733,8782.0,3706.0,500.0,248.0,803.0,5.0,,1.0,2.0,28.0,1.0,,,96.0,7.0,,2.0,7.0,4.0,68.0,1.0,28.0,2.0,,,,,,,,,,,,,,,0.5485582324304082,6.241418050181001e-05,0.32761203345400075,0.015728373486456122,0.10803894644863313
2022-05-27,13313,15896.0,8497.0,82779498.74939981,4.0,45682.44024063296,5313.0,225658052.80345935,242.0,25493157.837661766,1840.0,86704578.8753801,8497.0,3850.0,485.0,242.0,771.0,8.0,4.0,3.0,,35.0,2.0,,3.0,71.0,,3.0,6.0,8.0,3.0,36.0,,28.0,,1.0,,,,,,,,,,,,,,0.534536990437846,0.0002516356316054353,0.33423502767991947,0.015223955712128838,0.11575239053850025
2022-05-28,11265,13561.0,7492.0,76753924.59963696,5.0,635883.1617256482,3958.0,171532257.78058207,178.0,50812381.27621651,1928.0,61947934.09010743,7488.0,2763.0,382.0,178.0,679.0,3.0,1.0,5.0,,17.0,3.0,,1.0,64.0,4.0,1.0,3.0,2.0,2.0,24.0,2.0,9.0,,2.0,,,,,,,,,,,,,,0.5524666322542585,0.0003687043728338618,0.291866381535285,0.01312587567288548,0.14217240616473711
2022-05-29,9558,11303.0,6258.0,43384181.82965312,9.0,492930.7352485792,3454.0,77889926.69697504,120.0,13074269.623362876,1462.0,36077665.99062577,6258.0,2431.0,284.0,119.0,627.0,3.0,,1.0,1.0,18.0,1.0,,1.0,61.0,,3.0,3.0,1.0,1.0,6.0,4.0,16.0,,2.0,,,,,,,,,,,,,,0.5536583207997877,0.0007962487835088029,0.30558258869326727,0.01061665044678404,0.12934619127665223
2022-05-30,12569,14886.0,7939.0,117579229.1129296,4.0,122797.9473814902,5090.0,231670552.0434469,188.0,50808391.56069495,1665.0,56713016.28626948,7935.0,3326.0,937.0,185.0,706.0,2.0,5.0,,3.0,12.0,1.0,,2.0,73.0,4.0,,2.0,3.0,,12.0,3.0,9.0,,1.0,,,,,,,,,,,,,,0.5333198978906355,0.0002687088539567379,0.34193201665994893,0.01262931613596668,0.11185006045949214
2022-05-31,10924,12572.0,7331.0,68313987.02781703,2.0,74845.04575127356,3859.0,169191762.21663135,181.0,32508514.342670474,1199.0,33683266.02517229,7330.0,2814.0,427.0,180.0,498.0,5.0,3.0,,,10.0,1.0,,,67.0,1.0,,1.0,3.0,,19.0,1.0,11.0,1.0,1.0,,,,,,,,,,,,,,0.5831212217626471,0.0001590836780146357,0.3069519567292396,0.01439707286032453,0.0953706649697741
2022-06-01,11566,13560.0,7601.0,69294582.24823128,4.0,280359.4582091246,4397.0,185350213.35165283,246.0,26395111.892902553,1312.0,43221499.93558137,7598.0,3214.0,496.0,246.0,570.0,4.0,1.0,1.0,,9.0,1.0,,2.0,74.0,3.0,,4.0,6.0,3.0,3.0,2.0,9.0,,2.0,,,,,,,,,,,,,,0.5605457227138643,0.0002949852507374631,0.3242625368731563,0.018141592920353982,0.0967551622418879
2022-06-02,8385,9772.0,5167.0,46951323.07812485,1.0,41992.90795560639,3518.0,125909228.97185434,106.0,7485458.422532737,980.0,67581546.00912015,5167.0,2629.0,318.0,105.0,491.0,2.0,2.0,,1.0,10.0,1.0,,,42.0,,1.0,,3.0,,4.0,,16.0,,,,,,,,,,,,,,,,0.5287556283258289,0.00010233319688907081,0.36000818665575113,0.010847318870241505,0.10028653295128939
2022-06-03,9504,10979.0,5405.0,46161847.048218265,0.0,0.0,4482.0,142840531.54051954,124.0,17950699.635225486,968.0,61670876.38869819,5405.0,3553.0,396.0,120.0,459.0,2.0,1.0,1.0,4.0,17.0,1.0,,,34.0,,,1.0,1.0,1.0,4.0,,11.0,,,,,,,,,,,,,,,,0.4923034884780035,0.0,0.4082339010838874,0.011294289097367701,0.08816832134074142
2022-06-04,10182,11606.0,5699.0,48446615.42411057,1.0,24563.639622057704,4949.0,108296281.9458315,72.0,11103877.624764029,885.0,15693236.918487651,5699.0,3947.0,386.0,72.0,519.0,,1.0,1.0,,6.0,1.0,,1.0,75.0,,1.0,1.0,4.0,2.0,1.0,,4.0,,,,,,,,,,,,,,,,0.49103911769774256,8.616232982939858e-05,0.4264173703256936,0.006203687747716698,0.07625366189901775
2022-06-05,9082,10475.0,5575.0,30446675.094607484,3.0,114272.81665083361,3855.0,97015618.02060957,77.0,5983610.230834146,965.0,32367552.44287762,5573.0,3034.0,333.0,77.0,417.0,,2.0,1.0,,3.0,2.0,,,52.0,2.0,,1.0,2.0,,4.0,2.0,4.0,,1.0,,,,,,,,,,,,,,0.5322195704057279,0.0002863961813842482,0.36801909307875896,0.007350835322195704,0.09212410501193317
2022-06-06,11831,13732.0,7866.0,59863992.15474594,1.0,1471.6007304437253,4510.0,95062319.08480693,142.0,14783703.61622106,1213.0,21667699.610436805,7863.0,2965.0,754.0,139.0,704.0,2.0,2.0,2.0,2.0,7.0,,1.0,,50.0,3.0,1.0,2.0,5.0,1.0,4.0,,12.0,,,,,,,,,,,,,,,,0.5728226041363239,7.282260413632391e-05,0.32842994465482084,0.010340809787357996,0.08833381881736091
2022-06-07,11011,12947.0,7258.0,78124962.68444549,9.0,229149.1746680527,4143.0,236492274.97574502,209.0,27096350.415316075,1328.0,52328744.20192275,7255.0,2683.0,514.0,209.0,808.0,5.0,2.0,1.0,,8.0,1.0,,1.0,82.0,3.0,4.0,7.0,4.0,1.0,1.0,3.0,25.0,,2.0,,,,,,,,,,,,,,0.5605931876110296,0.0006951417316752916,0.31999691048119255,0.016142735768903994,0.10257202440719858
2022-06-08,8865,10059.0,6490.0,64181017.21878944,16.0,1287002.165806377,2522.0,114439833.60275674,114.0,10375294.182459338,917.0,29916426.08216252,6483.0,1686.0,304.0,108.0,385.0,2.0,,,4.0,9.0,,2.0,,120.0,7.0,,3.0,1.0,1.0,8.0,8.0,3.0,,8.0,,,,,,,,,,,,,,0.6451933591808331,0.0015906153693210062,0.2507207475892236,0.011333134506412169,0.09116214335421016
2022-06-09,9214,10232.0,6261.0,38834716.8158601,5.0,737155.6478674713,3039.0,88134149.65242337,111.0,3594397.4960520295,816.0,59181059.213029325,6260.0,2357.0,221.0,111.0,377.0,2.0,1.0,,,3.0,,,,72.0,1.0,,,,,5.0,2.0,1.0,,3.0,,,,,,,,,,,,,,0.611903831118061,0.000488663017982799,0.2970093823299453,0.01084831899921814,0.0797498045347928
2022-06-10,11916,13993.0,6870.0,72289296.88496709,43.0,3853197.0891898754,5679.0,202084728.05057982,138.0,25279936.952537,1263.0,75669887.91310161,6862.0,3126.0,494.0,138.0,1929.0,7.0,,,,9.0,,,1.0,67.0,8.0,10.0,,8.0,3.0,8.0,19.0,27.0,,14.0,,,,,,,,,,,,,,0.49095976559708426,0.003072965053955549,0.4058457800328736,0.009862073894089902,0.09025941542199671
2022-06-11,12873,15739.0,8028.0,76983398.66781071,30.0,2202978.475149262,5578.0,256499357.73801118,248.0,32622185.389547035,1855.0,79904785.47208725,8001.0,3365.0,895.0,241.0,1092.0,6.0,3.0,4.0,7.0,22.0,2.0,,,103.0,27.0,6.0,14.0,13.0,5.0,16.0,13.0,38.0,,11.0,,,,,,,,,,,,,,0.5100705254463435,0.0019060931444183239,0.3544062519855137,0.01575703666052481,0.1178600927631997
2022-06-12,14635,18166.0,8722.0,85130115.76077801,34.0,2771598.5496759247,7078.0,270658976.28172326,268.0,32076259.368664328,2064.0,80039607.4516446,8702.0,4722.0,954.0,268.0,1144.0,4.0,1.0,5.0,,26.0,1.0,,,93.0,20.0,4.0,18.0,11.0,5.0,56.0,18.0,38.0,,12.0,,,,,,,,,,,,,,0.48012771110866453,0.0018716283166354728,0.38962897721017287,0.014752834966420787,0.11361884839810635
2022-06-13,18769,24008.0,11108.0,231955250.56703347,70.0,8540730.591300968,9109.0,782665493.8789394,756.0,118518423.50258605,2965.0,442431125.1306969,11079.0,5628.0,1317.0,753.0,1681.0,19.0,31.0,4.0,3.0,66.0,5.0,,1.0,181.0,29.0,19.0,11.0,24.0,10.0,28.0,31.0,103.0,,20.0,,,,,,,,,,,,,,0.4626791069643452,0.00291569476841053,0.3794151949350217,0.03148950349883372,0.12350049983338887
2022-06-14,15654,19493.0,9428.0,131465403.94889335,59.0,7210134.8727390915,7171.0,726155227.6296947,505.0,55067376.251488544,2330.0,181712056.43234125,9414.0,4676.0,937.0,499.0,1244.0,13.0,16.0,2.0,5.0,43.0,4.0,,2.0,119.0,14.0,9.0,16.0,23.0,6.0,13.0,32.0,57.0,1.0,18.0,,,,,,,,,,,,,,0.483660801313292,0.0030267275432206433,0.36787564766839376,0.025906735751295335,0.11953008772379829
2022-06-15,16140,20628.0,9783.0,174402507.55474952,27.0,2920103.984117518,7442.0,553490538.5293399,703.0,109555719.13548616,2673.0,244949030.01279196,9775.0,4716.0,1022.0,700.0,1376.0,11.0,7.0,6.0,2.0,25.0,3.0,1.0,4.0,145.0,8.0,11.0,17.0,24.0,12.0,8.0,12.0,66.0,,4.0,,,,,,,,,,,,,,0.4742582897033159,0.0013089005235602095,0.36077176653092885,0.034079891409734345,0.12958115183246074
2022-06-16,13548,16759.0,7970.0,82965161.32847545,34.0,3190986.613051388,6061.0,295457245.141544,460.0,41875864.140910715,2234.0,223242303.69924918,7967.0,4307.0,621.0,457.0,934.0,10.0,8.0,3.0,3.0,13.0,1.0,,2.0,65.0,3.0,2.0,20.0,8.0,9.0,7.0,17.0,53.0,,15.0,,,,,,,,,,,,,,0.4755653678620443,0.002028760665910854,0.3616564234142849,0.027447938421146848,0.13330150963661316
2022-06-17,9941,12400.0,6356.0,58426853.00551573,18.0,759523.4636810846,4057.0,321409144.59711546,321.0,38909377.7472662,1648.0,304130688.0731985,6352.0,2623.0,497.0,289.0,822.0,8.0,2.0,,32.0,4.0,3.0,,,48.0,4.0,7.0,1.0,7.0,5.0,7.0,5.0,30.0,,6.0,,,,,,,,,,,,,,0.5125806451612903,0.0014516129032258066,0.3271774193548387,0.025887096774193548,0.1329032258064516
2022-06-18,14525,18897.0,8824.0,112544907.81981559,37.0,3153343.9079699116,6908.0,395912542.5415762,561.0,45519541.744845115,2567.0,111151421.95847672,8813.0,4273.0,996.0,525.0,1278.0,6.0,7.0,10.0,33.0,20.0,2.0,,3.0,86.0,11.0,11.0,14.0,31.0,9.0,141.0,19.0,32.0,3.0,7.0,,,,,,,,,,,,,,0.46695242631105466,0.0019579827485844315,0.3655606710059798,0.029687251944753135,0.135841667989628
2022-06-19,13689,17642.0,8946.0,99981188.79542534,13.0,1190546.6563461232,5498.0,280949660.55452764,513.0,54652740.81725858,2672.0,130356100.51037857,8942.0,3292.0,812.0,503.0,1152.0,5.0,11.0,2.0,10.0,11.0,2.0,,1.0,108.0,4.0,5.0,12.0,18.0,12.0,21.0,7.0,39.0,,1.0,,,,,,,,,,,,,,0.5070853644711484,0.0007368779049994332,0.31164267089899106,0.029078335789593016,0.15145675093526811
2022-06-20,13077,16803.0,8810.0,75023974.84118074,15.0,467286.8495139462,4739.0,193574143.58047533,425.0,17794135.54729722,2814.0,274732183.60380703,8808.0,3064.0,553.0,415.0,850.0,7.0,15.0,1.0,9.0,5.0,1.0,,,166.0,2.0,5.0,5.0,8.0,8.0,17.0,5.0,39.0,1.0,5.0,,,,,,,,,,,,,,0.5243111349163839,0.0008926977325477593,0.28203297030292207,0.025293102422186513,0.16747009462595966
2022-06-21,13142,15946.0,9091.0,59157581.74921321,24.0,1610291.7010223642,4461.0,163827113.1085943,292.0,14411658.635624893,2078.0,150050389.3516416,9089.0,3015.0,516.0,289.0,789.0,7.0,4.0,1.0,3.0,3.0,,,,92.0,2.0,2.0,1.0,4.0,5.0,4.0,15.0,20.0,,7.0,,,,,,,,,,,,,,0.5701116267402483,0.0015050796437978177,0.27975667879091937,0.01831180233287345,0.13031481249216104
2022-06-22,11432,14075.0,7694.0,35776909.129366234,14.0,1127142.667605311,4112.0,128318447.9427788,353.0,14921263.994708607,1902.0,86587689.16853233,7694.0,2524.0,644.0,346.0,832.0,4.0,5.0,2.0,7.0,6.0,,,1.0,58.0,,7.0,2.0,9.0,3.0,5.0,5.0,17.0,,2.0,,,,,,,,,,,,,,0.5466429840142096,0.000994671403197158,0.29214920071047956,0.02507992895204263,0.13513321492007105
2022-06-23,10497,12569.0,7471.0,88494286.48262039,10.0,892523.8523692051,3287.0,219202453.78931138,240.0,21814636.42838907,1561.0,117781427.51499559,7470.0,2106.0,516.0,239.0,573.0,7.0,3.0,,1.0,2.0,3.0,,,39.0,1.0,3.0,2.0,8.0,2.0,5.0,5.0,21.0,,2.0,,,,,,,,,,,,,,0.5943989179727902,0.0007956082425013923,0.26151642931020763,0.019094597820033414,0.12419444665446734
2022-06-24,11431,13738.0,8113.0,62793039.118160516,30.0,1758276.655902696,3679.0,253518824.1363928,220.0,10252561.914661475,1696.0,283136933.7292742,8113.0,2304.0,516.0,217.0,706.0,3.0,3.0,1.0,3.0,4.0,1.0,,,90.0,,3.0,12.0,7.0,3.0,8.0,18.0,21.0,,9.0,,,,,,,,,,,,,,0.5905517542582618,0.0021837239772892706,0.26779735041490754,0.016013975833454652,0.12345319551608677
2022-06-25,9834,11515.0,6748.0,29983477.998906028,15.0,586800.9022045651,3243.0,57092160.068441145,156.0,11176623.915627481,1353.0,25853015.11045552,6748.0,2268.0,309.0,156.0,573.0,2.0,2.0,3.0,,3.0,,,1.0,46.0,,2.0,9.0,5.0,3.0,7.0,8.0,12.0,,5.0,,,,,,,,,,,,,,0.5860182370820669,0.0013026487190620929,0.2816326530612245,0.013547546678245766,0.11749891445940078
2022-06-26,10031,11813.0,6835.0,35932251.82720958,11.0,1613300.369196544,3393.0,99371345.78231165,158.0,18383272.591821894,1416.0,50806351.26810335,6832.0,2380.0,317.0,155.0,612.0,4.0,2.0,,3.0,2.0,,,1.0,43.0,3.0,4.0,3.0,5.0,3.0,7.0,5.0,14.0,,2.0,,,,,,,,,,,,,,0.5785998476254973,0.0009311775162956066,0.2872259375264539,0.013375095234064167,0.11986794209768899
2022-06-27,10123,11963.0,7152.0,40608470.539428405,7.0,60074.179700822184,3282.0,112464956.2096474,162.0,7982395.521680973,1360.0,51083132.94718124,7152.0,2179.0,361.0,157.0,617.0,6.0,2.0,2.0,5.0,3.0,1.0,,1.0,68.0,,2.0,3.0,4.0,2.0,22.0,2.0,11.0,,3.0,,,,,,,,,,,,,,0.5978433503301848,0.0005851375073142189,0.2743458998578952,0.013541753740700492,0.11368385856390538
2022-06-28,12777,15248.0,9025.0,45929829.04933311,9.0,170713.7380423346,4172.0,146024799.84349662,295.0,18946541.072129548,1747.0,92894000.74746414,9021.0,2904.0,565.0,289.0,566.0,3.0,2.0,2.0,6.0,5.0,,,,62.0,4.0,6.0,3.0,4.0,2.0,41.0,2.0,13.0,,1.0,,,,,,,,,,,,,,0.5918809024134313,0.0005902413431269675,0.27360965372507867,0.019346799580272824,0.11457240293809025
2022-06-29,12085,14530.0,8258.0,38857266.45266256,10.0,532238.555470048,4244.0,240247332.949292,236.0,17535384.28736559,1782.0,85191196.26800297,8256.0,2847.0,569.0,228.0,603.0,4.0,7.0,1.0,8.0,1.0,2.0,,2.0,64.0,2.0,3.0,3.0,4.0,3.0,113.0,5.0,21.0,,2.0,,,,,,,,,,,,,,0.5683413626978665,0.0006882312456985547,0.2920853406744666,0.01624225739848589,0.12264280798348245
2022-06-30,12549,15054.0,8401.0,54771330.606275044,7.0,124289.6927074372,4627.0,149449715.77834123,261.0,15184842.670851683,1758.0,83220777.49208428,8398.0,3042.0,599.0,258.0,798.0,5.0,12.0,3.0,3.0,6.0,3.0,,3.0,67.0,3.0,2.0,7.0,12.0,4.0,48.0,4.0,18.0,,1.0,,,,,,,,,,,,,,0.5580576590939286,0.0004649926929719676,0.3073601700544706,0.01733758469509765,0.11677959346353128
2022-07-01,13554,16097.0,9193.0,44012331.50875813,15.0,174516.27842233778,4735.0,112970334.36851832,279.0,12648993.997776728,1875.0,13644745.875856848,9189.0,3138.0,577.0,276.0,797.0,6.0,23.0,1.0,3.0,4.0,2.0,,2.0,67.0,4.0,3.0,6.0,5.0,2.0,36.0,8.0,69.0,,4.0,,,,,,,,,,,,,,0.5711002050071442,0.0009318506554016276,0.29415419022178046,0.017332422190470275,0.11648133192520345
2022-07-02,13035,15359.0,8539.0,22240180.804669235,11.0,481404.7990455274,4823.0,77075943.9780349,177.0,8557412.377480974,1809.0,18805979.16984659,8536.0,3528.0,352.0,170.0,803.0,2.0,4.0,1.0,7.0,7.0,,,1.0,45.0,3.0,1.0,4.0,1.0,1.0,30.0,8.0,44.0,,2.0,,,,,,,,,,,,,,0.555960674523081,0.0007161924604466436,0.31401783970310565,0.011524187772641447,0.11778110554072531
2022-07-03,12552,14970.0,8511.0,34168346.1369316,12.0,1210911.8445388894,4517.0,76445308.44230025,139.0,5963593.787777042,1791.0,10184403.817007136,8509.0,2964.0,272.0,132.0,1187.0,3.0,3.0,1.0,7.0,10.0,1.0,,2.0,33.0,2.0,,3.0,5.0,2.0,8.0,9.0,23.0,,3.0,,,,,,,,,,,,,,0.5685370741482966,0.0008016032064128256,0.30173680694722776,0.009285237140948564,0.11963927855711423
2022-07-04,14243,17148.0,9967.0,41390410.501726024,25.0,107148.56014147395,5073.0,130315373.52234033,222.0,11526730.097763827,1861.0,33429199.67974912,9964.0,3299.0,341.0,218.0,1239.0,1.0,8.0,4.0,4.0,7.0,5.0,,8.0,74.0,3.0,,3.0,11.0,4.0,18.0,23.0,51.0,,2.0,,,,,,,,,,,,,,0.58123396314439,0.0014578959645439702,0.2958362491252624,0.012946116165150455,0.10852577560065314
2022-07-05,15314,18412.0,10800.0,52886115.96217114,17.0,302729.72163123783,5365.0,134298044.90003574,273.0,14590781.830514377,1957.0,39475667.22859188,10798.0,3551.0,394.0,267.0,1237.0,1.0,9.0,,2.0,10.0,4.0,,2.0,86.0,2.0,2.0,5.0,7.0,4.0,12.0,15.0,43.0,4.0,,,,,,,,,,,,,,,0.5865739734955464,0.0009233108842059526,0.29138605257440797,0.014827286552248534,0.10628937649359113
2022-07-06,15495,17986.0,10958.0,45396253.57567742,27.0,231220.17902140738,5076.0,107452488.26774117,190.0,11950701.101566892,1735.0,46360004.42340207,10957.0,3625.0,366.0,185.0,918.0,1.0,3.0,,5.0,3.0,2.0,,1.0,62.0,1.0,3.0,4.0,5.0,2.0,8.0,23.0,76.0,,1.0,,,,,,,,,,,,,,0.6092516401645724,0.0015011675747803848,0.2822195040587123,0.010563771822528633,0.09646391637940621
2022-07-07,16294,18664.0,12246.0,55946222.64469297,43.0,855533.4788431791,4440.0,140888331.9060215,181.0,11225157.034195054,1754.0,37140962.1175084,12245.0,3054.0,412.0,181.0,847.0,2.0,4.0,,,4.0,1.0,,,53.0,1.0,2.0,10.0,8.0,1.0,9.0,35.0,35.0,,6.0,,,,,,,,,,,,,,0.6561294470638662,0.0023039005572224602,0.23789112730390055,0.009697813973424774,0.09397771110158594
2022-07-08,15781,18232.0,11247.0,46205599.390929915,28.0,56335.517995986585,4865.0,111360292.72717777,220.0,7358655.991468482,1872.0,43192116.43388971,11247.0,3515.0,462.0,218.0,774.0,,3.0,1.0,2.0,8.0,1.0,,1.0,56.0,,2.0,4.0,3.0,4.0,4.0,26.0,29.0,,,,,,,,,,,,,,,,0.616882404563405,0.00153576129881527,0.2668385256691531,0.012066695919262835,0.10267661254936375
2022-07-09,13412,15794.0,9879.0,26407439.56747068,19.0,120392.08035402374,3839.0,37827829.95362349,85.0,3001833.1050865813,1972.0,25563996.82589061,9879.0,2809.0,279.0,82.0,671.0,2.0,1.0,,3.0,4.0,4.0,,,32.0,,3.0,8.0,1.0,3.0,3.0,13.0,22.0,,3.0,,,,,,,,,,,,,,0.6254906926681018,0.0012029884766366974,0.24306698746359376,0.005381790553374699,0.12485754083829302
2022-07-10,13820,16300.0,9515.0,37419312.047408715,13.0,158887.91836326435,4545.0,110780511.58964889,106.0,3821798.306164143,2121.0,21123297.468205694,9512.0,2866.0,324.0,106.0,1182.0,1.0,1.0,2.0,,3.0,3.0,,,46.0,3.0,,66.0,3.0,4.0,4.0,11.0,40.0,,2.0,,,,,,,,,,,,,,0.5837423312883435,0.0007975460122699386,0.27883435582822086,0.006503067484662577,0.13012269938650306
2022-07-11,15073,17782.0,10577.0,41383900.54023119,17.0,595181.904942901,5024.0,127516705.76959063,173.0,8553430.974466283,1991.0,35232221.87185304,10573.0,2989.0,423.0,173.0,1493.0,,3.0,1.0,,2.0,4.0,,1.0,47.0,4.0,1.0,17.0,6.0,3.0,5.0,15.0,30.0,,1.0,,,,,,,,,,,,,,0.5948149814419076,0.0009560229445506692,0.2825328984366213,0.009728939376897987,0.11196715780002249
2022-07-12,15401,18084.0,10877.0,52371157.68604086,32.0,502630.9965431493,4838.0,159922949.65104008,227.0,16298611.647423035,2110.0,76809153.13403037,10875.0,3019.0,446.0,224.0,1194.0,2.0,2.0,,3.0,5.0,5.0,,1.0,75.0,2.0,1.0,20.0,7.0,4.0,13.0,25.0,45.0,,6.0,,,,,,,,,,,,,,0.6014709135147092,0.0017695200176952002,0.2675293076752931,0.012552532625525326,0.11667772616677727
2022-07-13,14784,17727.0,10468.0,61668828.870269574,45.0,2416897.552193417,4782.0,120228457.60919978,296.0,16004845.655435733,2136.0,56312715.37642278,10468.0,2788.0,687.0,294.0,1106.0,2.0,4.0,,2.0,10.0,,,,93.0,,1.0,15.0,6.0,3.0,8.0,34.0,60.0,,10.0,,,,,,,,,,,,,,0.5905116488971626,0.002538500592316805,0.2697579962768658,0.016697692785017204,0.12049416144863767
2022-07-14,14392,17234.0,10529.0,52727231.645162314,22.0,338723.3832809513,4275.0,128908389.13913794,250.0,15591604.631906379,2158.0,105418745.75342642,10529.0,2713.0,448.0,249.0,935.0,9.0,6.0,,1.0,10.0,3.0,,,74.0,,,8.0,7.0,2.0,6.0,18.0,54.0,,4.0,,,,,,,,,,,,,,0.6109434838110711,0.0012765463618428687,0.2480561680399211,0.014506208657305326,0.12521759312985958
2022-07-15,13727,16369.0,10179.0,72675515.39593859,27.0,2667303.3892295617,3951.0,153037881.00913587,222.0,27755587.254637107,1990.0,43836681.6864538,10178.0,2616.0,349.0,222.0,808.0,,6.0,1.0,,6.0,2.0,,,83.0,1.0,,18.0,2.0,2.0,11.0,21.0,47.0,,6.0,,,,,,,,,,,,,,0.6218461726434114,0.0016494593438817276,0.24137088398802614,0.013562221271916428,0.12157126275276438
2022-07-16,14943,17811.0,10336.0,71061514.65886322,22.0,1370883.9285922174,5091.0,134710656.2915013,328.0,16487763.456479099,2034.0,25801591.57199938,10336.0,3476.0,545.0,323.0,895.0,5.0,2.0,1.0,5.0,11.0,4.0,,,59.0,,1.0,14.0,4.0,5.0,8.0,21.0,62.0,,,,,,,,,,,,,,,,0.5803155353433271,0.0012351917354443884,0.28583459659760824,0.018415585873898153,0.11419909044972208
2022-07-17,13904,16645.0,10114.0,61484401.85260921,31.0,877886.3716454497,4267.0,98126649.97963774,263.0,11881267.237290548,1970.0,41792454.163794406,10112.0,3028.0,357.0,261.0,748.0,4.0,1.0,,1.0,5.0,1.0,,1.0,48.0,2.0,,6.0,5.0,3.0,1.0,25.0,59.0,1.0,6.0,,,,,,,,,,,,,,0.607629918894563,0.0018624211474917393,0.25635325923700814,0.015800540702913788,0.11835386001802344
2022-07-18,19142,22712.0,13046.0,104623544.61279953,32.0,1476957.3246943823,6820.0,168120075.73933387,522.0,30252816.306920324,2292.0,26939555.12710291,13045.0,4782.0,707.0,520.0,1073.0,2.0,8.0,1.0,2.0,16.0,2.0,,,119.0,1.0,3.0,4.0,11.0,3.0,7.0,26.0,85.0,,3.0,,,,,,,,,,,,,,0.574410003522367,0.0014089468122578373,0.3002817893624516,0.02298344487495597,0.1009158154279676
2022-07-19,19487,22725.0,13345.0,93789513.59501497,31.0,1057118.5791865333,6670.0,171683898.33768794,493.0,34857402.46775135,2186.0,64532586.028874345,13341.0,5027.0,425.0,491.0,965.0,2.0,9.0,2.0,1.0,7.0,4.0,1.0,2.0,112.0,4.0,2.0,2.0,3.0,2.0,3.0,28.0,105.0,,1.0,,,,,,,,,,,,,,0.5872387238723873,0.0013641364136413642,0.2935093509350935,0.021694169416941696,0.0961936193619362
2022-07-20,20445,23816.0,13887.0,100290961.4050009,27.0,58126.51003546612,6898.0,188733571.13161466,478.0,25568452.82840609,2526.0,23205224.04700931,13884.0,5344.0,478.0,478.0,881.0,2.0,2.0,2.0,,5.0,2.0,,,75.0,3.0,2.0,20.0,2.0,6.0,10.0,25.0,69.0,,,,,,,,,,,,,,,,0.5830953980517299,0.001133691635875042,0.28963721867652,0.020070540812898892,0.10606315082297615
2022-07-21,19320,22441.0,12422.0,72385831.2915874,37.0,30934.712401897963,7424.0,167123552.02248433,386.0,20351251.76814218,2172.0,30424064.29640788,12422.0,5709.0,643.0,385.0,916.0,1.0,4.0,2.0,1.0,7.0,1.0,,2.0,59.0,,,20.0,5.0,5.0,9.0,37.0,41.0,,,,,,,,,,,,,,,,0.5535403948130654,0.0016487678802192417,0.33082304710128785,0.017200659507152088,0.09678713069827548
2022-07-22,20231,23357.0,13473.0,57911899.567693956,34.0,168381.93210677675,7327.0,131403330.81749193,300.0,16630139.986383595,2223.0,40199081.01264055,13472.0,4964.0,1050.0,294.0,1143.0,1.0,8.0,1.0,5.0,8.0,7.0,,1.0,76.0,1.0,3.0,6.0,7.0,6.0,5.0,30.0,44.0,1.0,1.0,,,,,,,,,,,,,,0.5768292160808323,0.0014556663955131225,0.31369610823307786,0.01284411525452755,0.09517489403604915
2022-07-23,16993,19739.0,11031.0,43311858.374304794,14.0,41307.0691131093,6463.0,72766828.28815953,216.0,13640401.17280917,2015.0,25320554.50031753,11031.0,4481.0,582.0,216.0,1253.0,2.0,6.0,2.0,,8.0,2.0,,,53.0,,1.0,14.0,5.0,4.0,9.0,12.0,42.0,,1.0,,,,,,,,,,,,,,0.5588428998429505,0.0007092557880338416,0.3274228684330513,0.010942803586807843,0.1020821723491565
2022-07-24,16725,19495.0,11927.0,45720916.05651084,22.0,550240.6199885233,5261.0,74831597.57251054,291.0,18301694.802580763,1994.0,25016957.062908456,11925.0,3624.0,607.0,290.0,849.0,3.0,7.0,,1.0,15.0,4.0,,3.0,78.0,2.0,2.0,4.0,4.0,5.0,8.0,18.0,50.0,,2.0,,,,,,,,,,,,,,0.6117978968966402,0.0011284944857655808,0.26986406770966914,0.01492690433444473,0.10228263657348038
2022-07-25,17710,20482.0,12212.0,65665703.990245916,22.0,56778.761396717535,5906.0,176770171.6730476,345.0,21530770.050947633,1997.0,44087662.345555186,12209.0,4236.0,611.0,343.0,873.0,1.0,8.0,9.0,2.0,8.0,7.0,,,75.0,3.0,2.0,6.0,4.0,8.0,7.0,17.0,53.0,,3.0,,,,,,,,,,,,,,0.5962308368323406,0.0010741138560687433,0.2883507469973635,0.016844058197441655,0.09750024411678547
2022-07-26,17234,19971.0,11743.0,95134560.78752795,34.0,2558080.313799945,5785.0,196692141.49108362,271.0,11892074.458332136,2138.0,217590642.19535065,11742.0,3863.0,892.0,268.0,844.0,5.0,5.0,2.0,2.0,5.0,3.0,1.0,,77.0,1.0,1.0,22.0,6.0,5.0,5.0,26.0,51.0,,7.0,,,,,,,,,,,,,,0.5880026037754744,0.0017024685794401883,0.2896700215312203,0.013569676030243854,0.10705523008362125
2022-07-27,20392,24100.0,13700.0,90368686.67696844,32.0,169631.63899667718,7194.0,206814592.4985377,402.0,37804683.896219455,2772.0,66336735.85653943,13700.0,5004.0,1019.0,400.0,964.0,,7.0,2.0,2.0,5.0,7.0,,3.0,86.0,,3.0,9.0,9.0,2.0,13.0,27.0,64.0,,2.0,,,,,,,,,,,,,,0.5684647302904564,0.0013278008298755186,0.29850622406639005,0.0166804979253112,0.1150207468879668
2022-07-28,22058,26369.0,15412.0,173649058.5053274,49.0,1219832.6426011212,7328.0,264338806.2121253,462.0,32981264.190705214,3118.0,55156884.05663262,15410.0,5087.0,916.0,456.0,1032.0,2.0,15.0,11.0,4.0,8.0,3.0,,1.0,163.0,2.0,4.0,4.0,6.0,12.0,7.0,41.0,61.0,2.0,4.0,,,,,,,,,,,,,,0.5844741931813873,0.0018582426333952748,0.27790208199021577,0.01752057340058402,0.1182449087944177
2022-07-29,22985,26807.0,15957.0,82751256.7169672,26.0,114420.74083282484,7484.0,137865854.44417956,491.0,19851386.087598115,2849.0,48432860.69434473,15956.0,5401.0,887.0,487.0,979.0,3.0,20.0,4.0,3.0,4.0,5.0,,1.0,94.0,1.0,3.0,10.0,7.0,4.0,6.0,23.0,59.0,1.0,,,,,,,,,,,,,,,0.5952549707166038,0.0009698959227067558,0.27918081098220615,0.018316111463423733,0.1062782109150595
2022-07-30,21471,25206.0,14826.0,64294289.27382964,27.0,1647742.7309441094,7208.0,67911070.64154854,294.0,10931275.56670279,2851.0,24319685.946487937,14823.0,5281.0,644.0,292.0,1107.0,2.0,9.0,3.0,1.0,,6.0,,,104.0,3.0,1.0,3.0,5.0,5.0,5.0,23.0,34.0,1.0,3.0,,,,,,,,,,,,,,0.5881932873125446,0.0010711735301118781,0.2859636594461636,0.011663889550107118,0.11310799016107276
2022-07-31,20587,23992.0,14941.0,49472738.22560148,38.0,951811.9239297995,6087.0,67917386.56911412,197.0,8489274.798273657,2729.0,26704467.37450684,14941.0,4484.0,558.0,194.0,894.0,1.0,5.0,2.0,3.0,3.0,2.0,,1.0,91.0,,1.0,4.0,6.0,3.0,3.0,32.0,30.0,,5.0,,,,,,,,,,,,,,0.6227492497499166,0.0015838612870956986,0.25370956985661886,0.008211070356785595,0.1137462487495832
2022-08-01,20665,23782.0,14720.0,89191917.34496264,30.0,383990.0160337789,6326.0,158542793.58427486,272.0,19311812.22489494,2434.0,192037770.29027706,14719.0,4833.0,554.0,269.0,781.0,1.0,7.0,5.0,2.0,1.0,2.0,,,82.0,1.0,,6.0,8.0,3.0,10.0,26.0,33.0,1.0,4.0,,,,,,,,,,,,,,0.6189555125725339,0.0012614582457320662,0.2659994954167017,0.011437221427970734,0.10234631233706164
2022-08-02,19956,23510.0,14044.0,93390233.41831866,59.0,408507.80333480495,6424.0,164752694.0523747,380.0,26639681.22111131,2603.0,41612109.27826259,14043.0,4780.0,638.0,373.0,843.0,2.0,6.0,3.0,7.0,2.0,5.0,,,95.0,1.0,3.0,4.0,12.0,3.0,4.0,52.0,27.0,,4.0,,,,,,,,,,,,,,0.5973628243300723,0.0025095703955763504,0.27324542747766906,0.016163334751169715,0.11071884304551255
2022-08-03,20176,23350.0,14103.0,58014343.01733751,64.0,1885555.9303690826,6602.0,83334587.78607275,262.0,12473964.454020234,2319.0,36251943.03306538,14100.0,4859.0,775.0,259.0,812.0,,7.0,1.0,2.0,4.0,5.0,,3.0,94.0,3.0,2.0,5.0,5.0,3.0,5.0,41.0,24.0,1.0,21.0,,,,,,,,,,,,,,0.603982869379015,0.002740899357601713,0.2827408993576017,0.011220556745182013,0.09931477516059957
2022-08-04,18856,21513.0,13219.0,55252309.5336324,76.0,654939.405073273,6022.0,90684850.7307464,217.0,19087023.966067404,1979.0,47573012.093525365,13218.0,4567.0,608.0,206.0,738.0,2.0,4.0,,9.0,1.0,7.0,,,55.0,1.0,,8.0,5.0,3.0,4.0,29.0,20.0,2.0,47.0,,,,,,,,,,,,,,0.6144656719193046,0.0035327476409612794,0.27992376702458976,0.010086924185376284,0.09199088922976804
2022-08-05,18795,22164.0,12269.0,90280937.11080322,63.0,1806183.764173406,6959.0,131913224.5773222,285.0,11947609.687707853,2588.0,97814239.84197798,12267.0,5118.0,887.0,280.0,812.0,,9.0,4.0,5.0,4.0,1.0,,2.0,82.0,2.0,,2.0,11.0,1.0,4.0,34.0,22.0,,29.0,,,,,,,,,,,,,,0.5535553149251038,0.00284244721169464,0.3139776213679841,0.012858689767190038,0.11676592672802744
2022-08-06,18321,21075.0,12390.0,38666274.72245176,52.0,697366.3119344969,6321.0,50582791.90627892,259.0,3492568.281863455,2053.0,24903435.94999258,12389.0,4837.0,673.0,258.0,696.0,,3.0,2.0,1.0,,4.0,,,54.0,1.0,8.0,1.0,26.0,5.0,5.0,9.0,15.0,,35.0,,,,,,,,,,,,,,0.5879003558718862,0.0024673784104389087,0.2999288256227758,0.01228944246737841,0.09741399762752076
2022-08-07,17709,20287.0,12926.0,39708315.260923974,29.0,597135.7382356549,5219.0,56575466.73659477,208.0,6037694.333390904,1905.0,26745611.331304487,12926.0,3725.0,606.0,197.0,800.0,1.0,3.0,,10.0,2.0,3.0,,1.0,52.0,,,5.0,10.0,,3.0,13.0,8.0,1.0,16.0,,,,,,,,,,,,,,0.6371567999211317,0.0014294868635086509,0.25725834278109133,0.010252871296889635,0.09390249913737862
2022-08-08,22741,26681.0,16041.0,118921770.82662761,42.0,1446009.538065411,7337.0,178251092.59676346,285.0,19351247.117257606,2976.0,211179174.15392342,16040.0,5545.0,663.0,271.0,962.0,1.0,3.0,6.0,14.0,8.0,5.0,,,76.0,1.0,2.0,6.0,36.0,1.0,3.0,20.0,22.0,,20.0,,,,,,,,,,,,,,0.6012143472883326,0.001574153892282898,0.274989693039991,0.010681758554776807,0.11154004722461677
2022-08-09,21708,25146.0,15698.0,107296697.67032513,43.0,1186856.210838162,6706.0,234115032.3717294,243.0,23046474.38072525,2456.0,206933684.21430707,15697.0,4579.0,666.0,240.0,1251.0,1.0,10.0,6.0,3.0,3.0,4.0,,1.0,101.0,1.0,,11.0,35.0,6.0,6.0,15.0,26.0,,28.0,,,,,,,,,,,,,,0.6242742384474668,0.0017100135210371431,0.26668257376918797,0.009663564781675018,0.09766960948063311
2022-08-10,21298,24722.0,14593.0,92112416.43717133,51.0,1553353.242052869,7363.0,218448289.2653312,281.0,34861275.995191,2434.0,62944255.121881045,14592.0,4615.0,1506.0,277.0,1041.0,2.0,12.0,4.0,3.0,15.0,1.0,,1.0,114.0,1.0,3.0,3.0,22.0,2.0,4.0,13.0,21.0,1.0,35.0,,,,,,,,,,,,,,0.5902839576086077,0.002062939891594531,0.29783189062373594,0.011366394304667907,0.0984548175713939
2022-08-11,22918,26263.0,16821.0,142511426.6491395,52.0,4317278.318777807,6811.0,241052891.6994402,295.0,25130983.88503575,2284.0,221346374.98010674,16814.0,4412.0,1151.0,289.0,1034.0,1.0,21.0,5.0,4.0,6.0,10.0,,2.0,107.0,7.0,3.0,7.0,18.0,2.0,3.0,26.0,32.0,2.0,23.0,,,,,,,,,,,,,,0.6404828085138788,0.0019799718234778966,0.25933823249438376,0.011232532460114991,0.08696645470814454
2022-08-12,21272,24331.0,15578.0,53532329.688094065,28.0,701711.4980182056,6396.0,105642093.72082864,246.0,14725975.370732829,2083.0,35787160.043931305,15575.0,4451.0,773.0,239.0,987.0,1.0,10.0,1.0,5.0,2.0,4.0,,3.0,130.0,3.0,1.0,5.0,5.0,2.0,5.0,16.0,17.0,2.0,11.0,,,,,,,,,,,,,,0.6402531749619826,0.0011507952817393448,0.2628745222144589,0.010110558546709959,0.08561094899510913
2022-08-13,23664,27557.0,15992.0,67875122.41849689,31.0,4602941.883823307,8384.0,107142827.62928063,300.0,6206271.85098639,2850.0,137652775.62999114,15987.0,6071.0,1178.0,295.0,1001.0,1.0,2.0,1.0,3.0,8.0,2.0,1.0,1.0,80.0,5.0,2.0,4.0,14.0,,2.0,21.0,19.0,1.0,8.0,,,,,,,,,,,,,,0.5803244184780636,0.0011249410313169067,0.3042421163406757,0.010886526109518452,0.1034219980404253
2022-08-14,25754,30095.0,18171.0,73231667.92071512,31.0,415001.4041746394,8448.0,107817190.99270208,348.0,8554716.695429854,3097.0,186949486.52767444,18166.0,5845.0,1464.0,344.0,1002.0,,3.0,4.0,4.0,8.0,5.0,,,61.0,5.0,3.0,6.0,17.0,1.0,14.0,24.0,18.0,,4.0,,,,,,,,,,,,,,0.6037880046519355,0.0010300714404386112,0.28071108157501246,0.011563382621697956,0.10290745971091543
2022-08-15,22844,26558.0,16201.0,91452949.70060736,12.0,255459.2321161368,7152.0,172752195.97286922,339.0,16511328.725877246,2854.0,126034752.87860072,16201.0,5219.0,743.0,339.0,882.0,,9.0,153.0,,1.0,6.0,,,79.0,,1.0,1.0,18.0,1.0,4.0,9.0,36.0,,2.0,,,,,,,,,,,,,,0.6100233451314105,0.00045184125310640863,0.2692973868514195,0.012764515400256044,0.10746291136380752
2022-08-16,20326,23592.0,14361.0,87614551.55829827,15.0,23298.699091072136,6487.0,153916490.02494237,269.0,15912400.844319697,2460.0,206212596.20502177,14361.0,4689.0,635.0,263.0,905.0,2.0,6.0,141.0,5.0,,1.0,,2.0,73.0,,1.0,5.0,4.0,1.0,4.0,14.0,19.0,1.0,,,,,,,,,,,,,,,0.6087232960325534,0.0006358087487283825,0.2749660902000678,0.01140217022719566,0.10427263479145472
2022-08-17,21538,25225.0,16083.0,94074325.44745871,31.0,850842.6444153163,6129.0,187870428.24657768,327.0,22143143.87086944,2655.0,41368103.87301548,16082.0,4313.0,626.0,327.0,998.0,1.0,7.0,24.0,,2.0,3.0,,3.0,84.0,1.0,,5.0,15.0,4.0,8.0,20.0,36.0,,11.0,,,,,,,,,,,,,,0.6375817641228939,0.0012289395441030723,0.24297324083250743,0.012963330029732408,0.10525272547076313
2022-08-18,19175,21872.0,13550.0,50755007.81897959,32.0,164138.20298923174,5929.0,84998934.60012147,223.0,14004576.127959259,2138.0,45367959.98753668,13548.0,4457.0,432.0,219.0,942.0,1.0,6.0,4.0,4.0,,2.0,,,52.0,2.0,1.0,1.0,3.0,,5.0,18.0,24.0,,13.0,,,,,,,,,,,,,,0.6195135332845647,0.001463057790782736,0.2710771762984638,0.01019568397951719,0.09775054864667154
2022-08-19,22946,27630.0,15140.0,131873499.80981854,14.0,33135.2204303723,8743.0,270479365.51129955,379.0,20027668.443200674,3354.0,52696246.00321784,15139.0,6468.0,916.0,376.0,1083.0,1.0,11.0,8.0,3.0,9.0,4.0,,3.0,147.0,1.0,1.0,7.0,26.0,9.0,10.0,12.0,41.0,,1.0,,,,,,,,,,,,,,0.5479551212450235,0.0005066956207021353,0.31643141512848355,0.013716974303293522,0.12138979370249729
2022-08-20,19582,23385.0,12957.0,68721578.8732042,14.0,28425.28345491766,7204.0,191062543.97870412,311.0,14399523.096456524,2899.0,86230682.38545917,12955.0,5274.0,829.0,308.0,897.0,1.0,12.0,1.0,2.0,3.0,6.0,1.0,2.0,111.0,2.0,2.0,6.0,23.0,3.0,6.0,12.0,30.0,,,,,,,,,,,,,,,,0.554073123797306,0.0005986743639084883,0.3080607226854821,0.01329912336968142,0.12396835578362198
2022-08-21,19579,23261.0,12994.0,49834068.25899061,28.0,820689.7158454924,6942.0,201880993.2723699,325.0,10166032.847651524,2972.0,107257993.04295926,12986.0,5173.0,717.0,323.0,878.0,3.0,14.0,2.0,2.0,5.0,3.0,,1.0,77.0,8.0,4.0,3.0,19.0,2.0,2.0,17.0,43.0,,7.0,,,,,,,,,,,,,,0.558617428313486,0.0012037315678603672,0.2984394480030953,0.013971884269807833,0.1277675078457504
2022-08-22,20672,23926.0,13057.0,50569585.557676196,24.0,193353.3117730385,8019.0,97414514.39861143,285.0,9872484.260710966,2541.0,37490813.47396664,13046.0,5709.0,1360.0,282.0,784.0,,10.0,3.0,2.0,1.0,1.0,,1.0,88.0,11.0,1.0,7.0,7.0,5.0,4.0,15.0,39.0,1.0,8.0,,,,,,,,,,,,,,0.5457243166429825,0.001003092869681518,0.3351584050823372,0.011911727827468027,0.10620245757753072
2022-08-23,21170,24815.0,13877.0,106469358.30848047,13.0,302438.3737562892,8085.0,202280319.951526,351.0,26427432.253125038,2489.0,44866774.83443304,13877.0,5282.0,1248.0,348.0,1389.0,2.0,6.0,3.0,3.0,7.0,1.0,,,104.0,,,8.0,6.0,2.0,7.0,6.0,20.0,,7.0,,,,,,,,,,,,,,0.5592182147894419,0.0005238766874874068,0.32581100141043723,0.014144670562159983,0.1003022365504735
2022-08-24,19490,22677.0,13219.0,70533584.70172483,30.0,1376598.5836852146,6656.0,121583585.00884578,382.0,7722023.833576551,2390.0,58911544.90708808,13218.0,4659.0,736.0,377.0,1129.0,,18.0,2.0,5.0,3.0,2.0,,,77.0,1.0,,8.0,6.0,2.0,2.0,18.0,12.0,,11.0,1.0,,,,,,,,,,,,,0.5829254310534904,0.0013229263130043656,0.2935132513119019,0.016845261718922255,0.10539312960268113
2022-08-25,21017,24314.0,15259.0,52124531.76643767,47.0,1107106.243777303,6367.0,95637449.9102721,409.0,12930646.068396453,2232.0,63816026.481237404,15259.0,4667.0,820.0,408.0,758.0,,5.0,,1.0,1.0,4.0,,,56.0,,,4.0,8.0,2.0,15.0,29.0,27.0,,17.0,1.0,,,,,,,,,,,,,0.6275808176359299,0.0019330426914534835,0.2618655918400921,0.016821584272435634,0.09179896356008883
2022-08-26,23925,28324.0,16395.0,87127067.23369591,28.0,162849.82845690532,8183.0,175552180.60954797,371.0,25003076.963665143,3347.0,79120109.28324564,16394.0,6016.0,1016.0,370.0,952.0,,21.0,6.0,1.0,4.0,3.0,,2.0,85.0,1.0,3.0,5.0,17.0,7.0,15.0,16.0,34.0,,8.0,1.0,,,,,,,,,,,,,0.5788377347832228,0.000988560937720661,0.28890693404886314,0.013098432424798757,0.11816833780539472
2022-08-27,20237,25008.0,14084.0,47818386.90723994,20.0,905561.626403285,7058.0,97520736.27664815,310.0,9124870.442465227,3536.0,46841599.21366758,14084.0,4882.0,884.0,308.0,1130.0,1.0,14.0,5.0,2.0,5.0,2.0,,2.0,72.0,,1.0,4.0,17.0,3.0,7.0,11.0,30.0,,5.0,3.0,,,,,,,,,,,,,0.5631797824696098,0.000799744081893794,0.2822296865003199,0.012396033269353807,0.1413947536788228
2022-08-28,18813,22852.0,12905.0,44022867.21453548,44.0,1377400.917477534,6700.0,170723983.5096163,237.0,14097832.894421777,2966.0,30972796.28270823,12904.0,4944.0,726.0,235.0,929.0,,9.0,3.0,2.0,1.0,,,,48.0,1.0,3.0,4.0,4.0,3.0,9.0,23.0,20.0,,18.0,,,,,,,,,,,,,,0.5647208121827412,0.0019254332224750569,0.29319096796779276,0.010371083493786102,0.12979170313320498
2022-08-29,20113,24093.0,13291.0,66567937.37136163,20.0,4024379.46264028,7615.0,162961232.68114603,283.0,5753842.622979657,2884.0,94600754.78669849,13290.0,5568.0,1009.0,282.0,817.0,,24.0,2.0,1.0,1.0,3.0,,1.0,57.0,1.0,2.0,4.0,83.0,3.0,2.0,15.0,41.0,,3.0,,,,,,,,,,,,,,0.551654007388038,0.0008301166313867098,0.31606690740048976,0.011746150334121944,0.11970281824596356
2022-08-30,21596,25673.0,14896.0,105411242.74564965,40.0,1984479.7178309958,7731.0,175786203.4475229,310.0,18159078.4011543,2696.0,90898664.27414654,14893.0,5566.0,1100.0,297.0,839.0,,10.0,4.0,13.0,1.0,3.0,,1.0,83.0,3.0,1.0,2.0,74.0,2.0,4.0,18.0,42.0,,13.0,8.0,,,,,,,,,,,,,0.5802204650800452,0.0015580571027928173,0.3011334865422818,0.012074942546644334,0.10501304872823589
2022-08-31,20647,23995.0,12594.0,66995931.65052555,40.0,1711551.77097024,8408.0,149194018.18021172,267.0,23395607.556294445,2686.0,76766161.17983271,12592.0,6306.0,766.0,263.0,1174.0,,2.0,4.0,3.0,1.0,1.0,,2.0,59.0,2.0,1.0,2.0,27.0,2.0,6.0,16.0,56.0,1.0,9.0,14.0,,,,,,,,,,,,,0.5248593456970202,0.0016670139612419254,0.3504063346530527,0.011127318191289853,0.1119399874973953
2022-09-01,19745,22676.0,12560.0,44517535.529691815,32.0,2107746.691539577,7406.0,80103551.03738357,285.0,9160419.299182503,2393.0,75988730.50011656,12560.0,5790.0,578.0,285.0,922.0,,6.0,2.0,,2.0,1.0,,2.0,45.0,,1.0,2.0,5.0,2.0,16.0,14.0,33.0,,6.0,11.0,,,,,,,,,,,,,0.5538895748809314,0.001411183630269889,0.3266008114305874,0.012568354207091197,0.10553007585112013
2022-09-02,19526,22915.0,12777.0,100390709.49451052,47.0,1462340.0762780923,7357.0,196895951.00021744,313.0,33525064.224199917,2421.0,39925323.18947507,12772.0,5626.0,728.0,311.0,836.0,,13.0,4.0,2.0,1.0,10.0,,,78.0,5.0,2.0,5.0,15.0,1.0,11.0,18.0,29.0,,14.0,13.0,,,,,,,,,,,,,0.5575823696268819,0.002051058258782457,0.32105607680558584,0.013659175212742744,0.10565132009600699
2022-09-03,18214,21099.0,11071.0,27321526.504795756,27.0,436162.1302196877,7549.0,107311808.93195687,294.0,16999913.037189376,2158.0,51644779.01442594,11071.0,6021.0,700.0,291.0,713.0,,10.0,1.0,3.0,,1.0,,1.0,67.0,,,3.0,5.0,2.0,4.0,7.0,21.0,,12.0,8.0,,,,,,,,,,,,,0.5247168112232807,0.0012796815014929617,0.35778946869519884,0.01393430968292336,0.10227972889710413
2022-09-04,18602,21469.0,12060.0,23625698.299535256,39.0,547563.5060790536,6772.0,152506802.01934054,291.0,11137292.947677186,2307.0,196565544.0622054,12059.0,5451.0,531.0,289.0,689.0,,3.0,,2.0,2.0,6.0,,,65.0,1.0,2.0,1.0,4.0,,4.0,21.0,16.0,,8.0,8.0,,,,,,,,,,,,,0.5617401835204248,0.0018165727327774932,0.3154315524710047,0.013554427313801295,0.1074572639619917
2022-09-05,19881,23305.0,13373.0,56960700.591273464,41.0,1413693.3849087444,7116.0,107600639.48886757,361.0,15205732.153920399,2414.0,37433082.08399113,13370.0,5514.0,673.0,360.0,753.0,1.0,3.0,,1.0,1.0,3.0,,2.0,101.0,3.0,2.0,8.0,27.0,2.0,11.0,15.0,17.0,,12.0,12.0,,,,,,,,,,,,,0.5738253593649432,0.0017592791246513625,0.30534220124436817,0.015490238146320532,0.1035829221197168
2022-09-06,25893,30674.0,17350.0,108275803.92312975,72.0,1574703.8587797992,9716.0,186848639.78687206,548.0,14182440.663466066,2988.0,119378144.6842271,17348.0,7033.0,1396.0,546.0,980.0,,10.0,5.0,2.0,3.0,6.0,,6.0,155.0,2.0,3.0,22.0,42.0,1.0,22.0,20.0,35.0,,34.0,15.0,,,,,,,,,,,,,0.5656256112668709,0.0023472647845080522,0.31675034230944776,0.017865293082089066,0.09741148855708417
2022-09-07,22023,25971.0,15482.0,69929767.20180762,36.0,3059432.3187086782,7255.0,211901517.26427573,350.0,14824374.087984122,2848.0,166785585.9477517,15478.0,4951.0,702.0,344.0,1410.0,1.0,13.0,4.0,3.0,1.0,3.0,3.0,1.0,93.0,4.0,1.0,4.0,34.0,4.0,12.0,14.0,22.0,,14.0,7.0,,,,,,,,,,,,,0.5961264487312772,0.0013861614878133302,0.27935004428015864,0.013476570020407377,0.10966077548034346
2022-09-08,22004,25442.0,15382.0,65524589.03809445,59.0,3086113.7149022175,7124.0,122690352.00048119,369.0,9086287.79786991,2508.0,59722777.411253944,15382.0,5309.0,901.0,369.0,778.0,,5.0,1.0,,1.0,4.0,,1.0,73.0,,2.0,1.0,4.0,1.0,14.0,18.0,31.0,,27.0,12.0,,,,,,,,,,,,,0.6045908340539266,0.002319000078610172,0.28000943322065874,0.01450357676283311,0.09857715588397138
2022-09-09,20482,23984.0,14554.0,74069167.02180457,47.0,5111339.092908478,6653.0,125627388.25112481,484.0,7068678.617715451,2246.0,74917359.32437758,14550.0,4883.0,791.0,474.0,813.0,1.0,11.0,5.0,1.0,3.0,1.0,,3.0,87.0,4.0,3.0,4.0,4.0,1.0,19.0,15.0,27.0,9.0,12.0,17.0,,,,,,,,,,,,,0.6068212141427618,0.0019596397598398933,0.27739326217478316,0.02018012008005337,0.09364576384256171
2022-09-10,19294,22427.0,13054.0,39444124.24180454,43.0,2110190.630035678,7056.0,78366737.01305042,310.0,5198777.423991821,1964.0,48424083.414387226,13051.0,5273.0,793.0,310.0,861.0,,4.0,1.0,,1.0,5.0,,2.0,41.0,3.0,2.0,6.0,5.0,,29.0,25.0,35.0,,9.0,7.0,,,,,,,,,,,,,0.5820662594194498,0.0019173317875774735,0.31462076960806173,0.013822624515093414,0.08757301466981764
2022-09-11,21565,25117.0,14295.0,46468750.421888724,25.0,764634.9148122099,8387.0,84852384.40054853,305.0,8474015.824765923,2105.0,24962474.74324656,14291.0,5763.0,1622.0,301.0,876.0,1.0,5.0,,3.0,1.0,4.0,,3.0,62.0,4.0,1.0,5.0,7.0,,8.0,11.0,30.0,1.0,6.0,7.0,,,,,,,,,,,,,0.5691364414539953,0.0009953418003742485,0.3339172671895529,0.012143169964565832,0.08380777959151173
2022-09-12,20442,23597.0,14930.0,64017170.76870185,23.0,1604849.5550678624,6136.0,130240778.4250241,344.0,10336363.087940285,2164.0,59633316.587055735,14930.0,4178.0,1041.0,340.0,781.0,3.0,8.0,3.0,3.0,,2.0,,5.0,61.0,,,3.0,10.0,2.0,7.0,11.0,32.0,1.0,4.0,8.0,,,,,,,,,,,,,0.6327075475696063,0.0009747001737509005,0.2600330550493707,0.014578124337839556,0.09170657286943255
2022-09-13,24976,29396.0,16071.0,133191000.73374449,25.0,1124500.0575545875,10095.0,275420020.57509553,418.0,21574705.616719227,2787.0,341726304.3904105,16069.0,7669.0,1150.0,414.0,1109.0,1.0,8.0,6.0,3.0,3.0,4.0,,2.0,77.0,2.0,2.0,5.0,10.0,3.0,14.0,14.0,34.0,1.0,2.0,7.0,,,,,,,,,,,,,0.5467070349707444,0.0008504558443325623,0.34341406994148865,0.01421962171724044,0.09480881752619404
2022-09-14,20347,24014.0,13749.0,107169381.93488215,31.0,2402261.7365880967,7359.0,247145695.83682847,359.0,9800950.690255716,2516.0,350129267.25204015,13743.0,5488.0,746.0,357.0,983.0,2.0,6.0,1.0,1.0,7.0,2.0,,1.0,65.0,6.0,3.0,5.0,8.0,,13.0,14.0,32.0,1.0,8.0,6.0,,,,,,,,,,,,,0.5725410177396518,0.0012909136337136671,0.3064462396935121,0.014949612725909885,0.10477221620721246
2022-09-15,20668,25062.0,13679.0,88985881.26155047,75.0,4871028.381863224,7960.0,226805488.5030673,520.0,25073143.714537457,2828.0,128480272.06591403,13675.0,5487.0,1111.0,513.0,1163.0,,5.0,5.0,6.0,22.0,7.0,,,87.0,4.0,5.0,5.0,10.0,5.0,10.0,27.0,43.0,1.0,27.0,16.0,,,,,,,,,,,,,0.5458064001276833,0.0029925784055542257,0.3176123214428218,0.02074854361184263,0.11284015641209799
2022-09-16,20073,24049.0,13254.0,39636700.4542308,33.0,883992.5738136307,7501.0,98089387.65756118,364.0,7120791.591586375,2897.0,66127604.277587205,13252.0,5576.0,719.0,361.0,1022.0,1.0,8.0,5.0,3.0,3.0,7.0,,4.0,101.0,2.0,3.0,8.0,6.0,3.0,7.0,15.0,31.0,,2.0,13.0,,,,,,,,,,,,,0.5511247868934259,0.001372198428209073,0.3119048609089775,0.015135764480851594,0.1204623892885359
2022-09-17,18833,23131.0,12930.0,37798559.90939963,25.0,1834067.628904675,6805.0,58087252.55493039,405.0,4883225.837801002,2966.0,28826985.93103523,12926.0,4823.0,729.0,397.0,1058.0,,5.0,6.0,7.0,4.0,4.0,,,98.0,4.0,3.0,14.0,13.0,4.0,10.0,12.0,37.0,1.0,2.0,8.0,,,,,,,,,,,,,0.5589900998659807,0.0010808006571267996,0.29419393886991485,0.017508970645454154,0.1282261899615235
2022-09-18,20547,25174.0,13215.0,40047300.223617025,37.0,2713418.7362301657,8143.0,98864202.86806314,535.0,9792103.742987094,3244.0,17957313.980847657,13212.0,5920.0,867.0,526.0,1162.0,2.0,13.0,6.0,5.0,3.0,9.0,4.0,2.0,76.0,3.0,2.0,13.0,10.0,3.0,15.0,21.0,42.0,,3.0,11.0,,,,,,,,,,,,,0.524946373242234,0.0014697703980297132,0.3234686581393501,0.021252085485024233,0.12886311273536188
2022-09-19,23969,29060.0,15742.0,96947841.24367867,23.0,881146.136177327,9161.0,157380501.7779038,504.0,12712241.431366434,3630.0,192385225.3942679,15739.0,6486.0,997.0,503.0,1412.0,2.0,24.0,2.0,1.0,10.0,9.0,,,114.0,3.0,1.0,11.0,26.0,2.0,15.0,14.0,51.0,,2.0,6.0,,,,,,,,,,,,,0.5417068134893324,0.0007914659325533379,0.315244322092223,0.017343427391603577,0.12491397109428769
2022-09-20,23117,27081.0,15678.0,48966729.76241073,22.0,1068495.818959851,8393.0,130341397.85490708,450.0,6166284.869789215,2538.0,115934137.0553165,15677.0,6208.0,621.0,444.0,1351.0,2.0,8.0,2.0,5.0,1.0,7.0,,,127.0,1.0,,13.0,5.0,2.0,12.0,16.0,34.0,1.0,3.0,3.0,,,,,,,,,,,,,0.57892987703556,0.0008123776817695063,0.3099220855950667,0.01661681621801263,0.09371884346959122
2022-09-21,23863,28299.0,16988.0,63253830.80084629,29.0,419387.8967182018,7589.0,129066799.07192047,464.0,8470358.077337326,3229.0,96552910.15028048,16985.0,5506.0,736.0,437.0,1099.0,1.0,6.0,4.0,27.0,5.0,6.0,,1.0,121.0,3.0,1.0,4.0,12.0,5.0,8.0,21.0,75.0,,6.0,1.0,,,,,,,,,,,,,0.6003038976642284,0.0010247711933283861,0.26817202021272835,0.016396339093254178,0.11410297183646065
2022-09-22,22253,27597.0,15109.0,59726747.65294923,43.0,663968.4606995851,7849.0,113524541.65345176,539.0,31701672.417865634,4057.0,106504078.38636228,15104.0,5780.0,707.0,472.0,1029.0,4.0,14.0,2.0,67.0,7.0,7.0,,2.0,125.0,5.0,2.0,15.0,4.0,3.0,5.0,31.0,145.0,,6.0,4.0,,,,,,,,,,,,,0.5474870456933725,0.0015581403775772728,0.2844149726419538,0.019531108453817444,0.14700873283327898
2022-09-23,25070,31898.0,15318.0,43001191.34153526,20.0,1712591.856368012,11492.0,89757024.77607192,565.0,24155147.2205258,4503.0,66792487.97615593,15314.0,8388.0,818.0,500.0,1115.0,3.0,7.0,2.0,65.0,4.0,8.0,,1.0,175.0,4.0,,8.0,13.0,4.0,4.0,16.0,942.0,,2.0,2.0,,,,,,,,,,,,,0.48021819549815037,0.0006269985579033168,0.3602733713712458,0.017712709260768702,0.14116872531193178
2022-09-24,23892,28299.0,15333.0,35573233.08861523,22.0,390445.5660301866,9685.0,72477208.69744754,455.0,7267702.493781976,2804.0,51823593.50343013,15332.0,8090.0,600.0,323.0,851.0,,4.0,4.0,132.0,1.0,9.0,,,64.0,1.0,,5.0,13.0,1.0,4.0,17.0,39.0,,5.0,,,,,,,,,,,,,,0.5418212657691085,0.0007774126294215343,0.34223824163398,0.01607830665394537,0.09908477331354465
2022-09-25,25534,29505.0,18104.0,28063624.773276594,21.0,86207.56818854106,8239.0,44325638.05044688,409.0,1599950.5869558984,2732.0,47566999.36528815,18102.0,6765.0,550.0,339.0,803.0,1.0,2.0,2.0,67.0,,4.0,3.0,,53.0,2.0,,9.0,8.0,,3.0,18.0,39.0,,2.0,1.0,,,,,,,,,,,,,0.6135909167937638,0.0007117437722419929,0.2792408066429419,0.013862057278427386,0.09259447551262498
2022-09-26,29392,34171.0,18566.0,67137186.21445993,10.0,7038.971890551217,11770.0,117814542.07909568,460.0,4408958.804361608,3365.0,207985255.61072212,18566.0,10016.0,681.0,388.0,909.0,,3.0,,72.0,4.0,4.0,,,60.0,,1.0,4.0,8.0,2.0,10.0,8.0,69.0,,1.0,,,,,,,,,,,,,,0.5433262122852711,0.00029264581077521873,0.34444411928243246,0.013461707295660062,0.09847531532586111
2022-09-27,28002,32036.0,19275.0,61994803.421002,14.0,107762.66186575172,9611.0,116021403.01319128,361.0,12306298.510791421,2775.0,64021074.391532615,19269.0,7886.0,744.0,311.0,833.0,1.0,9.0,2.0,46.0,3.0,9.0,4.0,,45.0,6.0,,3.0,1.0,2.0,2.0,10.0,71.0,,4.0,,,,,,,,,,,,,,0.6016668747658884,0.0004370083655887127,0.3000062429766513,0.01126857285553752,0.08662130103633413
2022-09-28,27494,31541.0,18364.0,68885931.74121475,17.0,182044.16708490977,9931.0,142238949.43190485,346.0,19301229.06216691,2883.0,96481639.66853586,18362.0,8150.0,646.0,329.0,901.0,,14.0,3.0,15.0,4.0,6.0,,3.0,66.0,2.0,1.0,15.0,10.0,2.0,2.0,12.0,109.0,2.0,4.0,,,,,,,,,,,,,,0.5822263086141847,0.0005389810088456295,0.31486002346152625,0.01096984876826987,0.09140483814717353
2022-09-29,29038,32628.0,20992.0,47221537.54925389,13.0,595090.430238024,8654.0,90528672.60897647,390.0,11864854.105130333,2579.0,35648788.78791936,20987.0,7069.0,582.0,373.0,762.0,,3.0,4.0,17.0,,6.0,,1.0,49.0,5.0,1.0,9.0,2.0,1.0,10.0,6.0,156.0,,3.0,3.0,,,,,,,,,,,,,0.6433737893833518,0.0003984307956356504,0.2652323158023783,0.011952923869069512,0.07904254014956479
2022-09-30,28137,31240.0,19756.0,46750181.65491685,22.0,590222.5559352968,8860.0,104233154.1884744,333.0,6378093.181759615,2269.0,134138044.74357212,19754.0,7147.0,640.0,309.0,861.0,,8.0,6.0,23.0,2.0,4.0,,1.0,58.0,2.0,2.0,12.0,3.0,2.0,4.0,12.0,112.0,1.0,2.0,6.0,,,,,,,,,,,,,0.6323943661971831,0.0007042253521126761,0.28361075544174136,0.010659411011523687,0.07263124199743919
2022-10-01,24650,28440.0,18470.0,68227975.9341187,21.0,137084.9964790119,6691.0,121099687.16742252,288.0,3736481.824985017,2970.0,416548684.94178003,18468.0,4893.0,503.0,261.0,1142.0,3.0,5.0,4.0,27.0,,7.0,,3.0,61.0,2.0,1.0,5.0,,1.0,11.0,15.0,53.0,,4.0,1.0,,,,,,,,,,,,,0.64943741209564,0.0007383966244725738,0.23526722925457103,0.010126582278481013,0.10443037974683544
2022-10-02,26144,30917.0,19186.0,42384280.81253774,32.0,253588.09213809794,7718.0,55222306.06564567,479.0,4690081.529267602,3502.0,49069262.58198254,19185.0,5554.0,601.0,428.0,1387.0,1.0,4.0,,48.0,4.0,19.0,1.0,,75.0,1.0,6.0,5.0,16.0,2.0,7.0,13.0,43.0,2.0,13.0,,,,,,,,,,,,,,0.6205647378464922,0.0010350292719215966,0.24963612252159006,0.015493094414076399,0.11327101594591972
2022-10-03,22938,26011.0,17263.0,105634176.94935103,24.0,304850.7845542506,6367.0,191439834.19716474,295.0,3874572.5217606453,2062.0,499793120.28309995,17260.0,4162.0,487.0,237.0,1616.0,5.0,6.0,1.0,57.0,,1.0,,,33.0,3.0,6.0,6.0,3.0,2.0,1.0,12.0,44.0,1.0,6.0,,,,,,,,,,,,,,0.6636807504517319,0.0009226865556879782,0.24478105416938986,0.011341355580331398,0.07927415324285879
2022-10-04,26195,30391.0,18889.0,57831125.59202527,24.0,1617402.2223678015,8451.0,108498764.81352791,369.0,7292577.317818052,2658.0,114316321.0451859,18883.0,5769.0,800.0,283.0,1678.0,3.0,5.0,3.0,86.0,3.0,10.0,,,86.0,6.0,5.0,13.0,5.0,,3.0,7.0,73.0,,6.0,6.0,,,,,,,,,,,,,0.6215326905991906,0.0007897074791879175,0.27807574610904545,0.012141752492514231,0.08746010332006186
2022-10-05,25767,30213.0,19323.0,53062163.37525719,33.0,947426.4708556248,7501.0,122012713.52697048,348.0,5518282.494836991,3008.0,76817990.53053296,19318.0,4812.0,599.0,253.0,1906.0,3.0,6.0,1.0,95.0,,6.0,,,78.0,5.0,7.0,5.0,5.0,,1.0,15.0,79.0,,6.0,5.0,,,,,,,,,,,,,0.6395591301757522,0.0010922450600734782,0.24827061198821698,0.011518220633502135,0.09955979214245524
2022-10-06,25167,29095.0,18763.0,67260405.57445696,16.0,44780.08146538789,7145.0,147696492.3620752,416.0,8554736.5799806,2755.0,83325643.84170072,18761.0,4997.0,545.0,296.0,1432.0,1.0,3.0,,119.0,5.0,4.0,,5.0,60.0,2.0,4.0,6.0,2.0,1.0,4.0,9.0,80.0,1.0,3.0,,,,,,,,,,,,,,0.6448874377040729,0.0005499226671249356,0.24557484103797902,0.014297989345248325,0.09468980924557484
2022-10-07,24166,28212.0,17955.0,42785573.3559102,20.0,150137.81020481544,6886.0,92343920.20401683,376.0,5933307.733107192,2975.0,70999096.1842421,17953.0,4803.0,538.0,339.0,1424.0,1.0,9.0,,34.0,,7.0,3.0,,43.0,2.0,5.0,11.0,4.0,1.0,5.0,13.0,40.0,,2.0,,,,,,,,,,,,,,0.6364313058273076,0.000708918190840777,0.2440805331064795,0.013327661987806607,0.10545158088756558
2022-10-08,23011,25576.0,15610.0,42592038.96299297,15.0,312434.33930535393,7771.0,72784555.11095229,264.0,467079.30909403757,1916.0,35118727.192850396,15608.0,6525.0,450.0,225.0,686.0,,2.0,,39.0,2.0,10.0,,,57.0,2.0,2.0,9.0,1.0,2.0,2.0,5.0,25.0,,8.0,,,,,,,,,,,,,,0.6103378167031592,0.0005864873318736316,0.30383953706599937,0.010322177040975915,0.07491398185799186
2022-10-09,16143,17595.0,11607.0,18791387.925817724,6.0,364872.80179214064,4732.0,30144092.510592822,156.0,953080.0697077113,1094.0,34792878.94720463,11607.0,3633.0,491.0,138.0,570.0,,1.0,,18.0,1.0,1.0,,,10.0,,,5.0,,,4.0,5.0,16.0,,1.0,,,,,,,,,,,,,,0.6596760443307758,0.00034100596760443307,0.2689400397840295,0.00886615515771526,0.06217675475987496
2022-10-10,20581,22775.0,13131.0,40714703.76346937,26.0,2345606.8565159533,7866.0,96695318.95624553,198.0,1965803.33317363,1554.0,59201845.52837618,13129.0,6765.0,419.0,161.0,600.0,,1.0,1.0,37.0,1.0,,,1.0,38.0,2.0,,1.0,2.0,2.0,6.0,10.0,29.0,,16.0,,,,,,,,,,,,,,0.5765532381997804,0.001141602634467618,0.3453787047200878,0.008693743139407245,0.06823271130625685
2022-10-11,24120,26853.0,16014.0,50599252.27317024,33.0,945820.9320036778,8699.0,158844299.50363833,340.0,9103110.030122384,1767.0,118450203.97444858,16011.0,6975.0,874.0,310.0,737.0,1.0,2.0,1.0,30.0,1.0,4.0,,,39.0,3.0,4.0,4.0,2.0,1.0,21.0,10.0,37.0,,17.0,2.0,,,,,,,,,,,,,0.5963579488325327,0.001228912970617808,0.3239489070122519,0.012661527576062264,0.06580270360853537
2022-10-12,22963,25750.0,14969.0,27508964.27940878,33.0,1197773.8724991367,8750.0,42555538.342249736,255.0,2408397.5542523563,1743.0,18458346.60927292,14969.0,7017.0,823.0,214.0,817.0,,1.0,,41.0,1.0,1.0,,4.0,41.0,,2.0,6.0,1.0,,6.0,21.0,32.0,,8.0,2.0,,,,,,,,,,,,,0.5813203883495146,0.0012815533980582523,0.33980582524271846,0.009902912621359223,0.06768932038834952
2022-10-13,23212,27249.0,15561.0,65842128.48542418,34.0,463004.9872955954,8363.0,161127233.07860747,468.0,15947820.03316886,2823.0,96130306.12902983,15558.0,6035.0,967.0,446.0,1194.0,1.0,15.0,5.0,21.0,7.0,2.0,,,46.0,3.0,2.0,10.0,10.0,4.0,12.0,26.0,55.0,1.0,4.0,2.0,,,,,,,,,,,,,0.5710668281404823,0.0012477522110903153,0.3069103453337737,0.01717494219971375,0.10360013211494
2022-10-14,20477,23697.0,14854.0,44016365.64636999,28.0,731069.2844473784,6120.0,76015020.76555593,405.0,9370582.575849233,2290.0,81127295.57328616,14853.0,4704.0,431.0,379.0,831.0,,6.0,1.0,23.0,,2.0,2.0,,63.0,1.0,2.0,11.0,4.0,2.0,11.0,10.0,54.0,1.0,16.0,,,,,,,,,,,,,,0.6268304004726337,0.0011815841667721652,0.25826053930877324,0.017090770983668818,0.09663670506815208
2022-10-15,17450,19571.0,13252.0,18716847.748947773,15.0,167296.07377234814,4702.0,72071633.95113894,217.0,3027669.6653483207,1385.0,40825768.011505805,13251.0,3626.0,344.0,196.0,626.0,1.0,1.0,,21.0,1.0,4.0,,,66.0,1.0,1.0,3.0,1.0,1.0,4.0,11.0,24.0,,3.0,,,,,,,,,,,,,,0.6771243165908742,0.0007664401410249859,0.24025343620663225,0.011087834040161464,0.07076797302130704
2022-10-16,22747,25358.0,17326.0,22734562.315791506,35.0,199153.14835254138,5845.0,28128242.254671775,316.0,3853906.547904591,1836.0,21201589.248328753,17324.0,4479.0,510.0,295.0,714.0,,15.0,1.0,20.0,,1.0,,,66.0,2.0,,4.0,6.0,,2.0,22.0,47.0,1.0,11.0,2.0,,,,,,,,,,,,,0.6832557772695007,0.0013802350343086994,0.2304992507295528,0.012461550595472829,0.07240318637116491
2022-10-17,30665,34127.0,23112.0,85593210.29623076,29.0,132632.78973071845,8068.0,195870877.88641083,479.0,29999886.48806651,2439.0,396335717.888955,23110.0,6844.0,393.0,435.0,706.0,1.0,8.0,,43.0,1.0,1.0,,1.0,46.0,2.0,,1.0,2.0,,2.0,14.0,62.0,1.0,15.0,,,,,,,,,,,,,,0.6772350338441703,0.0008497670466199784,0.23641105283206845,0.014035807425205849,0.07146833885193542
2022-10-18,29180,32399.0,22418.0,46936679.60655776,26.0,382080.93459577084,7205.0,116126287.40972155,349.0,7252834.443015709,2401.0,139073853.06452858,22416.0,5973.0,382.0,317.0,671.0,,6.0,,32.0,1.0,3.0,,,113.0,2.0,1.0,6.0,3.0,1.0,,15.0,46.0,,9.0,1.0,,,,,,,,,,,,,0.6919349362634649,0.0008024939041328436,0.22238340689527455,0.010771937405475478,0.07410722553165221
2022-10-19,27958,31020.0,21855.0,48002824.910792224,36.0,1204682.4102058331,6668.0,63128830.37377987,352.0,10992351.260288473,2109.0,57211899.480271675,21853.0,5429.0,507.0,331.0,621.0,1.0,5.0,1.0,21.0,2.0,3.0,,,60.0,2.0,1.0,2.0,2.0,,4.0,25.0,31.0,,9.0,1.0,,,,,,,,,,,,,0.7045454545454546,0.0011605415860735009,0.21495809155383624,0.011347517730496455,0.06798839458413926
2022-10-20,29497,32392.0,23758.0,38026059.31636372,25.0,483469.9359994797,6076.0,100012520.39411788,362.0,1803502.3166368175,2171.0,161544117.6258768,23756.0,4740.0,714.0,331.0,523.0,,4.0,3.0,30.0,1.0,1.0,,,47.0,2.0,,4.0,2.0,1.0,8.0,19.0,28.0,1.0,6.0,,,,,,,,,,,,,,0.7334527043714497,0.0007717955050629786,0.1875771795505063,0.01117559891331193,0.06702272165966905
2022-10-21,27722,30679.0,22972.0,42046134.70368411,46.0,1006111.59268971,5045.0,201515025.51215246,370.0,2989730.9728076663,2246.0,440572309.2121678,22971.0,3937.0,407.0,342.0,602.0,1.0,2.0,,28.0,1.0,3.0,,2.0,44.0,1.0,1.0,3.0,4.0,1.0,3.0,22.0,35.0,,23.0,,,,,,,,,,,,,,0.7487858144007301,0.0014993969816486847,0.16444473418299163,0.012060367026304638,0.07320968740832491
2022-10-22,20838,23165.0,16632.0,29692950.433345176,35.0,264518.34004562977,4456.0,59799790.62608713,220.0,734136.2054978278,1822.0,131244363.0812175,16632.0,3601.0,330.0,195.0,445.0,,2.0,1.0,24.0,1.0,2.0,,,33.0,,2.0,18.0,1.0,,3.0,17.0,19.0,1.0,16.0,,,,,,,,,,,,,,0.717979710770559,0.00151090006475286,0.19235916252967838,0.009497086121303691,0.07865314051370602
2022-10-23,24694,27508.0,20239.0,36257485.70426258,28.0,305024.49769650487,4757.0,91944813.100195,307.0,4570043.009436184,2177.0,167336077.8258943,20237.0,3567.0,460.0,285.0,581.0,2.0,7.0,3.0,21.0,4.0,2.0,,2.0,71.0,2.0,1.0,9.0,5.0,,2.0,21.0,42.0,1.0,6.0,,,,,,,,,,,,,,0.7357496001163298,0.0010178857059764432,0.17293151083321215,0.011160389704813145,0.07914061363966846
2022-10-24,22411,24741.0,18398.0,39244309.62371593,55.0,265509.7939607068,4176.0,106627011.49621134,231.0,4000472.066577969,1881.0,201299838.36847767,18396.0,3117.0,414.0,216.0,548.0,1.0,2.0,,15.0,1.0,1.0,,,35.0,2.0,3.0,7.0,3.0,1.0,1.0,40.0,45.0,,12.0,,,,,,,,,,,,,,0.7436239440604664,0.002223030596984762,0.16878865041833394,0.009336728507336,0.07602764641687887
2022-10-25,26580,30436.0,20972.0,85001032.0085871,70.0,1308409.707807527,6009.0,169681779.8136899,387.0,15464776.484584706,2998.0,232792392.04714087,20971.0,4421.0,537.0,364.0,903.0,2.0,15.0,2.0,23.0,5.0,2.0,,1.0,56.0,1.0,4.0,2.0,7.0,1.0,,52.0,55.0,,14.0,,,,,,,,,,,,,,0.6890524379024839,0.0022999080036798527,0.19743067420160337,0.012715205677487186,0.0985017742147457
2022-10-26,27103,31062.0,20416.0,73479257.37365645,58.0,793605.725926484,7198.0,140339098.0863203,472.0,14845227.291208904,2918.0,157204725.917054,20413.0,5524.0,593.0,440.0,880.0,1.0,21.0,4.0,31.0,7.0,6.0,,1.0,72.0,3.0,,6.0,13.0,2.0,1.0,46.0,67.0,1.0,11.0,1.0,,,,,,,,,,,,,0.6572661129354195,0.0018672332753847144,0.23173008821067542,0.015195415620372158,0.09394114995814822
2022-10-27,25286,28570.0,18334.0,47242311.236453734,52.0,1509736.4571553783,7188.0,142743032.34671658,328.0,14458965.742960962,2668.0,126940124.37271519,18328.0,5163.0,1106.0,302.0,780.0,,6.0,2.0,26.0,6.0,1.0,,2.0,51.0,6.0,,7.0,10.0,1.0,3.0,33.0,50.0,,18.0,1.0,,,,,,,,,,,,,0.6417220861043053,0.0018200910045502274,0.25159257962898146,0.011480574028701436,0.09338466923346167
2022-10-28,25034,27966.0,19801.0,56078028.49379028,60.0,1709475.1052069396,5264.0,112857235.03973816,288.0,14929134.15628741,2553.0,107450540.39687657,19801.0,4025.0,432.0,258.0,684.0,,6.0,1.0,30.0,4.0,2.0,,,56.0,,,4.0,6.0,5.0,2.0,31.0,37.0,,28.0,1.0,,,,,,,,,,,,,0.7080383322606022,0.002145462347135808,0.18822856325538154,0.010298219266251877,0.09128942287062862
2022-10-29,29373,33751.0,22278.0,56661634.61809382,79.0,981924.0514648169,7091.0,131938802.9017991,377.0,14485872.522407908,3926.0,169688346.1133013,22275.0,5540.0,517.0,338.0,844.0,2.0,10.0,3.0,39.0,4.0,3.0,,2.0,85.0,3.0,1.0,2.0,5.0,2.0,21.0,52.0,51.0,,26.0,,,,,,,,,,,,,,0.6600693312790732,0.002340671387514444,0.21009747859322686,0.011170039406239816,0.11632247933394566
2022-10-30,23236,26614.0,17759.0,40886126.030273795,40.0,1126729.1550385295,5711.0,141314103.44436744,284.0,13723000.063713873,2820.0,187512851.31136218,17757.0,4273.0,425.0,249.0,878.0,,3.0,,35.0,,2.0,,1.0,58.0,2.0,,8.0,13.0,3.0,11.0,31.0,36.0,,6.0,3.0,,,,,,,,,,,,,0.6672803787480274,0.001502968362515969,0.21458630795821748,0.01067107537386338,0.10595926955737582
2022-10-31,24121,27513.0,18452.0,65311950.27601815,80.0,1277591.4009947188,5718.0,223136653.70246997,366.0,12245694.127367537,2897.0,313063187.7809667,18448.0,4495.0,416.0,341.0,681.0,,6.0,2.0,25.0,4.0,3.0,,,47.0,4.0,,10.0,4.0,2.0,5.0,36.0,43.0,,44.0,,,,,,,,,,,,,,0.6706647766510377,0.002907716352269836,0.20782902627848654,0.0133028023116345,0.10529567840657143
2022-11-01,26937,30363.0,21214.0,45693260.837201715,70.0,977066.6691234709,6048.0,114362537.71915467,285.0,7042021.210940061,2746.0,208400325.99373266,21209.0,4264.0,772.0,268.0,878.0,,4.0,7.0,17.0,,5.0,,,49.0,5.0,,4.0,10.0,1.0,6.0,33.0,48.0,,36.0,1.0,,,,,,,,,,,,,0.6986793136383098,0.002305437539110101,0.19918980337911274,0.00938642426637684,0.09043902117709053
2022-11-02,26764,30573.0,19909.0,61437941.904715545,81.0,2791312.6987253884,7076.0,106736001.32666717,408.0,10455941.920450153,3099.0,145153660.92387828,19904.0,5334.0,528.0,377.0,1046.0,,5.0,1.0,28.0,16.0,2.0,,3.0,56.0,5.0,2.0,9.0,12.0,5.0,3.0,59.0,56.0,3.0,16.0,4.0,,,,,,,,,,,,,0.6511954992967651,0.0026493965263467765,0.2314460471657999,0.013345108429005985,0.10136394858208223
2022-11-03,25294,28554.0,18569.0,42337598.56005043,46.0,575974.0774243663,7076.0,110438874.44951162,289.0,11290758.61963038,2574.0,126361849.510077,18568.0,5290.0,774.0,274.0,858.0,1.0,10.0,2.0,14.0,2.0,5.0,,2.0,60.0,1.0,1.0,7.0,12.0,2.0,3.0,22.0,48.0,1.0,23.0,,,,,,,,,,,,,,0.6503116901309799,0.0016109826994466624,0.24781116481053442,0.010121173916088815,0.0901449884429502
2022-11-04,25039,29096.0,18578.0,61218540.731912114,92.0,1939172.9968918697,6786.0,138579599.44146028,417.0,12474599.593072621,3223.0,121441920.65417418,18577.0,5055.0,577.0,380.0,970.0,1.0,9.0,4.0,32.0,13.0,6.0,,2.0,84.0,1.0,,13.0,3.0,2.0,10.0,73.0,37.0,5.0,19.0,,,,,,,,,,,,,,0.6385070112730272,0.0031619466593346165,0.2332279351113555,0.014331866923288425,0.11077124003299423
2022-11-05,21725,24612.0,16727.0,42673781.53333677,49.0,1361876.7350431122,5130.0,90030732.05850087,306.0,12559404.402779544,2400.0,119205528.23479764,16723.0,3714.0,405.0,290.0,898.0,1.0,6.0,,15.0,4.0,7.0,,1.0,46.0,4.0,,3.0,6.0,,8.0,37.0,31.0,1.0,11.0,1.0,,,,,,,,,,,,,0.679627823825776,0.0019908987485779293,0.20843490980009752,0.012432959531935642,0.09751340809361288
2022-11-06,22581,25907.0,16364.0,38689152.04351626,31.0,293346.4814926526,6606.0,113340680.44906321,337.0,12730370.268136263,2569.0,151964054.26385477,16364.0,5084.0,480.0,324.0,925.0,1.0,4.0,,13.0,5.0,4.0,,2.0,52.0,,,6.0,2.0,3.0,7.0,20.0,31.0,,10.0,1.0,,,,,,,,,,,,,0.6316439572316362,0.001196587794804493,0.25498899911220907,0.013008067317713359,0.09916238854363686
2022-11-07,24217,28152.0,17188.0,71309439.13940996,38.0,3475619.2835099366,7371.0,220277908.9704755,452.0,13275368.506265635,3103.0,185445357.33079576,17187.0,5128.0,884.0,417.0,1193.0,,14.0,,34.0,15.0,8.0,,,60.0,1.0,1.0,2.0,1.0,4.0,8.0,33.0,54.0,1.0,4.0,,,,,,,,,,,,,,0.6105427678317704,0.0013498152884342143,0.2618286445012788,0.01605569764137539,0.11022307473714123
2022-11-08,28515,35561.0,20303.0,194339963.62095803,230.0,10237640.132881986,9102.0,516692533.2417877,877.0,46068635.14972052,5049.0,406659151.37609583,20302.0,5888.0,1140.0,859.0,1664.0,,18.0,5.0,17.0,51.0,14.0,,2.0,135.0,1.0,2.0,12.0,17.0,13.0,38.0,203.0,105.0,1.0,24.0,1.0,,,,,,,,,,,,,0.5709344506622424,0.0064677596243075276,0.25595455695846575,0.024661848654424792,0.1419813841005596
2022-11-09,30541,39465.0,20184.0,239691588.63031664,307.0,7493916.18414882,11833.0,1060090356.6582229,1068.0,60851439.58056086,6073.0,1050236879.1895311,20178.0,7636.0,1491.0,1039.0,2072.0,1.0,18.0,4.0,29.0,66.0,15.0,,5.0,148.0,6.0,2.0,14.0,18.0,11.0,26.0,263.0,308.0,,33.0,9.0,,,,,,,,,,,,,0.511440516913721,0.007779044723172431,0.29983529709869505,0.027061953629798557,0.15388318763461295
2022-11-10,28622,36976.0,18987.0,257902269.82163373,194.0,5842225.082157169,10921.0,1260577301.3680706,901.0,50061244.302840576,5973.0,1009286541.0857188,18984.0,6925.0,1257.0,873.0,2049.0,5.0,18.0,46.0,24.0,48.0,37.0,,13.0,176.0,3.0,2.0,14.0,17.0,11.0,14.0,144.0,291.0,4.0,41.0,7.0,,,,,,,,,,,,,0.5134952401557767,0.0052466464733881436,0.29535374296841194,0.02436715707485937,0.16153721332756382
2022-11-11,22640,28752.0,15496.0,108137501.1084501,180.0,10310753.740172448,7954.0,394365519.7700206,709.0,36643813.4823224,4413.0,367447729.6215732,15493.0,5058.0,895.0,688.0,1487.0,1.0,16.0,8.0,21.0,42.0,33.0,,10.0,115.0,3.0,3.0,11.0,12.0,3.0,9.0,134.0,254.0,,32.0,11.0,,,,,,,,,,,,,0.5389538119087368,0.006260434056761269,0.27664162493043964,0.024659154145798553,0.15348497495826377
2022-11-12,18173,22647.0,12554.0,103127518.24760152,117.0,7600208.353706329,6090.0,330921206.7931165,521.0,16025411.145279549,3365.0,220076279.30763224,12545.0,3942.0,688.0,480.0,1145.0,2.0,13.0,6.0,38.0,53.0,17.0,,4.0,84.0,9.0,5.0,6.0,7.0,3.0,2.0,67.0,118.0,3.0,31.0,14.0,,,,,,,,,,,,,0.5543339073607984,0.005166247185057623,0.2689097893760763,0.02300525455910275,0.14858480151896497
2022-11-13,19425,23871.0,14397.0,63956369.69757363,79.0,1328441.949189162,5746.0,273875786.77944124,467.0,11579226.062849583,3182.0,286663083.31728643,14394.0,3718.0,594.0,452.0,1179.0,1.0,11.0,2.0,15.0,14.0,8.0,,1.0,83.0,3.0,2.0,32.0,2.0,6.0,4.0,51.0,91.0,,19.0,7.0,,,,,,,,,,,,,0.603116752544929,0.0033094549872229903,0.24071048552637092,0.019563487076368815,0.13329981986510828
2022-11-14,22859,28291.0,16094.0,95251259.23279527,116.0,3482773.876217743,7217.0,299940727.9592798,787.0,22145198.70960636,4077.0,257803082.22877857,16092.0,4811.0,793.0,762.0,1263.0,1.0,6.0,5.0,23.0,19.0,6.0,,6.0,98.0,2.0,2.0,26.0,14.0,6.0,9.0,79.0,154.0,2.0,31.0,4.0,,,,,,,,,,,,,0.5688734933371037,0.004100243893817822,0.25509879466968294,0.027818034003746776,0.1441094340956488
2022-11-15,22029,25830.0,17002.0,79909745.45721473,78.0,1494595.095201079,5223.0,170373683.33785465,472.0,10437642.877180168,3055.0,104727178.50846654,16992.0,3470.0,542.0,439.0,958.0,,5.0,2.0,30.0,19.0,9.0,,4.0,65.0,10.0,,2.0,6.0,1.0,2.0,52.0,138.0,3.0,17.0,9.0,,,,,,,,,,,,,0.6582268679829656,0.0030197444831591173,0.20220673635307782,0.01827332559039876,0.11827332559039876
2022-11-16,20989,24688.0,15106.0,71557704.2061514,74.0,6474447.163271536,6134.0,202443258.4983386,598.0,18067158.360417422,2776.0,131952251.98558073,15104.0,4443.0,460.0,570.0,1001.0,,7.0,3.0,25.0,9.0,12.0,,2.0,77.0,2.0,3.0,4.0,2.0,6.0,5.0,46.0,103.0,3.0,15.0,10.0,,,,,,,,,,,,,0.6118762151652625,0.0029974076474400518,0.2484607906675308,0.024222294232015554,0.11244329228775113
2022-11-17,20819,24040.0,15128.0,55841468.96442919,102.0,3338806.287565515,5903.0,135741411.53909796,519.0,11830224.512727283,2388.0,89977878.41994993,15128.0,3770.0,450.0,509.0,1483.0,2.0,4.0,1.0,8.0,7.0,6.0,,3.0,80.0,,3.0,3.0,4.0,1.0,2.0,69.0,87.0,2.0,23.0,6.0,1.0,,,,,,,,,,,,0.6292845257903494,0.004242928452579035,0.24554908485856905,0.021589018302828618,0.09933444259567388
2022-11-18,19768,22610.0,15136.0,39606211.66902227,61.0,754157.3511441447,4789.0,161613746.93836498,371.0,7104177.590641403,2253.0,170941102.4629871,15113.0,3296.0,395.0,347.0,943.0,1.0,11.0,,24.0,6.0,8.0,,,41.0,23.0,3.0,29.0,10.0,2.0,6.0,45.0,41.0,,12.0,1.0,,,,,,,,,,,,,0.669438301636444,0.002697921273772667,0.21180893409995577,0.016408668730650156,0.09964617425917735
2022-11-19,17935,20644.0,13117.0,31811308.519044977,49.0,1075206.4348414284,4718.0,69856606.29162015,372.0,17503130.920305975,2388.0,88713850.51394783,13117.0,3323.0,406.0,363.0,837.0,1.0,5.0,1.0,9.0,1.0,6.0,,1.0,46.0,,3.0,36.0,10.0,,1.0,31.0,44.0,,12.0,3.0,,,,,,,,,,,,,0.6353904282115869,0.0023735710133695022,0.2285409804301492,0.018019763611703158,0.11567525673319125
2022-11-20,20662,24469.0,14925.0,44420491.681560576,53.0,636895.0393020994,5904.0,190982875.74783477,511.0,52271067.548718445,3076.0,141065364.66819477,14920.0,4048.0,566.0,497.0,1078.0,2.0,20.0,3.0,13.0,4.0,10.0,,1.0,71.0,5.0,6.0,10.0,12.0,2.0,4.0,31.0,73.0,1.0,10.0,6.0,,,,,,,,,,,,,0.6099554538395521,0.0021660059667334176,0.2412848910866811,0.0208835669622788,0.1257100821447546
2022-11-21,21362,26703.0,14863.0,67074313.25264363,168.0,2945140.6824991857,7029.0,282729629.94733286,747.0,28485074.441431805,3896.0,296306150.42619896,14859.0,4850.0,619.0,716.0,1316.0,2.0,8.0,1.0,31.0,5.0,12.0,,5.0,72.0,4.0,4.0,9.0,14.0,5.0,3.0,111.0,108.0,,53.0,,,,,,,,,,,,,,0.5566041268771299,0.00629142792944613,0.2632288506909336,0.02797438490057297,0.14590120960191738
2022-11-22,20582,25078.0,14462.0,109170869.24687424,111.0,1441463.6108693192,6616.0,254951727.17518267,528.0,14331775.358059086,3361.0,245608332.11384675,14460.0,4239.0,591.0,510.0,1557.0,,5.0,,18.0,6.0,20.0,,1.0,64.0,2.0,7.0,25.0,19.0,3.0,3.0,83.0,83.0,,20.0,1.0,,,,,,,,,,,,,0.5766807560411517,0.004426190286306723,0.26381689129914665,0.02105431055108063,0.13402185182231438
2022-11-23,18653,22065.0,12836.0,68928708.59649095,87.0,3578462.46991014,6325.0,228861817.3091086,467.0,15250795.585287131,2350.0,197306680.1050488,12834.0,4462.0,461.0,443.0,1223.0,3.0,8.0,,24.0,4.0,6.0,,2.0,63.0,2.0,4.0,18.0,9.0,2.0,1.0,61.0,63.0,,17.0,4.0,,1.0,,,,,,,,,,,0.5817357806480852,0.003942895989123046,0.2866530704736007,0.02116474053931566,0.10650351234987537
2022-11-24,16562,19472.0,11756.0,58085237.1223609,110.0,12924699.6423806,5113.0,208709034.2321672,437.0,13742260.406300075,2056.0,169988571.94903886,11746.0,3396.0,356.0,400.0,1258.0,,,2.0,37.0,2.0,8.0,,6.0,34.0,10.0,3.0,2.0,2.0,1.0,3.0,64.0,43.0,,37.0,6.0,,,,,,,,,,,,,0.6037387017255547,0.005649137222678718,0.2625821692686935,0.022442481511914542,0.10558751027115859
2022-11-25,16900,19801.0,12475.0,58202562.05576607,60.0,910652.4542278887,4613.0,123195790.25129037,536.0,25400756.81315952,2117.0,99904612.7035251,12473.0,3269.0,371.0,530.0,864.0,1.0,4.0,2.0,6.0,1.0,9.0,,1.0,23.0,2.0,4.0,11.0,3.0,1.0,6.0,43.0,47.0,,13.0,,,,,,,,,,,,,,0.6300186859249532,0.003030149992424625,0.23296803191757992,0.02706933993232665,0.10691379223271552
2022-11-26,17403,20432.0,13389.0,47421599.035659075,59.0,2173125.9907425763,4446.0,75991360.34520239,454.0,13344267.59702678,2084.0,82060276.42259546,13387.0,3164.0,326.0,450.0,822.0,1.0,6.0,2.0,3.0,2.0,,,1.0,42.0,2.0,3.0,15.0,8.0,1.0,2.0,42.0,54.0,1.0,12.0,2.0,,,,,,,,,,,,,0.6552956147220047,0.0028876272513703996,0.21759984338292873,0.022220046985121377,0.10199686765857478
2022-11-27,16036,18379.0,12345.0,30451479.851786394,57.0,1744626.9194322082,3791.0,70887745.26542106,263.0,9803685.19281555,1923.0,63985006.391145006,12345.0,2766.0,271.0,250.0,678.0,,2.0,2.0,13.0,2.0,6.0,,1.0,26.0,,2.0,5.0,5.0,1.0,3.0,44.0,23.0,,6.0,5.0,,,,,,,,,,,,,0.6716905163501823,0.003101365689101692,0.20626802328744764,0.014309810109363948,0.10463028456390445
2022-11-28,20960,24382.0,14408.0,40630339.41164141,374.0,3447141.7943858923,6480.0,131140369.60588676,442.0,14531335.197059995,2678.0,144464991.2641454,14407.0,4992.0,462.0,389.0,897.0,,4.0,,53.0,3.0,4.0,,5.0,41.0,1.0,2.0,2.0,3.0,2.0,1.0,356.0,64.0,,15.0,1.0,,,,,,,,,,,,,0.590927733573948,0.01533918464440981,0.26576983020260847,0.018128127307029777,0.10983512427200394
2022-11-29,20814,24242.0,14953.0,43570595.89577599,209.0,8824474.136441309,6150.0,84290480.4751285,553.0,6332973.752275156,2377.0,94442004.65201704,14951.0,4324.0,641.0,493.0,1052.0,,3.0,,59.0,2.0,5.0,,1.0,55.0,2.0,5.0,4.0,5.0,2.0,3.0,160.0,53.0,1.0,40.0,4.0,,,,,,,,,,,,,0.6168220443857767,0.008621400874515303,0.25369193960894315,0.022811649203861067,0.09805296592690373
2022-11-30,22539,26216.0,16179.0,93572371.49669102,108.0,2659026.940740609,6810.0,171425054.56788835,428.0,18626034.07882962,2691.0,98361372.69109815,16177.0,5018.0,447.0,411.0,1193.0,1.0,7.0,1.0,17.0,2.0,4.0,,2.0,60.0,2.0,2.0,10.0,3.0,3.0,3.0,78.0,56.0,,24.0,4.0,,,,,,,,,,,,,0.6171422032346658,0.00411962160512664,0.2597650289899298,0.016325907842538907,0.10264723832773878
2022-12-01,19318,22065.0,14563.0,41431837.85839734,64.0,843813.9239221097,5021.0,119745257.55850911,354.0,5314383.696961572,2063.0,175960530.60014173,14558.0,3777.0,333.0,301.0,785.0,3.0,6.0,,51.0,1.0,5.0,,1.0,43.0,5.0,2.0,10.0,4.0,,3.0,50.0,50.0,2.0,12.0,,,,,,,,,,,,,,0.6600045320643553,0.002900521187400861,0.22755495128030817,0.016043507817811012,0.09349648765012464
2022-12-02,17872,20693.0,13528.0,38307491.91704834,60.0,1400348.5185018992,4749.0,118162063.93191043,265.0,7828191.642940036,2091.0,124902038.94135354,13520.0,3490.0,385.0,234.0,755.0,2.0,4.0,2.0,30.0,2.0,4.0,,,44.0,8.0,,1.0,5.0,1.0,4.0,41.0,50.0,1.0,19.0,,,,,,,,,,,,,,0.6537476441308655,0.0028995312424491375,0.22949789783984922,0.01280626298748369,0.10104866379935244
2022-12-03,15577,17595.0,11717.0,21891070.959068757,51.0,697084.1316340712,4009.0,41503219.03101298,232.0,3339976.823754665,1586.0,36953986.3650937,11715.0,2981.0,252.0,200.0,680.0,,6.0,2.0,29.0,1.0,5.0,2.0,,35.0,2.0,3.0,3.0,3.0,4.0,1.0,33.0,36.0,1.0,14.0,1.0,,,,,,,,,,,,,0.6659278204035237,0.002898550724637681,0.22784882068769538,0.013185564080704745,0.09013924410343847
2022-12-04,14889,16607.0,11718.0,32968500.78131265,34.0,744455.8912291331,3342.0,51188655.47525536,199.0,964004.748259928,1314.0,29380737.27321605,11715.0,2414.0,215.0,181.0,617.0,,3.0,2.0,18.0,,2.0,,1.0,35.0,3.0,1.0,15.0,2.0,1.0,1.0,28.0,34.0,,5.0,,,,,,,,,,,,,,0.7056060697296321,0.0020473294393930272,0.2012404407779852,0.011982898777623893,0.07912326127536581
2022-12-05,20312,23097.0,15928.0,39996170.68373155,72.0,3287598.669553318,4642.0,100512534.93122353,250.0,9607488.078893011,2205.0,111922439.62498072,15928.0,3301.0,416.0,219.0,774.0,1.0,2.0,3.0,31.0,1.0,2.0,,,73.0,,1.0,1.0,7.0,7.0,2.0,54.0,52.0,,15.0,2.0,,,,,,,,,,,,,0.6896133697016928,0.0031172879594752565,0.2009784820539464,0.010823916525955752,0.09546694375892974
2022-12-06,17962,20242.0,14144.0,33164368.97610806,73.0,844594.7002446031,3974.0,143264688.83052182,227.0,1753435.9438369765,1824.0,169110550.27693573,14143.0,2910.0,284.0,186.0,666.0,,1.0,,41.0,,,,3.0,55.0,1.0,5.0,4.0,5.0,1.0,2.0,57.0,43.0,,11.0,,,,,,,,,,,,,,0.6987451832822844,0.003606363007607944,0.19632447386621876,0.011214306886671278,0.09010967295721767
2022-12-07,18262,20675.0,13464.0,39040973.611276224,63.0,1767588.5340846193,4988.0,86746247.11866309,266.0,2554170.311655831,1894.0,113901564.11997466,13457.0,3377.0,693.0,238.0,768.0,,3.0,,28.0,,3.0,,1.0,81.0,7.0,,4.0,9.0,1.0,2.0,51.0,46.0,,10.0,2.0,,,,,,,,,,,,,0.6512212817412334,0.0030471584038694074,0.24125755743651753,0.01286577992744861,0.09160822249093108
2022-12-08,19767,22226.0,15277.0,45967969.55284665,75.0,3370848.983227066,4650.0,87339209.44557081,290.0,10040855.928643884,1934.0,67104451.783691555,15276.0,3212.0,385.0,264.0,883.0,1.0,4.0,,26.0,,3.0,,2.0,89.0,1.0,1.0,4.0,14.0,3.0,5.0,50.0,45.0,,20.0,4.0,,,,,,,,,,,,,0.6873481508143615,0.0033744263475209216,0.20921443354629712,0.013047781877080897,0.08701520741473949
2022-12-09,17621,19483.0,13706.0,52261001.86735812,39.0,3118334.891530397,4123.0,122283680.66623802,198.0,3516370.3605536455,1417.0,161745879.42165542,13705.0,3006.0,354.0,182.0,677.0,,3.0,1.0,16.0,,1.0,,2.0,24.0,1.0,1.0,9.0,2.0,2.0,5.0,26.0,37.0,,5.0,7.0,,,,,,,,,,,,,0.703485089565262,0.002001745111122517,0.2116203870040548,0.010162705948775856,0.07273007237078478
2022-12-10,16252,18037.0,13201.0,22605208.79434644,30.0,329973.25228086574,3220.0,42624769.71976014,178.0,1345835.8848242774,1408.0,38342758.38126798,13199.0,2183.0,457.0,153.0,517.0,,,,25.0,,4.0,,,20.0,2.0,1.0,1.0,1.0,2.0,3.0,19.0,32.0,,8.0,2.0,,,,,,,,,,,,,0.7318844597216833,0.0016632477684759106,0.17852192714974774,0.009868603426290402,0.07806176193380274
2022-12-11,15834,17629.0,12382.0,24730711.405335944,31.0,796777.5102306996,3602.0,58461424.12838084,218.0,2904008.999074416,1396.0,48864949.493188545,12380.0,2641.0,358.0,204.0,520.0,,3.0,4.0,14.0,,2.0,,1.0,43.0,2.0,4.0,5.0,2.0,,3.0,13.0,20.0,,14.0,,,,,,,,,,,,,,0.7023654206137614,0.0017584661637075273,0.20432242327982303,0.012365987860910999,0.07918770208179704
2022-12-12,19875,22237.0,15271.0,41318859.50033177,42.0,674833.9183480698,4625.0,138800719.84988979,329.0,5081541.123985206,1970.0,156999221.59235555,15267.0,3117.0,313.0,316.0,1074.0,,1.0,,13.0,,4.0,,2.0,51.0,4.0,1.0,1.0,18.0,2.0,4.0,19.0,38.0,,19.0,3.0,,,,,,,,,,,,,0.6867383190178531,0.0018887439852498088,0.2079866888519135,0.014795161217790169,0.08859108692719342
2022-12-13,22271,26028.0,15933.0,90162307.62774186,65.0,1596206.795895786,6386.0,292251265.65442485,843.0,6818831.865666074,2801.0,336704035.08010906,15930.0,4174.0,886.0,828.0,1086.0,2.0,7.0,1.0,13.0,,54.0,,,82.0,3.0,3.0,5.0,27.0,1.0,2.0,42.0,59.0,2.0,20.0,,,,,,,,,,,,,,0.6121484555094514,0.0024973105885968956,0.24535116028891962,0.032388197325956665,0.10761487628707546
2022-12-14,19538,22232.0,14766.0,73208956.75691117,70.0,1564921.450619788,4636.0,174223125.4361374,608.0,14757427.942474427,2152.0,114508095.49816707,14766.0,3240.0,350.0,592.0,892.0,,14.0,,12.0,,11.0,,2.0,55.0,,1.0,7.0,8.0,1.0,2.0,59.0,54.0,4.0,10.0,,,,,,,,,,,,,,0.6641777617848147,0.0031486146095717885,0.20852824757106872,0.02734796689456639,0.0967974091399784
2022-12-15,19775,22183.0,14501.0,51272612.03231079,66.0,2468149.713850566,5232.0,188974171.3144178,396.0,9681769.02201792,1988.0,99898744.8633678,14500.0,3777.0,359.0,380.0,957.0,1.0,6.0,,16.0,,7.0,,1.0,43.0,1.0,,5.0,17.0,,4.0,51.0,55.0,,9.0,6.0,,,,,,,,,,,,,0.6536987783437768,0.002975251318577289,0.23585628634539962,0.017851507911463733,0.08961817608078258
2022-12-16,21208,24616.0,14955.0,59890224.87254787,122.0,7525509.362953484,6573.0,242452167.0041635,390.0,7778539.944174493,2576.0,77896853.52773009,14949.0,4434.0,841.0,372.0,1131.0,1.0,8.0,2.0,18.0,1.0,5.0,,,43.0,6.0,,10.0,2.0,3.0,5.0,90.0,87.0,,21.0,11.0,,,,,,,,,,,,,0.6075316867078323,0.0049561260968475785,0.2670214494637634,0.015843353916152096,0.10464738381540462
2022-12-17,18002,20595.0,13782.0,53193590.52533994,79.0,4251189.675840304,4734.0,95759074.34003729,272.0,8804406.444898162,1728.0,62579919.22185678,13781.0,3022.0,846.0,255.0,768.0,,7.0,2.0,17.0,,4.0,,,32.0,1.0,2.0,9.0,15.0,,2.0,60.0,27.0,,8.0,9.0,,,,,,,,,,,,,0.6691915513474144,0.0038358824957513958,0.22986161689730517,0.013207089099295946,0.08390386016023306
2022-12-18,16725,18653.0,13498.0,24710530.58432147,60.0,1087352.013254837,3434.0,53794445.61558959,167.0,2442926.0416565137,1494.0,48597622.912234806,13498.0,2214.0,521.0,156.0,612.0,,2.0,,11.0,1.0,1.0,,,49.0,,,8.0,5.0,,2.0,41.0,19.0,,16.0,3.0,,,,,,,,,,,,,0.7236369484801373,0.003216640754838364,0.18409907253524901,0.008952983434300113,0.08009435479547526
2022-12-19,18915,21570.0,15039.0,49513379.86900294,67.0,1129062.5059528297,4148.0,101177053.7465872,264.0,3926744.2860079766,2052.0,180110003.3047503,15037.0,2722.0,573.0,244.0,707.0,,2.0,,20.0,,10.0,,1.0,46.0,2.0,1.0,55.0,3.0,1.0,1.0,56.0,27.0,,9.0,1.0,,,,,,,,,,,,,0.6972183588317107,0.0031061659712563745,0.1923041261010663,0.01223922114047288,0.09513212795549374
2022-12-20,21279,24064.0,16223.0,47648249.31589406,62.0,5815243.262515119,5287.0,100218387.2154988,359.0,9486107.80909713,2133.0,139180007.1564903,16221.0,3838.0,478.0,329.0,838.0,,17.0,1.0,26.0,2.0,1.0,,,45.0,2.0,,26.0,3.0,,1.0,44.0,37.0,4.0,14.0,4.0,,,,,,,,,,,,,0.6741605718085106,0.0025764627659574466,0.21970578457446807,0.014918550531914893,0.08863863031914894
2022-12-21,20773,22827.0,15399.0,41887109.58445645,36.0,1733448.8463011426,5660.0,95158219.93136983,238.0,3409765.9383071465,1494.0,172941079.64859986,15398.0,4157.0,447.0,218.0,961.0,,6.0,,16.0,,1.0,,,36.0,1.0,,8.0,9.0,1.0,4.0,23.0,30.0,4.0,9.0,4.0,,,,,,,,,,,,,0.6745958733079248,0.001577079773951899,0.24795198668243745,0.010426249616682,0.06544881061900382
2022-12-22,19393,21544.0,15220.0,30017359.719142493,69.0,3045447.970554168,4294.0,90587279.61067645,237.0,3708492.7986008595,1724.0,101415961.68811594,15218.0,3019.0,361.0,213.0,788.0,1.0,7.0,1.0,15.0,,4.0,,1.0,50.0,2.0,,8.0,8.0,,3.0,41.0,43.0,9.0,24.0,4.0,,,,,,,,,,,,,0.7064611956925362,0.003202747864834757,0.1993130337913108,0.011000742666171556,0.08002227998514667
2022-12-23,17471,19292.0,13313.0,24132788.81662988,43.0,2165947.1890481682,4295.0,77677825.76122068,180.0,2647020.776080284,1461.0,94730137.15927228,13308.0,3221.0,354.0,170.0,634.0,1.0,6.0,,9.0,,1.0,,,40.0,5.0,1.0,20.0,2.0,,2.0,29.0,14.0,1.0,10.0,3.0,,,,,,,,,,,,,0.6900787891353929,0.0022289031722993987,0.2226311424424632,0.009330292349160274,0.07573087290068423
2022-12-24,14367,15883.0,10523.0,14295011.885549663,29.0,612629.5485310516,4013.0,35579308.9830113,133.0,2220571.2093737344,1185.0,13809769.330493985,10521.0,2410.0,264.0,125.0,1295.0,,2.0,1.0,8.0,1.0,5.0,,1.0,16.0,2.0,1.0,9.0,5.0,,,18.0,4.0,,7.0,3.0,,,,,,,,,,,,,0.6625322672039288,0.0018258515393817288,0.25266007681168545,0.008373732921992068,0.07460807152301202
2022-12-25,13144,14740.0,10601.0,17745301.542090356,58.0,2600542.895315233,2677.0,123798208.53085908,143.0,2349128.1672393945,1261.0,177545781.5443076,10599.0,1859.0,202.0,130.0,529.0,,7.0,,12.0,1.0,2.0,,,16.0,2.0,,15.0,1.0,,31.0,36.0,14.0,1.0,17.0,5.0,,,,,,,,,,,,,0.7191994572591588,0.003934871099050203,0.1816146540027137,0.009701492537313432,0.0855495251017639
2022-12-26,16706,18440.0,13183.0,25112006.79384736,27.0,896671.8614107935,3629.0,134977400.45381942,154.0,3835327.0260973945,1447.0,198845477.46668544,13182.0,2699.0,345.0,142.0,515.0,,2.0,,12.0,,2.0,,,14.0,1.0,,7.0,7.0,,20.0,17.0,18.0,,7.0,3.0,,,,,,,,,,,,,0.7149132321041215,0.0014642082429501084,0.1968004338394794,0.008351409978308025,0.078470715835141
2022-12-27,17994,20081.0,14066.0,33535696.562804442,21.0,1344724.7176547498,4186.0,104353292.40408953,207.0,5109573.037592606,1601.0,100557035.2319005,14066.0,3039.0,479.0,198.0,589.0,,6.0,1.0,9.0,,2.0,,1.0,35.0,,1.0,7.0,4.0,,5.0,16.0,18.0,,2.0,2.0,,,,,,,,,,,,,0.7004631243463971,0.0010457646531547235,0.20845575419550819,0.010308251581096559,0.07972710522384344
2022-12-28,18528,21337.0,14131.0,35002858.75232838,48.0,1682555.3458939996,4835.0,188431828.2045113,178.0,6453372.813173855,2145.0,88505734.8993151,14129.0,3457.0,477.0,166.0,789.0,1.0,6.0,,12.0,1.0,1.0,,6.0,56.0,2.0,3.0,10.0,7.0,1.0,1.0,33.0,22.0,,9.0,3.0,,,,,,,,,,,,,0.6622767961756573,0.002249613347705863,0.22660167783662183,0.008342316164409242,0.10052959647560576
2022-12-29,19829,22547.0,15039.0,34505425.70968224,61.0,2350225.3390910355,5304.0,129823838.52583686,223.0,1342960.0662712445,1920.0,153248886.58132845,15038.0,4177.0,412.0,213.0,642.0,,4.0,,10.0,2.0,2.0,,,38.0,1.0,1.0,4.0,4.0,,1.0,45.0,18.0,,11.0,4.0,,,,,,,,,,,,,0.6670066971215682,0.002705459706391094,0.2352419390606289,0.009890451057790394,0.08515545305362132
2022-12-30,16939,19056.0,12939.0,21475848.823575266,46.0,1218360.6727274046,4369.0,71834880.02255774,224.0,991401.9338650593,1478.0,89572914.33993523,12938.0,3335.0,357.0,200.0,604.0,,,,24.0,,3.0,,6.0,26.0,1.0,1.0,7.0,3.0,,2.0,28.0,26.0,,11.0,6.0,,,,,,,,,,,,,0.6789987405541562,0.002413937867338371,0.22927162048698574,0.011754827875734676,0.07756087321578506
2022-12-31,16410,18554.0,12346.0,28714312.41284621,61.0,5527102.44532017,4262.0,59634667.26190896,177.0,1712784.8258292512,1708.0,71838115.28566676,12343.0,3355.0,267.0,173.0,566.0,,2.0,1.0,4.0,,3.0,,1.0,39.0,3.0,1.0,7.0,1.0,,1.0,32.0,19.0,,16.0,12.0,,,,,,,,,,,,,0.6654090762099817,0.003287700765333621,0.22970787970249004,0.009539721892853292,0.09205562142934139
2023-01-01,16419,18225.0,12770.0,25925229.129222915,54.0,913997.0378552893,3528.0,62783425.17174608,156.0,1885450.310321798,1717.0,54650194.004624896,12770.0,2664.0,275.0,145.0,530.0,,1.0,,11.0,,2.0,,,35.0,,3.0,5.0,1.0,,,23.0,15.0,,26.0,2.0,,,,,,,,,,,,,0.7006858710562415,0.002962962962962963,0.19358024691358025,0.008559670781893004,0.09421124828532236
2023-01-02,21906,23969.0,17413.0,44783938.751347646,66.0,3702793.85685749,4617.0,56517935.26447463,223.0,4725398.081445889,1650.0,47199884.87295489,17410.0,2901.0,380.0,213.0,1254.0,,1.0,,10.0,,3.0,,,43.0,3.0,2.0,4.0,2.0,,1.0,36.0,28.0,,22.0,6.0,,,,,,,,,,,,,0.726480036714089,0.0027535566773749425,0.19262380574909257,0.009303683925069882,0.06883891693437356
2023-01-03,23956,25928.0,19768.0,35129283.6400311,63.0,3966901.804504124,4282.0,96635122.17687504,252.0,909065.7306797797,1563.0,111193225.40194027,19767.0,3258.0,206.0,238.0,713.0,,1.0,,14.0,,4.0,,2.0,55.0,1.0,1.0,5.0,4.0,1.0,1.0,40.0,32.0,,17.0,5.0,,,,,,,,,,,,,0.7624190064794817,0.002429805615550756,0.16514964517124345,0.009719222462203024,0.06028232027152113
2023-01-04,25583,28226.0,20462.0,52651482.13841897,86.0,2599621.9467833987,5257.0,119633336.87365715,283.0,3540859.8909917916,2138.0,90762578.22036423,20462.0,3499.0,294.0,273.0,1282.0,2.0,7.0,,9.0,4.0,2.0,,,66.0,,3.0,38.0,11.0,3.0,,51.0,49.0,1.0,26.0,6.0,,,,,,,,,,,,,0.7249344575922908,0.0030468362502657125,0.18624672287961455,0.010026216963083682,0.07574576631474526
2023-01-05,24200,26474.0,19854.0,26708580.026947733,74.0,2668214.230582535,4395.0,90403593.07484397,265.0,1370380.9260858593,1886.0,139567732.02066624,19853.0,2977.0,527.0,252.0,812.0,,3.0,1.0,13.0,1.0,5.0,,1.0,32.0,1.0,2.0,7.0,3.0,,,38.0,26.0,,23.0,11.0,,,,,,,,,,,,,0.7499433406360958,0.002795195285940923,0.16601193623932917,0.010009820956410063,0.07123970688222407
2023-01-06,23295,26215.0,18913.0,38979550.74994104,93.0,2119060.126822623,4428.0,149233821.82942447,282.0,4022774.5596206016,2499.0,166148771.46369845,18912.0,3302.0,319.0,261.0,716.0,3.0,10.0,,21.0,1.0,2.0,,,41.0,1.0,1.0,1.0,4.0,1.0,1.0,54.0,27.0,,35.0,3.0,,,,,,,,,,,,,0.7214571810032424,0.0035475872592027466,0.16891092885752432,0.0107572000762922,0.09532710280373832
2023-01-07,18793,21017.0,14495.0,22094048.59803896,47.0,2272547.4791792613,4415.0,79855628.69520685,267.0,1830627.2045100692,1793.0,47901702.7272002,14494.0,3508.0,261.0,251.0,571.0,1.0,5.0,,16.0,,7.0,,,39.0,1.0,1.0,1.0,6.0,,,20.0,16.0,,24.0,2.0,,,,,,,,,,,,,0.689679783032783,0.002236284912213922,0.21006804015796737,0.012704001522576962,0.08531189037445877
2023-01-08,18914,21697.0,15265.0,32517408.665824216,84.0,2088175.1537880464,3928.0,55409375.892246366,192.0,854897.6802464821,2228.0,49428890.67453983,15264.0,2967.0,193.0,179.0,665.0,,2.0,,13.0,,,,4.0,61.0,1.0,2.0,9.0,1.0,1.0,2.0,49.0,23.0,,33.0,,,,,,,,,,,,,,0.7035534866571416,0.003871502972761211,0.18103885329769093,0.008849149652025625,0.1026870074203807
2023-01-09,24294,28447.0,18913.0,89997376.45619228,183.0,6105844.188057296,5305.0,193500085.34572047,691.0,9424676.591508294,3355.0,92602238.8139014,18912.0,4015.0,326.0,675.0,817.0,1.0,7.0,1.0,15.0,1.0,5.0,,2.0,71.0,1.0,1.0,7.0,7.0,,2.0,107.0,43.0,1.0,67.0,8.0,,,,,,,,,,,,,0.6648504235947552,0.00643301578373818,0.18648715154497839,0.02429078637466165,0.11793862270186663
2023-01-10,24341,27922.0,18381.0,41036155.75709314,132.0,1859561.3792906548,5195.0,132193197.59103078,1512.0,4561178.949872053,2702.0,83774318.84033103,18379.0,3949.0,358.0,1494.0,771.0,3.0,1.0,1.0,18.0,,2.0,,,49.0,2.0,3.0,6.0,4.0,1.0,1.0,98.0,49.0,,30.0,,1.0,,,,,,,,,,,,0.6582981161807894,0.004727455053362939,0.18605400759257934,0.0541508487930664,0.09676957238020199
2023-01-11,24399,27965.0,18025.0,57062914.37929718,134.0,1860141.536459952,6716.0,131600092.99208473,824.0,5262181.475549192,2266.0,105277329.39302392,18025.0,4216.0,302.0,810.0,2092.0,,4.0,1.0,14.0,2.0,2.0,,1.0,40.0,,4.0,7.0,7.0,,,90.0,42.0,,39.0,1.0,,,,,,,,,,,,,0.6445556946182729,0.004791703915608797,0.2401573395315573,0.029465403182549615,0.08102985875201145
2023-01-12,26668,30982.0,20089.0,97769491.70898429,213.0,4021358.222793207,7053.0,193491308.08139667,589.0,8222311.09079875,3038.0,163847077.86497608,20086.0,4338.0,788.0,572.0,1674.0,1.0,6.0,1.0,17.0,1.0,3.0,,1.0,108.0,3.0,9.0,7.0,25.0,2.0,,148.0,98.0,,48.0,8.0,,,,,,,,,,,,,0.6484087534697567,0.006874959653992641,0.2276483119230521,0.01901103866761345,0.09805693628558518
2023-01-13,22941,26362.0,17495.0,81717387.2973639,145.0,2331584.9035787196,5574.0,233409061.15189993,610.0,6769529.548909466,2538.0,218801364.03268978,17493.0,3684.0,395.0,592.0,1344.0,,2.0,1.0,15.0,1.0,2.0,,8.0,77.0,2.0,6.0,4.0,7.0,1.0,2.0,90.0,46.0,3.0,43.0,6.0,,,,,,,,,,,,,0.6636446400121386,0.005500341400500721,0.2114407101130415,0.023139367271072,0.0962749412032471
2023-01-14,26690,31289.0,19474.0,114208152.94310868,179.0,3917727.233281579,7555.0,214865421.94987053,685.0,21673197.669835627,3396.0,191234470.28511268,19472.0,5166.0,397.0,662.0,1768.0,1.0,25.0,1.0,23.0,2.0,4.0,,2.0,109.0,2.0,2.0,7.0,19.0,3.0,3.0,127.0,48.0,,48.0,2.0,,,,,,,,,,,,,0.6223912557128704,0.005720860366262904,0.24145865959282814,0.02189267793793346,0.10853654639010515
2023-01-15,22951,26966.0,17423.0,68390812.60949054,133.0,3152489.8817156246,5754.0,116711014.65622747,693.0,5523068.554785727,2963.0,84582255.48594062,17421.0,3558.0,375.0,679.0,1411.0,,13.0,,14.0,1.0,5.0,,,339.0,2.0,2.0,4.0,7.0,,4.0,92.0,37.0,,33.0,6.0,,,,,,,,,,,,,0.6461099161907587,0.004932136764814952,0.21337981161462583,0.025699028406141067,0.10987910702365943
2023-01-16,25176,29344.0,19001.0,78509108.07232846,176.0,6043084.667928106,6207.0,148861133.4381014,941.0,6541304.796224194,3019.0,109408732.00787964,19000.0,4064.0,459.0,926.0,1306.0,,11.0,1.0,15.0,,9.0,,3.0,284.0,1.0,1.0,1.0,15.0,,3.0,124.0,51.0,,46.0,5.0,,,,,,,,,,,,,0.6475258996728462,0.0059978189749182115,0.2115253544165758,0.03206788440567067,0.10288304252998909
2023-01-17,24108,27571.0,17743.0,53455365.35868421,114.0,4797870.846006866,5870.0,127025455.85972318,1132.0,3854487.953973347,2712.0,121976637.09452687,17743.0,4156.0,409.0,1113.0,1040.0,3.0,8.0,1.0,17.0,2.0,7.0,,2.0,180.0,,2.0,2.0,2.0,,7.0,77.0,51.0,2.0,29.0,6.0,,,,,,,,,,,,,0.6435385005984549,0.004134779297087519,0.21290486380617316,0.041057633020202385,0.09836422327808204
2023-01-18,26690,31081.0,19892.0,112036212.91323914,303.0,7249252.848798615,6162.0,247644329.511367,1587.0,7775785.992139252,3137.0,166300846.04471803,19891.0,4286.0,459.0,1557.0,1149.0,1.0,16.0,,30.0,,8.0,,,169.0,1.0,3.0,5.0,16.0,1.0,1.0,127.0,51.0,,163.0,10.0,,,,,,,,,,,,,0.6400051478395161,0.009748721083620219,0.19825616936392007,0.05106013320034748,0.10092982851259612
2023-01-19,21739,24915.0,15947.0,48237121.00389832,172.0,4109425.8709873245,5393.0,111934213.36221623,716.0,2303658.8184670266,2687.0,74586566.64447862,15947.0,4004.0,343.0,700.0,833.0,1.0,13.0,1.0,16.0,,2.0,,,147.0,,2.0,3.0,6.0,,,87.0,40.0,,79.0,4.0,,,,,,,,,,,,,0.6400561910495686,0.006903471804134056,0.21645595023078468,0.028737708207906883,0.10784667870760586
2023-01-20,22143,25459.0,16674.0,58851241.74627324,238.0,5891653.175412023,5222.0,95542236.74587087,561.0,4172599.2313645133,2764.0,108440148.49819542,16672.0,3595.0,329.0,550.0,1021.0,1.0,12.0,1.0,10.0,1.0,2.0,,,172.0,2.0,3.0,21.0,10.0,2.0,3.0,129.0,52.0,1.0,101.0,5.0,,,,,,,,,,,,,0.6549353863073962,0.009348364036293648,0.20511410503161948,0.022035429514120745,0.10856671511056994
2023-01-21,22978,27008.0,17397.0,86439570.11338675,239.0,6912112.556026107,5399.0,210346881.2453484,757.0,11727394.183061676,3216.0,187582014.90751082,17395.0,3677.0,380.0,739.0,1156.0,2.0,6.0,,18.0,1.0,5.0,,1.0,104.0,2.0,1.0,18.0,6.0,1.0,3.0,136.0,39.0,,98.0,4.0,,,,,,,,,,,,,0.6441424763033176,0.008849229857819906,0.19990373222748814,0.02802873222748815,0.11907582938388625
2023-01-22,20547,24639.0,15128.0,57396014.239950396,236.0,5940471.261471406,5011.0,144985683.02229974,788.0,6212854.868262868,3476.0,138213974.52076274,15126.0,3474.0,296.0,771.0,1090.0,,7.0,,16.0,,3.0,,4.0,89.0,2.0,2.0,4.0,4.0,,2.0,137.0,38.0,1.0,93.0,4.0,,,,,,,,,,,,,0.6139859572222899,0.00957831080806851,0.20337676042047162,0.03198181744388977,0.14107715410528024
2023-01-23,21976,25738.0,17069.0,69725065.2164042,220.0,12052515.354786433,4857.0,159508239.14537805,598.0,4412111.698424747,2994.0,180297329.61353663,17065.0,3189.0,307.0,579.0,1181.0,,3.0,,18.0,2.0,6.0,1.0,1.0,105.0,4.0,,31.0,4.0,,1.0,152.0,27.0,,65.0,3.0,,,,,,,,,,,,,0.6631828424897039,0.008547672701841634,0.1887093014220219,0.02323412852591499,0.11632605486051752
2023-01-24,24521,29068.0,18451.0,70828434.34710295,271.0,5426885.254173006,5493.0,199259480.11229935,1285.0,18753562.44619166,3568.0,225466727.4110108,18450.0,3582.0,350.0,1267.0,1362.0,2.0,8.0,,16.0,,11.0,1.0,4.0,105.0,1.0,2.0,11.0,10.0,,1.0,145.0,47.0,1.0,118.0,4.0,,2.0,,,,,,,,,,,0.6347529929819733,0.009322966836383652,0.18897068941791662,0.04420668776661621,0.12274666299711022
2023-01-25,23087,27215.0,17286.0,121600502.95823763,192.0,3311142.9508640594,5813.0,268262410.80961037,783.0,11905973.661364963,3141.0,195082257.47555828,17285.0,3556.0,836.0,766.0,1178.0,,5.0,,17.0,1.0,7.0,,,125.0,1.0,,28.0,13.0,3.0,5.0,124.0,56.0,,64.0,2.0,,2.0,,,,,,,,,,,0.6351644313797538,0.007054932941392615,0.21359544368914202,0.028770898401616757,0.1154142935880948
2023-01-26,23258,26793.0,18026.0,71959081.89510539,132.0,3561290.0373945045,5262.0,137750094.64730433,522.0,2214077.9539188864,2851.0,80485747.97814809,18025.0,3516.0,649.0,492.0,907.0,,3.0,1.0,25.0,,4.0,,,86.0,1.0,4.0,16.0,15.0,2.0,,82.0,63.0,5.0,42.0,4.0,,,,,,,,,,,,,0.6727876684208562,0.00492665994849401,0.19639458067405666,0.01948270070540813,0.10640839025118501
2023-01-27,21161,24353.0,16439.0,59276275.35823099,121.0,2258942.025090648,4720.0,224029901.49926063,393.0,8534322.484329902,2680.0,164049380.2221512,16437.0,3197.0,422.0,383.0,852.0,4.0,10.0,1.0,10.0,,6.0,,,99.0,2.0,2.0,52.0,3.0,1.0,2.0,84.0,71.0,,32.0,2.0,,1.0,,,,,,,,,,,0.6750297704594916,0.004968587032398473,0.19381595696628753,0.016137642179608263,0.1100480433622141
2023-01-28,22964,26642.0,17693.0,51934454.68180967,232.0,4873541.596041162,5038.0,108385943.82322475,498.0,1461574.6323535247,3181.0,115877557.01149827,17690.0,3447.0,396.0,489.0,1016.0,,5.0,1.0,9.0,,6.0,,,111.0,3.0,3.0,20.0,1.0,1.0,,172.0,34.0,,57.0,,,,,,,,,,,,,,0.6641017941595976,0.008708054950829517,0.18909991742361684,0.018692290368590946,0.11939794309736507
2023-01-29,24587,28369.0,19176.0,64935402.84921796,265.0,3403087.0272243526,5240.0,87761147.13193753,540.0,3815341.117100631,3148.0,68430810.23818341,19172.0,3584.0,375.0,507.0,1088.0,,1.0,1.0,19.0,,6.0,,,106.0,4.0,1.0,16.0,1.0,2.0,1.0,170.0,59.0,14.0,92.0,1.0,,1.0,,,,,,,,,,,0.6759490993690296,0.009341182276428496,0.18470866086220875,0.01903486199725052,0.11096619549508266
2023-01-30,27419,31725.0,21585.0,75364438.10443316,228.0,3112663.8098702314,6294.0,163400118.1133271,427.0,2967851.2663130974,3191.0,158830253.09076625,21584.0,4074.0,543.0,419.0,1481.0,4.0,14.0,1.0,8.0,1.0,6.0,,2.0,101.0,1.0,1.0,7.0,3.0,2.0,1.0,157.0,54.0,,64.0,3.0,,3.0,,,,,,,,,,,0.6803782505910165,0.007186761229314421,0.19839243498817966,0.013459416863672182,0.10058313632781718
2023-01-31,23983,27057.0,19154.0,75445543.57993653,82.0,2248631.109297827,5239.0,139510771.4643904,331.0,2018025.701614154,2251.0,76338360.40218282,19153.0,3641.0,528.0,321.0,950.0,,2.0,,9.0,,5.0,,2.0,57.0,1.0,1.0,5.0,1.0,,4.0,47.0,44.0,1.0,29.0,5.0,,,,,,,,,,,,,0.7079129245666556,0.0030306390213253502,0.19362826625272572,0.012233433122666962,0.08319473703662639
2023-02-01,30064,33989.0,24621.0,99540273.67330728,103.0,2630123.4046343556,5867.0,126049133.00923952,399.0,3601329.4833906656,2999.0,81323786.54698643,24618.0,3834.0,495.0,394.0,1350.0,1.0,9.0,,5.0,1.0,8.0,,,92.0,3.0,3.0,15.0,1.0,,1.0,56.0,60.0,,44.0,,,,,,,,,,,,,,0.7243814175174321,0.0030303921857071404,0.1726146694518815,0.011739092059195622,0.08823442878578364
2023-02-02,34762,39686.0,28429.0,154761941.02392337,159.0,3257351.9412731375,7045.0,246850428.12928364,564.0,9007001.764073463,3489.0,139828683.66897416,28426.0,4745.0,600.0,556.0,1475.0,1.0,4.0,,8.0,1.0,9.0,,,112.0,3.0,3.0,13.0,4.0,,2.0,125.0,79.0,,29.0,1.0,,1.0,,,,,,,,,,,0.7163483344252382,0.0040064506375044094,0.17751852038502242,0.014211560751902434,0.08791513380033261
2023-02-03,32622,36199.0,27543.0,122094364.97702803,112.0,10673311.615088137,5307.0,160071312.65729633,401.0,5519755.7288731495,2836.0,127444640.78883868,27541.0,3311.0,537.0,385.0,1272.0,1.0,5.0,,16.0,,6.0,,1.0,98.0,2.0,5.0,3.0,1.0,,13.0,64.0,59.0,,38.0,5.0,,,,,,,,,,,,,0.7608773723031023,0.0030940081217713197,0.14660625984143208,0.011077654078841957,0.07834470565485234
2023-02-04,32352,35973.0,26601.0,85924902.1323152,96.0,924420.6956316817,5940.0,80813179.75544763,339.0,3238367.8536770525,2997.0,49674982.38184601,26601.0,4264.0,403.0,325.0,1178.0,,6.0,,14.0,1.0,3.0,,,40.0,,1.0,3.0,1.0,,4.0,63.0,37.0,,31.0,1.0,,,,,,,,,,,,,0.7394712701192561,0.002668668167792511,0.16512384288216161,0.009423734467517304,0.08331248436327246
2023-02-05,31122,34863.0,25529.0,84805040.97338614,82.0,1957920.595072642,5978.0,140809971.68297276,254.0,1345762.692216806,3020.0,108238490.01267698,25528.0,4052.0,420.0,243.0,1361.0,,4.0,4.0,11.0,,11.0,,2.0,60.0,1.0,1.0,14.0,2.0,,2.0,43.0,46.0,,36.0,1.0,,1.0,,,,,,,,,,,0.7322662995152454,0.002352063792559447,0.17147118721854115,0.007285661015976824,0.0866247884576772
2023-02-06,33351,37594.0,25403.0,81917743.82447898,123.0,3345982.400227174,7772.0,158392568.04901063,551.0,2969411.7338022026,3745.0,127659175.31040552,25403.0,4950.0,388.0,537.0,2195.0,1.0,10.0,,14.0,1.0,5.0,,,145.0,,4.0,5.0,5.0,,2.0,73.0,65.0,,40.0,5.0,,1.0,,,,,,,,,,,0.6757195297121881,0.0032717986912805235,0.20673511730595306,0.014656594137362346,0.09961696015321594
2023-02-07,40525,45487.0,30700.0,127522601.10937896,173.0,3804676.017084906,9687.0,130517133.9596072,667.0,5809596.7566246595,4260.0,131586548.6725156,30694.0,6286.0,437.0,663.0,2756.0,1.0,8.0,,4.0,,2.0,,3.0,136.0,6.0,3.0,14.0,3.0,1.0,1.0,92.0,39.0,,70.0,8.0,,,,,,,,,,,,,0.674918108470552,0.003803284454899202,0.2129619451711478,0.014663530239409061,0.0936531316639919
2023-02-08,35982,40494.0,28058.0,115973603.091438,145.0,6403379.32294419,8193.0,173502274.9742437,418.0,4737300.912124083,3680.0,87567689.09329748,28057.0,5702.0,425.0,408.0,1875.0,1.0,7.0,,9.0,,7.0,,,88.0,1.0,1.0,17.0,1.0,1.0,2.0,89.0,67.0,1.0,44.0,11.0,,,,,,,,,,,,,0.6928927742381588,0.0035807773991208573,0.20232627055860128,0.010322516916086334,0.0908776608880328
2023-02-09,31321,35869.0,24311.0,160908076.30747065,320.0,15234090.360567698,7097.0,210049220.0542998,521.0,5540232.334943529,3620.0,119842661.88082166,24307.0,4569.0,425.0,508.0,1772.0,2.0,8.0,1.0,13.0,2.0,9.0,,,215.0,4.0,1.0,7.0,15.0,1.0,3.0,160.0,68.0,,118.0,39.0,1.0,1.0,,,,,,,,,,,0.6777718921631493,0.008921352700103153,0.19785887535197524,0.014525077364855447,0.10092280241991693
2023-02-10,28221,32404.0,21689.0,118695947.34087975,267.0,11901876.322853096,6598.0,210074485.1526486,493.0,11089361.653642613,3357.0,253366305.11862648,21687.0,4199.0,415.0,466.0,1767.0,,2.0,5.0,25.0,1.0,9.0,,,96.0,2.0,1.0,5.0,10.0,1.0,4.0,102.0,84.0,2.0,156.0,8.0,,,,,,,,,,,,,0.6693309467966918,0.008239723490927046,0.20361683742747808,0.01521417108998889,0.1035983211949142
2023-02-11,23220,26458.0,17710.0,50349824.98931487,102.0,3211851.4738922557,5681.0,108654556.92927001,323.0,876035.727238821,2642.0,105576881.40030853,17709.0,3750.0,273.0,317.0,1520.0,,2.0,,6.0,,5.0,,,64.0,1.0,,5.0,7.0,1.0,2.0,58.0,52.0,,38.0,6.0,,,,,,,,,,,,,0.6693627636253685,0.0038551666792652505,0.21471766573437145,0.012208027817673293,0.09985637614332149
2023-02-12,25927,29901.0,19740.0,67423167.0448456,118.0,7114345.973596769,6878.0,83303621.96863165,237.0,1809340.6073080783,2928.0,72051058.99516824,19739.0,4537.0,305.0,230.0,1867.0,1.0,8.0,1.0,7.0,,1.0,,,86.0,1.0,,4.0,6.0,,2.0,73.0,60.0,,38.0,7.0,,,,,,,,,,,,,0.660178589344838,0.00394635630915354,0.2300257516471021,0.00792615631584228,0.09792314638306411
2023-02-13,25326,29986.0,18806.0,102747154.51286905,228.0,5754134.667295223,7011.0,315683618.77173805,325.0,25926510.58002287,3616.0,236745175.96316573,18806.0,4487.0,405.0,296.0,1608.0,2.0,10.0,2.0,28.0,4.0,90.0,,,165.0,,4.0,66.0,37.0,,2.0,121.0,133.0,1.0,76.0,26.0,,1.0,,,,,,,,,,,0.6271593410258121,0.0076035483225505235,0.2338091109184286,0.01083839124924965,0.12058960848395918
2023-02-14,25394,29500.0,17836.0,123847661.87651269,102.0,8637304.526198275,7741.0,196064588.09302408,329.0,9791950.202720933,3492.0,208799624.59321225,17828.0,5208.0,438.0,320.0,1846.0,2.0,14.0,,9.0,5.0,17.0,,,88.0,8.0,,23.0,21.0,,2.0,58.0,77.0,,37.0,7.0,,,,,,,,,,,,,0.6046101694915255,0.0034576271186440677,0.26240677966101694,0.011152542372881356,0.1183728813559322
2023-02-15,30890,35164.0,20595.0,160452407.97934932,80.0,1911212.256095644,10664.0,223877241.402307,371.0,2518152.809486734,3454.0,241062097.64589486,20579.0,7223.0,1807.0,364.0,1495.0,,3.0,3.0,6.0,1.0,6.0,,1.0,66.0,16.0,2.0,12.0,2.0,,1.0,49.0,44.0,1.0,25.0,4.0,,,,,,,,,,,,,0.5856842225002844,0.002275054032533273,0.30326470253668525,0.010550563075873052,0.09822545785462405
2023-02-16,29697,34198.0,22926.0,205322449.6785674,152.0,4813952.69271193,7615.0,243285088.42535314,399.0,5521310.876668779,3106.0,157520867.78318173,22925.0,5106.0,936.0,395.0,1367.0,,6.0,2.0,4.0,,2.0,,3.0,95.0,1.0,,17.0,16.0,,1.0,86.0,64.0,,60.0,4.0,1.0,1.0,,,,,,,,,,,0.6703900812913036,0.004444704368676531,0.22267384057547224,0.011667348967775893,0.09082402479677174
2023-02-17,23640,27115.0,18121.0,138697585.69492674,147.0,3154542.15296541,5924.0,183745904.7615416,305.0,5491895.284927383,2618.0,131506522.83284366,18102.0,3997.0,617.0,300.0,1142.0,2.0,6.0,,5.0,,3.0,,,69.0,19.0,3.0,12.0,9.0,,1.0,75.0,66.0,,66.0,3.0,,,,,,,,,,,,,0.6683016780379863,0.005421353494375807,0.2184768578277706,0.011248386501936198,0.09655172413793103
2023-02-18,23414,26922.0,17180.0,85962598.14893666,97.0,945803.9791007226,6662.0,78606775.64875443,365.0,6049818.421520125,2618.0,81004411.42066862,17180.0,4613.0,800.0,345.0,1144.0,,1.0,,19.0,2.0,1.0,,,53.0,,4.0,3.0,5.0,,2.0,67.0,38.0,1.0,26.0,,,,,,,,,,,,,,0.638139811306738,0.003603001262907659,0.2474556125102147,0.01355768516454944,0.09724388975559023
2023-02-19,28033,33066.0,20336.0,131453097.70916405,117.0,1738308.05247174,8391.0,127373074.84082423,432.0,2264754.3500920343,3790.0,99535246.65608983,20331.0,6406.0,699.0,420.0,1193.0,,1.0,,12.0,,5.0,,,34.0,5.0,,4.0,10.0,,,77.0,39.0,,38.0,2.0,,,,,,,,,,,,,0.6150123994435371,0.003538377789874796,0.2537651968789693,0.0130647795318454,0.11461924635577331
2023-02-20,23489,27083.0,17502.0,92155037.91985533,113.0,3649370.168939505,6168.0,92616738.16378862,337.0,2269467.4867336564,2963.0,108529177.52062693,17499.0,4145.0,839.0,326.0,1046.0,,8.0,,11.0,,6.0,,1.0,48.0,3.0,3.0,6.0,4.0,,7.0,54.0,58.0,,49.0,6.0,,1.0,,,,,,,,,,,0.6462356459771813,0.004172359044419008,0.22774434146881808,0.012443230070523946,0.10940442343905771
2023-02-21,23430,27231.0,18011.0,121602840.90811396,99.0,2315568.070423463,5877.0,210438518.4791672,311.0,8598351.558088902,2933.0,81851561.58509928,18011.0,3979.0,632.0,299.0,1137.0,,4.0,2.0,12.0,,3.0,,,51.0,,1.0,9.0,12.0,,,57.0,48.0,,32.0,4.0,2.0,3.0,,,,,,,,,,,0.6614152987404062,0.0036355624104880465,0.2158202049135177,0.011420807168300833,0.10770812676728728
2023-02-22,23278,27081.0,17888.0,127786618.16897285,168.0,3117807.159048217,5702.0,148210659.03766885,418.0,9643387.538490187,2905.0,99248746.09468667,17888.0,3942.0,576.0,407.0,1026.0,3.0,4.0,,11.0,4.0,3.0,,1.0,83.0,,3.0,10.0,7.0,,3.0,56.0,40.0,,102.0,6.0,,1.0,,,,,,,,,,,0.6605369077951331,0.006203611388058048,0.21055352461135113,0.015435175953620619,0.10727078025183708
2023-02-23,20430,23400.0,15264.0,90093397.04396456,138.0,3637850.20566243,5486.0,140473464.7916268,361.0,6482090.620377615,2151.0,88814411.91739418,15256.0,3287.0,476.0,355.0,1603.0,,8.0,2.0,6.0,,3.0,,,50.0,8.0,1.0,9.0,5.0,,,63.0,43.0,,73.0,1.0,,,,,,,,,,,,,0.6523076923076923,0.005897435897435898,0.23444444444444446,0.015427350427350427,0.09192307692307693
2023-02-24,20690,23928.0,15747.0,104369880.39800544,118.0,2489991.655995782,5667.0,205646626.87130433,324.0,6004184.956801941,2072.0,104181752.93091246,15737.0,3517.0,641.0,305.0,1392.0,,11.0,,19.0,3.0,1.0,,,41.0,10.0,2.0,8.0,5.0,,1.0,64.0,47.0,,38.0,1.0,,13.0,,,,,,,,,,,0.658099297893681,0.004931461049816115,0.23683550651955868,0.01354062186559679,0.08659311267134738
2023-02-25,19358,22104.0,14566.0,64650178.99513844,106.0,1268665.2433495086,4786.0,103990065.2512062,387.0,3937044.1475951974,2259.0,47021249.351397544,14565.0,3295.0,360.0,372.0,1024.0,,11.0,1.0,15.0,,4.0,,,39.0,1.0,4.0,11.0,9.0,,3.0,58.0,29.0,,35.0,2.0,,7.0,,,,,,,,,,,0.6589757509952949,0.004795512124502353,0.2165218964893232,0.01750814332247557,0.10219869706840391
2023-02-26,18490,21091.0,14087.0,63836732.839014806,100.0,708411.7664010106,4315.0,83953027.41770072,240.0,8065236.75878527,2349.0,59417926.255578496,14086.0,2837.0,349.0,236.0,1021.0,,9.0,,4.0,,2.0,,,27.0,1.0,3.0,29.0,7.0,,1.0,73.0,33.0,,17.0,2.0,1.0,4.0,,,,,,,,,,,0.6679152245033426,0.004741358873453132,0.20458963538950264,0.011379261296287515,0.11137451993741407
2023-02-27,21602,25196.0,16319.0,87695928.17724402,168.0,4039133.177971455,5480.0,161470983.9574127,390.0,2799189.29407233,2839.0,127598244.49282108,16319.0,3753.0,554.0,378.0,1048.0,4.0,11.0,1.0,10.0,,,,,59.0,,1.0,8.0,6.0,1.0,1.0,69.0,34.0,2.0,79.0,10.0,,9.0,,,,,,,,,,,0.6476821717732973,0.006667725035719956,0.21749484045086523,0.015478647404349897,0.11267661533576759
2023-02-28,23998,27513.0,18838.0,101379383.50027674,146.0,2950056.837465066,5460.0,118409145.76596789,290.0,1895353.8505501403,2779.0,90173038.55391565,18832.0,3606.0,554.0,277.0,1120.0,1.0,10.0,1.0,12.0,1.0,1.0,,4.0,61.0,6.0,,5.0,45.0,,1.0,64.0,50.0,,56.0,10.0,,16.0,1.0,,,,,,,,,,0.6846945080507396,0.005306582342892451,0.1984516410424163,0.010540471776978156,0.10100679678697343
2023-03-01,25996,30236.0,19178.0,120661200.70465551,143.0,4969972.635184679,7210.0,149107809.68959263,305.0,6191996.677777863,3400.0,96446917.12380193,19175.0,5227.0,476.0,296.0,1354.0,1.0,10.0,1.0,9.0,1.0,,,,47.0,3.0,1.0,7.0,20.0,,1.0,43.0,65.0,,87.0,3.0,1.0,8.0,,,,,,,,,,,0.6342770207699431,0.004729461568990607,0.2384574679190369,0.010087313136658288,0.11244873660537108
2023-03-02,27420,31736.0,21134.0,83179072.27502583,120.0,1969426.7829422588,6227.0,185419326.7245309,395.0,1938381.1629319272,3860.0,126423247.88531694,21133.0,4228.0,482.0,388.0,1348.0,,6.0,2.0,7.0,,3.0,,,56.0,1.0,1.0,17.0,14.0,1.0,1.0,54.0,69.0,,57.0,3.0,,5.0,,,,,,,,,,,0.6659314343332493,0.0037811948575749935,0.19621250315099573,0.01244643307285102,0.12162843458532896
2023-03-03,27811,31423.0,22063.0,95116391.95756063,159.0,2591968.4805657985,5761.0,195150443.01993904,252.0,5857195.788695371,3188.0,115114058.06697753,22062.0,3729.0,543.0,241.0,1327.0,2.0,16.0,4.0,11.0,1.0,9.0,,1.0,65.0,1.0,2.0,4.0,20.0,,1.0,70.0,39.0,,75.0,2.0,,10.0,,,,,,,,,,,0.7021290137797155,0.005059987906947141,0.18333704611271998,0.008019603475161506,0.10145434872545588
2023-03-04,23985,26442.0,19321.0,51153566.68457884,91.0,2201543.0755994576,4557.0,59459681.47139939,224.0,1436746.137457686,2249.0,44775913.779959515,19311.0,2895.0,408.0,213.0,1163.0,1.0,8.0,2.0,11.0,,5.0,,,48.0,10.0,1.0,4.0,10.0,,1.0,34.0,12.0,,51.0,1.0,,4.0,,,,,,,,,,,0.7306935935254519,0.00344149459193707,0.17233945995007943,0.00847137130322971,0.08505408062930186
2023-03-05,22674,25092.0,18666.0,58982178.918850444,67.0,1053686.1590622417,3865.0,74429990.31848352,349.0,1970786.773751943,2145.0,78048798.23461784,18657.0,2386.0,352.0,341.0,1037.0,,5.0,,7.0,,1.0,,,47.0,9.0,4.0,7.0,12.0,,,25.0,18.0,1.0,24.0,,1.0,13.0,,,,,,,,,,,0.7439024390243902,0.002670173760561135,0.15403315797863862,0.013908815558743823,0.08548541367766618
2023-03-06,23773,26164.0,19558.0,65011649.573306434,94.0,2386791.776776853,4067.0,101037176.31627956,236.0,1199368.340461644,2209.0,88905632.66038826,19556.0,2413.0,485.0,222.0,1067.0,1.0,6.0,,13.0,2.0,6.0,,2.0,41.0,2.0,1.0,9.0,6.0,1.0,,41.0,28.0,1.0,40.0,4.0,1.0,7.0,,,,,,,,,,,0.747515670386791,0.003592722825256077,0.15544259287570708,0.009020027518728024,0.08442898639351781
2023-03-07,27403,30711.0,22154.0,67705370.12209126,101.0,1852424.3009406119,5225.0,126777909.93318295,392.0,826420.5331537068,2839.0,89432885.60553628,22150.0,3196.0,641.0,386.0,1241.0,1.0,11.0,1.0,6.0,1.0,3.0,,1.0,53.0,4.0,2.0,18.0,10.0,1.0,6.0,45.0,41.0,,47.0,,,7.0,,,,,,,,,,,0.7213701930904236,0.0032887239099996745,0.1701344795024584,0.012764156165543291,0.092442447331575
2023-03-08,23280,26021.0,19063.0,68909758.31107956,93.0,3963969.377836398,4073.0,94792608.69151005,269.0,410696.9067257437,2523.0,33235553.112065565,19061.0,2639.0,404.0,258.0,922.0,1.0,10.0,1.0,11.0,,,,2.0,47.0,2.0,2.0,4.0,10.0,,1.0,41.0,32.0,,40.0,7.0,,3.0,,,,,,,,,,,0.7326005918296761,0.0035740363552515275,0.15652742016063947,0.010337804081318935,0.09696014757311402
2023-03-09,24565,27982.0,19566.0,94416235.93559967,110.0,3886587.312081443,5281.0,125302792.93433543,354.0,5218301.914468552,2671.0,53770024.337723315,19563.0,3351.0,506.0,342.0,1268.0,1.0,16.0,3.0,12.0,1.0,2.0,,3.0,59.0,3.0,2.0,9.0,10.0,2.0,4.0,66.0,46.0,,36.0,3.0,1.0,2.0,,,,,,,,,,,0.6992352226431278,0.003931098563362162,0.18872846830105067,0.012650989922092773,0.09545422057036666
2023-03-10,26983,31909.0,19336.0,279173174.38037854,117.0,5446451.368848048,8496.0,542569655.3795443,470.0,22695651.843419258,3490.0,194883754.39714912,19332.0,5766.0,648.0,438.0,1723.0,1.0,15.0,3.0,32.0,2.0,19.0,,3.0,112.0,4.0,4.0,11.0,50.0,,6.0,45.0,137.0,,50.0,10.0,1.0,7.0,,,,,,,,,,,0.6059732363909869,0.003666677113040208,0.2662571688238428,0.014729386693409383,0.10937353097872074
2023-03-11,33770,46420.0,19062.0,1464564559.814176,258.0,14702286.360006772,21776.0,4014845564.3612475,830.0,134113202.5150765,4494.0,427987634.634116,19059.0,11520.0,2560.0,754.0,6504.0,10.0,32.0,63.0,76.0,243.0,124.0,,28.0,197.0,3.0,2.0,35.0,153.0,1.0,41.0,151.0,265.0,,53.0,50.0,,2.0,,,,,,,,,,,0.4106419646704007,0.005557949159844895,0.4691081430417923,0.017880224041361484,0.0968117190866006
2023-03-12,24591,31262.0,15992.0,338768223.0027295,182.0,5553750.003441586,10796.0,1192019272.6832116,516.0,44696949.51660626,3776.0,262064034.46725634,15992.0,6379.0,1066.0,464.0,2823.0,6.0,34.0,19.0,45.0,76.0,49.0,,3.0,105.0,,,17.0,87.0,1.0,3.0,105.0,128.0,7.0,58.0,15.0,,4.0,,,,,,,,,,,0.5115475657347579,0.005821764442454098,0.34533938967436506,0.01650566182585887,0.12078561832256414
2023-03-13,28457,35094.0,19368.0,235875944.24368986,363.0,25188987.56378068,10671.0,1028382949.6450858,592.0,31110792.605175126,4100.0,257762131.15911493,19361.0,6473.0,1037.0,539.0,2525.0,19.0,28.0,10.0,47.0,5.0,63.0,4.0,1.0,121.0,7.0,2.0,29.0,72.0,1.0,,195.0,287.0,2.0,99.0,61.0,1.0,5.0,,,,,,,,,,,0.5518892118310822,0.010343648486920841,0.30406907163617714,0.016868980452499002,0.1168290875933208
2023-03-14,28097,33382.0,20498.0,177473982.05513012,137.0,11130858.909506842,8773.0,407197484.01401794,476.0,26319462.475088,3498.0,100220333.87857957,20493.0,5887.0,706.0,448.0,1680.0,61.0,18.0,4.0,25.0,1.0,15.0,1.0,4.0,92.0,5.0,1.0,16.0,51.0,,,67.0,238.0,2.0,47.0,18.0,,4.0,,,,,,,,,,,0.6140434964951171,0.004104008148103768,0.26280630279791506,0.014259181594871488,0.10478701096399257
2023-03-15,25820,30826.0,19071.0,172442681.10216972,140.0,5641190.880691501,7569.0,395919940.61172223,453.0,17813472.815994356,3593.0,187328930.95126548,19071.0,4883.0,652.0,434.0,1682.0,23.0,28.0,4.0,19.0,3.0,10.0,,4.0,83.0,,2.0,27.0,55.0,,3.0,63.0,112.0,,56.0,15.0,,4.0,,,,,,,,,,,0.6186660611172387,0.004541620709790437,0.24553947966002726,0.01469538701096477,0.11655745150197885
2023-03-16,27828,32136.0,20996.0,81287852.83231045,107.0,6994350.972390638,6400.0,175727605.80335435,309.0,6661723.065721198,4324.0,74957312.13745941,20994.0,4558.0,448.0,294.0,1198.0,12.0,20.0,5.0,14.0,2.0,5.0,,1.0,53.0,2.0,3.0,4.0,22.0,,1.0,46.0,71.0,1.0,51.0,6.0,,1.0,,,,,,,,,,,0.6533482698531242,0.0033295992033856112,0.19915359721184964,0.009615384615384616,0.1345531491162559
2023-03-17,24991,29656.0,18660.0,141465787.0322537,134.0,5837788.8289288785,6562.0,233180317.26079288,532.0,28038293.092606656,3768.0,102303780.3690634,18656.0,4487.0,465.0,513.0,1408.0,18.0,18.0,3.0,19.0,3.0,11.0,,,53.0,4.0,3.0,15.0,28.0,1.0,,73.0,52.0,,53.0,3.0,,2.0,,,,,,,,,,,0.6292149986512005,0.004518478554086863,0.22127056919341787,0.017939034259509035,0.1270569193417858
2023-03-18,25298,30129.0,18900.0,120103659.23903781,102.0,6492058.489963038,6720.0,200311509.3162211,430.0,13401778.908540478,3977.0,73677786.59211245,18895.0,4435.0,427.0,393.0,1573.0,21.0,8.0,4.0,36.0,4.0,10.0,,,70.0,5.0,4.0,10.0,20.0,1.0,1.0,44.0,136.0,1.0,45.0,3.0,1.0,5.0,,,,,,,,,,,0.6273025988250522,0.0033854425968336153,0.22304092402668527,0.0142719638886123,0.13199907066281655
2023-03-19,22965,27020.0,17487.0,92815838.21914162,169.0,4471588.388170235,5429.0,123328316.2682063,455.0,20743557.654757276,3480.0,67437357.71426974,17470.0,3678.0,374.0,423.0,1246.0,5.0,9.0,2.0,32.0,,8.0,,,40.0,17.0,1.0,4.0,15.0,,1.0,73.0,47.0,,84.0,8.0,,3.0,,,,,,,,,,,0.6471872686898593,0.006254626202812731,0.20092524056254626,0.01683937823834197,0.12879348630643966
2023-03-20,24349,28811.0,18615.0,104738991.57149926,149.0,2579357.270337404,5737.0,187427114.22309643,482.0,23668314.97784734,3828.0,103200907.33956896,18613.0,3523.0,475.0,466.0,1461.0,27.0,19.0,4.0,14.0,1.0,8.0,,2.0,64.0,2.0,6.0,8.0,22.0,1.0,3.0,58.0,119.0,2.0,71.0,12.0,,2.0,,,,,,,,,,,0.6461073895387178,0.005171635833535802,0.19912533407379127,0.016729721287008434,0.13286591926694666
2023-03-21,24055,28664.0,18466.0,86923393.00879778,108.0,3746225.6471908903,5867.0,133390521.0359481,419.0,8718892.811513495,3804.0,69823112.64247708,18462.0,3732.0,595.0,399.0,1292.0,22.0,13.0,4.0,20.0,3.0,4.0,,,57.0,4.0,2.0,17.0,14.0,1.0,,48.0,113.0,,55.0,3.0,,,,,,,,,,,,,0.6442227183924086,0.0037677923527770023,0.20468183086798772,0.014617638850125594,0.13271001953670108
2023-03-22,25117,29840.0,19486.0,133997689.33741654,106.0,2834329.149457612,6001.0,251474684.64872563,540.0,17841138.96440479,3707.0,114014135.82708102,19484.0,3743.0,458.0,521.0,1590.0,16.0,24.0,13.0,17.0,1.0,8.0,1.0,1.0,68.0,2.0,3.0,8.0,18.0,,1.0,54.0,52.0,1.0,43.0,4.0,,2.0,,,,,,,,,,,0.6530160857908848,0.0035522788203753352,0.20110589812332438,0.018096514745308313,0.12422922252010724
2023-03-23,20961,25911.0,15427.0,112856195.88015626,112.0,6510195.240601299,5969.0,201382827.102072,347.0,6521642.385568397,4056.0,89999802.7852602,15425.0,3956.0,458.0,327.0,1420.0,16.0,12.0,7.0,20.0,1.0,2.0,,4.0,60.0,2.0,1.0,4.0,14.0,,,56.0,15.0,,30.0,23.0,,2.0,,,,,,,,,,,0.5953841997607194,0.004322488518389873,0.23036548184168887,0.013391995677511481,0.1565358342016904
2023-03-24,21371,25607.0,16133.0,90297541.63931324,63.0,2837693.4604748613,5837.0,187495489.68321702,291.0,6647426.6319672465,3283.0,117676885.61386533,16132.0,3861.0,359.0,281.0,1466.0,26.0,5.0,4.0,10.0,4.0,5.0,,,38.0,1.0,5.0,9.0,9.0,,,30.0,51.0,,13.0,11.0,,4.0,,,,,,,,,,,0.6300230405748428,0.0024602647713515835,0.22794548365681258,0.011364080134338267,0.12820713086265476
2023-03-25,17689,20766.0,13655.0,67442093.57471341,105.0,12761316.66234956,4285.0,118158323.75070344,257.0,3728883.937102911,2464.0,29600037.27938779,13649.0,2678.0,331.0,242.0,1160.0,2.0,5.0,5.0,15.0,5.0,5.0,,,22.0,6.0,1.0,6.0,11.0,6.0,1.0,62.0,48.0,,19.0,21.0,,2.0,,,,,,,,,,,0.6575652508908794,0.005056342097659636,0.2063469132235385,0.012375999229509776,0.11865549455841279
2023-03-26,20145,23360.0,15334.0,66661376.18203751,58.0,1221171.694377693,4549.0,115353338.58410826,294.0,2939176.1152393976,3125.0,50209432.170566216,15330.0,2944.0,356.0,278.0,1180.0,5.0,2.0,1.0,16.0,1.0,5.0,,,18.0,4.0,1.0,2.0,6.0,2.0,,31.0,27.0,,22.0,3.0,,1.0,,,,,,,,,,,0.6564212328767123,0.0024828767123287673,0.1947345890410959,0.012585616438356165,0.13377568493150685
2023-03-27,19802,22656.0,15300.0,83494838.43066573,59.0,3581476.2780202846,4581.0,156903849.6140296,211.0,8655216.325130317,2505.0,47507210.81821473,15295.0,2975.0,334.0,202.0,1186.0,,3.0,5.0,8.0,4.0,5.0,,,26.0,5.0,2.0,10.0,8.0,,1.0,23.0,24.0,1.0,24.0,8.0,,2.0,,,,,,,,,,,0.6753177966101694,0.0026041666666666665,0.202198093220339,0.009313206214689266,0.1105667372881356
2023-03-28,19675,22610.0,15273.0,60971893.00313836,67.0,722621.878193465,4150.0,117913962.71462849,314.0,3652635.6216765014,2806.0,102291936.23932171,15271.0,2757.0,337.0,305.0,974.0,,5.0,2.0,8.0,2.0,4.0,1.0,,37.0,2.0,3.0,1.0,13.0,,1.0,31.0,17.0,,30.0,1.0,1.0,1.0,,,,,,,,,,,0.6754975674480318,0.0029632905793896508,0.183547103051747,0.01388766032728881,0.12410437859354267
2023-03-29,20174,22902.0,15712.0,76596681.27767684,35.0,4452909.966896845,3823.0,115556317.03907403,273.0,5722469.621018203,3059.0,89998407.86978348,15710.0,2562.0,270.0,259.0,901.0,,8.0,1.0,13.0,3.0,2.0,1.0,,48.0,2.0,,4.0,7.0,1.0,,18.0,16.0,,15.0,1.0,,1.0,,,,,,,,,,,0.686053619771199,0.0015282508077897126,0.16692865251943062,0.011920356300759759,0.13356912060082088
2023-03-30,19125,21599.0,15316.0,83401580.69943327,93.0,4959408.545000489,3271.0,113897710.05419037,438.0,2314484.4311781647,2481.0,63827882.04914111,15312.0,2185.0,257.0,374.0,738.0,2.0,1.0,1.0,64.0,2.0,3.0,,,44.0,4.0,2.0,20.0,5.0,,,36.0,13.0,,53.0,2.0,,,,,,,,,,,,,0.7091069030973656,0.004305754896060002,0.1514421963979814,0.020278716607250336,0.11486642900134265
2023-03-31,18828,21358.0,14809.0,65798653.30802134,62.0,4445011.849419055,3757.0,176196008.2643245,356.0,3178870.764764832,2374.0,200992567.73818114,14806.0,2405.0,307.0,328.0,972.0,,4.0,1.0,28.0,3.0,5.0,,,41.0,3.0,,6.0,,1.0,,38.0,12.0,,23.0,1.0,,,,,,,,,,,,,0.6933701657458563,0.0029028935293566815,0.17590598370633956,0.016668227362112556,0.11115272965633487
2023-04-01,18394,20852.0,14227.0,52008229.394749284,65.0,2893819.3067730023,4139.0,91113558.93431073,235.0,9185471.478671432,2186.0,55760493.27536357,14222.0,2845.0,284.0,226.0,943.0,,5.0,4.0,8.0,2.0,3.0,1.0,,24.0,5.0,,,20.0,,,43.0,9.0,,17.0,5.0,,,,,,,,,,,,,0.682284672933052,0.003117206982543641,0.19849414924227893,0.011269902167657778,0.10483406867446768
2023-04-02,17480,19912.0,13603.0,43827492.9511728,60.0,6276051.494353548,3671.0,68909526.81299706,271.0,1629365.0664180953,2307.0,46670371.08529241,13596.0,2518.0,264.0,250.0,828.0,1.0,8.0,1.0,21.0,,4.0,,1.0,28.0,7.0,2.0,2.0,6.0,1.0,,43.0,9.0,,9.0,5.0,,1.0,,,,,,,,,,,0.683155885897951,0.003013258336681398,0.18436118923262354,0.013609883487344316,0.11585978304539976
2023-04-03,20719,23529.0,16084.0,78518131.68638152,104.0,15886229.053574588,4390.0,124612852.95882206,301.0,2957366.2113983715,2650.0,61141156.92456898,16081.0,2495.0,399.0,288.0,1409.0,2.0,6.0,7.0,13.0,2.0,7.0,,,38.0,3.0,2.0,5.0,6.0,,,48.0,14.0,,31.0,22.0,,1.0,,,,,,,,,,,0.683581962684347,0.004420077351353649,0.1865782651196396,0.012792723872667772,0.11262697097199201
2023-04-04,20553,23197.0,16268.0,74592996.84719971,60.0,2970717.9191783983,4172.0,123705565.7414259,313.0,4461393.27157954,2384.0,46338064.518705234,16265.0,2589.0,330.0,296.0,1170.0,3.0,7.0,4.0,17.0,3.0,5.0,,,27.0,3.0,3.0,4.0,7.0,,,33.0,23.0,,21.0,2.0,,1.0,,,,,,,,,,,0.7012975815838255,0.0025865413631072985,0.17985084278139415,0.013493124110876406,0.10277191016079665
2023-04-05,20856,23789.0,15749.0,78978272.49225016,72.0,2876229.962701248,5299.0,109879678.12396272,291.0,3610195.7688553478,2378.0,51488678.66324078,15749.0,3249.0,309.0,276.0,1584.0,,5.0,3.0,15.0,1.0,5.0,,,46.0,,2.0,7.0,79.0,,1.0,44.0,10.0,,23.0,1.0,,2.0,,,,,,,,,,,0.6620286687124302,0.0030266089369036108,0.22275001050905882,0.01223254445331876,0.09996216738828871
2023-04-06,19624,21936.0,14500.0,48725768.90487631,48.0,1776128.2014886844,5073.0,121140453.00885849,248.0,2256964.25368161,2067.0,42305173.94738962,14484.0,3036.0,302.0,227.0,1665.0,,6.0,3.0,21.0,4.0,3.0,,1.0,27.0,16.0,1.0,5.0,14.0,,,31.0,7.0,,14.0,1.0,1.0,,,,,,,,,,,,0.6610138584974471,0.002188183807439825,0.2312636761487965,0.011305616338439095,0.09422866520787747
2023-04-07,17995,20712.0,12538.0,41283802.44865909,52.0,4071836.7900225907,5269.0,56176274.076457776,189.0,1147049.652572711,2664.0,32774100.820520412,12537.0,3254.0,329.0,186.0,1616.0,,5.0,2.0,3.0,2.0,6.0,,,29.0,1.0,,1.0,8.0,2.0,2.0,31.0,13.0,,12.0,7.0,,2.0,,,,,,,,,,,0.6053495558130553,0.002510621861722673,0.25439358825801467,0.009125144843568946,0.12862108922363846
2023-04-08,17893,20553.0,13036.0,43865945.779907666,64.0,2090420.7983885703,4711.0,99024701.49496602,210.0,4909064.082163309,2532.0,91485234.0922195,13032.0,2980.0,322.0,207.0,1350.0,2.0,6.0,1.0,3.0,1.0,3.0,,,34.0,4.0,,1.0,3.0,,,23.0,8.0,,37.0,2.0,,2.0,,,,,,,,,,,0.6342626380577044,0.003113900647107478,0.22921228044567704,0.010217486498321413,0.12319369435118961
2023-04-09,14793,17011.0,10806.0,37556124.00137449,63.0,1721763.687531838,3730.0,55000149.67945695,218.0,1278178.434660631,2194.0,27678581.862925544,10802.0,2351.0,234.0,206.0,1078.0,1.0,11.0,1.0,12.0,1.0,1.0,,1.0,33.0,4.0,1.0,1.0,5.0,,2.0,23.0,10.0,,34.0,4.0,,1.0,,,,,,,,,,,0.6352360237493386,0.00370348597966022,0.21926988419258128,0.012815237199459173,0.12897536887896066
2023-04-10,17935,20476.0,13278.0,54623912.86831572,56.0,930864.657213184,4456.0,99835405.17063817,234.0,3121144.0333570126,2452.0,32562831.49709305,13275.0,2739.0,317.0,224.0,1340.0,1.0,7.0,2.0,9.0,2.0,1.0,,1.0,22.0,3.0,2.0,7.0,2.0,,,34.0,15.0,,15.0,5.0,,,1.0,,,,,,,,,,0.6484664973627662,0.0027349091619456923,0.21762062902910725,0.0114280132838445,0.11974995116233639
2023-04-11,18467,21223.0,14057.0,88808177.71953927,74.0,7859442.745899337,4470.0,123093516.67980364,233.0,12592621.973328069,2389.0,51683326.90559448,14052.0,2796.0,385.0,225.0,1225.0,2.0,3.0,2.0,8.0,,2.0,,1.0,30.0,5.0,3.0,2.0,5.0,,,35.0,17.0,,31.0,4.0,,1.0,,,,,,,,,,,0.6623474532346982,0.0034867832068981764,0.21062055317344391,0.010978655232530745,0.11256655515242897
2023-04-12,18982,21600.0,14658.0,66349575.983263575,97.0,7269386.093127763,4355.0,117459329.2638362,213.0,4612255.056617067,2277.0,37319003.49424014,14656.0,2580.0,374.0,198.0,1325.0,1.0,6.0,1.0,14.0,1.0,3.0,,2.0,39.0,2.0,4.0,3.0,9.0,,,41.0,11.0,1.0,33.0,16.0,,3.0,,,,,,,,,,,0.6786111111111112,0.0044907407407407405,0.20162037037037037,0.00986111111111111,0.10541666666666667
2023-04-13,18780,21238.0,14717.0,107086303.67634325,71.0,19501950.189237747,4194.0,196484778.3826528,181.0,5313817.0576137435,2075.0,34118527.76915738,14715.0,2454.0,415.0,172.0,1235.0,,1.0,2.0,9.0,3.0,8.0,,1.0,34.0,2.0,1.0,1.0,15.0,,,29.0,25.0,,31.0,9.0,,1.0,,,,,,,,,,,0.692956022224315,0.0033430643186740747,0.19747622186646577,0.008522459741971937,0.09770223184857331
2023-04-14,23137,27121.0,17723.0,138892009.07437435,85.0,3965590.412466523,5823.0,172069714.16196278,374.0,15455080.638589317,3116.0,43715669.75159237,17715.0,3596.0,811.0,353.0,1264.0,,18.0,3.0,19.0,6.0,3.0,1.0,,69.0,8.0,2.0,2.0,13.0,,,40.0,38.0,,37.0,2.0,,4.0,1.0,,,,,,,,,,0.6534788540245566,0.0031341027248257807,0.2147044725489473,0.013790051989233436,0.11489251871243686
2023-04-15,18955,21569.0,14537.0,55436944.381467715,52.0,1884528.274294244,4320.0,74179672.61948213,128.0,10865427.399098337,2532.0,31560148.990698744,14534.0,2652.0,514.0,113.0,1091.0,,8.0,1.0,14.0,2.0,3.0,,,38.0,3.0,6.0,,4.0,,1.0,24.0,6.0,,17.0,2.0,,3.0,1.0,,,,,,,,,,0.6739765404052112,0.0024108674486531595,0.20028744958041633,0.005934442950530854,0.11739069961518847
2023-04-16,19246,21784.0,14949.0,59004855.370898865,94.0,5614468.411098792,3854.0,93698465.15614481,180.0,8558061.829922546,2707.0,26267835.686327666,14945.0,2368.0,447.0,172.0,975.0,,10.0,,8.0,2.0,,,,23.0,4.0,2.0,3.0,9.0,,,35.0,17.0,,54.0,3.0,,,,,,,,,,,,,0.6862376055820786,0.004315093646713184,0.17691883951524054,0.00826294528094014,0.12426551597502754
2023-04-17,29229,32519.0,24165.0,89776573.3913128,71.0,4655318.89842264,3968.0,83357978.68919685,239.0,5875314.135734314,4076.0,31604845.564167462,24163.0,2459.0,441.0,220.0,1001.0,,4.0,3.0,17.0,4.0,1.0,,,28.0,2.0,1.0,1.0,5.0,,,19.0,21.0,2.0,46.0,3.0,,2.0,,,,,,,,,,,0.7431040314892832,0.0021833389710630706,0.12202097235462345,0.007349549494141887,0.1253421076908884
2023-04-18,29354,34204.0,23890.0,115648480.4823687,73.0,1591574.618325222,3514.0,84924452.85847856,267.0,12472801.662349155,6460.0,69141768.28055662,23884.0,2457.0,299.0,254.0,679.0,,7.0,1.0,12.0,1.0,1.0,,3.0,44.0,6.0,4.0,5.0,7.0,,,25.0,10.0,1.0,40.0,,,4.0,,,,,,,,,,,0.6984563208981406,0.002134253303707169,0.10273652204420536,0.007806104549175535,0.18886679920477137
2023-04-19,33230,39465.0,27299.0,144013264.19794196,47.0,736897.608288005,4017.0,119978312.97049858,272.0,12638334.151947416,7830.0,99847278.4316761,27297.0,2734.0,334.0,259.0,869.0,,4.0,2.0,13.0,2.0,3.0,,1.0,41.0,2.0,4.0,5.0,13.0,,,23.0,9.0,,17.0,1.0,,2.0,,,,,,,,,,,0.6917268465729127,0.001190928670974281,0.10178639300646142,0.0068921829469149876,0.19840364880273662
2023-04-20,28358,32939.0,22894.0,118363784.20891777,47.0,987146.1897177086,3901.0,122358394.72045243,224.0,4756065.657675248,5873.0,78872762.54250559,22892.0,2342.0,336.0,208.0,1148.0,,6.0,6.0,14.0,5.0,2.0,,,36.0,2.0,3.0,2.0,7.0,1.0,2.0,28.0,8.0,2.0,14.0,,,2.0,,,,,,,,,,,0.6950423510124776,0.0014268799902850723,0.118431039193661,0.0068004493154011966,0.17829928048817512
2023-04-21,24572,28724.0,19364.0,102750276.49465936,76.0,2450527.188337791,4297.0,177922138.93824324,254.0,19491717.4434371,4733.0,78077979.66347061,19361.0,2761.0,366.0,233.0,1049.0,,6.0,3.0,20.0,4.0,1.0,,3.0,45.0,3.0,1.0,4.0,34.0,,1.0,47.0,20.0,1.0,23.0,3.0,,2.0,,,,,,,,,,,0.6741400919092049,0.0026458710486004736,0.14959615652416097,0.00884277955716474,0.16477510096086895
2023-04-22,22960,26724.0,17269.0,59987955.71589181,35.0,453885.50468205893,4192.0,36216904.52135897,156.0,3346711.079023899,5072.0,63526347.68050418,17265.0,1892.0,245.0,149.0,2004.0,,2.0,,7.0,,,,2.0,29.0,4.0,3.0,4.0,5.0,,2.0,23.0,7.0,,9.0,,,,,,,,,,,,,,0.6461981739260589,0.0013096841790151176,0.1568627450980392,0.0058374494836102376,0.18979194731327645
2023-04-23,23483,28093.0,18104.0,59482613.58396275,38.0,197191.81221402416,3694.0,35820867.04969498,131.0,831514.4432517745,6126.0,41919853.55086079,18104.0,2203.0,246.0,120.0,1208.0,,7.0,,11.0,,1.0,,,17.0,,1.0,3.0,4.0,,1.0,28.0,4.0,,5.0,,,4.0,,,,,,,,,,,0.6444309970455273,0.0013526501263659986,0.13149183070515788,0.004663083330366995,0.21806143879258177
2023-04-24,23443,27337.0,18597.0,68101365.56832136,38.0,596916.6916243187,3267.0,91853747.10105924,153.0,5028170.797645989,5282.0,37588886.778236374,18592.0,2328.0,250.0,141.0,655.0,,1.0,2.0,12.0,3.0,1.0,,,16.0,5.0,4.0,1.0,4.0,1.0,,31.0,5.0,,2.0,,,1.0,,,,,,,,,,,0.6802867907963566,0.0013900574313201886,0.11950835863481728,0.005596810183999708,0.19321798295350623
2023-04-25,23204,26486.0,18004.0,69011074.29269065,56.0,3515781.4391798177,4124.0,81751037.08904529,200.0,9106336.31643443,4102.0,29606319.600084744,18004.0,2875.0,421.0,186.0,791.0,,7.0,1.0,14.0,1.0,1.0,,,15.0,,7.0,1.0,5.0,,,37.0,6.0,,8.0,4.0,,,,,,,,,,,,,0.6797553424450653,0.0021143245488182438,0.1557049007022578,0.007551159102922298,0.15487427320093633
2023-04-26,24205,28006.0,18779.0,101025716.16473527,64.0,2491101.4491576417,4462.0,141629551.4441667,340.0,21067876.847436942,4361.0,39603348.44260025,18778.0,3169.0,375.0,321.0,846.0,,5.0,3.0,19.0,2.0,1.0,,1.0,20.0,1.0,1.0,,13.0,,1.0,52.0,26.0,,8.0,2.0,,1.0,,,,,,,,,,,0.6705348853817039,0.0022852245947297006,0.15932300221381132,0.012140255659501536,0.15571663215025353
2023-04-27,20193,22896.0,16071.0,92832293.41466226,59.0,1065806.381245607,3185.0,145727833.3343492,241.0,27523789.592207927,3340.0,27494370.28511991,16066.0,2043.0,247.0,220.0,835.0,,1.0,,21.0,2.0,,,,20.0,5.0,1.0,5.0,5.0,,,47.0,27.0,,8.0,2.0,,1.0,,,,,,,,,,,0.701912997903564,0.002576869322152341,0.1391072676450035,0.01052585604472397,0.14587700908455625
2023-04-28,23688,27036.0,19617.0,53636275.877757855,29.0,194389.8321164903,2762.0,36916486.70104067,142.0,2504068.526764013,4486.0,32000546.377922125,19613.0,1728.0,236.0,132.0,749.0,,3.0,3.0,10.0,3.0,,,,16.0,4.0,1.0,4.0,2.0,1.0,,22.0,17.0,,3.0,1.0,,2.0,,,,,,,,,,,0.7255881047492233,0.0010726438822310992,0.10216008285249298,0.005252256250924693,0.16592691226512798
2023-04-29,23988,28094.0,19975.0,57734055.090491995,38.0,3658294.6801069714,2830.0,42302919.97365453,148.0,3172997.1170181483,5103.0,37532377.51858644,19974.0,1855.0,226.0,135.0,696.0,,1.0,1.0,13.0,,,,,24.0,1.0,1.0,3.0,12.0,,,33.0,12.0,,3.0,,,1.0,,,,,,,,,,,0.7110059087349612,0.001352601979070264,0.10073325265181178,0.00526802876058945,0.1816402078735673
2023-04-30,33372,38640.0,26507.0,91806186.89990471,24.0,242526.48432758453,3840.0,54323873.30779378,191.0,1806334.2484370205,8078.0,64525467.62098439,26505.0,2813.0,281.0,186.0,680.0,,,7.0,5.0,5.0,,,,16.0,2.0,,5.0,11.0,,,18.0,22.0,,4.0,,,2.0,,,,,,,,,,,0.6859989648033127,0.0006211180124223603,0.09937888198757763,0.004943064182194617,0.20905797101449275
2023-05-01,38416,44464.0,31690.0,158109704.85682696,39.0,3020035.899653094,4919.0,82368815.98003611,187.0,4280093.557724527,7629.0,105089428.80597347,31688.0,3806.0,300.0,182.0,749.0,,5.0,8.0,4.0,2.0,2.0,,,20.0,2.0,1.0,3.0,9.0,,,24.0,15.0,1.0,11.0,3.0,,,,,,,,,,,,,0.7127114069809284,0.0008771140698092839,0.1106288233177402,0.004205649514213746,0.1715770061173084
2023-05-02,37992,44063.0,33033.0,171892928.30757973,22.0,316812.620818681,3087.0,59041718.85303223,158.0,4692993.227224281,7763.0,114983299.01876016,33028.0,2093.0,245.0,154.0,700.0,4.0,7.0,2.0,4.0,2.0,1.0,,5.0,10.0,5.0,1.0,1.0,1.0,,1.0,16.0,15.0,,5.0,,,,,,,,,,,,,,0.7496765994144747,0.0004992851144951547,0.07005877947484283,0.0035857749131924742,0.1761795610829948
2023-05-03,33112,37957.0,28424.0,120512150.22611979,39.0,3732364.4712090264,3084.0,70208932.0724369,174.0,7837723.310927499,6236.0,69412637.68500493,28421.0,1944.0,260.0,162.0,815.0,1.0,2.0,2.0,12.0,2.0,1.0,,1.0,31.0,3.0,,4.0,6.0,,,26.0,15.0,,10.0,1.0,,2.0,,,,,,,,,,,0.7488473799299207,0.0010274784624706905,0.08124983533998999,0.004584134678715389,0.16429117158890325
2023-05-04,35203,39848.0,30346.0,134752960.02661264,21.0,4882415.8531663995,3137.0,73122683.66937363,154.0,4223644.557602289,6190.0,89054343.9223126,30338.0,2093.0,279.0,150.0,723.0,,4.0,,4.0,,,,,14.0,8.0,1.0,,9.0,,3.0,12.0,12.0,,5.0,,,3.0,,,,,,,,,,,0.7615438666934351,0.0005270026099176873,0.07872415177675166,0.0038646858060630397,0.15534029311383257
2023-05-05,37997,43225.0,32972.0,307123009.6469221,40.0,1231317.8660323848,2545.0,106248911.45677412,379.0,11438618.002065541,7289.0,179340729.62627265,32970.0,1737.0,204.0,376.0,582.0,,2.0,,3.0,,1.0,,,8.0,2.0,2.0,,4.0,,,18.0,7.0,,17.0,1.0,,2.0,,,,,,,,,,,0.7627993059572007,0.0009253903990746096,0.058877964141122036,0.008768074031231926,0.16862926547137075
2023-05-06,38794,45668.0,34020.0,261590704.0297806,43.0,1487455.90138862,2760.0,200084719.82103902,268.0,18645798.659358203,8577.0,189431988.4789442,34018.0,1594.0,534.0,259.0,595.0,,3.0,3.0,9.0,1.0,3.0,,,14.0,2.0,,1.0,2.0,,,19.0,10.0,,21.0,1.0,,2.0,,,,,,,,,,,0.7449417535254446,0.0009415783480774284,0.06043619164403959,0.005868441797319786,0.18781203468511867
2023-05-07,33160,40832.0,29090.0,147791757.97115096,33.0,915158.2469292533,2126.0,39244386.27203243,251.0,4276522.426113904,9332.0,124939874.7739225,29090.0,1390.0,265.0,237.0,445.0,,3.0,,14.0,,2.0,,,12.0,,,,1.0,,,20.0,8.0,,12.0,,,1.0,,,,,,,,,,,0.7124314263322884,0.0008081896551724138,0.05206700626959248,0.006147139498432602,0.22854623824451412
2023-05-08,34243,39609.0,29815.0,223866781.12143704,45.0,11268338.931260869,2473.0,93839888.69992341,314.0,8866419.551124936,6962.0,120932474.32710773,29814.0,1628.0,270.0,305.0,515.0,,4.0,2.0,9.0,1.0,3.0,,1.0,27.0,1.0,,1.0,3.0,,1.0,24.0,17.0,,17.0,2.0,,2.0,,,,,,,,,,,0.7527329647302381,0.0011361054305839581,0.06243530510742508,0.007927491226741397,0.1757681335050115
2023-05-09,31016,35661.0,26882.0,136385445.84350812,33.0,3434985.9432835933,2243.0,68568721.05600108,359.0,1446693.409516906,6144.0,94155141.25475274,26876.0,1514.0,221.0,353.0,469.0,,4.0,,6.0,1.0,,,,15.0,6.0,3.0,1.0,3.0,,1.0,22.0,14.0,,4.0,3.0,,1.0,,,,,,,,,,,0.7538207004851238,0.0009253806679565912,0.06289784358262528,0.010067019993830795,0.17228905527046354
2023-05-10,29869,34757.0,25193.0,154503149.3067194,32.0,3988890.489413271,2550.0,101953099.14262122,173.0,11729073.2269435,6809.0,91615188.60652855,25189.0,1703.0,254.0,164.0,531.0,1.0,3.0,1.0,9.0,,,,,35.0,4.0,,,2.0,,2.0,23.0,18.0,,5.0,2.0,,2.0,,,,,,,,,,,0.7248324078602871,0.0009206778490663751,0.07336651609747677,0.004977414621515091,0.19590298357165464
2023-05-11,31704,37735.0,26680.0,167704534.30664858,33.0,1689652.2026677998,3072.0,121899477.39732695,198.0,6139657.1963821845,7752.0,113437658.39807212,26678.0,2115.0,377.0,191.0,506.0,,3.0,1.0,7.0,1.0,,,,39.0,2.0,,,7.0,,,19.0,23.0,,10.0,,,4.0,,,,,,,,,,,0.7070359083079369,0.0008745196766927255,0.08140983172121373,0.005247118060156353,0.20543262223400027
2023-05-12,26337,30937.0,21590.0,143614425.7481942,50.0,4201171.091236599,2990.0,131548801.00511849,326.0,11193946.183376465,5981.0,74954313.89213344,21589.0,2001.0,311.0,312.0,605.0,,8.0,4.0,13.0,1.0,1.0,,,24.0,1.0,1.0,,8.0,,,33.0,27.0,,11.0,3.0,,2.0,1.0,,,,,,,,,,0.6978698645634677,0.0016161877363674564,0.0966480266347739,0.010537544041115817,0.19332837702427513
2023-05-13,27568,32305.0,21263.0,90712169.73049168,23.0,873464.207793817,4896.0,75427147.61762713,333.0,2365901.252771712,5790.0,63426876.64536924,21261.0,3956.0,286.0,329.0,619.0,,,2.0,4.0,2.0,,,,10.0,2.0,1.0,,1.0,,1.0,17.0,19.0,,3.0,2.0,,,,,,,,,,,,,0.6581953258009596,0.0007119640922457823,0.15155548676675437,0.010308001857297631,0.17922922148274262
2023-05-14,23962,28351.0,19915.0,64911109.567666695,18.0,303708.6211661897,2372.0,40599343.52548425,244.0,773812.680801194,5802.0,42798368.557531066,19914.0,1648.0,189.0,239.0,485.0,,2.0,1.0,5.0,2.0,4.0,,,9.0,1.0,,2.0,5.0,,,14.0,25.0,,4.0,,,,,,,,,,,,,,0.7024443582236958,0.0006348982399209905,0.08366547917181053,0.008606398363373426,0.20464886600119925
2023-05-15,24722,29524.0,20763.0,90278336.9792557,36.0,6900038.270752412,2208.0,73450005.69234636,239.0,4907795.340144902,6278.0,57819214.39087187,20760.0,1446.0,212.0,229.0,487.0,,,5.0,10.0,1.0,,,,21.0,3.0,,2.0,3.0,,2.0,28.0,29.0,,3.0,3.0,1.0,1.0,,,,,,,,,,,0.7032583660750575,0.0012193469719550196,0.07478661427990788,0.008095109063812491,0.21264056360926703
2023-05-16,25079,29558.0,20346.0,73300165.60492748,39.0,1608701.2061000061,2948.0,46240022.10475371,262.0,1051181.515461497,5963.0,55446440.68318411,20342.0,2152.0,240.0,246.0,515.0,1.0,,,16.0,1.0,1.0,,6.0,16.0,4.0,1.0,1.0,3.0,,,27.0,12.0,,10.0,,,,,1.0,,,,,,,,,0.6883415657351648,0.0013194397455849516,0.09973611205088301,0.008863928547263008,0.20173895392110427
2023-05-17,24345,28070.0,19663.0,86715653.45053484,28.0,3175039.806843593,3074.0,131337580.92601778,154.0,1512869.9037698284,5151.0,58195765.309042245,19661.0,2178.0,256.0,120.0,569.0,,5.0,2.0,34.0,2.0,2.0,,7.0,18.0,2.0,1.0,1.0,19.0,,,23.0,15.0,,2.0,1.0,,1.0,,,,,,,,,,,0.700498753117207,0.000997506234413965,0.10951193444959031,0.005486284289276808,0.18350552190951194
2023-05-18,24761,28168.0,20375.0,90741757.3223031,46.0,2231092.8704378824,2678.0,91935512.1695188,159.0,1114694.584890581,4910.0,52110705.92284478,20372.0,1787.0,186.0,135.0,653.0,,5.0,1.0,24.0,2.0,1.0,,,15.0,3.0,,1.0,3.0,,,30.0,24.0,,11.0,3.0,,2.0,,,,,,,,,,,0.7233385401874467,0.0016330587901164442,0.09507242260721387,0.0056447032093155354,0.17431127520590742
2023-05-19,25075,28747.0,21098.0,62642917.353491336,27.0,12761237.850592505,2869.0,33069931.254557125,335.0,632108.451464421,4418.0,46051556.768958054,21094.0,2024.0,147.0,311.0,668.0,,5.0,,24.0,3.0,1.0,,1.0,6.0,4.0,,3.0,,,,18.0,11.0,,6.0,2.0,,1.0,,,,,,,,,,,0.7339200612237798,0.0009392284412286499,0.09980171844018507,0.011653389918948064,0.15368560197585834
2023-05-20,21921,24556.0,17835.0,60004838.36001746,31.0,2573739.6687496123,2468.0,39534746.839171536,156.0,342236.5782722458,4066.0,25088217.583780006,17832.0,1639.0,185.0,135.0,615.0,1.0,1.0,2.0,21.0,,2.0,,,8.0,3.0,1.0,3.0,4.0,,,11.0,8.0,,16.0,3.0,,,,,,,,,,,,,0.7262990715100179,0.001262420589672585,0.10050496823586903,0.006352826193191073,0.1655807134712494
2023-05-21,23559,27094.0,19021.0,67470476.66897924,19.0,2477046.1723435475,3265.0,53391905.539856665,109.0,181460.33209746456,4680.0,51387620.2104189,19021.0,2252.0,169.0,95.0,786.0,,,,14.0,1.0,3.0,,,12.0,,1.0,19.0,6.0,,2.0,13.0,15.0,,5.0,,,,,,,,,,,,,,0.702037351443124,0.0007012622720897616,0.12050638517753008,0.0040230309293570535,0.17273197017789915
2023-05-22,27607,31741.0,21818.0,81782478.71077283,21.0,484213.52418901655,4417.0,64751815.60844038,128.0,835399.8104639541,5357.0,45454424.448217794,21815.0,2097.0,318.0,104.0,1953.0,,4.0,2.0,24.0,1.0,1.0,,,8.0,3.0,,12.0,5.0,,,14.0,16.0,,5.0,,,2.0,,,,,,,,,,,0.6873759490879304,0.0006616048643710028,0.13915755647270092,0.00403263917330897,0.16877225040168867
2023-05-23,26554,29791.0,20635.0,89482850.6870884,43.0,2816891.0181621527,4363.0,85855713.03160234,193.0,2585254.481384985,4557.0,50624603.71273633,20634.0,2061.0,323.0,168.0,1928.0,,5.0,2.0,25.0,1.0,,,,14.0,1.0,,4.0,8.0,,,26.0,17.0,,11.0,2.0,,4.0,,,,,,,,,,,0.6926588567016885,0.001443388942969353,0.14645362693430902,0.00647846665100198,0.1529656607700312
2023-05-24,26671,30360.0,21114.0,92225254.7713232,36.0,528324.0908019443,4063.0,108756295.24734733,154.0,1553126.0989411387,4993.0,69061512.26945032,21111.0,2134.0,374.0,139.0,1503.0,,5.0,,14.0,2.0,2.0,,1.0,15.0,3.0,,4.0,4.0,,,19.0,19.0,1.0,14.0,1.0,,2.0,,,,,,,,,,,0.6954545454545454,0.0011857707509881424,0.1338274044795784,0.005072463768115942,0.16445981554677208
2023-05-25,25022,29320.0,19538.0,76259531.73009305,28.0,1799723.8797086251,3687.0,54339120.473453574,161.0,3583573.2084531453,5906.0,48701609.226585925,19536.0,2013.0,359.0,133.0,1248.0,2.0,5.0,3.0,28.0,1.0,4.0,,,9.0,2.0,1.0,3.0,2.0,,2.0,19.0,36.0,,7.0,1.0,,,,,,,,,,,,,0.6663710777626194,0.0009549795361527968,0.12575034106412006,0.005491132332878582,0.2014324693042292
2023-05-26,24529,28772.0,19458.0,73064801.5608541,31.0,456252.26768533204,3598.0,51159980.015011035,193.0,5757421.516869731,5492.0,50054074.72465101,19458.0,2107.0,378.0,141.0,1066.0,,4.0,3.0,52.0,2.0,1.0,,,8.0,,2.0,,2.0,1.0,3.0,20.0,23.0,,7.0,,,2.0,,,,,,,,,,,0.6762824968719588,0.001077436396496594,0.12505213401918533,0.006707910468511052,0.19088002224384817
2023-05-27,22861,26860.0,17843.0,50712681.24647361,22.0,87399.4521979803,2982.0,22094406.071010556,174.0,2616134.6229956374,5839.0,29307133.54993575,17841.0,1760.0,251.0,146.0,919.0,1.0,4.0,4.0,28.0,1.0,1.0,,1.0,8.0,2.0,1.0,12.0,5.0,,2.0,14.0,13.0,,5.0,,,2.0,,,,,,,,,,,0.6642963514519732,0.0008190618019359643,0.11102010424422934,0.006478034251675354,0.21738644825018616
2023-05-28,25567,31060.0,19936.0,97658519.97539112,45.0,1848993.8927001017,3145.0,81195376.19095972,196.0,8116057.916776813,7738.0,51717893.33805834,19932.0,1942.0,231.0,168.0,911.0,1.0,2.0,1.0,27.0,1.0,1.0,,,20.0,4.0,,2.0,13.0,,,25.0,20.0,,11.0,3.0,,6.0,1.0,,,,,,,,,,0.6418544752092724,0.0014488087572440437,0.10125563425627818,0.006310367031551835,0.24913071474565357
2023-05-29,26574,32872.0,20626.0,98998312.53095378,25.0,3399194.4663803047,3618.0,94078566.1252582,227.0,4158319.9144288707,8376.0,73098330.9769384,20623.0,1897.0,224.0,177.0,1448.0,1.0,,2.0,50.0,7.0,,,,10.0,3.0,1.0,1.0,12.0,,,11.0,16.0,,5.0,4.0,,4.0,,,,,,,,,,,0.6274641031881236,0.0007605256753467997,0.11006327573618885,0.006905573132148941,0.2548065222681918
2023-05-30,21260,24255.0,17056.0,85059614.14896451,39.0,895527.7453765079,2644.0,98882244.35629238,182.0,5473693.162111681,4334.0,51326012.16835132,17055.0,1702.0,247.0,138.0,642.0,1.0,1.0,1.0,44.0,2.0,1.0,,5.0,18.0,1.0,1.0,2.0,3.0,,,26.0,19.0,,6.0,,,6.0,,,,,,,,,,,0.7031952174809317,0.0016079158936301793,0.10900845186559473,0.007503607503607504,0.17868480725623584
2023-05-31,21174,24137.0,16679.0,82707005.68343149,82.0,29906857.70482473,2907.0,84470918.41645502,179.0,2474705.793498446,4290.0,44034628.28864353,16677.0,1824.0,279.0,154.0,734.0,1.0,2.0,4.0,25.0,1.0,,,1.0,18.0,2.0,3.0,3.0,6.0,,,51.0,31.0,,11.0,15.0,,2.0,,,3.0,,,,,,,,0.6910137962464267,0.00339727389485023,0.12043750258938558,0.007416000331441356,0.17773542693789618
2023-06-01,21811,24903.0,17203.0,58610760.347700685,19.0,336352.10594487295,2507.0,88609081.92332295,190.0,2596701.2846356216,4984.0,61499075.4567709,17200.0,1394.0,191.0,157.0,844.0,,,9.0,33.0,3.0,1.0,,1.0,19.0,3.0,,1.0,9.0,,,17.0,35.0,,2.0,,,,,,,,,,,,,,0.6908003051841144,0.0007629602859093281,0.10067060193550978,0.007629602859093282,0.20013652973537324
2023-06-02,20916,24099.0,15561.0,57439972.87810395,51.0,2700971.896620234,3381.0,61010815.50147821,229.0,5347169.17110861,4877.0,29799368.35179573,15560.0,2146.0,210.0,206.0,959.0,1.0,6.0,3.0,23.0,1.0,4.0,,,28.0,1.0,4.0,1.0,4.0,,,35.0,18.0,,6.0,1.0,,5.0,,,,,,,,,,,0.6457114403087265,0.002116270384663264,0.14029627785385285,0.009502468982115441,0.20237354247064193
2023-06-03,18229,21193.0,14033.0,46439156.85928913,34.0,1170919.851245533,2300.0,37586016.44404444,110.0,735705.7584848104,4716.0,26940321.16061596,14013.0,1337.0,184.0,92.0,735.0,,2.0,4.0,18.0,1.0,,,1.0,6.0,20.0,3.0,3.0,13.0,,1.0,24.0,13.0,,4.0,1.0,,2.0,,,,,,,,,,,0.6621525975557967,0.0016043033076959374,0.10852640022648988,0.005190393054310386,0.22252630585570707
2023-06-04,18148,20884.0,14020.0,35040595.705380335,50.0,1423439.0418403826,2168.0,28283179.34005914,124.0,2398011.475976904,4522.0,18870414.960494198,14017.0,1248.0,167.0,109.0,687.0,,,,15.0,1.0,1.0,,,9.0,3.0,,9.0,11.0,,1.0,41.0,34.0,,5.0,,1.0,3.0,,,,,,,,,,,0.6713273319287493,0.0023941773606588777,0.10381153035816894,0.005937559854434017,0.21652940049798888
2023-06-05,21794,25240.0,17254.0,88938546.34882793,48.0,516517.47058760753,2829.0,233620200.28358626,216.0,7755335.308200163,4893.0,52219669.26222766,17252.0,1585.0,235.0,206.0,920.0,,6.0,7.0,9.0,1.0,9.0,,,26.0,2.0,,,9.0,2.0,6.0,34.0,23.0,1.0,8.0,1.0,,5.0,,,,,,,,,,,0.6835974643423138,0.001901743264659271,0.11208399366085578,0.00855784469096672,0.19385895404120443
2023-06-06,21535,24894.0,16936.0,100487228.32789819,52.0,4199592.892083857,2840.0,142977425.14548525,238.0,10331039.105547752,4828.0,70623064.5869804,16935.0,1658.0,218.0,224.0,865.0,,6.0,,13.0,2.0,10.0,,1.0,26.0,1.0,6.0,2.0,9.0,,1.0,36.0,41.0,,8.0,,,2.0,1.0,,1.0,,,,,,,,0.6803245762031012,0.0020888567526311562,0.11408371495139391,0.009560536675504137,0.19394231541736964
2023-06-07,19895,23228.0,15532.0,63362564.68804963,54.0,4114420.885571109,2913.0,125477497.34152451,237.0,5106817.027858916,4492.0,73357265.41063315,15527.0,1649.0,219.0,224.0,925.0,,5.0,24.0,11.0,3.0,6.0,,,17.0,5.0,2.0,2.0,21.0,1.0,,43.0,41.0,,6.0,1.0,,2.0,2.0,,,,,,,,,,0.6686757361804718,0.0023247804374031344,0.12540898915102464,0.010203203030824866,0.19338729120027554
2023-06-08,20353,23759.0,16136.0,60139250.60990062,68.0,2445428.615061607,2482.0,94669989.5600101,206.0,2087961.360343024,4867.0,141436882.9158832,16132.0,1548.0,214.0,192.0,651.0,,5.0,5.0,14.0,,1.0,,,32.0,4.0,2.0,1.0,4.0,,,55.0,21.0,,7.0,,,4.0,,,,,,,,,,,0.6791531630119113,0.0028620733195841574,0.10446567616482175,0.008670398585799065,0.20484868891788374
2023-06-09,18417,21603.0,14403.0,74214061.70432006,52.0,793429.4766909049,2653.0,125906451.9955558,208.0,1879880.4618448392,4287.0,274936883.097558,14399.0,1633.0,192.0,202.0,758.0,,1.0,10.0,6.0,2.0,2.0,,,18.0,4.0,4.0,1.0,3.0,,3.0,37.0,30.0,,7.0,,1.0,3.0,,,,,,,,,,,0.6667129565338148,0.002407073091700227,0.12280701754385964,0.009628292366800907,0.19844466046382447
2023-06-10,20706,24654.0,15693.0,116231918.47036949,174.0,13882118.168725431,4135.0,229539023.44636428,322.0,11358560.553956201,4330.0,64779100.821051754,15689.0,2301.0,373.0,298.0,1267.0,1.0,11.0,10.0,24.0,8.0,5.0,,,66.0,4.0,1.0,3.0,15.0,1.0,7.0,125.0,65.0,,26.0,10.0,,12.0,,,2.0,,,,,,,,0.6365295692382574,0.007057678267218302,0.16772126226981424,0.01306076093128904,0.17563072929342094
2023-06-11,13376,15220.0,10045.0,32234243.147603225,80.0,1789403.240400533,2088.0,60539858.2079959,163.0,3041856.3560566916,2844.0,38901018.65856969,10042.0,1212.0,140.0,152.0,637.0,,7.0,5.0,11.0,6.0,3.0,,,28.0,3.0,7.0,3.0,8.0,,1.0,59.0,38.0,,13.0,,,1.0,,,,,,,,,,,0.6599868593955321,0.005256241787122208,0.13718791064388963,0.010709592641261497,0.1868593955321945
2023-06-12,18105,21139.0,13832.0,75105226.98687413,110.0,4462611.069151452,2829.0,155399274.83164138,242.0,5998033.111351229,4126.0,179564666.56517428,13827.0,1721.0,212.0,230.0,766.0,,4.0,17.0,12.0,3.0,3.0,,,38.0,5.0,5.0,6.0,10.0,,,73.0,45.0,,25.0,,,6.0,,1.0,4.0,,,,,,,,0.6543355882492077,0.005203652017597805,0.133828468707129,0.011448034438715171,0.1951842565873504
2023-06-13,17551,20359.0,13378.0,57503338.609541476,80.0,11005078.882615533,2533.0,114431867.9279089,190.0,2889999.7695492464,4178.0,144319532.60537112,13375.0,1612.0,199.0,180.0,626.0,2.0,3.0,6.0,9.0,5.0,2.0,,4.0,17.0,3.0,2.0,6.0,1.0,,,66.0,46.0,,9.0,1.0,,2.0,1.0,,4.0,,,,,,,,0.6571049658627633,0.003929466083795864,0.12441671987818655,0.009332481949015177,0.205216366226239
2023-06-14,17329,20071.0,13184.0,70829818.54777308,102.0,7748139.384246151,2750.0,138906050.04919967,192.0,5032789.567312826,3843.0,181393119.2624718,13182.0,1596.0,233.0,174.0,821.0,4.0,2.0,7.0,18.0,3.0,3.0,,,25.0,2.0,3.0,4.0,7.0,,2.0,69.0,39.0,,17.0,9.0,,4.0,,,4.0,,,,,,,,0.6568681181804593,0.005081959045388869,0.1370136017139156,0.009566040556026107,0.19147028050421006
2023-06-15,19448,23576.0,14656.0,110141455.99782154,121.0,6067645.403807265,3545.0,377956341.06428796,238.0,11773382.189261021,5016.0,473613674.248261,14653.0,1918.0,350.0,217.0,1094.0,1.0,5.0,1.0,19.0,4.0,10.0,,2.0,57.0,3.0,12.0,11.0,25.0,,5.0,90.0,49.0,1.0,8.0,3.0,,8.0,1.0,,13.0,,,,,,,,0.6216491347132678,0.005132337970817781,0.15036477774007465,0.010095011876484561,0.21275873769935527
2023-06-16,20211,24295.0,15540.0,69587376.27276778,78.0,4527546.876678961,3301.0,165867269.5137856,173.0,3287074.488696047,5203.0,117277266.62030461,15538.0,1725.0,260.0,162.0,1157.0,,4.0,8.0,11.0,4.0,3.0,,,63.0,2.0,3.0,26.0,14.0,,,65.0,33.0,,7.0,1.0,,2.0,,,4.0,,,,,,,,0.6396377855525829,0.0032105371475612265,0.13587157851409756,0.007120806750360156,0.21415929203539824
2023-06-17,19346,22928.0,15186.0,56656834.855258174,75.0,3923056.6636089985,2461.0,106522562.87227422,185.0,2620765.7396755298,5021.0,197349473.11993918,15186.0,1423.0,186.0,175.0,726.0,1.0,3.0,8.0,10.0,3.0,1.0,,,47.0,,2.0,24.0,7.0,,1.0,59.0,27.0,,9.0,,,5.0,,,4.0,,,,,,,,0.662334263782275,0.003271109560362875,0.10733600837404048,0.008068736915561758,0.21898988136775993
2023-06-18,16563,19657.0,12800.0,27380693.29840617,39.0,1410593.5065195197,2052.0,57835050.93710589,204.0,866369.1808633284,4562.0,163646902.56640717,12799.0,1158.0,127.0,191.0,696.0,,3.0,2.0,13.0,,2.0,,,16.0,1.0,,16.0,5.0,,,32.0,27.0,,7.0,,,,,,,,,,,,,,0.6511675230197894,0.0019840260467009208,0.10439029353410999,0.010377982398127893,0.23208017500127182
2023-06-19,17974,20751.0,13907.0,51704657.20442553,85.0,3677706.117643724,2731.0,85497736.2977062,251.0,6345781.005181861,3777.0,136411660.05946463,13906.0,1258.0,144.0,241.0,1257.0,,,2.0,9.0,,,1.0,,22.0,1.0,7.0,17.0,1.0,,,62.0,30.0,,12.0,3.0,,1.0,,,,,,,,,,,0.6701845694183413,0.004096188135511542,0.13160811527155317,0.012095802611922318,0.18201532456267167
2023-06-20,18401,21851.0,14190.0,97652950.56641407,110.0,4441721.629616957,2901.0,251096752.2893239,391.0,19185708.643111687,4259.0,377716855.5108012,14188.0,1462.0,249.0,382.0,1066.0,,4.0,7.0,9.0,2.0,5.0,,,57.0,2.0,5.0,2.0,8.0,,,84.0,37.0,,14.0,,1.0,5.0,,1.0,2.0,,,,,,,,0.6493981968788614,0.005034094549448538,0.13276280261772916,0.017893917898494347,0.19491098805546656
2023-06-21,21965,25903.0,17098.0,168272877.84392104,102.0,8445494.250843393,3658.0,349079521.15417343,395.0,22144090.80515196,4650.0,621597156.7264789,17096.0,2128.0,257.0,375.0,1134.0,2.0,9.0,9.0,19.0,,12.0,,1.0,45.0,2.0,1.0,2.0,17.0,,1.0,61.0,39.0,,33.0,2.0,1.0,4.0,1.0,,2.0,,,,,,,,0.660077983245184,0.003937767826120526,0.14121916380342045,0.015249198934486353,0.1795158861907887
2023-06-22,20412,23645.0,16060.0,119783722.57146114,93.0,4350930.249047533,3017.0,310429583.3573912,476.0,9531682.00866071,3999.0,623845462.0356919,16059.0,1775.0,221.0,463.0,904.0,1.0,3.0,5.0,13.0,1.0,1.0,,,33.0,1.0,,10.0,15.0,,,62.0,46.0,,22.0,1.0,,8.0,,,2.0,,,,,,,,0.6792133643476422,0.003933178261788962,0.12759568619158385,0.02013110594205963,0.16912666525692535
2023-06-23,19744,23259.0,15722.0,82645233.78934318,97.0,4090184.7527703345,2695.0,215733487.05676508,386.0,9210810.69888954,4359.0,433770970.2634098,15722.0,1571.0,218.0,375.0,791.0,2.0,5.0,5.0,8.0,,3.0,,,22.0,,3.0,3.0,8.0,,1.0,78.0,64.0,,9.0,4.0,,3.0,3.0,,2.0,,,,,,,,0.6759533943849693,0.004170428651274776,0.11586912592974763,0.016595726385485187,0.18741132464852314
2023-06-24,16837,19165.0,13443.0,44646034.36372097,68.0,1259980.1921743245,2133.0,123069813.52601174,204.0,5356731.256379485,3317.0,261088741.47931832,13442.0,1205.0,218.0,203.0,649.0,,2.0,1.0,1.0,,1.0,,,14.0,1.0,,5.0,7.0,,,36.0,29.0,,31.0,1.0,,,,,2.0,,,,,,,,0.7014349073832508,0.003548134620401774,0.11129663448995565,0.010644403861205323,0.17307591964518654
2023-06-25,17416,20804.0,13588.0,51582424.52495438,88.0,2363449.8295760234,2222.0,164234808.6275344,226.0,3328122.012043139,4680.0,354858555.13657796,13582.0,1264.0,163.0,217.0,651.0,,14.0,3.0,7.0,3.0,3.0,,,33.0,6.0,2.0,26.0,9.0,,7.0,71.0,45.0,1.0,12.0,,,3.0,1.0,,1.0,,,,,,,,0.6531436262257259,0.004229955777735051,0.10680638338781004,0.01086329552009229,0.2249567390886368
2023-06-26,18514,21657.0,14838.0,66100654.36102803,91.0,6618318.835725066,2620.0,181025201.1465462,235.0,7673645.552547227,3873.0,420598144.8008928,14838.0,1482.0,220.0,231.0,786.0,,3.0,9.0,3.0,2.0,,,,30.0,,,18.0,5.0,,2.0,73.0,57.0,,11.0,2.0,1.0,3.0,1.0,1.0,6.0,,,,,,,,0.6851364454910652,0.004201874682550676,0.12097705129981068,0.010850995059334165,0.17883363346723924
2023-06-27,18872,21354.0,14699.0,72972147.63108042,61.0,4417687.592783313,3232.0,162399169.76945195,183.0,5689870.950673684,3179.0,249246782.1590884,14699.0,1470.0,164.0,181.0,1494.0,2.0,2.0,4.0,2.0,,,,5.0,36.0,,1.0,18.0,3.0,,,42.0,30.0,,18.0,,,,,,4.0,,,,,,,,0.6883487871124848,0.0028566076613280884,0.15135337641659644,0.008569822983984265,0.14887140582560646
2023-06-28,20578,23594.0,16288.0,55634528.71275265,57.0,3389247.214628948,3131.0,101664836.54036698,200.0,5165386.405017764,3918.0,159836056.315242,16287.0,1891.0,177.0,193.0,972.0,,2.0,5.0,7.0,,1.0,,2.0,11.0,1.0,1.0,12.0,17.0,,2.0,41.0,28.0,,13.0,1.0,,1.0,,,11.0,,,,,,,,0.690345002966856,0.0024158684411291005,0.1327032296346529,0.00847673137238281,0.16605916758497924
2023-06-29,28116,31106.0,24525.0,66325217.175301775,56.0,5350449.487173669,2141.0,183844934.51671538,226.0,9377356.324501593,4158.0,423357442.8170212,24525.0,1167.0,153.0,220.0,764.0,,2.0,3.0,6.0,,1.0,,,25.0,,1.0,4.0,2.0,,,47.0,17.0,,7.0,,1.0,,,,3.0,,,,,,,,0.788433099723526,0.0018002957628753295,0.06882916479135857,0.007265479328746866,0.13367196039349322
2023-06-30,26696,29929.0,22511.0,118953193.92039424,85.0,12212709.34742047,3165.0,201483214.24217907,333.0,20072654.106708437,3835.0,322273441.98025864,22508.0,1720.0,230.0,326.0,1049.0,,10.0,5.0,7.0,,1.0,,4.0,38.0,3.0,2.0,21.0,8.0,,1.0,66.0,72.0,,8.0,3.0,,6.0,,,6.0,,,,,,,,0.752146747301948,0.002840054796351365,0.1057502756523773,0.011126332319823582,0.1281365899294998
2023-07-01,23977,27276.0,19802.0,59187970.00214388,41.0,1509331.7664720693,2694.0,130925476.94609137,295.0,2538434.4894170924,4444.0,180383548.55445787,19799.0,1310.0,171.0,292.0,1160.0,,2.0,,3.0,,1.0,,,19.0,3.0,,5.0,6.0,,1.0,30.0,17.0,,10.0,1.0,,,,,2.0,,,,,,,,0.7259862149875348,0.0015031529549787359,0.09876814782226133,0.010815368822407977,0.16292711541281713
2023-07-02,23094,26092.0,19398.0,41008948.67398294,71.0,3327560.5535500315,2430.0,95207261.64437239,137.0,2175822.0768042365,4056.0,232932404.89361835,19393.0,1234.0,191.0,136.0,921.0,1.0,3.0,3.0,1.0,,1.0,,1.0,18.0,5.0,,3.0,11.0,,,37.0,42.0,,30.0,2.0,,2.0,,,1.0,,,,,,,,0.743446267055036,0.002721140579487966,0.09313199448106699,0.005250651540702131,0.15544994634370687
2023-07-03,26003,29562.0,21392.0,138898438.07701626,58.0,2540841.083477677,2948.0,131096970.97373989,181.0,7595461.031290305,4983.0,328098780.3482891,21391.0,1624.0,337.0,175.0,902.0,,6.0,3.0,5.0,,4.0,,,27.0,1.0,4.0,10.0,6.0,,,43.0,27.0,,9.0,1.0,,1.0,1.0,,2.0,,,,,,,,0.7236316893308977,0.0019619782152763684,0.09972261687301265,0.006122725120086598,0.16856099046072662
2023-07-04,21017,23844.0,17288.0,46114393.41586274,37.0,3469808.857211269,2593.0,119538816.6106518,247.0,1173699.033267666,3679.0,256823693.22905225,17287.0,1403.0,261.0,240.0,872.0,,1.0,2.0,7.0,,3.0,,,18.0,1.0,1.0,6.0,5.0,,,25.0,19.0,,6.0,1.0,,4.0,,,3.0,,,,,,,,0.7250461331991277,0.0015517530615668511,0.1087485321254823,0.010359000167757088,0.1542945814460661
2023-07-05,18576,19944.0,16263.0,56620114.77676828,26.0,4458319.82417562,1700.0,104616451.79832473,113.0,2588028.616275869,1842.0,91546897.97949967,16262.0,941.0,140.0,109.0,573.0,,,1.0,4.0,,,,,22.0,1.0,,4.0,3.0,,,10.0,13.0,,12.0,2.0,,2.0,,,3.0,,,,,,,,0.8154332129963899,0.0013036502206177295,0.08523866827115925,0.005665864420377056,0.09235860409145608
2023-07-06,30205,33294.0,26486.0,75395990.94339894,58.0,2241118.868184981,3152.0,122709433.41297162,240.0,6294092.470133865,3358.0,172050043.99732178,26484.0,1714.0,233.0,228.0,1088.0,,8.0,4.0,11.0,,2.0,,,27.0,2.0,3.0,8.0,9.0,,,42.0,37.0,,8.0,,1.0,4.0,1.0,,22.0,,,,,,,,0.7955187120802547,0.0017420556256382532,0.09467171262089265,0.007208506037123806,0.10085901363609058
2023-07-07,35868,39197.0,32095.0,78756815.31189278,45.0,5775363.320744443,2718.0,122841061.26147863,139.0,2037073.4895091234,4200.0,223078775.1517699,32092.0,1495.0,201.0,133.0,959.0,1.0,,3.0,6.0,,,,,19.0,3.0,3.0,9.0,2.0,,,31.0,27.0,,5.0,4.0,,2.0,,,2.0,,,,,,,,0.8188126642345077,0.0011480470444166645,0.06934204148276654,0.0035461897594203638,0.10715105747888869
2023-07-08,33759,37743.0,29772.0,62606267.076970525,32.0,3260675.8278282117,2997.0,61447017.29398775,184.0,1376183.175373718,4758.0,35923730.65623866,29770.0,1745.0,204.0,178.0,987.0,2.0,2.0,2.0,4.0,,,,,12.0,2.0,1.0,5.0,3.0,,,19.0,19.0,,9.0,3.0,,,2.0,,16.0,,,,,,,,0.7888085207853112,0.0008478393344461225,0.07940545266671965,0.004875076173065204,0.12606311104045784
2023-07-09,30461,34304.0,26219.0,56122559.17973399,72.0,1950032.7916834664,2647.0,89492750.1632374,267.0,967838.6115683877,5099.0,206757806.38856474,26219.0,1508.0,207.0,262.0,897.0,,4.0,1.0,3.0,,,2.0,,10.0,,6.0,2.0,,,1.0,55.0,16.0,,8.0,1.0,,2.0,,,1.0,,,,,,,,0.7643131996268657,0.0020988805970149254,0.0771630130597015,0.007783348880597015,0.1486415578358209
2023-07-10,30214,33747.0,25859.0,59731828.060147084,58.0,3075202.1179940207,3005.0,170068271.77881014,166.0,3132832.445886499,4659.0,297684182.68077344,25856.0,1766.0,200.0,162.0,957.0,,1.0,7.0,3.0,3.0,1.0,,,24.0,3.0,4.0,1.0,10.0,,,41.0,26.0,,10.0,2.0,,1.0,1.0,,9.0,,,,,,,,0.7662607046552287,0.0017186712892997896,0.08904495214389427,0.004918955759030432,0.1380567161525469
2023-07-11,29521,32740.0,25977.0,57235248.23382143,42.0,6546618.0398595175,2106.0,80402207.09954281,143.0,6580800.032798336,4472.0,137688169.99928987,25976.0,1229.0,136.0,140.0,668.0,,,3.0,3.0,,2.0,,2.0,21.0,1.0,5.0,9.0,5.0,,,25.0,23.0,,10.0,1.0,,1.0,,,8.0,,,,,,,,0.7934331093463654,0.0012828344532681735,0.06432498472816127,0.004367745876603543,0.13659132559560172
2023-07-12,26455,29711.0,22354.0,58549496.559428714,152.0,10570543.481635846,2989.0,79959672.81646699,132.0,3407204.549681682,4084.0,106648661.94622393,22342.0,1580.0,179.0,127.0,1135.0,3.0,2.0,3.0,3.0,1.0,2.0,,,13.0,12.0,6.0,14.0,11.0,,1.0,54.0,33.0,,36.0,46.0,2.0,8.0,2.0,,12.0,,,,,,,,0.7523812729292181,0.005115950321429774,0.10060247046548416,0.004442798963346909,0.13745750732052103
2023-07-13,28148,31523.0,23877.0,201929063.2556816,93.0,8428364.953000331,3310.0,184519307.78402817,179.0,10216847.187630245,4064.0,302881502.09702855,23873.0,1919.0,225.0,173.0,1055.0,2.0,4.0,1.0,4.0,,2.0,,1.0,33.0,4.0,2.0,7.0,14.0,,2.0,58.0,42.0,,13.0,16.0,,4.0,2.0,,3.0,,,,,,,,0.7574469435015703,0.0029502268185134664,0.10500269644386638,0.005678393553913016,0.12892173968213685
2023-07-14,28330,32219.0,23702.0,97014922.49513698,89.0,3049443.896614239,4017.0,162424782.7117377,236.0,11273919.638190122,4175.0,190838065.63421452,23700.0,2194.0,299.0,232.0,1309.0,4.0,20.0,4.0,4.0,,3.0,,1.0,45.0,2.0,3.0,43.0,22.0,,,65.0,45.0,,10.0,6.0,,5.0,,,28.0,,,,,,,,0.7356528756323908,0.0027623452000372453,0.1246779850398833,0.00732487041807629,0.12958192370961233
2023-07-15,26955,30561.0,22883.0,60285305.82198358,48.0,2870883.1235092175,2940.0,79330204.2453307,124.0,6812039.131220276,4566.0,161026258.08704668,22882.0,1601.0,237.0,118.0,1014.0,2.0,6.0,3.0,5.0,,1.0,,,20.0,1.0,1.0,18.0,10.0,,3.0,35.0,19.0,,11.0,,,1.0,1.0,,6.0,,,,,,,,0.7487647655508655,0.0015706292333366055,0.09620104054186708,0.00405745885278623,0.1494061058211446
2023-07-16,31379,35340.0,27567.0,45316787.23237076,40.0,2786771.3777433177,2701.0,54272253.55507231,152.0,1630361.3977993154,4880.0,120639636.40894595,27565.0,1531.0,214.0,137.0,871.0,3.0,2.0,4.0,12.0,,3.0,,,20.0,2.0,,14.0,3.0,,1.0,27.0,22.0,,11.0,1.0,,1.0,3.0,,13.0,,,,,,,,0.7800509337860781,0.0011318619128466328,0.07642897566496887,0.004301075268817204,0.1380871533672892
2023-07-17,34852,40100.0,29827.0,92748473.21350268,64.0,4497171.578236223,3378.0,144521508.30845904,166.0,3562343.9411973706,6665.0,226106202.2857513,29826.0,1977.0,205.0,161.0,1093.0,2.0,5.0,1.0,4.0,,1.0,,,26.0,1.0,2.0,7.0,4.0,,,48.0,36.0,,9.0,1.0,3.0,1.0,1.0,,21.0,,,,,,,,0.7438154613466335,0.0015960099750623442,0.08423940149625936,0.004139650872817955,0.16620947630922694
2023-07-18,30288,33232.0,26825.0,66580147.579802744,39.0,2939935.9645534097,2971.0,89656332.50223646,121.0,1022034.0861605752,3276.0,180599688.58614683,26825.0,1791.0,161.0,117.0,949.0,1.0,2.0,4.0,3.0,1.0,6.0,,,6.0,,2.0,3.0,5.0,,,26.0,30.0,,11.0,,,,1.0,,12.0,,,,,,,,0.807203899855561,0.001173567645642754,0.08940178141550313,0.003641068849301878,0.09857968223399133
2023-07-19,32195,35179.0,28451.0,62939985.67337195,50.0,4849659.493220937,3118.0,53932920.67183185,114.0,1938160.705960392,3446.0,62133875.407941945,28450.0,1853.0,258.0,112.0,932.0,,3.0,3.0,2.0,,3.0,,,20.0,1.0,1.0,6.0,1.0,,6.0,33.0,21.0,,14.0,,2.0,,,,12.0,,,,,,,,0.8087495380766935,0.0014213024815941328,0.08863242275221013,0.003240569658034623,0.09795616703146763
2023-07-20,35385,38685.0,31236.0,82001426.47557516,98.0,10156787.096730988,3228.0,87641638.98737018,117.0,790204.7499371098,4006.0,70277508.85539907,31235.0,1844.0,246.0,110.0,1084.0,,3.0,1.0,5.0,,2.0,,,16.0,1.0,3.0,4.0,2.0,,1.0,59.0,18.0,,29.0,1.0,4.0,2.0,2.0,,7.0,,,,,,,,0.8074447460255914,0.0025332816337081555,0.08344319503683598,0.0030244280728964714,0.10355434923096808
2023-07-21,36306,39438.0,32555.0,65740996.286193624,28.0,5135037.212397977,2745.0,43712080.00273022,93.0,2210311.8780807387,4017.0,76008117.62175101,32553.0,1559.0,246.0,89.0,894.0,1.0,8.0,1.0,4.0,,3.0,,,13.0,2.0,1.0,6.0,1.0,,2.0,18.0,10.0,,9.0,,,,,,1.0,,,,,,,,0.82547289416299,0.0007099751508697196,0.06960292104062073,0.002358131751102997,0.10185607789441656
2023-07-22,36095,39810.0,32079.0,76322290.08494113,49.0,3182904.202042313,3409.0,90030838.47338997,99.0,3713825.893466294,4174.0,72020209.3945521,32074.0,1930.0,208.0,98.0,1186.0,,2.0,1.0,1.0,1.0,1.0,,2.0,19.0,5.0,1.0,5.0,1.0,1.0,6.0,20.0,13.0,,22.0,,,6.0,,,33.0,,,,,,,,0.805802562170309,0.0012308465209746294,0.08563175081637779,0.0024868123587038432,0.10484802813363477
2023-07-23,33170,36446.0,29306.0,55961254.73980085,33.0,5472872.555520016,2712.0,30129864.06109854,81.0,3649350.881153869,4314.0,53615253.61384585,29303.0,1523.0,196.0,76.0,942.0,1.0,3.0,1.0,4.0,,,,1.0,7.0,3.0,,8.0,3.0,,4.0,26.0,17.0,,7.0,,,,1.0,,6.0,,,,,,,,0.8040937277067443,0.0009054491576579049,0.07441145804752236,0.002222466114251221,0.11836689897382428
2023-07-24,34690,37803.0,31040.0,69720264.11168522,43.0,5022329.9636572385,2774.0,78791595.54461056,91.0,1699384.7898262546,3855.0,60478172.254033096,31038.0,1490.0,413.0,89.0,803.0,1.0,2.0,7.0,1.0,,,,,15.0,2.0,,1.0,2.0,,1.0,32.0,26.0,,11.0,,,,1.0,,13.0,,,,,,,,0.8210988545882602,0.0011374758617040976,0.07338041954342248,0.002407216358490067,0.10197603364812316
2023-07-25,33078,35316.0,29924.0,53205190.45146689,34.0,1559625.3231638328,2231.0,44581642.8045637,88.0,4357761.588548257,3039.0,24803179.748353552,29924.0,1258.0,253.0,84.0,657.0,1.0,,2.0,2.0,1.0,,,1.0,17.0,,,15.0,2.0,,3.0,24.0,21.0,,5.0,,,4.0,2.0,1.0,,,,,,,,,0.8473213274436516,0.000962736436742553,0.06317249971684223,0.002491788424510137,0.08605164797825349
2023-07-26,32141,34970.0,28653.0,81134408.96777742,48.0,1473251.9396928253,2465.0,84659865.28636853,108.0,12805638.47636475,3696.0,44451802.836380824,28653.0,1360.0,245.0,101.0,796.0,1.0,7.0,1.0,5.0,,,,2.0,14.0,,,7.0,8.0,,,36.0,19.0,,6.0,,3.0,3.0,2.0,,5.0,,,,,,,,0.8193594509579639,0.001372605090077209,0.07048899056334,0.0030883614526737205,0.1056905919359451
2023-07-27,36724,39318.0,33296.0,73672112.85093258,46.0,6478509.546718959,2235.0,78312268.5157792,94.0,9188681.682021681,3647.0,77403577.40857375,33293.0,1254.0,214.0,88.0,700.0,1.0,5.0,1.0,4.0,,4.0,,,22.0,3.0,,5.0,4.0,,,31.0,14.0,,13.0,1.0,1.0,,2.0,,11.0,,,,,,,,0.8468385980975635,0.001169947606694135,0.05684419349916069,0.002390762500635841,0.09275649829594587
2023-07-28,31968,34482.0,28768.0,57182890.207635716,55.0,10655186.970348021,1962.0,40113229.911823265,105.0,1555996.2610098256,3592.0,74921509.07782564,28767.0,1099.0,197.0,101.0,631.0,1.0,,,2.0,,1.0,,,10.0,1.0,1.0,6.0,2.0,,,46.0,13.0,,7.0,1.0,,,2.0,,2.0,,,,,,,,0.8342903543877965,0.001595035090771997,0.05689925178353924,0.0030450669914738123,0.10417029174641843
2023-07-29,28140,30556.0,25112.0,37643803.94513049,69.0,4582813.144854195,2087.0,35568358.53365645,186.0,3992788.610084095,3102.0,51525148.01317925,25109.0,1192.0,184.0,182.0,665.0,,,1.0,2.0,2.0,,,,16.0,3.0,,4.0,3.0,,,55.0,15.0,,10.0,,1.0,3.0,2.0,,5.0,,,,,,,,0.8218353187589998,0.0022581489723785837,0.06830082471527688,0.006087184186411834,0.10151852336693284
2023-07-30,25678,28715.0,22015.0,69968857.86938077,216.0,15306162.687145496,2592.0,55143385.83348199,115.0,2499522.535722812,3777.0,104975384.15373051,22010.0,1488.0,201.0,114.0,756.0,5.0,6.0,1.0,1.0,,2.0,,,51.0,5.0,1.0,16.0,6.0,13.0,2.0,69.0,30.0,,18.0,3.0,1.0,123.0,,1.0,15.0,,,,,,,,0.7666724708340589,0.007522200940275118,0.09026641128330141,0.004004875500609437,0.13153404144175518
2023-07-31,28943,32222.0,25014.0,93485113.01519318,205.0,32436431.749089897,3111.0,128986731.70030656,137.0,6625081.253955115,3755.0,137593763.14405593,25012.0,1935.0,272.0,136.0,738.0,2.0,9.0,9.0,,3.0,2.0,,,64.0,2.0,3.0,6.0,8.0,2.0,4.0,141.0,51.0,,19.0,5.0,,34.0,1.0,3.0,6.0,,,,,,,,0.7763019055303829,0.006362112842157532,0.09654894171683942,0.004251753460368692,0.11653528645025138
2023-08-01,31542,35666.0,27298.0,96803287.13075121,147.0,13437540.179179754,3363.0,150475233.55271885,236.0,5306180.624646265,4622.0,124682635.89177,27289.0,1919.0,325.0,150.0,882.0,1.0,5.0,9.0,81.0,1.0,3.0,,2.0,122.0,9.0,6.0,11.0,10.0,,5.0,109.0,34.0,,21.0,,,11.0,5.0,,34.0,,,,,,,,0.7653787921269557,0.004121572365838614,0.09429148208377727,0.006616946111142264,0.1295912073122862
2023-08-02,30197,33789.0,26120.0,68815791.54336472,79.0,8524610.1450393,2720.0,96173310.25038607,151.0,3371014.350356252,4719.0,127101486.22117676,26120.0,1614.0,180.0,135.0,793.0,1.0,10.0,2.0,13.0,,7.0,,,45.0,,1.0,7.0,1.0,,1.0,64.0,25.0,,8.0,,2.0,4.0,3.0,,34.0,,,,,,,,0.7730326437598035,0.0023380390067773535,0.08049957086625825,0.004468910000295955,0.13966083636686497
2023-08-03,29547,32254.0,26031.0,52814280.009668835,77.0,5444333.764700578,2653.0,84521264.98746452,110.0,845728.5829548206,3383.0,76208209.38986865,26029.0,1468.0,212.0,99.0,871.0,,7.0,1.0,11.0,,3.0,,,29.0,2.0,1.0,3.0,5.0,1.0,,52.0,33.0,,15.0,,,8.0,,1.0,20.0,,,,,,,,0.8070626898989273,0.0023873007999007873,0.0822533639238544,0.003410429714143982,0.10488621566317356
2023-08-04,27318,29978.0,23726.0,55513276.75965241,101.0,7119666.110723923,2650.0,83845560.53883073,159.0,1980618.168909737,3342.0,60806483.72905878,23723.0,1557.0,202.0,148.0,768.0,1.0,5.0,1.0,8.0,1.0,2.0,,,41.0,3.0,1.0,6.0,10.0,,2.0,63.0,28.0,,6.0,2.0,,29.0,3.0,,26.0,,,,,,,,0.7914470611781973,0.003369137367402762,0.08839815864967643,0.005303889518980586,0.11148175328574288
2023-08-05,26768,29790.0,22991.0,40861467.18364096,74.0,3576685.8692056024,2289.0,24646910.0257975,127.0,1001327.6387177934,4309.0,32042676.954241164,22987.0,1300.0,213.0,123.0,715.0,,,1.0,4.0,,2.0,,,30.0,4.0,1.0,1.0,,4.0,3.0,49.0,13.0,,6.0,2.0,,16.0,,,7.0,,,,,,,,0.7717690500167842,0.002484055052030883,0.07683786505538771,0.004263175562269218,0.14464585431352803
2023-08-06,25522,28434.0,21361.0,52779849.602220215,57.0,18814467.931847107,2840.0,47349585.41514049,135.0,594524.7862885734,4041.0,60170308.38061539,21356.0,1605.0,164.0,133.0,1012.0,,1.0,2.0,2.0,,,,,14.0,5.0,1.0,6.0,5.0,,3.0,34.0,19.0,,14.0,2.0,1.0,5.0,,,9.0,,,,,,,,0.7512485053105438,0.002004642329605402,0.09988042484349723,0.0047478370964338466,0.1421185904199198
2023-08-07,30881,33625.0,27116.0,67016200.16051698,109.0,20116304.864072938,2508.0,98039191.13646367,153.0,2885999.9767683796,3739.0,75784156.88080296,27112.0,1482.0,174.0,136.0,748.0,,4.0,1.0,16.0,,4.0,1.0,,34.0,4.0,1.0,5.0,3.0,,1.0,68.0,29.0,,36.0,2.0,1.0,1.0,,,23.0,,,,,,,,0.8064237918215613,0.003241635687732342,0.07458736059479554,0.004550185873605948,0.11119702602230483
2023-08-08,33942,37084.0,29745.0,108636682.06629226,136.0,28209571.217393946,3687.0,103750232.71686466,221.0,11379894.502807787,3295.0,65771552.40244693,29740.0,2244.0,201.0,210.0,1129.0,,5.0,,10.0,,5.0,,,41.0,5.0,,15.0,2.0,,2.0,65.0,36.0,,64.0,3.0,1.0,3.0,1.0,,7.0,,,,,,,,0.802097939812318,0.0036673498004530258,0.09942293172257577,0.005959443425736167,0.08885233523891706
2023-08-09,31170,34015.0,27534.0,73721286.46048929,101.0,5308511.466178756,3098.0,67335901.60531022,170.0,4952108.707841309,3112.0,80178080.32407114,27534.0,1888.0,194.0,157.0,960.0,,6.0,,10.0,,1.0,,1.0,18.0,,4.0,,3.0,,,50.0,20.0,,37.0,5.0,1.0,4.0,3.0,,7.0,,,,,,,,0.809466411877113,0.0029692782595913568,0.09107746582390122,0.004997795090401293,0.0914890489489931
2023-08-10,33664,36558.0,29739.0,48666119.973215595,63.0,3312505.918698046,2504.0,67262008.83413483,146.0,1223611.305947474,4106.0,106418290.89537427,29737.0,1565.0,149.0,137.0,725.0,1.0,1.0,1.0,6.0,,1.0,,,18.0,2.0,2.0,5.0,6.0,,1.0,41.0,22.0,,14.0,1.0,,5.0,3.0,,9.0,,,,,,,,0.8134744789102248,0.0017232890201870998,0.06849390010394442,0.003993653919798676,0.11231467804584495
2023-08-11,31223,34357.0,26921.0,50576716.54870974,48.0,2619451.2179085207,2829.0,69528439.4404122,108.0,1388428.1720197299,4451.0,68546208.42849061,26917.0,1716.0,150.0,101.0,895.0,,6.0,2.0,1.0,1.0,3.0,,,19.0,4.0,1.0,3.0,7.0,,2.0,36.0,19.0,,6.0,3.0,,2.0,6.0,,6.0,,,,,,,,0.7835666676368717,0.0013970952062170737,0.08234129871641878,0.003143464213988416,0.12955147422650407
2023-08-12,31889,35048.0,27416.0,42671674.616636276,50.0,1511959.9476619393,2231.0,26199515.69001482,126.0,1442994.7588539508,5225.0,35247712.84963188,27415.0,1446.0,143.0,117.0,604.0,,3.0,2.0,4.0,,1.0,,,14.0,1.0,1.0,4.0,7.0,,2.0,28.0,5.0,,15.0,2.0,3.0,,5.0,1.0,,,,,,,,,0.7822414973750286,0.0014266149280986076,0.06365555809175988,0.003595069618808491,0.1490812599863045
2023-08-13,28891,32244.0,24556.0,40494091.73411536,70.0,2390126.3035631273,2414.0,40130542.4748332,172.0,1343652.8510032925,5032.0,57274784.764770746,24554.0,1501.0,195.0,162.0,648.0,,,,9.0,,2.0,,,23.0,2.0,,7.0,5.0,,,37.0,15.0,,13.0,5.0,,15.0,1.0,,18.0,,,,,,,,0.7615680436670388,0.002170946532688252,0.07486664185584915,0.005334325766033991,0.15606004217838979
2023-08-14,32463,35399.0,28646.0,62022914.45990278,118.0,1541812.623681866,2246.0,52458291.764447175,218.0,6178557.695109151,4171.0,40681111.45192545,28642.0,1383.0,169.0,204.0,618.0,,1.0,1.0,1.0,,1.0,,,34.0,4.0,1.0,2.0,6.0,,1.0,33.0,17.0,,78.0,3.0,1.0,2.0,13.0,,13.0,,,,,,,,0.8092318992061923,0.0033334274979519196,0.06344812000338992,0.006158366055538292,0.1178281872369276
2023-08-15,32308,35280.0,28244.0,75136253.02052337,105.0,3987594.4960142304,2756.0,68103439.96977259,155.0,1945618.3272383916,4020.0,46457024.71248722,28240.0,1749.0,172.0,149.0,751.0,,2.0,,2.0,,3.0,2.0,,46.0,4.0,1.0,4.0,,,,31.0,10.0,,64.0,5.0,,4.0,2.0,,19.0,,,,,,,,0.8005668934240363,0.002976190476190476,0.07811791383219954,0.004393424036281179,0.11394557823129252
2023-08-16,32527,36228.0,28109.0,80048136.52035564,90.0,3930581.3081893465,2805.0,65015148.795630604,140.0,2196903.6014700774,5084.0,53697531.65851503,28106.0,1746.0,228.0,133.0,744.0,,1.0,2.0,4.0,2.0,1.0,,2.0,31.0,3.0,3.0,5.0,4.0,,1.0,40.0,11.0,,41.0,2.0,1.0,3.0,3.0,,27.0,,,,,,,,0.7758915755769018,0.002484266313348791,0.07742630009937065,0.0038644142652092305,0.14033344374516948
2023-08-17,31671,35623.0,26885.0,181198210.07239988,121.0,12176067.189780865,3973.0,269821952.33184814,280.0,22209240.378187202,4364.0,75934929.44380957,26879.0,2220.0,385.0,272.0,1158.0,,9.0,3.0,7.0,1.0,2.0,,1.0,43.0,6.0,6.0,6.0,18.0,,1.0,76.0,53.0,,30.0,,,9.0,1.0,,73.0,,,,,,,,0.7547090362967745,0.0033966819189849254,0.11152906829857115,0.007860090391039498,0.12250512309462988
2023-08-18,31257,34731.0,26966.0,113947728.3636353,135.0,23180893.95293718,3466.0,171415246.37828392,223.0,14153124.076786892,3941.0,97119886.57061392,26962.0,1997.0,270.0,218.0,1029.0,1.0,6.0,2.0,4.0,1.0,1.0,,1.0,39.0,4.0,5.0,9.0,8.0,1.0,1.0,88.0,64.0,,36.0,3.0,1.0,2.0,1.0,,36.0,,,,,,,,0.776424519881374,0.0038870173620108835,0.09979557167947943,0.006420776827617978,0.11347211424951772
2023-08-19,26333,29192.0,22441.0,52293448.264833316,71.0,1514201.0224443192,2698.0,75481943.6575013,178.0,5435762.182723089,3804.0,47658160.75004163,22440.0,1577.0,188.0,171.0,837.0,1.0,4.0,1.0,3.0,1.0,1.0,,,38.0,1.0,3.0,4.0,4.0,,1.0,52.0,23.0,,10.0,5.0,1.0,,4.0,,18.0,,,,,,,,0.768738010413812,0.0024321731981364757,0.09242258152918607,0.006097560975609756,0.13030967388325568
2023-08-20,26835,29841.0,23105.0,55406064.99606985,95.0,3928108.9890038655,2234.0,45228657.12963663,257.0,2325694.821114983,4150.0,47360938.40692187,23101.0,1391.0,174.0,252.0,593.0,1.0,2.0,11.0,2.0,,,,,20.0,4.0,2.0,3.0,3.0,,,60.0,22.0,,29.0,3.0,,1.0,3.0,,6.0,8.0,,,,,,,0.774270299252706,0.0031835394256224656,0.07486344291411146,0.008612311919841829,0.13907040648771823
2023-08-21,30801,33073.0,27419.0,59555888.44308322,61.0,3131183.8157462776,2411.0,70643775.71727839,160.0,4381653.045356365,3022.0,26142001.203760248,27416.0,1460.0,174.0,157.0,665.0,,2.0,8.0,2.0,2.0,1.0,,,19.0,3.0,7.0,2.0,4.0,,,36.0,38.0,,10.0,,1.0,7.0,1.0,,18.0,18.0,,,,,,,0.8290448402019774,0.0018444048014997127,0.07289934387566897,0.004837783085900886,0.09137362803495298
2023-08-22,30097,33036.0,26549.0,71745800.82847412,150.0,5739955.932686498,2930.0,154001449.93211782,209.0,5899144.758837476,3198.0,37193289.5778912,26545.0,1670.0,313.0,197.0,795.0,,4.0,7.0,9.0,1.0,1.0,,,23.0,4.0,10.0,5.0,5.0,,3.0,93.0,49.0,1.0,25.0,12.0,3.0,7.0,2.0,,54.0,,,,,,,,0.8036384550187674,0.004540501271340356,0.08869112483351495,0.006326431771400896,0.0968034871049764
2023-08-23,29920,32250.0,26299.0,65375289.665790685,106.0,3362378.351581477,2525.0,69153655.77733012,200.0,9000723.936612101,3120.0,21935605.451529756,26293.0,1446.0,159.0,185.0,804.0,,7.0,,11.0,1.0,3.0,,,34.0,6.0,2.0,1.0,6.0,1.0,,75.0,48.0,,21.0,3.0,1.0,4.0,4.0,,15.0,,,,,,,,0.8154728682170542,0.0032868217054263568,0.07829457364341086,0.006201550387596899,0.09674418604651162
2023-08-24,29756,32079.0,26525.0,61156423.87116726,69.0,3586697.3503708285,2286.0,48497570.15678631,138.0,1267767.3013347609,3061.0,16996997.726530533,26520.0,1425.0,159.0,133.0,624.0,,5.0,,4.0,,1.0,,,12.0,5.0,1.0,5.0,5.0,,1.0,56.0,29.0,,11.0,1.0,,,1.0,,20.0,,,,,,,,0.826864927210948,0.002150939867202843,0.07126157299167679,0.004301879734405686,0.0954206801957667
2023-08-25,31304,34837.0,27295.0,64789936.21970618,43.0,2014047.2707324515,2549.0,57390680.66590855,156.0,7303266.572686173,4794.0,29789216.311421458,27289.0,1536.0,156.0,151.0,783.0,,1.0,,5.0,,,,,19.0,6.0,2.0,4.0,,,2.0,29.0,36.0,,12.0,,,,,,12.0,,,,,,,,0.7835060424261561,0.0012343198323621436,0.07316933145793265,0.004477997531360335,0.13761230875218877
2023-08-26,27551,30199.0,23209.0,41021484.85022025,46.0,2811742.8836235125,2995.0,24945046.544815183,102.0,482812.5463840827,3847.0,17764970.109673176,23206.0,1491.0,129.0,100.0,1342.0,,,1.0,2.0,,1.0,,,12.0,3.0,2.0,2.0,2.0,1.0,,31.0,9.0,,10.0,,1.0,2.0,,,5.0,,,,,,,,0.7685353819662902,0.0015232292460015233,0.09917546938640352,0.0033775952846120732,0.1273883241166926
2023-08-27,27767,30329.0,19303.0,34656459.43198495,69.0,7636435.611612889,7330.0,38544876.768639185,89.0,1045911.9384965732,3538.0,19714609.428776797,19302.0,6455.0,174.0,83.0,660.0,,1.0,,3.0,,3.0,,,12.0,1.0,,4.0,5.0,,,51.0,12.0,1.0,16.0,2.0,,,2.0,,4.0,,,,,,,,0.6364535592996802,0.0022750502819084044,0.2416828777737479,0.0029344851462296813,0.11665402749843384
2023-08-28,33191,36831.0,28549.0,77534878.24561076,57.0,6394044.3540849555,2622.0,55118640.219058946,96.0,3789007.9958024747,5507.0,35352731.06958321,28545.0,1794.0,164.0,88.0,576.0,1.0,2.0,2.0,6.0,,,,,7.0,4.0,,1.0,1.0,,2.0,47.0,45.0,1.0,7.0,1.0,1.0,1.0,1.0,,27.0,,,,,,,,0.7751350764301811,0.001547609350818604,0.07119003013765578,0.002606499959273438,0.1495207841220711
2023-08-29,31559,34473.0,26850.0,113570088.2192058,100.0,7156515.421870395,3451.0,93179998.78276294,177.0,22814194.41801404,3895.0,25859571.22016109,26848.0,2540.0,168.0,169.0,658.0,,4.0,,6.0,,3.0,,1.0,22.0,2.0,1.0,1.0,4.0,,1.0,66.0,31.0,,23.0,8.0,,2.0,2.0,,17.0,1.0,,,,,,,0.778870420328953,0.0029008209323238476,0.10010733037449598,0.00513445305021321,0.11298697531401386
2023-08-30,27612,29880.0,24082.0,57394945.03837818,63.0,8676026.298896546,2379.0,44452168.66731303,160.0,1344539.9421250438,3196.0,16075795.506617641,24076.0,1387.0,161.0,150.0,715.0,2.0,5.0,,8.0,1.0,2.0,,1.0,32.0,6.0,1.0,1.0,6.0,,1.0,42.0,31.0,,19.0,,,1.0,2.0,,34.0,,,,,,,,0.8059571619812583,0.002108433734939759,0.07961847389558233,0.00535475234270415,0.1069611780455154
2023-08-31,28098,30650.0,24557.0,67674980.23743756,89.0,15707425.448652795,2715.0,78798716.69275303,181.0,8863556.387803305,3108.0,16471152.047966018,24555.0,1518.0,244.0,175.0,830.0,,3.0,,2.0,,13.0,,2.0,19.0,2.0,,2.0,3.0,,,63.0,40.0,,10.0,14.0,,2.0,4.0,,41.0,,,,,,,,0.8012071778140294,0.002903752039151713,0.08858075040783034,0.005905383360522023,0.10140293637846656
2023-09-01,25708,28302.0,22115.0,66027023.16927213,109.0,10509208.5412187,2643.0,97917049.30923808,170.0,1876615.7688408047,3265.0,13656112.660335401,22106.0,1540.0,292.0,164.0,680.0,,5.0,2.0,3.0,,6.0,,2.0,32.0,9.0,2.0,3.0,1.0,,,78.0,41.0,2.0,15.0,9.0,3.0,2.0,1.0,,35.0,4.0,,,,,,,0.7813935410925023,0.003851317928061621,0.09338562645749417,0.006006642640096106,0.11536287188184581
2023-09-02,24646,27391.0,21067.0,43122400.512522675,57.0,3430409.317555806,2275.0,29354396.19046546,169.0,923698.556742662,3823.0,19742636.108457066,21067.0,1355.0,246.0,162.0,610.0,,,3.0,5.0,,6.0,,,17.0,,1.0,10.0,2.0,,1.0,46.0,18.0,,4.0,2.0,,4.0,2.0,,6.0,1.0,,,,,,,0.7691212442043007,0.0020809755029024134,0.08305647840531562,0.006169909824394874,0.1395713920630864
2023-09-03,25344,28133.0,21945.0,36140130.34697056,64.0,3319005.8370171073,2201.0,25248376.995579682,197.0,2004678.9428573602,3726.0,16465028.090453655,21943.0,1332.0,158.0,194.0,631.0,,1.0,2.0,2.0,,,,,23.0,2.0,,5.0,3.0,,,41.0,30.0,,17.0,5.0,,1.0,1.0,,16.0,,,,,,,,0.7800447872605125,0.002274908470479508,0.07823552411758433,0.007002452635694736,0.13244232751572885
2023-09-04,28522,31275.0,25183.0,58641433.901179925,77.0,11634992.861188473,2335.0,41375818.36409294,177.0,1408715.2364737636,3503.0,23565068.72108543,25180.0,1369.0,227.0,174.0,659.0,,1.0,1.0,3.0,,,,,27.0,3.0,3.0,5.0,4.0,,,36.0,25.0,,36.0,,,2.0,,,16.0,1.0,,,,,,,0.8052118305355715,0.0024620303756994403,0.07466027178257394,0.00565947242206235,0.11200639488409272
2023-09-05,26919,29499.0,23275.0,52055048.60160397,51.0,15902656.15337643,2627.0,34442284.73099068,193.0,929709.1795076081,3353.0,12872146.326478116,23271.0,1602.0,225.0,187.0,702.0,,3.0,1.0,6.0,,1.0,,,21.0,4.0,,15.0,1.0,,,36.0,35.0,,12.0,2.0,,1.0,,,20.0,1.0,,,,,,,0.7890097969422692,0.0017288721651581409,0.08905386623275366,0.006542594664225906,0.11366486999559307
2023-09-06,30132,32814.0,26055.0,58860349.14681455,58.0,6676647.810631817,3065.0,49239455.1194698,160.0,4044700.809745918,3476.0,18735559.076081295,26050.0,1871.0,186.0,150.0,920.0,,8.0,,9.0,,8.0,,2.0,24.0,5.0,3.0,4.0,2.0,,,36.0,25.0,,17.0,1.0,1.0,,1.0,,15.0,,,,,,,,0.7940208447613823,0.001767538245870665,0.09340525385506186,0.0048759675748156275,0.10593039556286951
2023-09-07,29483,31840.0,25920.0,42096401.5884259,58.0,10972725.07654798,2410.0,37978190.48655667,154.0,1888917.445699915,3298.0,16625566.130585512,25914.0,1304.0,196.0,148.0,825.0,,3.0,10.0,4.0,,9.0,,3.0,13.0,6.0,2.0,3.0,2.0,,2.0,44.0,26.0,,11.0,,,1.0,2.0,,12.0,2.0,,,,,,,0.8140703517587939,0.001821608040201005,0.07569095477386935,0.0048366834170854274,0.10358040201005025
2023-09-08,27257,30285.0,23231.0,50829117.23790361,52.0,7929478.4849345265,2443.0,34369522.262371086,163.0,2659756.339120883,4396.0,18746130.575603075,23229.0,1384.0,203.0,154.0,759.0,,4.0,2.0,5.0,,8.0,1.0,,20.0,2.0,,1.0,3.0,,,37.0,32.0,,11.0,1.0,,3.0,3.0,,26.0,1.0,,,,,,,0.767079412250289,0.0017170216278685818,0.08066699686313357,0.005382202410434208,0.14515436684827474
2023-09-09,24109,28073.0,19632.0,35113117.807871975,27.0,567962.5219483553,2287.0,18183324.56077123,319.0,2581300.2028010306,5808.0,18817875.538185395,19630.0,1262.0,211.0,310.0,763.0,,2.0,1.0,7.0,,,,,22.0,2.0,3.0,10.0,2.0,,5.0,16.0,8.0,1.0,4.0,1.0,1.0,1.0,1.0,1.0,1.0,,,,,,,,0.6993196309621345,0.0009617782210665052,0.08146617746589249,0.011363231574822783,0.20688918177608379
2023-09-10,22233,25616.0,18377.0,52918681.92808118,76.0,5472277.550727273,2439.0,43824762.16154654,205.0,8349176.269099349,4519.0,20032430.187509067,18376.0,1375.0,167.0,201.0,794.0,,8.0,7.0,2.0,,3.0,,1.0,16.0,1.0,6.0,3.0,3.0,,5.0,51.0,32.0,,13.0,,1.0,4.0,2.0,1.0,25.0,,,,,,,,0.7174031855090568,0.002966895690193629,0.09521392879450344,0.008002810743285446,0.17641317926296066
2023-09-11,24770,28703.0,20541.0,100179244.25140896,87.0,18902676.44053276,3451.0,99575601.35147744,304.0,15602132.377516812,4320.0,19249591.35962264,20540.0,1997.0,241.0,294.0,1055.0,2.0,4.0,1.0,5.0,1.0,4.0,,1.0,30.0,1.0,,1.0,3.0,,1.0,64.0,50.0,,17.0,,,6.0,5.0,,60.0,,,,,,,,0.7156394801937079,0.003031042051353517,0.1202313347036895,0.010591227397832978,0.150506915653416
2023-09-12,25287,28287.0,21070.0,58423857.77430624,136.0,6296719.52640473,3419.0,95224861.5425606,262.0,6394209.180518673,3400.0,15739659.935549965,21069.0,1812.0,240.0,245.0,1219.0,,4.0,3.0,9.0,,6.0,,,36.0,1.0,1.0,7.0,3.0,,2.0,117.0,59.0,,15.0,,,3.0,8.0,,27.0,1.0,,,,,,,0.744865132392972,0.0048078622688867674,0.12086824336267543,0.009262205253296567,0.1201965567221692
2023-09-13,21411,23626.0,18151.0,50574153.20389271,64.0,8197062.18052559,2442.0,60228329.976527244,186.0,7826182.424171679,2783.0,12406439.992161475,18150.0,1431.0,181.0,176.0,739.0,,3.0,2.0,5.0,,2.0,,,24.0,1.0,2.0,2.0,1.0,,1.0,55.0,38.0,2.0,7.0,,,,3.0,,16.0,2.0,,,,,,,0.7682637771946161,0.0027088800474054007,0.10336070430881232,0.007872682637771947,0.11779395581139422
2023-09-14,26646,29156.0,23185.0,41824543.48755958,91.0,3694959.1246012975,2235.0,50596530.37984748,199.0,1727285.9796025173,3446.0,16257336.204968352,23183.0,1296.0,237.0,184.0,627.0,,,4.0,11.0,,,,,16.0,2.0,,2.0,1.0,,,54.0,39.0,2.0,36.0,,1.0,,2.0,,13.0,,,,,,,,0.7952051035807381,0.0031211414460145426,0.0766566058444231,0.00682535327205378,0.11819179585677048
2023-09-15,24704,27658.0,20786.0,50683931.692574635,127.0,6673228.238014256,2434.0,62877682.715878546,152.0,1128141.6674910954,4159.0,15835859.613502383,20783.0,1390.0,249.0,143.0,711.0,2.0,4.0,7.0,6.0,1.0,,,,20.0,3.0,1.0,2.0,2.0,1.0,2.0,65.0,22.0,1.0,54.0,,5.0,2.0,2.0,,18.0,3.0,,,,,,,0.7515366259310146,0.004591799840914021,0.08800347096680888,0.005495697447393159,0.1503724058138694
2023-09-16,22843,25648.0,18919.0,29731373.42135198,75.0,2923970.126936238,2389.0,21874617.338752843,127.0,374060.0126561306,4138.0,13347454.555575358,18919.0,1498.0,213.0,120.0,628.0,,6.0,,4.0,,,,1.0,18.0,,2.0,3.0,6.0,,,40.0,8.0,,29.0,,,4.0,3.0,,7.0,1.0,,,,,,,0.7376403618215845,0.002924204616344354,0.09314566437928884,0.004951653150343106,0.16133811603243917
2023-09-17,19626,21995.0,16161.0,25135605.56590943,85.0,4229366.933064461,2160.0,15326373.658530438,124.0,1076522.728684954,3465.0,10289856.037360588,16159.0,1289.0,151.0,117.0,660.0,,2.0,2.0,6.0,,,,,10.0,2.0,,2.0,1.0,,2.0,31.0,23.0,,50.0,1.0,2.0,1.0,1.0,,18.0,,,,,,,,0.7347578995226188,0.003864514662423278,0.09820413730393271,0.005637644919299841,0.1575358035917254
2023-09-18,25594,28296.0,22010.0,48755809.767367795,80.0,3115468.5285735372,2560.0,59857278.725650944,157.0,3473172.1571754445,3489.0,14119522.115716659,22009.0,1514.0,141.0,148.0,811.0,,2.0,,5.0,,4.0,,3.0,16.0,1.0,3.0,2.0,3.0,,,65.0,44.0,,9.0,,1.0,2.0,4.0,,19.0,1.0,,,,,,,0.7778484591461691,0.0028272547356516823,0.09047215154085383,0.0055484874187164265,0.12330364715860899
2023-09-19,25641,28432.0,21875.0,52594481.25893038,70.0,4523014.628517879,2562.0,72999754.24986604,158.0,9150566.845599309,3767.0,18058849.078750473,21875.0,1540.0,199.0,140.0,707.0,1.0,1.0,,5.0,,,,,40.0,,4.0,7.0,2.0,,3.0,47.0,44.0,,11.0,1.0,2.0,5.0,13.0,,17.0,1.0,,,,,,,0.7693795723128869,0.002462014631401238,0.09010973550928532,0.005557118739448509,0.13249155880697805
2023-09-20,26138,28893.0,22307.0,40840866.22358622,43.0,2892751.8079476184,2386.0,26774160.663882893,122.0,3097178.1174741387,4035.0,14264121.636838965,22307.0,1394.0,173.0,114.0,740.0,3.0,2.0,1.0,6.0,,2.0,,,14.0,,,8.0,5.0,,1.0,33.0,29.0,,7.0,1.0,,2.0,2.0,,14.0,,,,,,,,0.7720555151766864,0.0014882497490741702,0.08258055584397606,0.004222476032256948,0.13965320319800645
2023-09-21,22284,24712.0,18501.0,47053984.73281976,79.0,12448051.322652673,2566.0,65413805.06237716,125.0,3494346.903662465,3441.0,12053711.82342721,18500.0,1614.0,215.0,122.0,609.0,1.0,5.0,3.0,3.0,,1.0,,1.0,34.0,1.0,1.0,12.0,7.0,,1.0,57.0,31.0,,17.0,1.0,,3.0,,,32.0,,,,,,,,0.7486646163807057,0.003196827452249919,0.1038361929426999,0.005058271285205568,0.1392440919391389
2023-09-22,21739,24524.0,17771.0,30553273.130547184,52.0,1504584.7209254815,2465.0,30394855.72286486,167.0,1454799.5987890891,4069.0,19203345.736092992,17770.0,1486.0,146.0,162.0,731.0,1.0,1.0,4.0,5.0,1.0,,,,17.0,1.0,,6.0,20.0,,,41.0,29.0,,8.0,,,3.0,,,23.0,,,,,,,,0.7246370901973577,0.0021203718806067527,0.10051378241722395,0.006809655847333225,0.1659190996574784
2023-09-23,17265,19354.0,14120.0,25192337.85722644,65.0,2693104.718378417,1761.0,91033959.22952242,94.0,226303.28138630482,3314.0,7914120.23130195,14120.0,1037.0,142.0,91.0,524.0,1.0,7.0,1.0,2.0,,1.0,,,17.0,,,2.0,8.0,,2.0,31.0,13.0,,29.0,1.0,,4.0,1.0,,6.0,,,,,,,,0.7295649478144053,0.003358478867417588,0.09098894285419035,0.004856877131342358,0.17123075333264443
2023-09-24,20016,22291.0,16705.0,18539213.848428532,51.0,977800.7486803201,2056.0,18608125.87715799,122.0,1549226.1409598528,3357.0,7535192.374060459,16703.0,1157.0,168.0,120.0,633.0,,1.0,,2.0,,,,1.0,13.0,2.0,,1.0,17.0,,2.0,32.0,22.0,,11.0,3.0,1.0,4.0,,,41.0,,,,,,,,0.7494055896998789,0.0022879188910322553,0.09223453411690817,0.005473060876586964,0.15059889641559374
2023-09-25,23643,25994.0,20143.0,40473242.53903187,62.0,5009818.6111860955,2231.0,86092690.6670832,134.0,1990084.0833534417,3424.0,11861226.72869237,20143.0,1282.0,158.0,128.0,668.0,1.0,4.0,5.0,6.0,,3.0,,4.0,26.0,,,1.0,7.0,,2.0,42.0,50.0,,12.0,4.0,2.0,2.0,,,20.0,,,,,,,,0.7749095945218127,0.002385165807494037,0.08582749865353544,0.0051550357774871125,0.1317227052396707
2023-09-26,22593,25198.0,18880.0,32494945.842988223,58.0,7851284.255498743,2473.0,54708279.9677383,136.0,4430676.052941601,3651.0,11482094.94475593,18878.0,1470.0,199.0,133.0,726.0,,1.0,2.0,2.0,1.0,3.0,,1.0,17.0,2.0,2.0,1.0,6.0,,,37.0,32.0,,12.0,3.0,,4.0,1.0,,13.0,1.0,,,,,,,0.7492658147472021,0.0023017699817445827,0.09814270973886817,0.005397253750297643,0.14489245178188745
2023-09-27,22176,24922.0,18636.0,31504648.483934496,98.0,8667742.547175542,2502.0,64344094.47770564,144.0,3603312.072419423,3542.0,10481067.02585592,18635.0,1301.0,201.0,133.0,853.0,2.0,3.0,1.0,7.0,2.0,,,1.0,29.0,1.0,,7.0,6.0,2.0,2.0,62.0,56.0,1.0,28.0,5.0,1.0,2.0,3.0,,34.0,2.0,,,,,,,0.7477730519219966,0.003932268678276222,0.10039322686782762,0.005778027445630367,0.14212342508626916
2023-09-28,22678,25249.0,18943.0,46815812.33922796,137.0,3474867.4373768545,2590.0,60154189.76603983,144.0,8369739.525082467,3435.0,15616176.110378167,18938.0,1410.0,223.0,135.0,832.0,,4.0,2.0,8.0,,,,,23.0,5.0,6.0,10.0,5.0,,1.0,101.0,53.0,1.0,21.0,3.0,2.0,4.0,,,27.0,,,,,,,,0.750247534555824,0.005425957463661927,0.10257831993346271,0.005703196166184799,0.13604499188086658
2023-09-29,23105,26044.0,19220.0,46704169.093919106,164.0,6445914.66784776,2559.0,42810389.340121955,243.0,6110952.971219909,3858.0,14753788.652052116,19218.0,1386.0,188.0,231.0,857.0,,1.0,5.0,5.0,,1.0,,1.0,35.0,2.0,1.0,7.0,7.0,,2.0,82.0,48.0,1.0,79.0,,,2.0,6.0,,21.0,,,,,,,,0.7379818768238365,0.0062970357855936104,0.09825679619106129,0.009330363999385655,0.14813392720012286
2023-09-30,21427,24228.0,17701.0,31270016.84862984,82.0,3154806.794999304,2263.0,29325381.983494453,171.0,10180338.45407913,4011.0,10342616.716267144,17698.0,1192.0,160.0,165.0,827.0,,,1.0,4.0,,,,1.0,23.0,3.0,,33.0,3.0,,1.0,52.0,14.0,,28.0,,,1.0,2.0,1.0,8.0,,,,,,,,0.730600957569754,0.003384513785702493,0.09340432557371636,0.007057949479940565,0.16555225359088657
2023-10-01,23115,26069.0,19316.0,34560441.870515324,92.0,9099691.078619717,2625.0,53306041.61657401,162.0,3459419.2583599025,3874.0,14474726.192818753,19316.0,1366.0,206.0,146.0,937.0,1.0,7.0,4.0,11.0,,,,1.0,32.0,,1.0,9.0,7.0,,1.0,47.0,37.0,1.0,40.0,1.0,,3.0,4.0,,17.0,,,,,,,,0.7409566918562277,0.003529095860984311,0.10069431125091105,0.006214277494341939,0.148605623537535
2023-10-02,26141,29491.0,21697.0,83499054.6165899,48.0,4123556.979148818,3024.0,95082492.33461814,243.0,25579450.603271477,4479.0,21669934.118612528,21695.0,1685.0,251.0,215.0,942.0,3.0,5.0,4.0,17.0,1.0,2.0,,2.0,17.0,2.0,1.0,1.0,9.0,,,24.0,65.0,,21.0,,,2.0,11.0,,37.0,,,,,,,,0.7357159811467906,0.0016276152046387033,0.1025397578922383,0.008239801973483436,0.151876843782849
2023-10-03,25680,28865.0,21533.0,40904978.32504641,62.0,27026959.881574113,2608.0,45743456.03867725,157.0,3441131.8119486216,4505.0,14454974.643246597,21531.0,1390.0,152.0,144.0,931.0,,5.0,3.0,3.0,1.0,,,2.0,19.0,2.0,3.0,16.0,2.0,1.0,3.0,35.0,41.0,7.0,18.0,4.0,,2.0,3.0,,41.0,1.0,,,,,,,0.7459899532305561,0.002147930019054218,0.09035163693053871,0.005439113112766326,0.1560713667070847
2023-10-04,24270,28613.0,19071.0,39631630.174838126,88.0,2951295.8966418267,4008.0,29757611.021641508,162.0,3689768.4886460826,5284.0,15315352.950435221,19070.0,2484.0,403.0,148.0,950.0,,2.0,,6.0,1.0,1.0,,,22.0,1.0,3.0,52.0,8.0,1.0,5.0,67.0,51.0,2.0,12.0,1.0,,5.0,6.0,,28.0,,,,,,,,0.6665152203543844,0.003075525110963548,0.14007618914479433,0.0056617621360919865,0.18467130325376577
2023-10-05,21747,24475.0,17560.0,41118511.436613,72.0,6057334.490961195,2943.0,49647518.87299553,165.0,9628413.392106988,3735.0,14063517.01433428,17559.0,1769.0,179.0,159.0,861.0,,7.0,6.0,2.0,2.0,4.0,1.0,,21.0,1.0,4.0,13.0,3.0,,,54.0,48.0,,11.0,,,3.0,3.0,,28.0,2.0,,,,,,,0.7174668028600613,0.0029417773237997956,0.12024514811031665,0.006741573033707865,0.1526046986721144
2023-10-06,25698,28828.0,21201.0,55769298.877060845,100.0,8443988.89154493,3109.0,47156247.08213571,174.0,9025587.813350128,4244.0,16186508.566441758,21195.0,1775.0,211.0,156.0,992.0,2.0,5.0,,8.0,3.0,2.0,1.0,6.0,15.0,6.0,,14.0,4.0,,,85.0,56.0,1.0,13.0,,1.0,1.0,8.0,,23.0,1.0,,,,,,,0.7354308311363952,0.003468849729429721,0.10784653808797003,0.006035798529207714,0.14721798251699736
2023-10-07,22693,25671.0,17902.0,31335893.710832488,45.0,2515020.8175271302,2985.0,22393241.128117282,204.0,4436554.725656097,4535.0,11744472.390131826,17901.0,1730.0,154.0,202.0,1032.0,,2.0,1.0,,1.0,2.0,,,12.0,1.0,2.0,5.0,2.0,,,29.0,35.0,1.0,12.0,1.0,,,1.0,1.0,8.0,1.0,,,,,,,0.697362782906782,0.0017529508005141988,0.11627906976744186,0.007946710295664369,0.1766584862295976
2023-10-08,19965,22974.0,15673.0,302611280.9744579,87.0,20218465.70269847,2675.0,84970280.15153284,171.0,7770693.435563613,4368.0,11710926.947048517,15673.0,1485.0,177.0,167.0,913.0,3.0,1.0,3.0,1.0,,1.0,,,10.0,,4.0,4.0,1.0,,,67.0,41.0,1.0,11.0,1.0,,4.0,2.0,,34.0,2.0,,,,,,,0.682205971968312,0.003786889527291721,0.11643597109776269,0.007443196657090624,0.19012797074954296
2023-10-09,24356,28078.0,19701.0,839066024.9474416,134.0,9003030.442701597,3266.0,66146865.84882872,235.0,9433796.274211364,4742.0,19991488.100356393,19698.0,1810.0,232.0,229.0,1000.0,,7.0,3.0,2.0,1.0,5.0,,2.0,13.0,3.0,2.0,5.0,5.0,,2.0,97.0,54.0,2.0,18.0,2.0,12.0,3.0,2.0,,127.0,,,,,,,,0.7016525393546549,0.004772419688011967,0.11631882612721704,0.00836954199017024,0.16888667283994588
2023-10-10,22504,25645.0,18181.0,42371750.7693487,114.0,5610536.66532598,2937.0,49283623.18449882,160.0,4103335.1901248978,4253.0,13813396.893111847,18180.0,1624.0,251.0,154.0,939.0,1.0,5.0,,3.0,1.0,2.0,,1.0,24.0,1.0,1.0,5.0,5.0,1.0,,94.0,49.0,,12.0,1.0,3.0,3.0,3.0,,29.0,,,,,,,,0.7089491128875024,0.004445310976798596,0.11452524858646909,0.006239032949892766,0.1658412945993371
2023-10-11,23818,27278.0,19292.0,43632776.75850944,113.0,3834986.5249176957,3197.0,48414386.27857489,213.0,6343163.72790045,4463.0,14058749.737524591,19290.0,1671.0,341.0,197.0,1029.0,,4.0,,9.0,,1.0,,1.0,31.0,2.0,4.0,7.0,4.0,,,86.0,66.0,1.0,12.0,6.0,2.0,3.0,6.0,,40.0,2.0,,,,,,,0.7072366009238213,0.004142532443727546,0.11720067453625632,0.007808490358530684,0.16361170173766404
2023-10-12,22866,25805.0,18465.0,33356591.62715093,106.0,6684966.958192795,3066.0,54207906.78435819,132.0,2587391.532580395,4036.0,12332130.090076944,18462.0,1871.0,298.0,128.0,755.0,,7.0,,2.0,1.0,1.0,,,44.0,3.0,2.0,8.0,10.0,,,71.0,41.0,,24.0,1.0,1.0,7.0,2.0,,30.0,,,,,,,,0.715559000193761,0.0041077310598721176,0.1188141832978105,0.00511528773493509,0.1564037977136214
2023-10-13,21061,24601.0,16487.0,30445584.467624646,139.0,4167856.4303609,2907.0,48546751.75959856,147.0,3120304.2097405153,4921.0,16997033.975284997,16484.0,1763.0,198.0,139.0,833.0,1.0,4.0,,4.0,,1.0,,1.0,21.0,3.0,1.0,5.0,6.0,,,66.0,58.0,1.0,68.0,,1.0,3.0,3.0,,14.0,2.0,,,,,,,0.6701760091053209,0.0056501768220804036,0.11816592821430023,0.005975366855005894,0.20003251900329255
2023-10-14,19455,22619.0,14767.0,26288499.26081389,78.0,2539472.6150622927,2729.0,33092204.12664622,140.0,1557211.1599118446,4905.0,12211630.986634526,14766.0,1644.0,149.0,135.0,876.0,,7.0,,3.0,,,,,9.0,1.0,1.0,11.0,5.0,,,36.0,17.0,,41.0,,,,2.0,,9.0,2.0,,,,,,,0.6528582165436138,0.003448428312480658,0.12065078031743225,0.006189486714708873,0.21685308811176446
2023-10-15,21794,26041.0,16718.0,27756762.12175038,161.0,6275311.825447167,3032.0,20153461.361766394,208.0,1416078.3323648318,5922.0,12675176.48895098,16717.0,1766.0,194.0,202.0,983.0,,1.0,5.0,3.0,,2.0,,,22.0,1.0,,1.0,5.0,,,55.0,39.0,,100.0,1.0,2.0,3.0,3.0,,14.0,,,,,,,,0.641987634883453,0.006182558273491802,0.11643178065358473,0.007987404477554626,0.2274106217119158
2023-10-16,23943,28247.0,18945.0,87724194.70182005,156.0,20826666.54363256,3586.0,97149531.14860533,342.0,33407587.665491365,5218.0,19843739.74941985,18941.0,2083.0,268.0,332.0,1099.0,,9.0,3.0,1.0,2.0,3.0,,,30.0,4.0,4.0,5.0,2.0,,1.0,99.0,56.0,,45.0,1.0,2.0,5.0,9.0,,24.0,1.0,,,,,,,0.6706906928169363,0.005522710376323149,0.1269515346762488,0.012107480440400751,0.184727581690091
2023-10-17,23747,27654.0,19298.0,51212238.03942577,98.0,10823530.79015259,2939.0,47068119.89126289,216.0,7188417.904567581,5103.0,16330238.733953577,19296.0,1674.0,243.0,204.0,884.0,,2.0,,2.0,2.0,2.0,,1.0,18.0,2.0,1.0,23.0,4.0,,,80.0,50.0,,12.0,1.0,1.0,3.0,10.0,,36.0,,,,,,,,0.6978375641860128,0.00354379113328994,0.10627757286468503,0.007810804946843133,0.184530266869169
2023-10-18,23120,26893.0,18238.0,78131592.16899301,91.0,7999321.113662521,3535.0,99090992.37517965,216.0,9725998.52406423,4813.0,17821310.703671113,18237.0,1794.0,475.0,202.0,1169.0,,7.0,,5.0,,1.0,,,16.0,1.0,,3.0,7.0,1.0,,78.0,44.0,1.0,11.0,,,2.0,8.0,,18.0,,,,,,,,0.6781690402707025,0.0033837801658424126,0.13144684490387834,0.008031829844197374,0.17896850481537946
2023-10-19,27629,31650.0,19206.0,32210720.00042003,72.0,5763113.370132002,6938.0,39269939.6671457,186.0,6309270.578409473,5248.0,15477259.941580454,19203.0,1605.0,317.0,177.0,4884.0,2.0,1.0,2.0,4.0,,2.0,,1.0,21.0,3.0,1.0,10.0,7.0,,1.0,55.0,63.0,1.0,11.0,,,5.0,4.0,,20.0,2.0,,,,,,,0.606824644549763,0.002274881516587678,0.21921011058451817,0.005876777251184834,0.16581358609794628
2023-10-20,26652,30979.0,20990.0,69699155.4707459,165.0,6463257.720938188,3956.0,65071615.09707807,259.0,11046886.834479513,5609.0,21317191.690999,20988.0,1863.0,237.0,244.0,1727.0,,2.0,2.0,,1.0,2.0,,,18.0,2.0,1.0,1.0,7.0,1.0,2.0,98.0,72.0,3.0,60.0,1.0,,5.0,12.0,,19.0,2.0,,,,,,,0.6775557635817812,0.005326188708479938,0.12769940927725235,0.008360502275735175,0.18105813615675134
2023-10-21,23993,28355.0,18867.0,54577960.12251898,122.0,5968327.430709614,3289.0,38177346.97201194,223.0,8022179.388595493,5854.0,18150315.117839485,18864.0,1880.0,194.0,212.0,1119.0,1.0,3.0,1.0,1.0,,1.0,1.0,,31.0,3.0,4.0,1.0,3.0,,3.0,75.0,38.0,2.0,39.0,,,4.0,7.0,,14.0,,,,,,,,0.6653852935990126,0.004302592135425851,0.11599365191324282,0.007864574149180039,0.20645388820313879
2023-10-22,26634,31137.0,21497.0,54298355.31638295,147.0,9008050.504655728,3673.0,36162909.258141235,181.0,3891801.9132556464,5639.0,20944436.560209382,21496.0,2090.0,253.0,171.0,1194.0,,45.0,,7.0,1.0,,,,16.0,1.0,1.0,3.0,3.0,,5.0,97.0,52.0,1.0,45.0,1.0,,3.0,2.0,,10.0,1.0,,,,,,,0.6904004881652054,0.004721071394161287,0.11796255259016604,0.005813019879885667,0.18110286797058162
2023-10-23,29193,33776.0,24284.0,115564020.71222267,142.0,10809670.969877787,4041.0,103577355.61796322,353.0,23110717.757876527,4956.0,31005792.004110157,24282.0,2263.0,271.0,336.0,1322.0,,18.0,,3.0,1.0,3.0,,,30.0,2.0,2.0,2.0,5.0,,,92.0,91.0,1.0,40.0,4.0,2.0,2.0,13.0,,35.0,,,,,,,,0.7189720511605874,0.004204168640454761,0.11964116532449076,0.010451207958313596,0.1467314069161535
2023-10-24,31611,35736.0,26792.0,152610732.39384484,198.0,11506258.386793401,4345.0,158713348.22538823,415.0,19091775.49282749,3986.0,39293596.22879598,26786.0,2576.0,311.0,377.0,1146.0,,11.0,,3.0,1.0,4.0,,,36.0,6.0,6.0,7.0,13.0,1.0,3.0,101.0,100.0,1.0,85.0,3.0,1.0,2.0,34.0,,134.0,2.0,,,,,,,0.749720170136557,0.005540631296171927,0.12158607566599508,0.011612939332885605,0.11154018356839042
2023-10-25,29960,34088.0,25169.0,100477542.71169385,158.0,10919951.992592067,3527.0,75485358.38090123,323.0,16553866.193043727,4911.0,39777753.523550846,25167.0,1882.0,239.0,307.0,1263.0,,6.0,4.0,4.0,,1.0,2.0,,19.0,2.0,2.0,3.0,7.0,,,88.0,66.0,,61.0,1.0,2.0,4.0,10.0,,36.0,1.0,,,,,,,0.7383536728467496,0.004635062191973715,0.10346749589298287,0.00947547524055386,0.14406829382773997
2023-10-26,29341,33406.0,24425.0,94719173.90993012,143.0,13657481.26004076,3815.0,97351499.99069253,354.0,15927734.793960696,4669.0,31180598.660237346,24418.0,2002.0,288.0,340.0,1321.0,1.0,11.0,4.0,5.0,,2.0,,,39.0,7.0,1.0,5.0,7.0,,2.0,99.0,76.0,1.0,21.0,9.0,3.0,10.0,8.0,,55.0,2.0,,,,,,,0.7311560797461534,0.004280668143447285,0.11420104172903071,0.01059689876070167,0.13976531162066694
2023-10-27,29220,33087.0,24428.0,59184106.044923574,82.0,13263308.501629282,3497.0,54101577.27161509,183.0,2179066.377199573,4897.0,19385710.434323516,24428.0,1614.0,244.0,168.0,1505.0,1.0,3.0,3.0,1.0,1.0,1.0,,,11.0,,1.0,9.0,6.0,,2.0,63.0,52.0,10.0,10.0,4.0,1.0,3.0,4.0,,45.0,,,,,,,,0.7382960074953909,0.0024783147459727386,0.10569105691056911,0.005530873152597697,0.1480037476954695
2023-10-28,27969,31991.0,23087.0,40762710.72877743,64.0,3640889.6393766296,3223.0,23559323.22936588,160.0,2839481.2135155564,5457.0,20075301.02045,23086.0,1633.0,208.0,137.0,1253.0,,12.0,2.0,2.0,,2.0,,,20.0,1.0,,16.0,2.0,,,31.0,22.0,20.0,30.0,1.0,1.0,1.0,1.0,,52.0,1.0,,,,,,,0.7216717201712982,0.002000562658247632,0.10074708511768934,0.005001406645619081,0.17057922540714576
2023-10-29,26437,30029.0,21853.0,41047947.17062746,57.0,4840484.90649173,2987.0,18109640.589513723,170.0,2918219.171483094,4962.0,15763774.728968479,21851.0,1926.0,169.0,157.0,812.0,,5.0,,4.0,,,,,15.0,2.0,1.0,8.0,2.0,,1.0,43.0,33.0,3.0,10.0,2.0,,1.0,6.0,,16.0,,,,,,,,0.7277298611342369,0.0018981651070631722,0.09947051183855607,0.005661194178960338,0.16524026774118353
2023-10-30,28284,31664.0,23737.0,65638906.145735055,67.0,6231491.268076629,3154.0,60021291.863024905,181.0,11919584.743943457,4525.0,24836909.779931664,23737.0,2034.0,166.0,178.0,802.0,2.0,8.0,2.0,,,1.0,,,12.0,,4.0,9.0,4.0,,,43.0,81.0,,19.0,,,1.0,3.0,,33.0,,,,,,,,0.7496526023244062,0.002115967660434563,0.09960838807478524,0.005716270843860536,0.1429067710965134
2023-10-31,27136,30289.0,22865.0,63500127.4476366,90.0,9255820.10353241,2785.0,58105210.451423675,157.0,4163187.9910717523,4392.0,24863620.442368925,22862.0,1732.0,178.0,149.0,783.0,,4.0,2.0,1.0,,3.0,,1.0,24.0,3.0,,7.0,4.0,,1.0,66.0,43.0,4.0,15.0,4.0,3.0,2.0,3.0,,3.0,,,,,,,,0.7548945161609826,0.0029713757469708476,0.091947571725709,0.005183399914160256,0.14500313645217736
2023-11-01,27046,30348.0,22545.0,79960414.31140706,87.0,8749584.98699832,3347.0,59490330.09819464,209.0,6576406.487102783,4160.0,29278438.98581526,22545.0,1994.0,266.0,203.0,954.0,,7.0,,4.0,,2.0,,2.0,31.0,,,10.0,1.0,,1.0,75.0,56.0,,10.0,1.0,,1.0,2.0,,23.0,,,,,,,,0.7428825622775801,0.002866745749308027,0.11028733359694214,0.0068867800184526165,0.13707657835771714
2023-11-02,28653,31904.0,24142.0,130682599.82705893,226.0,74299470.79129928,3567.0,105879307.14035903,210.0,11988813.078402482,3759.0,38553191.210150614,24139.0,2065.0,266.0,199.0,1065.0,,12.0,,2.0,,,,1.0,43.0,3.0,,18.0,9.0,,1.0,120.0,51.0,,87.0,3.0,13.0,3.0,9.0,,36.0,,,,,,,,0.7567076228686058,0.007083751253761284,0.11180416248746239,0.006582246740220662,0.11782221664994985
2023-11-03,27597,31176.0,23070.0,100282829.1575994,209.0,21646282.810850285,3107.0,68087729.71140784,314.0,17004015.02708093,4476.0,32013671.084190562,23069.0,1735.0,199.0,306.0,1047.0,1.0,5.0,,1.0,,,,1.0,30.0,1.0,1.0,20.0,2.0,,,87.0,44.0,,99.0,8.0,7.0,7.0,7.0,,23.0,,,,,,,,0.7399923017705927,0.006703874775468309,0.09965999486784706,0.010071850141134205,0.14357197844495767
2023-11-04,26935,31122.0,21916.0,157165597.4110164,204.0,8457604.750455733,3156.0,31185762.006768294,292.0,6688673.098670649,5554.0,25421216.408704456,21911.0,1846.0,151.0,285.0,1060.0,,2.0,,3.0,1.0,1.0,,,21.0,5.0,2.0,8.0,4.0,,,79.0,50.0,,117.0,1.0,1.0,4.0,4.0,,12.0,,,,,,,,0.7041963884069147,0.006554848660111818,0.1014073645652593,0.009382430435062015,0.17845896793265215
2023-11-05,29882,34310.0,24391.0,92100854.58442661,144.0,12493630.947454851,3776.0,74999793.84229612,232.0,18641752.969348848,5767.0,40167435.56232469,24362.0,2276.0,210.0,225.0,1153.0,,7.0,1.0,,,2.0,,,19.0,29.0,2.0,2.0,4.0,,,94.0,64.0,1.0,37.0,5.0,,6.0,6.0,,37.0,1.0,,,,,,,0.7109006120664529,0.004197027105800059,0.1100553774409793,0.0067618770037889825,0.16808510638297872
2023-11-06,29426,33112.0,24682.0,88833385.15008625,83.0,12074341.504284134,3536.0,106055643.99076736,169.0,12280914.17210246,4642.0,47311998.06382687,24678.0,2237.0,183.0,164.0,1046.0,2.0,6.0,,,1.0,1.0,,1.0,12.0,4.0,1.0,,4.0,,,56.0,30.0,,20.0,,5.0,1.0,5.0,,13.0,,,,,,,,0.7454095192075381,0.002506644116936458,0.10678907948779899,0.005103889828460981,0.14019086735926553
2023-11-07,28566,31869.0,24142.0,86777383.33708699,89.0,11383257.072996961,3473.0,70324195.62568834,187.0,10460795.212218586,3978.0,33928518.65048327,24127.0,2192.0,167.0,179.0,1017.0,,11.0,,4.0,,1.0,,,23.0,15.0,2.0,5.0,5.0,,2.0,45.0,30.0,1.0,36.0,,1.0,5.0,3.0,,19.0,1.0,,,,,,,0.7575386739464683,0.0027926825441651764,0.1089773761335467,0.005867771188302112,0.12482349618751765
2023-11-08,30179,33586.0,25288.0,86051533.00237206,119.0,7401981.481672863,3569.0,46870043.68718832,209.0,13233120.986301651,4401.0,32766932.924354624,25286.0,1965.0,155.0,200.0,1403.0,,4.0,,3.0,,,,,15.0,2.0,2.0,4.0,5.0,,,50.0,13.0,,60.0,1.0,4.0,2.0,6.0,,5.0,,,,,,,,0.7529327696063837,0.0035431429762401,0.10626451497647829,0.006222830941463705,0.13103674149943428
2023-11-09,30261,34776.0,24027.0,174343508.72765854,393.0,26231996.97707534,5225.0,173003938.21016034,746.0,32311246.96193922,4385.0,53155923.118285924,24013.0,2767.0,226.0,724.0,2109.0,,11.0,1.0,,2.0,1.0,,,36.0,14.0,3.0,5.0,3.0,,,136.0,39.0,1.0,237.0,7.0,2.0,8.0,21.0,,25.0,,,,,,,,0.6909075224292616,0.011300897170462388,0.15024729698642741,0.021451575799401885,0.12609270761444674
2023-11-10,33033,37266.0,25914.0,138819942.48867628,294.0,23942890.501195192,5821.0,109416239.35561725,377.0,16859624.933820385,4860.0,55201075.49616252,25907.0,2364.0,341.0,364.0,3034.0,,10.0,,3.0,,2.0,,1.0,22.0,7.0,1.0,1.0,12.0,,1.0,112.0,21.0,,172.0,1.0,3.0,5.0,10.0,,12.0,,,,,,,,0.6953791659958138,0.007889228787634841,0.15620136317286534,0.010116460044007942,0.13041378199967799
2023-11-11,28820,33050.0,23334.0,92578144.01657243,302.0,14338561.698565241,4161.0,75776732.85482137,214.0,12218480.423589159,5039.0,38546769.74763989,23329.0,2129.0,542.0,202.0,1407.0,,14.0,,1.0,,2.0,,1.0,14.0,5.0,6.0,2.0,4.0,1.0,,212.0,23.0,1.0,74.0,,5.0,5.0,10.0,,19.0,3.0,,,,,,,0.7060211800302572,0.009137670196671709,0.1259001512859304,0.006475037821482602,0.1524659606656581
2023-11-12,27782,31866.0,22853.0,77289717.68520062,161.0,8700925.392327685,3348.0,42788359.71420509,157.0,7553960.659847677,5347.0,36052416.440324366,22850.0,1977.0,212.0,150.0,1083.0,,5.0,4.0,3.0,,1.0,,,20.0,3.0,1.0,5.0,1.0,,,88.0,25.0,1.0,64.0,1.0,1.0,6.0,3.0,,14.0,1.0,,,,,,,0.7171593547982176,0.005052406954120379,0.10506495951798155,0.004926881315508692,0.16779639741417185
2023-11-13,32025,36778.0,26737.0,127708638.01804936,197.0,24157117.34961908,3305.0,75964809.32200442,163.0,3033612.574542302,6376.0,57298200.277614616,26733.0,1782.0,195.0,159.0,1229.0,2.0,2.0,1.0,2.0,1.0,,,,19.0,4.0,2.0,3.0,2.0,,,141.0,38.0,,49.0,1.0,,4.0,2.0,,28.0,3.0,,,,,,,0.7269835227581707,0.005356463102941976,0.0898635053564631,0.004431997389743868,0.17336451139268041
2023-11-14,30932,35033.0,26291.0,128619605.1616732,119.0,9149159.252003394,3236.0,111464438.685074,196.0,7323551.159501266,5191.0,55661724.542249106,26285.0,1736.0,164.0,184.0,1186.0,1.0,5.0,1.0,6.0,,4.0,,,43.0,6.0,2.0,6.0,4.0,,1.0,64.0,43.0,2.0,44.0,3.0,1.0,5.0,4.0,,40.0,2.0,,,,,,,0.7504638483715355,0.003396797305397768,0.09237005109468216,0.005594724973596323,0.14817457825478833
2023-11-15,30004,33865.0,25075.0,141466679.7670275,94.0,10214195.714116208,3920.0,119068312.91080569,227.0,12782063.59660435,4549.0,48482123.098613046,25073.0,2036.0,176.0,200.0,1625.0,,9.0,1.0,11.0,,1.0,,2.0,21.0,2.0,1.0,6.0,3.0,,2.0,65.0,31.0,,22.0,2.0,1.0,3.0,16.0,,6.0,1.0,,,,,,,0.7404399822825927,0.002775727151926768,0.11575372803779714,0.0067030857817806,0.13432747674590284
2023-11-16,28793,32230.0,23406.0,115116541.03347614,148.0,14002766.907787874,4718.0,92518567.65448259,215.0,7599867.347787097,3743.0,38376677.558607616,23404.0,2037.0,185.0,194.0,2336.0,,27.0,2.0,9.0,1.0,4.0,,2.0,27.0,2.0,,2.0,8.0,,1.0,74.0,42.0,3.0,60.0,3.0,2.0,9.0,9.0,,44.0,,,,,,,,0.72621780949426,0.004591995035681042,0.1463853552590754,0.006670803599131244,0.11613403661185231
2023-11-17,27779,31311.0,22983.0,108009521.49357736,91.0,12169495.037405387,4017.0,136726628.85629353,184.0,10724679.398127856,4036.0,43517737.07506936,22983.0,2019.0,151.0,170.0,1713.0,1.0,5.0,4.0,9.0,,3.0,,,34.0,,1.0,2.0,5.0,,2.0,76.0,46.0,,9.0,1.0,2.0,2.0,5.0,,32.0,,,,,,,,0.7340231867394845,0.002906326849988822,0.12829357094950655,0.005876529015362013,0.12890038644565807
2023-11-18,25840,29580.0,21010.0,109581390.79500636,75.0,7255282.073011431,3923.0,79060266.54534183,139.0,2372274.6570920963,4433.0,47820920.50479724,21007.0,1937.0,193.0,130.0,1707.0,,6.0,,2.0,,1.0,,1.0,23.0,3.0,,10.0,4.0,,2.0,51.0,26.0,,15.0,3.0,1.0,5.0,7.0,,11.0,2.0,,,,,,,0.7102772143340095,0.002535496957403651,0.1326233941852603,0.004699121027721433,0.14986477349560515
2023-11-19,28979,33173.0,22793.0,93076148.37381838,111.0,16290995.735990519,5244.0,63399504.1616761,126.0,3505472.6507750615,4899.0,39034389.77906996,22791.0,2447.0,192.0,114.0,2508.0,,8.0,1.0,6.0,,1.0,,3.0,20.0,2.0,,11.0,5.0,,1.0,74.0,30.0,,17.0,9.0,3.0,8.0,6.0,,16.0,1.0,,,,,,,0.6870949265969313,0.003346094715581949,0.15808036656316884,0.0037982696771470775,0.1476803424471709
2023-11-20,30748,34319.0,24473.0,104013489.73762634,107.0,4170727.243674727,5866.0,83079600.17475481,181.0,5779310.6512684515,3692.0,39225620.31261889,24470.0,2832.0,223.0,173.0,2702.0,,10.0,1.0,2.0,,,,,19.0,3.0,1.0,3.0,1.0,,,78.0,43.0,,15.0,1.0,7.0,5.0,6.0,,30.0,2.0,,,,,,,0.713103528657595,0.0031178064628922756,0.1709257262740756,0.005274046446574783,0.10757889215886243
2023-11-21,29044,32345.0,23148.0,124156792.79547688,133.0,11833230.463729136,5935.0,116354085.5302278,188.0,5805028.0196809005,2941.0,49861882.54075697,23145.0,3569.0,174.0,174.0,1986.0,,32.0,1.0,,3.0,4.0,,1.0,41.0,3.0,,2.0,9.0,,1.0,111.0,46.0,,14.0,,1.0,7.0,14.0,,64.0,2.0,,,,,,,0.7156592981913742,0.004111918379965992,0.1834904931210388,0.005812335755139898,0.09092595455248106
2023-11-22,28961,32475.0,23565.0,156958178.50074884,112.0,9343286.520056482,4677.0,127898363.09014224,418.0,15279666.079448922,3703.0,43977984.3688241,23529.0,2172.0,196.0,406.0,2167.0,1.0,13.0,,3.0,,7.0,,1.0,31.0,36.0,2.0,5.0,9.0,,1.0,93.0,40.0,4.0,12.0,,,5.0,5.0,,28.0,6.0,,,,,,,0.725635103926097,0.0034488067744418783,0.14401847575057736,0.012871439568899154,0.1140261739799846
2023-11-23,27020,29832.0,22344.0,90560095.03003998,81.0,17194740.66276957,3800.0,61661458.14503659,105.0,2237257.4079312426,3502.0,32815313.38468777,22338.0,1849.0,111.0,99.0,1774.0,,3.0,,2.0,,5.0,,1.0,10.0,6.0,,5.0,4.0,,3.0,64.0,18.0,,10.0,,3.0,4.0,4.0,,16.0,1.0,,,,,,,0.7489943684633951,0.0027152051488334673,0.1273799946366318,0.0035197103781174576,0.11739072137302226
2023-11-24,28082,31600.0,22606.0,90524092.55941011,101.0,12348350.981968107,4445.0,70615887.76100275,122.0,2455169.3254587785,4326.0,38785582.84517572,22602.0,2109.0,140.0,116.0,2111.0,,5.0,,3.0,,8.0,,,17.0,4.0,2.0,3.0,5.0,,,81.0,30.0,,10.0,,1.0,7.0,3.0,,15.0,2.0,,,,,,,0.715379746835443,0.0031962025316455696,0.14066455696202532,0.003860759493670886,0.13689873417721518
2023-11-25,26623,30009.0,21647.0,72394419.74146795,87.0,12211274.450105699,4114.0,37948989.88780612,129.0,5098029.470378181,4032.0,31830131.362217493,21641.0,2285.0,121.0,124.0,1667.0,,3.0,1.0,4.0,,,1.0,,18.0,6.0,3.0,1.0,5.0,,,67.0,10.0,,11.0,1.0,1.0,4.0,,,3.0,,,,,,,,0.7213502615881902,0.0028991302609217237,0.13709220567163186,0.0042987103868839345,0.13435969209237228
2023-11-26,28697,32524.0,23590.0,72681766.84117489,127.0,7597025.340954199,4108.0,30070861.89725739,118.0,1397220.8534743106,4581.0,33502843.241914444,23584.0,2153.0,164.0,111.0,1708.0,,5.0,,5.0,,2.0,,,15.0,6.0,4.0,7.0,3.0,,7.0,100.0,26.0,,14.0,1.0,1.0,7.0,2.0,,18.0,,,,,,,,0.7253105399089903,0.003904808756610503,0.1263067273398106,0.0036280900258270814,0.14084983396876152
2023-11-27,30444,34582.0,24975.0,94399024.20377786,137.0,7373486.531580886,4554.0,52577743.469314665,120.0,2574604.7587329694,4796.0,43656931.09069711,24974.0,2173.0,222.0,112.0,2045.0,,3.0,2.0,1.0,1.0,3.0,,,37.0,1.0,1.0,1.0,6.0,,7.0,119.0,18.0,1.0,9.0,,2.0,6.0,6.0,,32.0,4.0,,,,,,,0.7221965184199872,0.003961598519460991,0.13168700480018505,0.0034700133017176566,0.138684864958649
2023-11-28,30922,35187.0,25284.0,118866952.55594017,87.0,13412193.531085286,4607.0,68378179.98906142,127.0,2980699.887808297,5082.0,57762159.29832482,25279.0,2428.0,168.0,123.0,1916.0,,2.0,5.0,1.0,,5.0,,,24.0,5.0,,8.0,6.0,,3.0,73.0,17.0,,10.0,,1.0,3.0,3.0,,25.0,,,,,,,,0.7185608321255009,0.002472504049791116,0.13092903629181232,0.0036092875209594454,0.14442834001193622
2023-11-29,31047,34570.0,25496.0,103542603.62873265,92.0,3824016.7362143937,4816.0,143816572.7100289,114.0,2272967.08018298,4052.0,49226494.128233895,25491.0,2400.0,139.0,107.0,2168.0,2.0,4.0,,2.0,1.0,1.0,,,14.0,5.0,1.0,33.0,5.0,,2.0,63.0,27.0,1.0,22.0,1.0,1.0,4.0,4.0,,20.0,,,,,,,,0.7375180792594735,0.0026612669945039052,0.1393115417992479,0.0032976569279722302,0.11721145501880242
2023-11-30,31626,35443.0,25931.0,117250450.54605223,72.0,3721444.3304600543,4343.0,204111376.11031014,131.0,1122583.2302451828,4966.0,61044488.21023406,25930.0,2114.0,194.0,122.0,1941.0,1.0,2.0,,1.0,,6.0,,,21.0,1.0,1.0,15.0,6.0,1.0,2.0,58.0,24.0,,11.0,,,2.0,8.0,,16.0,,,,,,,,0.7316254267415286,0.0020314307479615155,0.12253477414440087,0.003696075388652202,0.14011229297745675
2023-12-01,31143,34728.0,26094.0,114156525.43274784,105.0,6934104.523847161,4238.0,61533993.87300393,150.0,5988485.61796419,4141.0,46960517.07468555,26088.0,2121.0,177.0,143.0,1870.0,,2.0,1.0,2.0,,1.0,,,13.0,6.0,5.0,2.0,6.0,1.0,3.0,80.0,22.0,,11.0,2.0,1.0,6.0,5.0,,19.0,,,,,,,,0.7513821700069109,0.0030234968901174846,0.12203409352683714,0.004319281271596406,0.11924095830453812
2023-12-02,32835,36790.0,27025.0,111384182.4274295,133.0,12770602.615026146,4508.0,49530115.110468045,135.0,2572248.1625717427,4989.0,55023982.67178277,27023.0,2422.0,150.0,128.0,1867.0,,5.0,1.0,2.0,,3.0,,,24.0,2.0,2.0,6.0,1.0,,,99.0,20.0,1.0,25.0,,,7.0,4.0,,7.0,2.0,,,,,,,0.7345746126664855,0.0036151128023919543,0.12253329709160098,0.0036694754009241643,0.13560750203859745
2023-12-03,30543,34093.0,25367.0,99727052.56999089,119.0,10029404.169894367,4278.0,56797105.27886998,115.0,1914717.479297564,4214.0,39839986.519382864,25364.0,2315.0,211.0,108.0,1696.0,,4.0,,,,1.0,,,20.0,3.0,1.0,,1.0,,1.0,90.0,22.0,1.0,17.0,3.0,,8.0,6.0,,6.0,1.0,,,,,,,0.7440530314140733,0.0034904525855747512,0.1254803038746957,0.0033731264482445076,0.12360308567741178
2023-12-04,34518,38366.0,28790.0,169006251.6465231,236.0,25707879.9844984,5006.0,122360658.26085678,242.0,6609617.515197967,4092.0,54300665.66837585,28783.0,2603.0,180.0,215.0,2110.0,,4.0,1.0,7.0,,3.0,,,28.0,7.0,1.0,4.0,6.0,,,181.0,47.0,3.0,43.0,,2.0,9.0,17.0,,19.0,1.0,,,,,,,0.7504040035448053,0.006151279778970964,0.13048011259969766,0.0063076682479278525,0.10665693582859824
2023-12-05,34670,38301.0,28269.0,171131339.8917705,159.0,27629306.203721836,5686.0,156704448.82330343,284.0,10028125.042834556,3903.0,54260970.73000671,28267.0,3174.0,187.0,274.0,2238.0,,5.0,,1.0,,2.0,,,13.0,2.0,3.0,8.0,2.0,,1.0,126.0,37.0,,25.0,,1.0,4.0,9.0,,16.0,3.0,,,,,,,0.7380747238975484,0.004151327641575938,0.14845565389937598,0.007414950001305449,0.10190334456019425
2023-12-06,32324,35605.0,27312.0,152998525.4100965,83.0,12513395.108093001,4501.0,100861402.90292092,180.0,7578726.34090715,3529.0,54596229.94517435,27310.0,2258.0,170.0,176.0,2011.0,,1.0,2.0,,1.0,4.0,,1.0,10.0,2.0,4.0,4.0,5.0,,,50.0,25.0,,22.0,2.0,1.0,4.0,4.0,,8.0,1.0,,,,,,,0.7670832748209521,0.002331133267799466,0.12641482937789636,0.005055469737396433,0.09911529279595563
2023-12-07,31237,35297.0,25314.0,149288786.92958072,99.0,13601095.109111194,5266.0,99728753.88932964,164.0,7608627.839073341,4454.0,53491561.871547475,25309.0,3088.0,163.0,156.0,1920.0,,5.0,,,,3.0,,,30.0,5.0,2.0,5.0,3.0,,1.0,81.0,25.0,,12.0,1.0,,3.0,8.0,,22.0,1.0,,,,,,,0.7171714309998016,0.002804770943706264,0.14919114938946654,0.0046462872198770435,0.12618636144714848
2023-12-08,32832,36791.0,26627.0,121367506.66764244,190.0,16195047.874074932,5515.0,59899777.669709824,161.0,8156627.509965959,4298.0,42972303.114355445,26625.0,3053.0,236.0,142.0,2146.0,,9.0,,3.0,,3.0,,,10.0,2.0,1.0,16.0,2.0,,4.0,163.0,27.0,,13.0,1.0,1.0,11.0,16.0,,9.0,,,,,,,,0.7237367834524748,0.0051643064879997825,0.14990079095430947,0.0043760702345682365,0.11682204887064772
2023-12-09,31038,34916.0,25081.0,139657969.21969455,82.0,10675454.215399582,5295.0,131382137.1841579,109.0,3509227.7244086284,4349.0,40621865.76501652,25077.0,2534.0,206.0,98.0,2455.0,,7.0,,3.0,1.0,4.0,,,19.0,4.0,1.0,5.0,5.0,,,60.0,25.0,,10.0,2.0,,9.0,8.0,,29.0,5.0,,,,,,,0.7183239775461107,0.0023484935273227173,0.15164967350211936,0.003121777981441173,0.12455607744300608
2023-12-10,30151,34008.0,24501.0,91899015.03254715,146.0,10963194.390127625,4605.0,41166862.21188254,98.0,1723845.7962779053,4658.0,37044053.13059178,24500.0,2328.0,139.0,93.0,2061.0,,5.0,2.0,4.0,,7.0,,,19.0,1.0,2.0,2.0,3.0,,,109.0,22.0,,21.0,6.0,3.0,5.0,1.0,,15.0,2.0,,,,,,,0.7204481298517996,0.004293107504116678,0.135409315455187,0.002881674900023524,0.13696777228887322
2023-12-11,31793,36059.0,26045.0,155652986.03677768,192.0,14668325.238138773,5121.0,120912054.8929897,183.0,6385995.597635016,4518.0,58960145.91484761,26040.0,2633.0,210.0,165.0,2074.0,,5.0,5.0,3.0,1.0,5.0,,1.0,44.0,5.0,1.0,9.0,5.0,,1.0,159.0,53.0,,26.0,1.0,,5.0,15.0,,74.0,1.0,,,,,,,0.7222884716714274,0.005324606894256635,0.1420172495077512,0.005075015946088355,0.12529465598047645
2023-12-12,29875,33711.0,22782.0,115741900.4695142,118.0,6487262.557222883,6709.0,118281378.02724649,234.0,5041378.1835118765,3868.0,43030902.16915691,22780.0,2460.0,2095.0,226.0,2027.0,,5.0,4.0,,1.0,14.0,,,14.0,2.0,3.0,4.0,1.0,,1.0,90.0,45.0,,16.0,1.0,,8.0,8.0,,37.0,1.0,,,,,,,0.6758031503070214,0.003500341134941117,0.19901515825694877,0.0069413544540357745,0.1147399958470529
2023-12-13,32706,37087.0,22759.0,141411546.82728812,132.0,23400555.894706383,10497.0,137993271.96108967,145.0,5581676.946365195,3554.0,40798241.106122665,22756.0,2973.0,5304.0,134.0,2126.0,1.0,3.0,,1.0,,3.0,,2.0,19.0,3.0,,1.0,1.0,,1.0,116.0,35.0,,9.0,,1.0,6.0,10.0,,28.0,,,,,,,,0.6136651656914822,0.003559198641033246,0.28303718284034834,0.003909725779922884,0.0958287270472133
2023-12-14,31783,35234.0,25263.0,124848799.6243149,96.0,4918904.919299454,6223.0,132851272.21933751,132.0,7421791.52017633,3520.0,44245900.99746836,25259.0,2817.0,1118.0,124.0,2195.0,1.0,4.0,2.0,,,2.0,,,18.0,4.0,1.0,4.0,2.0,,,78.0,33.0,,8.0,2.0,,7.0,8.0,,26.0,1.0,,,,,,,0.7170063007322472,0.002724640971788613,0.17661917466083896,0.0037463813362093434,0.09990350229891581
2023-12-15,34519,38950.0,26946.0,146715340.99884087,109.0,3643157.7359692063,7075.0,102799509.2562237,123.0,2273662.153070713,4697.0,59149263.64398513,26944.0,3677.0,735.0,118.0,2564.0,1.0,3.0,,2.0,1.0,4.0,,,24.0,2.0,3.0,3.0,1.0,,,87.0,28.0,2.0,9.0,2.0,1.0,7.0,1.0,,33.0,1.0,,,,,,,0.6918100128369705,0.002798459563543004,0.1816431322207959,0.003157894736842105,0.12059050064184852
2023-12-16,32598,36479.0,24442.0,156581080.5751261,66.0,4208994.731599244,7510.0,267144241.50451165,80.0,2181903.3463904383,4381.0,61981936.094070874,24442.0,2609.0,716.0,73.0,4141.0,1.0,3.0,1.0,,1.0,1.0,,1.0,8.0,,,,2.0,,,53.0,13.0,1.0,8.0,,1.0,4.0,6.0,,13.0,,,,,,,,0.6700293319444064,0.0018092601222621234,0.20587187148770525,0.0021930425724389375,0.12009649387318731
2023-12-17,28690,31998.0,22440.0,118455363.72958949,104.0,18129985.273745745,5472.0,75461521.75843342,85.0,2392491.2143126316,3897.0,58832974.25982653,22434.0,2068.0,460.0,78.0,2878.0,,4.0,,1.0,,1.0,,,13.0,6.0,5.0,1.0,,,,67.0,21.0,,8.0,3.0,,21.0,6.0,,25.0,1.0,,,,,,,0.701293830864429,0.003250203137696106,0.1710106881680105,0.0026564160260016253,0.12178886180386274
2023-12-18,27178,30569.0,21869.0,144745604.09907067,132.0,6646713.631580002,4733.0,87819366.0382358,191.0,3702823.945996909,3644.0,63547886.034725495,21868.0,2439.0,422.0,180.0,1764.0,,5.0,1.0,1.0,,5.0,,1.0,23.0,1.0,27.0,4.0,6.0,,2.0,78.0,23.0,,16.0,5.0,,5.0,10.0,,37.0,1.0,1.0,,,,,,0.7153979521737708,0.004318100035984167,0.15483005659328078,0.006248159900552847,0.11920573129641139
2023-12-19,27311,30135.0,22057.0,126449086.4941674,123.0,13933598.841062322,4745.0,118605389.20954834,154.0,3818757.5444102506,3056.0,42501314.89062479,22057.0,2120.0,308.0,141.0,2205.0,11.0,5.0,2.0,3.0,,7.0,,,20.0,,18.0,7.0,4.0,,,74.0,33.0,,22.0,5.0,2.0,2.0,10.0,,22.0,1.0,,,,,,,0.7319396051103368,0.004081632653061225,0.15745810519329684,0.005110336817653891,0.10141032022565123
2023-12-20,25175,27678.0,20149.0,155926417.11152518,221.0,53175991.890326634,4601.0,132793250.68201804,163.0,5236002.333044357,2544.0,38798875.56138169,20143.0,2168.0,247.0,151.0,2110.0,1.0,3.0,,3.0,,5.0,,2.0,10.0,6.0,4.0,1.0,4.0,,1.0,167.0,35.0,,38.0,6.0,6.0,,9.0,,14.0,,,,,,,,0.7279789002095527,0.007984680974058819,0.16623310932870872,0.005889153840595419,0.09191415564708433
2023-12-21,28693,31749.0,22542.0,133346851.63700293,213.0,20098408.58018531,5303.0,77194363.42018636,174.0,3567020.521676951,3517.0,45437042.41093866,22538.0,2929.0,275.0,168.0,2008.0,2.0,6.0,1.0,,,2.0,,,14.0,4.0,5.0,3.0,,,,170.0,44.0,,28.0,3.0,3.0,3.0,6.0,1.0,19.0,,,,,,,,0.7100066143815553,0.006708872720400642,0.16702888279945824,0.0054804875744117925,0.11077514252417399
2023-12-22,27140,30638.0,21339.0,126618026.40527365,142.0,14442498.65391598,4930.0,80214735.4463826,212.0,3843516.097230259,4015.0,59990189.22364822,21336.0,2515.0,215.0,198.0,2095.0,1.0,9.0,,2.0,1.0,1.0,,1.0,20.0,3.0,6.0,1.0,,,4.0,98.0,44.0,,31.0,2.0,,5.0,12.0,,21.0,2.0,,,,,,,0.6964880214113193,0.004634767282459691,0.16091128663750898,0.006919511717475031,0.13104641295123703
2023-12-23,27254,31300.0,21459.0,101841787.28537753,168.0,18492688.636396434,4463.0,58791397.783853926,126.0,1467217.7630897772,5084.0,50052847.997595794,21437.0,2308.0,202.0,121.0,1865.0,2.0,1.0,,2.0,,7.0,,,15.0,22.0,13.0,7.0,1.0,1.0,1.0,96.0,33.0,1.0,56.0,2.0,,,2.0,,18.0,2.0,1.0,,,,,,0.6855910543130991,0.00536741214057508,0.14258785942492014,0.00402555910543131,0.16242811501597443
2023-12-24,24931,28690.0,19389.0,96525319.0732847,235.0,26916213.097897798,4462.0,52543890.434013836,106.0,3329000.3576264023,4498.0,45561990.15333272,19328.0,2188.0,253.0,102.0,1932.0,2.0,4.0,1.0,,,3.0,,,17.0,61.0,9.0,1.0,1.0,,1.0,144.0,36.0,,73.0,1.0,,8.0,4.0,,23.0,,,,,,,,0.6758103868943883,0.008191007319623562,0.15552457302195888,0.0036946671314046706,0.1567793656326246
2023-12-25,23982,27869.0,18609.0,94892242.97009055,100.0,16264800.052836599,4473.0,60219982.46652459,143.0,4752040.586894078,4544.0,52624623.052217975,18507.0,2101.0,201.0,139.0,2079.0,3.0,3.0,1.0,1.0,2.0,3.0,,,13.0,102.0,10.0,3.0,8.0,,,58.0,35.0,1.0,31.0,,,1.0,2.0,,21.0,,,,,,,,0.6677311708349779,0.003588216297678424,0.1605009149951559,0.005131149305680147,0.16304854856650758
2023-12-26,27058,31884.0,20680.0,125612211.90307389,125.0,11403058.021478126,5554.0,64675841.4996377,182.0,2400713.4141844497,5343.0,67953027.87385559,20678.0,2804.0,403.0,174.0,2185.0,,2.0,3.0,1.0,,13.0,,1.0,30.0,2.0,2.0,11.0,2.0,,3.0,90.0,48.0,2.0,26.0,1.0,1.0,5.0,5.0,,48.0,1.0,,,,,,,0.6486011792748714,0.003920461673566679,0.1741939530799147,0.005708192196713085,0.16757621377493415
2023-12-27,27021,31481.0,21239.0,144947167.67620155,132.0,12360323.39309863,5368.0,95897510.10753849,164.0,4302716.869227617,4578.0,64018978.36618831,21231.0,2515.0,387.0,148.0,2353.0,1.0,9.0,3.0,1.0,3.0,3.0,,1.0,22.0,8.0,3.0,9.0,3.0,,1.0,86.0,43.0,2.0,34.0,2.0,,7.0,13.0,,14.0,,,1.0,,,,,0.6746609065785713,0.004193005304787015,0.1705155490613386,0.005209491439280836,0.14542104761602237
2023-12-28,28042,32704.0,21443.0,177197282.238582,169.0,20038489.646555424,6035.0,201076040.68509066,192.0,12139930.89155384,4865.0,75782310.35434978,21437.0,2809.0,515.0,180.0,2568.0,1.0,3.0,4.0,2.0,1.0,6.0,,,33.0,6.0,4.0,10.0,5.0,,2.0,117.0,36.0,2.0,35.0,6.0,,7.0,8.0,,42.0,,,,,,,,0.6556690313111546,0.005167563600782779,0.18453400195694716,0.005870841487279843,0.1487585616438356
2023-12-29,26263,30392.0,20191.0,137581533.01756778,152.0,10193505.023749474,5239.0,108005519.3764915,146.0,6636585.43639987,4664.0,58992568.98010784,20181.0,2475.0,503.0,139.0,2062.0,,9.0,1.0,,2.0,2.0,,2.0,35.0,10.0,5.0,1.0,7.0,,1.0,98.0,78.0,,40.0,3.0,,6.0,7.0,,56.0,5.0,,,,,,,0.6643524611739932,0.005001316135825217,0.17238088970781784,0.004803895762042642,0.15346143722032113
2023-12-30,22413,26222.0,16773.0,69628259.29565474,140.0,13167682.403140685,4821.0,44409491.582172096,151.0,4736892.602165566,4337.0,43850988.2096507,16766.0,2297.0,551.0,144.0,1857.0,,4.0,,2.0,1.0,6.0,,2.0,25.0,7.0,3.0,5.0,3.0,,2.0,88.0,48.0,,43.0,3.0,,3.0,5.0,,17.0,3.0,,,,,,,0.6396537258790329,0.005339028296849973,0.18385325299366945,0.005758523377316757,0.16539546945313097
2023-12-31,22996,26742.0,17606.0,87371568.52699418,125.0,7784194.9653458875,4748.0,67061676.93407794,111.0,3522389.068507447,4152.0,36227469.12556658,17603.0,2347.0,484.0,101.0,1791.0,1.0,2.0,1.0,2.0,1.0,3.0,,,18.0,3.0,2.0,6.0,2.0,,1.0,86.0,54.0,2.0,29.0,2.0,,6.0,6.0,,35.0,1.0,,1.0,,,,,0.6583651185401241,0.004674295116296462,0.17754842569740484,0.004150774063271258,0.1552613865829033
2024-01-01,24700,29547.0,18635.0,2494110696.602937,161.0,14826409.201615086,5362.0,71979719.9621086,177.0,3343755.9031535075,5212.0,8677545705.281368,18633.0,2658.0,475.0,164.0,2096.0,,5.0,,2.0,,2.0,,,32.0,2.0,2.0,7.0,6.0,,5.0,115.0,45.0,,35.0,8.0,,1.0,11.0,,29.0,2.0,,,,,,,0.6306900869800657,0.00544894574745321,0.18147358445865908,0.005990455883846076,0.17639692692997597
2024-01-02,29264,34662.0,22335.0,124696658.36669712,181.0,20071229.974078264,6261.0,102893609.43906702,224.0,4487379.201793887,5661.0,57584375.12555078,22272.0,3040.0,553.0,205.0,2508.0,,9.0,,3.0,,2.0,,,30.0,63.0,9.0,4.0,12.0,,5.0,115.0,67.0,,41.0,5.0,1.0,9.0,16.0,1.0,31.0,,,,,,,,0.644365587675264,0.005221856788413825,0.18063008481911028,0.006462408401130921,0.163320062316081
2024-01-03,28728,33950.0,22039.0,184862908.17161095,149.0,7985355.368605508,5749.0,141745464.87320295,242.0,9520234.641915387,5771.0,81728083.26785459,21997.0,2677.0,586.0,211.0,2296.0,,8.0,5.0,2.0,,4.0,,1.0,31.0,42.0,7.0,5.0,5.0,,3.0,92.0,69.0,,40.0,,,10.0,29.0,,57.0,2.0,,,,,,,0.649160530191458,0.004388807069219441,0.16933726067746685,0.0071281296023564065,0.16998527245949926
2024-01-04,29570,34979.0,22140.0,124459456.37794629,122.0,5178969.16561,6486.0,134070084.1802772,325.0,10097392.451897264,5906.0,53378674.389229,22135.0,2952.0,560.0,274.0,2841.0,,6.0,1.0,4.0,2.0,4.0,,2.0,21.0,5.0,4.0,,4.0,,,95.0,68.0,1.0,15.0,2.0,1.0,4.0,46.0,,23.0,1.0,1.0,1.0,,,,,0.6329511992910032,0.0034878069698962236,0.18542554103890907,0.009291289059149775,0.16884416364104177
2024-01-05,26440,30680.0,19748.0,134922256.94191545,165.0,12046238.669287175,6057.0,160061407.05331984,237.0,4591506.373247079,4473.0,49435973.63209321,19743.0,2907.0,668.0,197.0,2315.0,,9.0,,,,11.0,1.0,,26.0,5.0,5.0,9.0,9.0,,1.0,116.0,68.0,,31.0,3.0,2.0,7.0,39.0,,33.0,1.0,1.0,,,,,,0.6436766623207301,0.005378096479791395,0.19742503259452412,0.00772490221642764,0.14579530638852672
2024-01-06,22933,26535.0,17334.0,82152912.66826916,106.0,9014362.703268684,4457.0,42852738.25010542,173.0,6467342.991625113,4465.0,40529140.505215675,17332.0,2002.0,458.0,138.0,1905.0,,6.0,1.0,1.0,1.0,6.0,,,12.0,2.0,7.0,1.0,1.0,,1.0,66.0,36.0,2.0,22.0,,2.0,9.0,32.0,,25.0,1.0,,1.0,,,,,0.6532504239683437,0.00399472394950066,0.16796683625400416,0.006519690974185039,0.16826832485396645
2024-01-07,19055,22063.0,14255.0,74152798.24761112,61.0,4292608.237955611,4059.0,60081977.66723902,188.0,7919905.969750198,3500.0,37407204.10438128,14253.0,1710.0,307.0,169.0,1967.0,,2.0,,1.0,,3.0,,1.0,7.0,2.0,2.0,6.0,6.0,,2.0,40.0,31.0,,8.0,,2.0,9.0,18.0,,17.0,,,,,,,,0.6461043375787517,0.002764809862666002,0.18397316774690659,0.008521053347232924,0.15863663146444273
2024-01-08,27875,33123.0,21085.0,147645280.8895392,121.0,12676653.707195839,6397.0,119878196.21137579,362.0,17897622.251379702,5158.0,70881960.23877282,21081.0,2744.0,692.0,289.0,2762.0,1.0,10.0,,2.0,,2.0,,2.0,37.0,4.0,5.0,6.0,13.0,,2.0,94.0,73.0,,10.0,1.0,1.0,9.0,71.0,,43.0,10.0,1.0,,,,,,0.6365667361048214,0.003653050750233976,0.19312864172931196,0.01092896174863388,0.15572260966699877
2024-01-09,27931,33116.0,21303.0,143532767.15492696,168.0,15291681.971363006,5942.0,140322659.05339333,464.0,35056098.09014477,5239.0,61144421.66929942,21299.0,2738.0,569.0,411.0,2406.0,3.0,5.0,4.0,1.0,,2.0,,1.0,27.0,4.0,8.0,7.0,31.0,,1.0,132.0,111.0,,22.0,2.0,,4.0,52.0,,36.0,1.0,,,,,,,0.6432842130692112,0.005073076458509481,0.17942988283609132,0.014011354028264283,0.15820147360792366
2024-01-10,24716,29248.0,18695.0,161962133.02382094,146.0,30413503.85966417,5576.0,171165968.9607037,464.0,14819371.456057273,4367.0,65849872.12644494,18694.0,2653.0,521.0,415.0,2199.0,,9.0,1.0,,,1.0,1.0,1.0,36.0,1.0,7.0,3.0,25.0,,2.0,111.0,80.0,,20.0,2.0,1.0,4.0,48.0,,42.0,3.0,1.0,,,,,,0.6391890043763676,0.004991794310722101,0.19064551422319476,0.01586433260393873,0.1493093544857768
2024-01-11,28247,32848.0,21930.0,152483274.25846374,216.0,22254672.398271922,5811.0,113158627.53013611,388.0,22250056.478950996,4503.0,54704026.052998595,21920.0,2994.0,431.0,348.0,2207.0,,3.0,,6.0,2.0,3.0,,,52.0,10.0,9.0,1.0,30.0,,,158.0,59.0,,35.0,,4.0,9.0,34.0,,29.0,,1.0,,,,,,0.6676205552849489,0.006575742815392109,0.1769057476863127,0.011811982464685825,0.1370859717486605
2024-01-12,25378,30189.0,18847.0,142260088.1901962,292.0,35017650.10794709,6047.0,184535706.6606412,430.0,38176293.3659687,4573.0,64637867.08530768,18844.0,3068.0,551.0,378.0,2200.0,,18.0,,,,3.0,2.0,1.0,48.0,3.0,6.0,2.0,8.0,,4.0,241.0,76.0,,21.0,,5.0,15.0,50.0,,66.0,2.0,4.0,,,,,,0.6243002418099308,0.009672397230779423,0.20030474676206567,0.01424359866176422,0.15147901553545995
2024-01-13,25816,30527.0,19547.0,95956558.59599225,194.0,5409534.560598367,5172.0,116419112.88425823,254.0,11368769.049775384,5360.0,50360927.77846602,19544.0,2653.0,463.0,233.0,1952.0,,1.0,,1.0,,18.0,,1.0,24.0,3.0,5.0,4.0,3.0,,2.0,143.0,35.0,,30.0,,4.0,11.0,20.0,,14.0,2.0,1.0,,,,,,0.6403184066564025,0.006355029973466112,0.1694237887771481,0.008320503161136044,0.1755822714318472
2024-01-14,22333,26074.0,17040.0,92251480.28315996,89.0,13815401.780587452,4116.0,76308509.42822129,181.0,23920738.679773476,4648.0,48648679.07700554,17036.0,1907.0,638.0,159.0,1495.0,,1.0,,1.0,,6.0,,,13.0,4.0,3.0,1.0,1.0,,1.0,76.0,32.0,,6.0,1.0,,1.0,21.0,,20.0,1.0,2.0,,,,,,0.6535245838766588,0.0034133619697783234,0.15785840300682671,0.006941781084605354,0.17826187006213084
2024-01-15,25559,29591.0,19654.0,96943977.95270737,141.0,13079257.25687841,5084.0,119260193.17386962,176.0,4320582.22837184,4536.0,46298437.870752946,19652.0,2345.0,775.0,131.0,1870.0,,2.0,,9.0,,7.0,,,26.0,2.0,6.0,1.0,3.0,,1.0,114.0,32.0,,13.0,4.0,3.0,1.0,36.0,,22.0,,,,,,,,0.6641884356730087,0.00476496231962421,0.171808995978507,0.005947754384779156,0.15328985164408096
2024-01-16,31530,36545.0,25653.0,127739464.23706725,107.0,15668128.701126322,3995.0,62293796.02299151,141.0,8557651.554770589,6649.0,70739145.35136384,25648.0,2088.0,359.0,129.0,1471.0,,1.0,1.0,1.0,,7.0,,1.0,16.0,5.0,8.0,1.0,2.0,,,81.0,38.0,,13.0,,,5.0,11.0,,9.0,1.0,,,,,,,0.701956491996169,0.0029278971131481736,0.10931728006567246,0.003858256943494322,0.18194007388151595
2024-01-17,30640,36091.0,24841.0,115984333.51980452,111.0,16143819.593635269,3437.0,105717426.97381914,98.0,5884797.839977809,7604.0,81492107.78101419,24839.0,1707.0,280.0,91.0,1390.0,,3.0,1.0,,,6.0,,1.0,6.0,2.0,7.0,,3.0,,,75.0,28.0,,20.0,,6.0,3.0,7.0,,12.0,,,,,,,,0.6882879388213128,0.003075559003629714,0.09523149815743537,0.0027153583996010087,0.21068964561802112
2024-01-18,28341,32500.0,22736.0,132341392.98772444,115.0,8403556.825246044,3917.0,137767121.325394,125.0,5775845.484060009,5607.0,63012242.00834804,22731.0,1814.0,327.0,119.0,1689.0,,1.0,1.0,2.0,,3.0,,1.0,24.0,5.0,6.0,1.0,3.0,,1.0,79.0,35.0,,20.0,2.0,3.0,3.0,4.0,,17.0,,2.0,,,,,,0.6995692307692307,0.0035384615384615385,0.12052307692307693,0.0038461538461538464,0.17252307692307692
2024-01-19,35718,41011.0,27740.0,164927139.42288366,107.0,9296952.844766174,7001.0,120366858.01353785,156.0,10856455.213616492,6007.0,71701021.86639923,27732.0,4493.0,341.0,139.0,2066.0,1.0,5.0,2.0,2.0,1.0,11.0,,,17.0,8.0,7.0,2.0,7.0,1.0,2.0,72.0,36.0,,13.0,,10.0,5.0,15.0,,15.0,1.0,,,,,,,0.6764038916388286,0.0026090561068981494,0.17071029723732656,0.0038038575016459,0.14647289751530077
2024-01-20,28547,33861.0,21084.0,76740424.0408495,136.0,5045641.508736359,5855.0,82345546.98565026,146.0,2743314.599568612,6640.0,49206017.63251589,21080.0,3554.0,397.0,139.0,1835.0,,3.0,7.0,2.0,,5.0,1.0,,17.0,4.0,6.0,2.0,3.0,,,98.0,23.0,,21.0,,7.0,4.0,4.0,,8.0,1.0,,,,,,,0.6226632408966067,0.004016420070287351,0.17291279052597383,0.004311745075455539,0.19609580343167657
2024-01-21,28955,34046.0,21666.0,94935215.09114666,107.0,10221219.96838976,5809.0,65470009.1138516,111.0,6299391.088613108,6353.0,49925906.05522144,21666.0,3415.0,327.0,109.0,1990.0,1.0,4.0,1.0,,,8.0,1.0,,21.0,,2.0,6.0,1.0,,1.0,82.0,27.0,,21.0,,,2.0,1.0,,7.0,,,,,,,,0.6363743171003936,0.0031428067908124305,0.17062209951242438,0.003260294895141867,0.18660048170122776
2024-01-22,30607,37405.0,22558.0,160247894.23224565,113.0,9191642.144985447,7045.0,160171992.7898237,396.0,30546396.672556564,7293.0,83255912.10618937,22549.0,3777.0,551.0,379.0,2498.0,,9.0,7.0,1.0,,11.0,,2.0,38.0,9.0,6.0,7.0,6.0,,3.0,77.0,65.0,,18.0,1.0,2.0,7.0,16.0,1.0,34.0,37.0,1.0,,,,,,0.6030744552867263,0.003020986499131132,0.1883438043042374,0.010586819943857772,0.1949739339660473
2024-01-23,30729,37324.0,22971.0,183106698.34246752,202.0,32678400.119544275,7095.0,205654064.9780198,286.0,22190642.648584854,6770.0,83779696.14865026,22970.0,3636.0,509.0,276.0,2677.0,,6.0,9.0,1.0,1.0,6.0,,2.0,42.0,1.0,10.0,13.0,8.0,,1.0,141.0,139.0,,27.0,8.0,6.0,9.0,9.0,,42.0,4.0,1.0,,,,,,0.6154485049833887,0.005412067302539921,0.19009216589861752,0.0076626299432000855,0.1813846318722538
2024-01-24,29370,35271.0,21891.0,113724165.56180163,166.0,8471228.295068387,6395.0,89734742.20353591,221.0,5648331.500239998,6598.0,68388246.48022026,21890.0,3324.0,347.0,209.0,2523.0,2.0,4.0,1.0,2.0,1.0,4.0,,1.0,57.0,1.0,6.0,6.0,5.0,2.0,1.0,108.0,97.0,,21.0,10.0,11.0,5.0,10.0,,17.0,3.0,5.0,,,,,,0.6206515267500212,0.004706416035836806,0.1813104249950384,0.006265770746505628,0.18706586147259788
2024-01-25,27822,32802.0,21011.0,132490533.46778375,90.0,19236422.669416934,6002.0,133833982.08248205,252.0,8083053.871386815,5447.0,69081225.77004535,21009.0,3549.0,409.0,247.0,1911.0,1.0,7.0,,1.0,1.0,3.0,,1.0,24.0,2.0,1.0,4.0,1.0,,,67.0,75.0,,12.0,2.0,3.0,4.0,4.0,,14.0,1.0,1.0,1.0,,,,,0.6405402109627462,0.0027437351381013352,0.18297664776538017,0.0076824583866837385,0.1660569477470886
2024-01-26,30452,36971.0,23067.0,120455063.69126625,117.0,7679967.818323548,6305.0,109620178.6523318,274.0,5106393.618231396,7208.0,79966109.4994618,23065.0,3121.0,863.0,264.0,2195.0,,4.0,,,,1.0,1.0,1.0,23.0,2.0,4.0,12.0,9.0,,,87.0,61.0,,18.0,1.0,1.0,4.0,9.0,,11.0,4.0,2.0,,,,,,0.6239214519488248,0.0031646425576803442,0.1705390711638852,0.007411214194909524,0.19496362013470017
2024-01-27,24100,28983.0,17813.0,85533606.687825,73.0,3731093.946833245,5857.0,48385521.99678822,165.0,2596762.7605137145,5075.0,45777972.32755227,17810.0,2731.0,1164.0,162.0,1873.0,,4.0,1.0,,,3.0,,,16.0,3.0,,6.0,2.0,2.0,2.0,64.0,40.0,,7.0,,1.0,1.0,3.0,,5.0,8.0,,,,,,,0.6146016630438533,0.0025187178690956767,0.20208398026429286,0.005692992443846393,0.17510264637891176
2024-01-28,26022,31666.0,18869.0,77275090.20746991,127.0,9525982.151472861,7137.0,53083007.49051662,174.0,3734345.7711792164,5359.0,42897320.07628013,18867.0,3169.0,1746.0,158.0,2108.0,1.0,5.0,1.0,2.0,,3.0,,2.0,14.0,2.0,10.0,3.0,3.0,,4.0,95.0,57.0,,20.0,1.0,,1.0,14.0,,18.0,3.0,,,,,,,0.5958757026463715,0.0040106107496999934,0.2253836922882587,0.005494852523211015,0.1692351417924588
2024-01-29,28418,35036.0,19870.0,136543616.55569586,184.0,11597396.58770094,9030.0,145420224.4308085,211.0,11232512.672412317,5741.0,91170343.35715175,19867.0,3642.0,3190.0,202.0,2062.0,1.0,7.0,3.0,,,5.0,,,22.0,3.0,11.0,3.0,10.0,1.0,,143.0,61.0,,24.0,1.0,2.0,2.0,9.0,1.0,19.0,3.0,,1.0,,,,,0.5671309510218061,0.005251741066331773,0.2577349012444343,0.006022376983673935,0.16386002968375385
2024-01-30,28362,33326.0,22020.0,129629712.87000628,83.0,9906867.724099766,5934.0,99749620.85335328,177.0,4906985.658680651,5112.0,68099608.44972335,22016.0,2468.0,1547.0,175.0,1756.0,,6.0,12.0,1.0,,3.0,,,31.0,4.0,4.0,,4.0,,56.0,62.0,34.0,,14.0,,1.0,2.0,1.0,,16.0,1.0,,,,,,,0.6607453639800757,0.0024905479205425195,0.17805917301806398,0.005311168457060553,0.15339374662425734
2024-01-31,29162,34022.0,23085.0,135023037.31835034,94.0,10690233.811190655,5069.0,94202814.97382946,173.0,6985522.551982605,5601.0,61823019.96307296,23082.0,2315.0,915.0,163.0,1722.0,3.0,6.0,3.0,1.0,1.0,3.0,,,30.0,3.0,6.0,3.0,4.0,1.0,2.0,64.0,34.0,,13.0,4.0,3.0,3.0,9.0,,26.0,1.0,1.0,,,,,,0.6785315384163189,0.0027629181118100053,0.14899182881664805,0.005084945035565222,0.16462876961965786
2024-02-01,23391,27540.0,18343.0,119496947.60594618,197.0,17621059.642490126,4220.0,83277275.49935608,133.0,8341842.035956156,4647.0,47795683.97623286,18341.0,2038.0,656.0,126.0,1440.0,,7.0,,,2.0,6.0,,,11.0,2.0,29.0,1.0,,,2.0,113.0,41.0,,48.0,,3.0,1.0,7.0,,13.0,2.0,3.0,1.0,,,,,0.6660493827160494,0.007153231663035584,0.1532316630355846,0.004829339143064633,0.1687363834422658
2024-02-02,25835,30201.0,19992.0,115395410.03481278,208.0,13623832.051986624,4705.0,60822210.11109472,121.0,3007225.7946752957,5175.0,57782396.86429147,19992.0,2065.0,797.0,111.0,1726.0,,7.0,3.0,1.0,,2.0,,,26.0,,35.0,4.0,3.0,,1.0,88.0,46.0,1.0,72.0,1.0,7.0,3.0,8.0,,22.0,3.0,2.0,,,,,,0.6619648356014701,0.0068871891659216585,0.1557895433926029,0.0040064898513294265,0.17135194198867587
2024-02-03,24467,28453.0,18542.0,81074942.17738792,178.0,14912438.106473276,3775.0,69711813.61037455,74.0,1902738.7589794705,5884.0,52367088.37480083,18542.0,1817.0,515.0,68.0,1399.0,,,1.0,,,1.0,,,15.0,,25.0,4.0,1.0,,,83.0,15.0,1.0,46.0,2.0,15.0,1.0,5.0,1.0,6.0,1.0,5.0,,,,,,0.6516711770287843,0.006255930833304045,0.13267493761642007,0.002600780234070221,0.20679717428742136
2024-02-04,22570,26338.0,16754.0,68281042.88184844,179.0,16704112.851891587,4302.0,29845020.33312678,103.0,1874974.4025315319,5000.0,38599545.69829631,16753.0,2268.0,392.0,98.0,1566.0,,,2.0,3.0,,3.0,,,10.0,1.0,31.0,4.0,4.0,,2.0,90.0,39.0,,45.0,1.0,7.0,2.0,2.0,,12.0,,3.0,,,,,,0.6361151188396993,0.00679626395322348,0.16333814260763915,0.003910699369731947,0.18983977522970613
2024-02-05,22844,26167.0,17289.0,92386678.21506262,313.0,26782287.861999165,4350.0,44830319.57809648,111.0,2816848.3489998206,4104.0,34450065.34837259,17288.0,1944.0,476.0,102.0,1848.0,2.0,2.0,1.0,,,4.0,,,19.0,1.0,31.0,,1.0,,1.0,178.0,35.0,,90.0,4.0,7.0,2.0,9.0,,15.0,2.0,1.0,,,,,,0.6607176978637215,0.011961631062024688,0.16623992051056674,0.004241984178545496,0.1568387663851416
2024-02-06,22598,26277.0,17319.0,94759762.44176151,198.0,14462393.039566536,4720.0,62064582.334715955,98.0,4471696.323957702,3942.0,45532483.28045236,17318.0,2266.0,732.0,94.0,1632.0,,9.0,2.0,,,2.0,,,26.0,1.0,5.0,4.0,1.0,,1.0,108.0,30.0,,68.0,3.0,4.0,4.0,4.0,,11.0,4.0,6.0,,,,,,0.6590935038246375,0.007535106747345587,0.17962476690642007,0.00372949727898923,0.1500171252426076
2024-02-07,21477,24418.0,16392.0,102277132.65166792,206.0,11411781.13492868,4029.0,66631384.788179316,84.0,4397650.938105227,3707.0,45073087.46949336,16391.0,2412.0,397.0,80.0,1149.0,,9.0,1.0,,,1.0,,,25.0,1.0,9.0,1.0,6.0,1.0,,97.0,21.0,,84.0,1.0,8.0,2.0,4.0,,5.0,1.0,5.0,,,,,,0.6713080514374642,0.008436399377508395,0.1650012286018511,0.003440085183061676,0.15181423540011468
2024-02-08,23364,26336.0,18997.0,118110925.05431518,191.0,14800430.965182362,3200.0,51536571.27000689,107.0,5978583.619391839,3841.0,44509266.1114827,18996.0,1680.0,402.0,99.0,1070.0,,2.0,,1.0,,,,,22.0,1.0,25.0,5.0,3.0,,,97.0,10.0,,61.0,2.0,2.0,,7.0,,5.0,1.0,4.0,,,,,,0.7213320170109356,0.0072524301336573515,0.12150668286755771,0.004062879708383961,0.14584599027946538
2024-02-09,21330,24083.0,17107.0,114106376.79338418,181.0,19813530.5975184,3535.0,70806321.82829279,151.0,7416350.227119695,3109.0,38808328.37090516,17107.0,1701.0,285.0,143.0,1499.0,1.0,3.0,,,,,,,10.0,,21.0,1.0,,1.0,,106.0,26.0,,31.0,10.0,6.0,1.0,8.0,,7.0,1.0,6.0,,,,,,0.71033509114313,0.007515674957438857,0.1467840385334053,0.006269982975542914,0.1290952123904829
2024-02-10,23237,26746.0,18083.0,92773633.44015574,122.0,8553144.946713965,4358.0,47079320.40203877,73.0,3582993.283536983,4110.0,43616462.460685804,18082.0,2012.0,442.0,71.0,1853.0,,3.0,1.0,,1.0,2.0,,,8.0,1.0,7.0,5.0,1.0,,2.0,55.0,21.0,1.0,39.0,4.0,1.0,,1.0,,5.0,1.0,16.0,1.0,,,,,0.6761010992297913,0.00456142974650415,0.16294025274807447,0.0027293800942196963,0.1536678381814103
2024-02-11,25392,29254.0,19780.0,105956621.108693,152.0,13573523.518573465,4764.0,162218631.31620336,159.0,12137551.744758895,4399.0,40995395.10519605,19776.0,2666.0,335.0,151.0,1714.0,,4.0,,1.0,,3.0,,,5.0,4.0,6.0,,1.0,1.0,2.0,90.0,28.0,,38.0,4.0,1.0,,7.0,,5.0,,13.0,,,,,,0.6761468517125863,0.005195870650167499,0.16284952485130239,0.005435154166951528,0.15037259861899227
2024-02-12,24187,27785.0,18762.0,114059222.87445755,155.0,15239817.41816966,4307.0,92930032.1884722,160.0,3787382.8565343255,4401.0,42847027.16637953,18761.0,2302.0,322.0,156.0,1617.0,,3.0,,1.0,,1.0,,2.0,10.0,1.0,3.0,3.0,1.0,,1.0,106.0,28.0,,35.0,3.0,2.0,3.0,3.0,,16.0,1.0,3.0,,,,,,0.6752564333273349,0.005578549577109951,0.15501169695879072,0.005758502789274788,0.15839481734748964
2024-02-13,27576,31623.0,22067.0,121038530.55925763,192.0,20644460.844228916,4830.0,89896531.10602082,167.0,12300493.347290179,4367.0,52563745.75142262,22066.0,2424.0,355.0,164.0,1960.0,2.0,2.0,3.0,,1.0,3.0,,,15.0,1.0,3.0,11.0,2.0,,,118.0,45.0,,58.0,2.0,2.0,1.0,3.0,,6.0,1.0,8.0,,,,,,0.6978148815735382,0.0060715302153495875,0.15273693197988805,0.005280966385225943,0.13809568984599815
2024-02-14,30342,35533.0,23758.0,160091874.28511482,187.0,71554428.1686661,5382.0,82821670.48138662,219.0,10577747.424084518,5987.0,82424185.32664762,23756.0,2745.0,513.0,210.0,2004.0,,8.0,1.0,,1.0,1.0,,2.0,38.0,2.0,3.0,3.0,4.0,,1.0,118.0,48.0,,52.0,1.0,4.0,6.0,9.0,,12.0,1.0,3.0,,,,,,0.6686179044831565,0.005262713533898067,0.1514648355050235,0.006163284833816452,0.16849126164410547
2024-02-15,27800,31798.0,22117.0,128731777.84130308,147.0,21643751.771912254,4967.0,81693911.4325712,205.0,9528238.536044171,4362.0,57914247.19858904,22116.0,2684.0,353.0,192.0,1835.0,1.0,4.0,3.0,1.0,,1.0,,1.0,21.0,1.0,5.0,6.0,1.0,,,66.0,44.0,,59.0,1.0,4.0,2.0,12.0,,10.0,2.0,10.0,1.0,,,,,0.6955468897414931,0.004622932259890559,0.15620479275426127,0.00644694634882697,0.13717843889552803
2024-02-16,30839,35688.0,24020.0,115057491.72605549,127.0,13487310.768188944,5640.0,114670890.39584751,190.0,7314874.75274156,5711.0,61873142.25281494,24018.0,3039.0,351.0,179.0,2129.0,,4.0,1.0,1.0,,1.0,1.0,,35.0,2.0,5.0,5.0,1.0,,,71.0,36.0,1.0,43.0,2.0,2.0,1.0,8.0,,21.0,13.0,3.0,4.0,,,,,0.673055368751401,0.0035586191436897557,0.15803631472763954,0.005323918403945304,0.16002577897332437
2024-02-17,28623,33152.0,22690.0,96426319.64993557,121.0,17990660.630242277,4897.0,47146665.67045698,103.0,2559331.205449033,5341.0,53139380.33087984,22685.0,2489.0,321.0,99.0,1988.0,,2.0,2.0,,2.0,4.0,,,23.0,5.0,3.0,17.0,,,,48.0,29.0,1.0,61.0,1.0,1.0,2.0,3.0,,13.0,3.0,5.0,4.0,,,,,0.6844232625482626,0.0036498552123552124,0.14771356177606176,0.0031069015444015443,0.16110641891891891
2024-02-18,32532,37785.0,25689.0,121734279.2634229,98.0,9083492.904878266,6232.0,62382419.63170975,169.0,5491107.1687139915,5597.0,64227464.92467364,25684.0,3182.0,381.0,165.0,2597.0,,10.0,,,,1.0,,,18.0,5.0,2.0,5.0,2.0,,,47.0,23.0,,34.0,1.0,1.0,7.0,4.0,,11.0,1.0,6.0,1.0,,,,,0.6798729654624851,0.0025936218075956067,0.16493317454016143,0.004472674341669975,0.14812756384808787
2024-02-19,33991,38701.0,27048.0,151904867.2409436,145.0,14073637.058405165,6545.0,129643851.5778813,172.0,11229302.673595736,4791.0,64623566.23377568,27046.0,3610.0,492.0,169.0,2356.0,,5.0,,,4.0,3.0,,,18.0,2.0,5.0,10.0,5.0,,,72.0,26.0,,56.0,3.0,3.0,4.0,3.0,,9.0,5.0,2.0,2.0,,,,,0.6988966693367097,0.0037466732125784863,0.1691170770781117,0.004444329603886204,0.12379525076871399
2024-02-20,29938,33740.0,23570.0,153000626.08779308,175.0,22269361.252588365,5596.0,134005569.6854017,162.0,7822894.147633633,4237.0,55653456.28731952,23569.0,2904.0,399.0,160.0,2196.0,,4.0,,,,10.0,,,20.0,1.0,8.0,8.0,2.0,,,88.0,23.0,,73.0,1.0,1.0,2.0,2.0,,20.0,5.0,2.0,5.0,,,,,0.6985773562537048,0.005186721991701245,0.16585655008891523,0.0048014226437462955,0.12557794902193242
2024-02-21,27205,30370.0,21669.0,146758618.90346462,160.0,21822479.815417744,4872.0,106701287.10028526,147.0,6786790.185958918,3522.0,50688589.83368976,21664.0,2357.0,323.0,144.0,2085.0,,6.0,1.0,,,2.0,,,22.0,5.0,4.0,4.0,2.0,,,75.0,44.0,,63.0,3.0,1.0,6.0,3.0,,20.0,,8.0,6.0,,,,,0.7135001646361541,0.005268356931182087,0.16042146855449457,0.004840302930523543,0.1159697069476457
2024-02-22,24952,28048.0,19891.0,126913391.4821186,134.0,37173887.94610697,4400.0,113996065.85755023,110.0,7163861.717708641,3513.0,46904025.07514995,19888.0,2099.0,343.0,110.0,1840.0,,4.0,1.0,,1.0,1.0,,,45.0,3.0,8.0,8.0,2.0,,,59.0,37.0,,46.0,,10.0,8.0,,,13.0,2.0,3.0,4.0,,,,,0.7091771249286937,0.004777524244152881,0.15687393040501996,0.003921848260125499,0.125249572162008
2024-02-23,26461,29839.0,21141.0,133185844.0332161,191.0,27563440.390310228,4406.0,66724518.366379485,154.0,3555410.0399992685,3947.0,55483198.05006678,21140.0,1958.0,258.0,152.0,2107.0,,2.0,2.0,1.0,3.0,1.0,,,29.0,1.0,5.0,5.0,2.0,,1.0,100.0,14.0,,60.0,7.0,5.0,2.0,1.0,,20.0,2.0,12.0,2.0,,,,,0.7085022956533396,0.006401018800898153,0.14765910385736788,0.005161030865645631,0.13227655082274875
2024-02-24,27581,31009.0,22014.0,101749145.61488663,144.0,13382607.623578077,4516.0,47154778.93040414,129.0,3869665.4937262647,4206.0,51399605.32506149,22012.0,2010.0,264.0,127.0,2130.0,,5.0,,,1.0,3.0,,,34.0,2.0,7.0,19.0,2.0,,2.0,88.0,26.0,,26.0,2.0,9.0,4.0,2.0,,9.0,2.0,8.0,9.0,,,,,0.7099229256022445,0.004643813086523268,0.14563513818568802,0.004160082556677094,0.1356380405688671
2024-02-25,28915,32318.0,23214.0,125443476.46462223,199.0,45419451.351194516,4949.0,59776566.682897836,156.0,6443926.350254168,3800.0,59972229.78242133,23214.0,2361.0,263.0,153.0,2218.0,,5.0,1.0,,2.0,1.0,,,34.0,,3.0,9.0,4.0,,4.0,51.0,27.0,,118.0,4.0,4.0,3.0,3.0,,10.0,1.0,16.0,9.0,,,,,0.718299399715329,0.0061575592549043875,0.1531344761433257,0.004827031375703942,0.11758153351073705
2024-02-26,30149,33783.0,23341.0,155308725.2649518,211.0,35946179.01692763,6017.0,109971172.49591601,271.0,22809464.697126824,3943.0,74514418.34075803,23340.0,3351.0,353.0,253.0,2194.0,3.0,8.0,,2.0,,1.0,,1.0,46.0,1.0,3.0,6.0,,1.0,1.0,88.0,32.0,,97.0,6.0,1.0,7.0,16.0,,15.0,1.0,9.0,4.0,,,,,0.6909096291033952,0.00624574490128171,0.1781073320901045,0.008021786105437646,0.11671550779978096
2024-02-27,31607,35164.0,25079.0,187607014.45955276,186.0,28126516.21801808,6017.0,235597216.06864497,228.0,14649867.085595852,3654.0,72756816.56665613,25075.0,3319.0,405.0,219.0,2219.0,,6.0,,,,1.0,,,21.0,4.0,17.0,3.0,3.0,,1.0,95.0,24.0,,59.0,5.0,1.0,5.0,9.0,,10.0,,4.0,5.0,,,,,0.7132010010237743,0.005289500625639859,0.17111250142190876,0.006483903992719827,0.10391309293595723
2024-02-28,29602,33330.0,23364.0,222479859.53829324,108.0,24151422.35978091,5938.0,212994351.24794772,303.0,34708923.136740275,3617.0,87725170.20407434,23362.0,3353.0,378.0,283.0,2077.0,1.0,8.0,,,5.0,,,,32.0,2.0,1.0,5.0,2.0,,,70.0,36.0,,29.0,,2.0,4.0,20.0,,30.0,5.0,2.0,6.0,,,,,0.700990099009901,0.0032403240324032404,0.17815781578157816,0.00909090909090909,0.10852085208520852
2024-02-29,26706,29821.0,21482.0,183422033.70165622,104.0,15724332.350247584,4914.0,194640417.85525736,185.0,16483028.144992108,3136.0,67960106.46868642,21477.0,2608.0,378.0,180.0,1801.0,1.0,5.0,2.0,,2.0,6.0,,,19.0,5.0,4.0,3.0,11.0,,1.0,68.0,29.0,,26.0,2.0,2.0,2.0,5.0,,26.0,,,22.0,,,,,0.7203648435666141,0.003487475269105664,0.1647832064652426,0.00620368196908219,0.1051607927299554
2024-03-01,31592,35184.0,24969.0,170621272.20781457,90.0,24207912.163722508,6113.0,138223034.624839,178.0,10325482.653043902,3834.0,68736559.70796362,24961.0,3529.0,359.0,174.0,2141.0,,6.0,,1.0,1.0,,,,16.0,8.0,6.0,16.0,3.0,,1.0,42.0,21.0,,35.0,,,3.0,3.0,,12.0,,4.0,8.0,,,,,0.709669167803547,0.002557980900409277,0.173743747157799,0.005059117780809459,0.1089699863574352
2024-03-02,34329,38149.0,27958.0,162034828.52997625,117.0,25716102.82640771,5189.0,169283883.62976027,134.0,1886274.8106588062,4751.0,67529669.53947541,27958.0,2640.0,290.0,132.0,2211.0,,6.0,1.0,,1.0,1.0,,,9.0,,2.0,6.0,1.0,,,63.0,13.0,,34.0,3.0,6.0,3.0,2.0,1.0,6.0,1.0,5.0,3.0,,,,,0.7328632467430339,0.003066921806600435,0.136019292773074,0.0035125429237987888,0.12453799575349288
2024-03-03,34736,38449.0,28579.0,164704108.33369872,105.0,19863028.21375324,5238.0,90760679.54647887,137.0,6325061.62894129,4390.0,68629458.68243434,28576.0,2785.0,373.0,133.0,2016.0,,5.0,,1.0,,,,,21.0,3.0,1.0,4.0,,,,65.0,17.0,,25.0,1.0,2.0,4.0,3.0,,6.0,,7.0,11.0,,,,,0.7432963145985592,0.0027308902702280944,0.1362324117662358,0.003563161590678561,0.11417722177429843
2024-03-04,36369,39840.0,30751.0,230272524.21270895,100.0,10386951.766356524,4752.0,122255480.0852986,173.0,16676124.484130962,4064.0,83214953.42853391,30746.0,2571.0,469.0,163.0,1631.0,,4.0,,2.0,6.0,,,1.0,18.0,5.0,3.0,3.0,4.0,,1.0,65.0,21.0,1.0,21.0,1.0,3.0,4.0,7.0,,12.0,,3.0,11.0,,,,,0.7718624497991968,0.0025100401606425703,0.11927710843373494,0.0043423694779116465,0.10200803212851406
2024-03-05,32969,37404.0,27431.0,353294145.8395836,156.0,25950788.643566478,5088.0,359699107.18914384,344.0,72885820.78546219,4385.0,145851680.9017744,27425.0,2728.0,384.0,335.0,1788.0,2.0,7.0,2.0,1.0,5.0,,,3.0,51.0,6.0,5.0,13.0,5.0,,,93.0,32.0,1.0,43.0,1.0,3.0,7.0,7.0,,53.0,3.0,4.0,12.0,,,,,0.7333707624852956,0.004170676932948348,0.13602823227462305,0.009196877339321998,0.11723345096781093
2024-03-06,39775,43677.0,32358.0,290846452.9289801,130.0,34745587.130768076,7043.0,244007334.51453987,393.0,52241082.162512355,3753.0,103942680.55140278,32355.0,3894.0,377.0,391.0,2626.0,,6.0,,,12.0,,,2.0,45.0,3.0,3.0,5.0,10.0,,,68.0,29.0,,45.0,2.0,3.0,7.0,2.0,,32.0,,2.0,5.0,,,,,0.7408475856858301,0.00297639489891705,0.16125191748517526,0.008997870732880005,0.08592623119719761
2024-03-07,37270,40663.0,31471.0,211703777.95266598,107.0,26686277.15839399,5054.0,133064392.40218794,246.0,21053128.599185623,3785.0,71780741.58974648,31470.0,2793.0,342.0,243.0,1841.0,,3.0,,,4.0,,,,19.0,1.0,1.0,14.0,2.0,,1.0,55.0,19.0,,39.0,2.0,1.0,2.0,3.0,,14.0,,7.0,2.0,,,,,0.7739468312716721,0.0026313847969898926,0.12428989499053193,0.006049725794948725,0.09308216314585742
2024-03-08,37845,41671.0,31872.0,233871521.08386597,140.0,18022305.187101085,4853.0,152761269.27543178,276.0,13248522.427932903,4530.0,96342943.30154993,31864.0,2659.0,399.0,271.0,1716.0,1.0,1.0,,,3.0,3.0,,1.0,21.0,8.0,6.0,9.0,3.0,,,69.0,18.0,,52.0,1.0,3.0,4.0,5.0,,14.0,2.0,5.0,3.0,,,,,0.7648484557606009,0.0033596505963379808,0.11645988817163015,0.006623311175637733,0.10870869429579323
2024-03-09,41148,45330.0,34124.0,185242780.49520165,81.0,14866163.896548405,6356.0,69349391.14147273,145.0,2984969.9242107305,4624.0,67818358.32977411,34121.0,4052.0,342.0,143.0,1909.0,,1.0,1.0,,2.0,,,,24.0,3.0,7.0,6.0,,,,32.0,7.0,1.0,34.0,1.0,1.0,3.0,1.0,,7.0,,3.0,5.0,,,,,0.7527906463710567,0.0017868960953011251,0.14021619236708582,0.0031987646150452237,0.10200750055151114
2024-03-10,43004,48045.0,36000.0,238552615.2392536,120.0,15947895.594024917,6326.0,166039276.1463125,158.0,19602150.82209417,5441.0,106706420.73476848,35997.0,3870.0,311.0,151.0,2046.0,2.0,6.0,2.0,1.0,2.0,1.0,,,31.0,3.0,2.0,10.0,7.0,,,48.0,13.0,,49.0,1.0,2.0,8.0,6.0,,17.0,,10.0,8.0,,,,,0.7492975335622853,0.002497658445207618,0.13166822770319492,0.0032885836195233635,0.11324799666978874
2024-03-11,40496,44654.0,33463.0,246175777.1760253,104.0,34916769.79580391,6418.0,204690424.6580337,211.0,15470631.44745153,4458.0,79777438.40825474,33459.0,3947.0,331.0,207.0,2026.0,,2.0,,,5.0,,,,24.0,4.0,2.0,17.0,3.0,,1.0,62.0,14.0,,31.0,2.0,,3.0,4.0,,27.0,,4.0,21.0,,,,,0.7493841537152327,0.0023290186769382363,0.14372732565951538,0.004725220584941998,0.0998342813633717
2024-03-12,38273,42513.0,31478.0,242685289.27298656,116.0,22204150.98443779,6150.0,288787356.9063329,209.0,23568214.464462362,4560.0,102911550.18945535,31472.0,3600.0,419.0,201.0,1997.0,,4.0,,,3.0,3.0,,,35.0,6.0,3.0,4.0,4.0,,3.0,53.0,19.0,1.0,46.0,5.0,,1.0,7.0,,30.0,2.0,8.0,27.0,,,,,0.7404323383435655,0.002728577141109778,0.14466163291228565,0.004916143297344341,0.10726130830569473
2024-03-13,36709,40589.0,29405.0,234106565.71961367,99.0,26101774.402694013,6579.0,190372639.90337294,146.0,6001207.9451146275,4360.0,94706424.94478074,29402.0,4104.0,426.0,145.0,1954.0,,1.0,1.0,,1.0,1.0,,,33.0,3.0,2.0,1.0,3.0,,2.0,55.0,13.0,,34.0,,1.0,1.0,1.0,,19.0,2.0,6.0,18.0,,,,,0.7244573652960161,0.002439084481017024,0.16208825051122225,0.0035970336790756116,0.10741826603266895
2024-03-14,36072,40024.0,28912.0,229498834.76517773,225.0,58826499.73826068,6567.0,193195700.20135403,227.0,28623263.767196022,4093.0,104795465.02531172,28911.0,4129.0,317.0,219.0,2001.0,,1.0,1.0,2.0,5.0,1.0,,1.0,23.0,1.0,2.0,8.0,4.0,,1.0,120.0,21.0,1.0,77.0,,2.0,2.0,5.0,,38.0,1.0,22.0,15.0,,,,,0.7223665800519689,0.005621627023785728,0.16407655406755947,0.005671597041774935,0.10226364181491106
2024-03-15,36139,41813.0,28035.0,281671208.3479789,282.0,36277354.130916245,7184.0,448467134.0798471,325.0,31802270.871992346,5987.0,121093798.11489207,28032.0,4203.0,491.0,311.0,2241.0,,13.0,1.0,1.0,17.0,,,2.0,44.0,3.0,4.0,6.0,7.0,1.0,1.0,161.0,31.0,,80.0,1.0,8.0,5.0,13.0,,105.0,3.0,23.0,18.0,,,,,0.6704852557816947,0.006744313969339679,0.1718125941692775,0.007772702269629062,0.14318513381005907
2024-03-16,33361,38201.0,26276.0,206286957.28930393,189.0,22035266.515117597,6227.0,157363530.9723912,288.0,18930384.376140498,5221.0,98126852.11202256,26272.0,3598.0,388.0,280.0,2022.0,1.0,4.0,2.0,1.0,3.0,1.0,,,36.0,4.0,6.0,81.0,5.0,,2.0,67.0,19.0,1.0,88.0,2.0,4.0,1.0,6.0,,53.0,1.0,21.0,11.0,,,,,0.6878353969791366,0.004947514462972174,0.1630062040260726,0.00753906965786236,0.1366718148739562
2024-03-17,34976,39991.0,27590.0,196176128.4388231,171.0,12834038.399565523,6174.0,117311448.35032567,275.0,20256696.07705075,5781.0,94290821.82208452,27587.0,3543.0,356.0,272.0,2114.0,,16.0,3.0,2.0,,1.0,,1.0,25.0,3.0,5.0,55.0,1.0,,1.0,68.0,19.0,,69.0,,3.0,2.0,1.0,,30.0,,24.0,9.0,,,,,0.6899052286764522,0.004275962091470581,0.1543847365657273,0.006876547223125203,0.14455752544322473
2024-03-18,34798,39032.0,27344.0,172661759.13613465,330.0,34660210.58311854,6606.0,136212376.57478535,246.0,25504273.425492994,4506.0,86100621.12364638,27340.0,3946.0,297.0,238.0,2256.0,,1.0,2.0,,1.0,2.0,,1.0,22.0,4.0,6.0,18.0,9.0,,,100.0,22.0,,184.0,3.0,1.0,,8.0,,25.0,,36.0,4.0,,,,,0.7005533920885427,0.008454601352736216,0.16924574707931953,0.0063025210084033615,0.11544373847099816
2024-03-19,34291,39782.0,27131.0,305141540.39719373,210.0,28232415.498274468,7216.0,325265277.4338662,359.0,34934182.35047047,4866.0,102596301.60672656,27130.0,3934.0,501.0,353.0,2517.0,,5.0,6.0,,10.0,3.0,,,47.0,1.0,5.0,18.0,7.0,,4.0,107.0,43.0,,58.0,3.0,7.0,5.0,6.0,,104.0,1.0,25.0,16.0,,,,,0.6819918556130914,0.005278769292644914,0.18138856769393194,0.00902418179075964,0.12231662560957217
2024-03-20,32360,37606.0,25245.0,280357278.3939168,215.0,28257994.940858465,7009.0,241790055.65166354,357.0,34696439.12821395,4780.0,98148399.7643627,25240.0,3786.0,494.0,343.0,2512.0,2.0,9.0,5.0,2.0,11.0,2.0,,,54.0,5.0,5.0,9.0,7.0,,2.0,116.0,42.0,1.0,45.0,2.0,6.0,8.0,11.0,,62.0,,33.0,12.0,,,,,0.671302451736425,0.005717172791575812,0.18637983300537148,0.009493165984151465,0.1271073764824762
2024-03-21,32949,37125.0,25980.0,171703388.02256557,175.0,37954305.3226404,6625.0,152096539.66101202,195.0,9926949.697513036,4150.0,68469256.591224,25977.0,3491.0,342.0,184.0,2660.0,,3.0,1.0,,3.0,1.0,,,31.0,3.0,4.0,8.0,1.0,,4.0,93.0,31.0,2.0,50.0,,2.0,5.0,9.0,,34.0,2.0,21.0,13.0,,,,,0.6997979797979798,0.0047138047138047135,0.17845117845117844,0.0052525252525252525,0.11178451178451178
2024-03-22,33857,38546.0,25045.0,182459496.33073893,186.0,32217862.409226492,8637.0,170866100.0852154,174.0,15380415.851939041,4504.0,67986804.2289335,25044.0,3474.0,319.0,162.0,4654.0,1.0,4.0,1.0,,7.0,2.0,,1.0,41.0,1.0,2.0,27.0,5.0,,1.0,112.0,43.0,1.0,41.0,3.0,5.0,,11.0,,44.0,1.0,23.0,12.0,,,,,0.6497431640118301,0.0048254034141026305,0.22406994240647538,0.004514087064805687,0.11684740310278628
2024-03-23,31398,35250.0,24441.0,119754263.4659551,155.0,12255362.988432163,6400.0,80195301.98055312,285.0,13134271.099724768,3969.0,56916353.62558927,24439.0,2860.0,254.0,272.0,3151.0,1.0,2.0,3.0,,16.0,6.0,,,20.0,2.0,1.0,14.0,,,4.0,80.0,29.0,,45.0,3.0,1.0,4.0,13.0,1.0,27.0,1.0,20.0,12.0,,,,,0.6933617021276596,0.0043971631205673755,0.18156028368794327,0.008085106382978723,0.11259574468085107
2024-03-24,34419,38768.0,26820.0,121471915.43292762,142.0,12878526.324127974,7195.0,151353466.4509154,221.0,7170473.8519474305,4390.0,57989751.126729004,26818.0,3244.0,298.0,213.0,3524.0,,5.0,1.0,,5.0,2.0,,1.0,23.0,2.0,4.0,14.0,2.0,,4.0,65.0,17.0,1.0,42.0,,13.0,3.0,7.0,,36.0,1.0,15.0,18.0,,,,,0.6918076764341725,0.0036628146925299218,0.18559120924473793,0.005700577796120512,0.11323772183243913
2024-03-25,38595,43404.0,29204.0,199269971.22818553,233.0,37217429.45734024,9073.0,135101677.37404448,204.0,7983836.127475119,4690.0,85225825.4354235,29198.0,3511.0,327.0,198.0,5110.0,,5.0,,,5.0,5.0,,2.0,25.0,6.0,2.0,12.0,6.0,,1.0,147.0,34.0,,38.0,2.0,8.0,6.0,6.0,,17.0,1.0,30.0,12.0,,,,,0.6728412127914478,0.00536816883236568,0.20903603354529537,0.004700027647221454,0.10805455718366971
2024-03-26,37502,42190.0,28668.0,190505057.3519208,173.0,28623207.386623386,8829.0,140351121.5773262,232.0,5672615.1260476345,4288.0,83013565.17506659,28667.0,3606.0,298.0,185.0,4763.0,1.0,6.0,,,2.0,,,3.0,24.0,1.0,2.0,10.0,4.0,,2.0,88.0,75.0,,58.0,4.0,2.0,2.0,47.0,1.0,21.0,2.0,16.0,12.0,,,,,0.679497511258592,0.004100497748281583,0.20926759895709884,0.005498933396539465,0.10163545863948803
2024-03-27,37450,42208.0,28427.0,225847213.76770607,150.0,20513112.468951307,9121.0,135126896.59831566,187.0,8197164.958858568,4323.0,74333423.87947543,28421.0,3588.0,352.0,145.0,5005.0,,2.0,,2.0,1.0,2.0,,3.0,23.0,6.0,7.0,7.0,2.0,1.0,1.0,89.0,82.0,2.0,35.0,3.0,2.0,5.0,38.0,,31.0,2.0,9.0,19.0,,,,,0.6734979150871873,0.003553828658074299,0.21609647460197118,0.004430439727065959,0.10242134192570129
2024-03-28,38790,43399.0,30040.0,208645962.15326762,219.0,14649244.468767028,8380.0,106103088.29393621,158.0,9741855.1487256,4602.0,86522925.41741896,30038.0,3578.0,302.0,140.0,4317.0,1.0,2.0,1.0,1.0,3.0,1.0,,4.0,12.0,2.0,8.0,16.0,4.0,,2.0,144.0,95.0,,40.0,1.0,10.0,4.0,17.0,,25.0,1.0,12.0,16.0,,,,,0.692181847508007,0.005046199221180212,0.19309200672826562,0.003640636881034125,0.10603930966151294
2024-03-29,37001,42030.0,28895.0,211366673.4634816,206.0,12142115.59841619,7683.0,185859310.40952766,158.0,15431023.979640804,5088.0,99298125.6672872,28894.0,3561.0,394.0,147.0,3530.0,2.0,2.0,,,2.0,4.0,,1.0,21.0,1.0,,17.0,4.0,,,143.0,65.0,1.0,28.0,,8.0,3.0,10.0,,26.0,2.0,24.0,52.0,,,,,0.6874851296692839,0.00490126100404473,0.18279800142755176,0.003759219605044016,0.12105638829407565
2024-03-30,36900,41580.0,29125.0,175172386.78250837,172.0,18760212.577041045,6913.0,83317676.76669729,142.0,4434881.242968271,5228.0,89560378.63119642,29123.0,3462.0,264.0,133.0,3071.0,,1.0,3.0,2.0,2.0,,,2.0,15.0,2.0,4.0,11.0,2.0,,1.0,89.0,42.0,,40.0,5.0,3.0,2.0,7.0,,21.0,,29.0,15.0,1.0,,,,0.7004569504569504,0.004136604136604136,0.16625781625781627,0.0034151034151034152,0.12573352573352573
2024-03-31,38048,42286.0,31023.0,171742347.24466723,139.0,10272413.723079534,6347.0,85964885.60574988,142.0,1933085.9490903164,4635.0,75985528.07302095,31019.0,2867.0,262.0,130.0,3133.0,,3.0,3.0,,2.0,2.0,,,12.0,4.0,2.0,1.0,4.0,,,85.0,26.0,,43.0,,1.0,2.0,12.0,,12.0,3.0,6.0,17.0,,,,,0.7336470699522301,0.0032871399517570826,0.1500969588043324,0.003358085418341768,0.10961074587333869
2024-04-01,41420,47023.0,33512.0,249782220.00336826,171.0,10623397.42613211,7248.0,155403507.5587359,236.0,18524274.47955321,5856.0,140569717.07100594,33508.0,3143.0,354.0,222.0,3602.0,,7.0,1.0,1.0,4.0,,,2.0,22.0,4.0,7.0,21.0,2.0,1.0,2.0,113.0,38.0,,30.0,1.0,4.0,1.0,13.0,,35.0,,15.0,12.0,2.0,,,,0.71267252195734,0.0036365182995555367,0.15413733704782767,0.005018820577164366,0.12453480211811241
2024-04-02,41162,46720.0,32711.0,317561877.4326241,239.0,30583999.52228374,8322.0,346364845.38676697,206.0,17426091.782166407,5242.0,155696662.0945862,32708.0,3159.0,395.0,190.0,4480.0,1.0,3.0,5.0,3.0,3.0,,,,43.0,3.0,5.0,13.0,6.0,1.0,4.0,139.0,41.0,2.0,39.0,3.0,8.0,5.0,11.0,2.0,49.0,5.0,38.0,110.0,4.0,,,,0.7001498287671233,0.005115582191780822,0.178125,0.004409246575342466,0.11220034246575343
2024-04-03,43005,47906.0,35597.0,207584101.2120787,162.0,19287718.806003585,6945.0,207118821.24281982,122.0,6800706.544033006,5080.0,102801829.79155463,35594.0,2607.0,285.0,119.0,3824.0,1.0,4.0,,,1.0,1.0,,,38.0,3.0,6.0,6.0,6.0,,1.0,102.0,42.0,1.0,42.0,1.0,,2.0,2.0,,33.0,,9.0,92.0,4.0,,,,0.7430593245104997,0.003381622343756523,0.14497140232956207,0.002546653863816641,0.10604099695236505
2024-04-04,40219,45204.0,33039.0,231561314.4837324,147.0,25319439.760572616,6451.0,154315497.5310075,171.0,12357298.057335142,5396.0,112710631.18506554,33037.0,2898.0,287.0,160.0,3109.0,,3.0,,1.0,1.0,,,,29.0,2.0,1.0,10.0,4.0,,1.0,72.0,35.0,2.0,51.0,1.0,3.0,5.0,8.0,,27.0,3.0,14.0,43.0,1.0,,,,0.7308866471993629,0.003251924608441731,0.14270860985753472,0.003782851075126095,0.11936996725953455
2024-04-05,39205,44044.0,32524.0,181047996.38264754,160.0,36927999.30528133,6213.0,115443679.89685866,174.0,6419932.12271412,4973.0,76600462.93348107,32519.0,2909.0,287.0,157.0,2823.0,,7.0,1.0,3.0,3.0,2.0,1.0,2.0,31.0,5.0,4.0,4.0,3.0,,3.0,83.0,60.0,2.0,42.0,3.0,2.0,8.0,11.0,,45.0,4.0,18.0,26.0,3.0,,,,0.7384433748070112,0.0036327309054581783,0.14106348197257287,0.003950594859685769,0.112909817455272
2024-04-06,38922,43969.0,32250.0,161584333.05377266,194.0,27709374.85226934,5525.0,72057359.0742469,150.0,5258216.983042349,5850.0,97216767.89777823,32247.0,2438.0,278.0,140.0,2696.0,,2.0,,,2.0,3.0,,1.0,19.0,3.0,7.0,10.0,2.0,,4.0,96.0,26.0,1.0,61.0,1.0,1.0,4.0,9.0,,17.0,2.0,24.0,23.0,2.0,,,,0.7334713093315746,0.004412199504196138,0.1256567126839364,0.003411494462007323,0.1330482840182856
2024-04-07,40587,46074.0,33970.0,204144283.51577365,197.0,26516255.834193673,5600.0,130105370.30597974,163.0,6211285.580179803,6144.0,93908863.77065277,33968.0,2280.0,266.0,152.0,2907.0,1.0,3.0,1.0,3.0,6.0,2.0,,,27.0,2.0,3.0,10.0,4.0,,3.0,99.0,37.0,3.0,79.0,,1.0,7.0,5.0,,25.0,,8.0,25.0,3.0,,,,0.737292182141772,0.004275730346833355,0.12154360376785171,0.0035377870382428266,0.13335069670530017
2024-04-08,38443,43589.0,31784.0,246636910.29740176,183.0,52442396.98427139,6245.0,232305223.7965517,236.0,17786388.217612658,5141.0,113004694.86992127,31776.0,2905.0,325.0,223.0,2800.0,,7.0,2.0,2.0,1.0,1.0,,1.0,42.0,8.0,4.0,9.0,3.0,,1.0,79.0,46.0,,72.0,,4.0,10.0,11.0,,25.0,2.0,14.0,67.0,8.0,,,,0.729174791805272,0.0041983069122943865,0.14327009107802427,0.005414210007111886,0.11794260019729748
2024-04-09,33892,37542.0,27928.0,208557680.14008704,160.0,35450237.77753319,5577.0,154578116.1062296,193.0,6238117.582922525,3684.0,64570352.58930392,27924.0,2678.0,275.0,170.0,2470.0,,5.0,,1.0,2.0,2.0,,,23.0,4.0,7.0,3.0,3.0,,1.0,82.0,62.0,,54.0,2.0,1.0,1.0,22.0,1.0,28.0,2.0,12.0,21.0,2.0,,,,0.7439134835650738,0.004261893346119014,0.14855361994566085,0.00514090884875606,0.09813009429439028
2024-04-10,34164,38619.0,27848.0,178226638.75419846,197.0,21506950.586558294,5817.0,147476988.1007716,202.0,5790658.486371882,4555.0,84271583.39203195,27844.0,2641.0,336.0,190.0,2673.0,,4.0,1.0,2.0,7.0,,,,26.0,4.0,5.0,5.0,4.0,1.0,1.0,110.0,50.0,2.0,59.0,,,1.0,8.0,,43.0,1.0,22.0,22.0,2.0,,,,0.7210958336570082,0.005101116030969212,0.1506253398586188,0.005230585980993812,0.11794712447240996
2024-04-11,33850,38499.0,27621.0,185733658.31186995,217.0,28736169.86127162,5667.0,119456932.51157752,219.0,9478027.37275243,4775.0,95772701.87696518,27618.0,2522.0,317.0,213.0,2675.0,,4.0,,,3.0,2.0,,,9.0,3.0,3.0,5.0,4.0,,3.0,128.0,53.0,,62.0,2.0,5.0,2.0,6.0,,38.0,3.0,15.0,24.0,5.0,,,,0.717447206420946,0.005636510039221798,0.14719862853580612,0.005688459440504948,0.12402919556352113
2024-04-12,33799,39303.0,27242.0,251350450.28946123,196.0,23726110.575714227,6185.0,227255844.38850266,237.0,13353984.52119179,5443.0,148130607.29422125,27238.0,2780.0,389.0,224.0,2716.0,1.0,10.0,3.0,1.0,7.0,2.0,,1.0,72.0,4.0,6.0,11.0,6.0,1.0,5.0,107.0,50.0,2.0,57.0,1.0,4.0,7.0,10.0,1.0,72.0,1.0,13.0,42.0,16.0,,,,0.6931277510622599,0.0049868966745541055,0.15736712210263848,0.006030074040149607,0.13848815612039794
2024-04-13,34527,41236.0,27175.0,342448604.88514227,408.0,58108029.748311244,6979.0,326078315.958929,332.0,29703783.775732666,6342.0,188333705.60091326,27165.0,3110.0,490.0,309.0,3017.0,1.0,9.0,,1.0,2.0,1.0,1.0,3.0,90.0,10.0,6.0,12.0,9.0,,3.0,241.0,66.0,,99.0,9.0,7.0,7.0,21.0,1.0,91.0,6.0,38.0,57.0,12.0,,,,0.6590115433116694,0.009894267145212922,0.16924531962362985,0.008051217382869338,0.15379765253661848
2024-04-14,34673,42052.0,26553.0,204242894.3380657,390.0,72229790.75834261,7372.0,203921503.46549392,404.0,24615219.39967619,7333.0,119220377.56109776,26547.0,3352.0,491.0,362.0,3117.0,2.0,12.0,1.0,8.0,12.0,1.0,,,77.0,6.0,7.0,5.0,7.0,1.0,5.0,242.0,109.0,4.0,77.0,3.0,5.0,8.0,30.0,2.0,113.0,5.0,46.0,34.0,28.0,,,,0.6314325121278417,0.009274231903357747,0.1753067630552649,0.009607153048606487,0.17437933986492912
2024-04-15,33651,39774.0,26993.0,228587121.5390324,242.0,38537279.299570866,6144.0,162153936.1444459,333.0,14840218.242545037,6062.0,117306790.01886289,26986.0,2538.0,517.0,308.0,2782.0,1.0,19.0,2.0,3.0,2.0,1.0,,,50.0,7.0,2.0,16.0,7.0,1.0,2.0,161.0,80.0,2.0,57.0,2.0,2.0,6.0,20.0,,70.0,2.0,12.0,36.0,18.0,,,,0.6786594257555186,0.006084376728516116,0.15447277115703725,0.008372303514858953,0.152411122844069
2024-04-16,29415,34713.0,23351.0,156203212.06163275,257.0,17069398.244099807,5710.0,148908784.85470548,248.0,9030049.882350748,5147.0,70395856.60287818,23349.0,2539.0,418.0,235.0,2357.0,,10.0,4.0,,14.0,,,3.0,45.0,2.0,5.0,8.0,7.0,1.0,,178.0,114.0,1.0,42.0,8.0,1.0,10.0,12.0,,115.0,1.0,13.0,52.0,22.0,,,,0.6726874657909141,0.007403566387232449,0.16449168899259645,0.007144297525422752,0.1482729813038343
2024-04-17,27036,31861.0,21071.0,170331019.32179174,209.0,15777587.346510174,5706.0,155358620.8484266,196.0,9362139.471656214,4679.0,76438591.3036357,21070.0,2209.0,318.0,182.0,2865.0,1.0,5.0,2.0,2.0,2.0,1.0,,,31.0,1.0,5.0,50.0,1.0,2.0,3.0,153.0,66.0,2.0,25.0,3.0,13.0,6.0,10.0,,54.0,65.0,4.0,20.0,11.0,,,,0.6613414519318289,0.006559743887511378,0.1790904240293776,0.006151721540441292,0.14685665861084085
2024-04-18,29838,35579.0,23050.0,150627195.1671215,410.0,45081390.6073207,6870.0,157046171.76278424,238.0,18191757.424161483,5011.0,75364792.37358402,23043.0,2871.0,263.0,224.0,3308.0,,5.0,,3.0,1.0,2.0,,,64.0,7.0,7.0,83.0,2.0,1.0,,278.0,63.0,,61.0,,47.0,1.0,11.0,1.0,65.0,93.0,15.0,43.0,6.0,,,,0.6478540712217882,0.011523651592231373,0.1930914303381208,0.006689339216953821,0.14084150763090586
2024-04-19,32745,39791.0,25441.0,182406668.30150977,473.0,89300129.25167073,7818.0,241317055.87695894,318.0,13569381.92986272,5741.0,102498526.10854118,25436.0,2991.0,402.0,289.0,4055.0,3.0,6.0,,4.0,7.0,1.0,,2.0,53.0,5.0,8.0,40.0,7.0,1.0,1.0,285.0,67.0,10.0,70.0,1.0,75.0,6.0,15.0,,91.0,28.0,28.0,47.0,16.0,,,,0.6393656857078234,0.011887110150536553,0.1964765901837099,0.007991756929959036,0.14427885702797114
2024-04-20,27683,32366.0,21472.0,101128785.15936048,236.0,14708576.349502463,5217.0,57415192.310918234,212.0,3924865.001487227,5229.0,56368695.94083998,21469.0,2116.0,269.0,175.0,2632.0,,10.0,2.0,1.0,7.0,3.0,1.0,1.0,33.0,3.0,5.0,15.0,2.0,1.0,1.0,161.0,46.0,12.0,52.0,1.0,1.0,6.0,23.0,,47.0,4.0,10.0,23.0,5.0,,,,0.6634122227028363,0.007291602298708521,0.16118766606933202,0.006550083420873757,0.1615584255082494
2024-04-21,29558,34194.0,23610.0,121177434.73153543,182.0,18195533.939996924,4888.0,68479613.48389673,175.0,4144421.07252748,5339.0,72148425.43818043,23607.0,2012.0,207.0,158.0,2507.0,,3.0,,,,5.0,,,26.0,3.0,5.0,9.0,3.0,1.0,1.0,138.0,29.0,1.0,26.0,1.0,,1.0,16.0,,46.0,4.0,11.0,27.0,8.0,,,,0.6904720126337954,0.005322571211323624,0.14294905538983446,0.005117856933965023,0.15613850383108147
2024-04-22,35402,41673.0,27943.0,170263916.37354696,184.0,34055777.024103306,5702.0,109731420.46998952,165.0,3322842.3126236605,7679.0,113991204.39786099,27938.0,2338.0,303.0,153.0,2885.0,4.0,4.0,,4.0,2.0,4.0,,,23.0,5.0,5.0,8.0,4.0,,2.0,133.0,55.0,2.0,31.0,2.0,2.0,2.0,6.0,,37.0,9.0,9.0,17.0,7.0,,,,0.670530079427927,0.004415328870011758,0.1368272022652557,0.003959398171477935,0.18426799126532767
2024-04-23,33945,39615.0,27164.0,176986833.2674304,214.0,28978389.254210997,5591.0,105857050.57085028,172.0,3093446.144791986,6474.0,85063508.38845667,27161.0,2648.0,282.0,159.0,2521.0,,2.0,,1.0,1.0,3.0,,,32.0,3.0,6.0,7.0,5.0,,,142.0,31.0,2.0,33.0,6.0,2.0,,10.0,,22.0,3.0,25.0,27.0,7.0,,,,0.6856998611637006,0.005401994194118389,0.1411334090622239,0.004341789726113846,0.16342294585384323
2024-04-24,35756,42632.0,28629.0,278855419.0746367,748.0,124367875.61337821,5073.0,110711846.41244893,172.0,9071876.446584657,8010.0,285229113.7969165,28620.0,2171.0,295.0,161.0,2427.0,,5.0,2.0,4.0,2.0,2.0,,1.0,35.0,9.0,3.0,11.0,2.0,2.0,1.0,171.0,37.0,,98.0,2.0,11.0,4.0,7.0,1.0,37.0,6.0,458.0,30.0,7.0,,,,0.6715378119722274,0.017545505723400263,0.11899512103584162,0.004034528054043911,0.18788703321448677
2024-04-25,31422,37115.0,24888.0,165525235.91525167,402.0,81606012.68132201,4823.0,91660450.13288356,182.0,3403479.618853726,6820.0,121656829.92200695,24882.0,2062.0,300.0,173.0,2253.0,6.0,9.0,,1.0,1.0,5.0,,,25.0,6.0,7.0,9.0,4.0,,1.0,208.0,67.0,1.0,80.0,7.0,9.0,4.0,7.0,,37.0,5.0,87.0,31.0,8.0,,,,0.6705644618078944,0.010831200323319412,0.1299474605954466,0.004903677758318739,0.1837531995150209
2024-04-26,28427,33370.0,22424.0,143663182.72868916,382.0,50648581.16629073,4697.0,140012959.16156024,197.0,11806766.945196183,5670.0,86647038.08007486,22423.0,2048.0,308.0,187.0,2163.0,,1.0,,,,4.0,,1.0,52.0,1.0,4.0,6.0,1.0,1.0,1.0,166.0,31.0,1.0,120.0,1.0,4.0,4.0,9.0,,43.0,1.0,83.0,26.0,10.0,,,,0.6719808210967936,0.0114474078513635,0.14075516931375487,0.005903506143242434,0.16991309559484566
2024-04-27,28558,34170.0,22599.0,112240386.24580164,269.0,33493074.901761103,4888.0,121264531.92416982,316.0,5022883.7524753595,6098.0,77121746.49467972,22591.0,2141.0,291.0,273.0,2249.0,,6.0,,5.0,7.0,2.0,,2.0,66.0,8.0,3.0,10.0,2.0,,2.0,133.0,26.0,2.0,65.0,,10.0,7.0,36.0,,45.0,3.0,51.0,21.0,15.0,,,,0.6613696224758561,0.007872402692420252,0.1430494585894059,0.009247878255779924,0.1784606379865379
2024-04-28,29925,35260.0,24023.0,144860228.42204505,263.0,47271046.424775764,4640.0,95101166.35590254,228.0,4412196.128761575,6106.0,103035453.6263352,24020.0,1845.0,316.0,191.0,2311.0,1.0,4.0,,1.0,2.0,,1.0,,47.0,3.0,6.0,5.0,,3.0,1.0,145.0,31.0,6.0,43.0,,5.0,5.0,29.0,,47.0,2.0,59.0,17.0,8.0,,,,0.681310266591038,0.0074588769143505386,0.13159387407827566,0.0064662507090187185,0.17317073170731706
2024-04-29,26213,30848.0,20515.0,163301200.27749047,301.0,45626538.105306104,4644.0,110367804.95202082,197.0,4781480.266688735,5191.0,84464041.1794937,20509.0,1830.0,245.0,175.0,2363.0,,3.0,2.0,2.0,3.0,,,1.0,31.0,6.0,2.0,5.0,2.0,,2.0,207.0,35.0,5.0,47.0,3.0,1.0,2.0,15.0,,70.0,,39.0,30.0,22.0,,,,0.665035010373444,0.009757520746887967,0.15054460580912862,0.0063861514522821575,0.16827671161825727
2024-04-30,27412,32758.0,21691.0,187877903.12156296,301.0,31410674.859438203,5136.0,178044309.68482423,231.0,6600959.2131612,5399.0,86176370.23468281,21684.0,2250.0,459.0,211.0,2117.0,1.0,10.0,5.0,2.0,4.0,5.0,1.0,1.0,70.0,7.0,6.0,24.0,4.0,1.0,3.0,202.0,46.0,4.0,43.0,5.0,2.0,3.0,13.0,,81.0,4.0,40.0,35.0,16.0,,,,0.6621588619573845,0.009188595152329202,0.15678612857927834,0.007051712558764272,0.16481470175224372
2024-05-01,29569,35979.0,23166.0,192668806.7279746,468.0,54293047.1050364,5846.0,244922077.82010555,281.0,15137801.527586872,6218.0,99566582.6866098,23162.0,2584.0,399.0,262.0,2505.0,2.0,13.0,1.0,1.0,3.0,2.0,,3.0,56.0,4.0,6.0,18.0,7.0,2.0,3.0,309.0,52.0,,75.0,4.0,18.0,9.0,18.0,,120.0,4.0,47.0,58.0,14.0,,,,0.6438755940965564,0.01300758775952639,0.16248367103032324,0.007810111453903666,0.17282303565969037
2024-05-02,25983,31180.0,20574.0,154819838.5681563,233.0,37663575.06691262,4579.0,131238177.77432646,234.0,12100767.37267121,5560.0,91020900.15870537,20569.0,2162.0,296.0,216.0,1909.0,,12.0,1.0,2.0,,7.0,,,37.0,5.0,4.0,12.0,3.0,,1.0,114.0,29.0,3.0,57.0,5.0,10.0,4.0,13.0,,64.0,2.0,39.0,38.0,6.0,,,,0.6598460551635664,0.007472738935214882,0.14685695958948045,0.007504810776138551,0.17831943553559973
2024-05-03,28585,34460.0,22402.0,154391021.80963898,190.0,16509813.620274642,5346.0,150151089.45450717,268.0,18541977.82182941,6254.0,68174371.89184657,22400.0,2472.0,345.0,256.0,2304.0,11.0,5.0,,2.0,3.0,,,1.0,40.0,2.0,4.0,6.0,4.0,,2.0,96.0,45.0,2.0,60.0,3.0,1.0,,8.0,,72.0,4.0,26.0,20.0,12.0,,,,0.6500870574579223,0.005513639001741149,0.1551363900174115,0.007777132907719094,0.18148578061520604
2024-05-04,27520,32284.0,22038.0,117891368.11757492,228.0,49547605.641280495,4409.0,114205312.40782711,158.0,3789729.6946574207,5451.0,72482208.16142787,22030.0,2005.0,265.0,149.0,2020.0,,4.0,,2.0,1.0,1.0,1.0,,21.0,8.0,8.0,5.0,1.0,,1.0,122.0,24.0,2.0,52.0,4.0,6.0,4.0,4.0,1.0,42.0,1.0,31.0,17.0,1.0,,,,0.682629166150415,0.007062321893197869,0.13656919836451492,0.004894065171602032,0.1688452484202701
2024-05-05,27035,32395.0,21083.0,84251986.0464137,167.0,14932270.094531454,5064.0,56426160.769439556,159.0,3088822.3188779913,5922.0,56701441.37483142,21081.0,2779.0,216.0,149.0,1934.0,,9.0,,1.0,1.0,2.0,,,39.0,2.0,3.0,11.0,3.0,,1.0,94.0,9.0,,34.0,3.0,4.0,3.0,9.0,1.0,37.0,1.0,25.0,18.0,4.0,,,,0.6508103102330607,0.005155116530328754,0.15632041981787312,0.004908164840253125,0.18280598857848435
2024-05-06,32055,38446.0,24967.0,116428206.12321737,170.0,17761432.83929676,6427.0,88981979.41990598,226.0,8114770.444430269,6656.0,71899023.12628826,24962.0,3624.0,263.0,219.0,2359.0,1.0,7.0,,,4.0,3.0,,1.0,42.0,5.0,5.0,3.0,3.0,,3.0,101.0,40.0,,28.0,,9.0,6.0,7.0,,46.0,1.0,21.0,19.0,8.0,,,,0.6494043593611819,0.004421786401706289,0.16716953649274308,0.005878374863444832,0.1731259428809239
2024-05-07,27449,32525.0,21507.0,102008789.1699549,285.0,28765818.35684114,5113.0,68997832.22965534,185.0,5173673.063532288,5435.0,67482332.2626011,21495.0,2646.0,213.0,175.0,2066.0,1.0,11.0,,1.0,,1.0,,1.0,31.0,12.0,7.0,9.0,4.0,1.0,3.0,173.0,37.0,,41.0,4.0,6.0,3.0,9.0,,62.0,4.0,51.0,15.0,8.0,,,,0.6612451960030745,0.00876249039200615,0.15720215219062258,0.00568793235972329,0.1671022290545734
2024-05-08,26913,32539.0,21126.0,101390793.4744037,322.0,27575575.431808457,5258.0,97591833.93640569,213.0,3050485.610462238,5620.0,49198798.86696415,21100.0,2569.0,253.0,195.0,2174.0,4.0,12.0,2.0,1.0,,3.0,,,36.0,26.0,16.0,13.0,5.0,1.0,2.0,189.0,53.0,,68.0,1.0,3.0,6.0,17.0,,86.0,8.0,39.0,26.0,11.0,,,,0.6492516672300931,0.009895817326900027,0.16159070653677127,0.006545990964688528,0.17271581794154706
2024-05-09,29881,35911.0,23502.0,86967439.88179898,244.0,10239340.904206535,5889.0,83531372.8138009,207.0,5129408.841298898,6069.0,53129933.63659583,23486.0,3165.0,295.0,204.0,2213.0,1.0,6.0,,1.0,2.0,,,,59.0,16.0,9.0,16.0,6.0,,1.0,148.0,28.0,,53.0,4.0,3.0,4.0,2.0,1.0,56.0,3.0,22.0,33.0,5.0,,,,0.6544512823368884,0.006794575478265712,0.16398874996519172,0.00576425050820083,0.1690011417114533
2024-05-10,26773,31850.0,21436.0,101824739.43048163,174.0,16016168.822691245,4686.0,118043502.72152835,194.0,4806299.128217265,5360.0,51242362.38860035,21423.0,2445.0,243.0,178.0,1802.0,2.0,6.0,2.0,2.0,1.0,5.0,,1.0,37.0,13.0,6.0,10.0,8.0,2.0,1.0,103.0,20.0,1.0,37.0,3.0,1.0,5.0,13.0,,66.0,2.0,19.0,27.0,6.0,,,,0.6730298273155416,0.0054631083202511775,0.14712715855573,0.00609105180533752,0.16828885400313973
2024-05-11,22425,26097.0,18178.0,63813451.911052555,136.0,19499781.29538318,3230.0,44291167.48094408,114.0,2282327.8572240868,4439.0,27878292.099714458,18166.0,1579.0,181.0,102.0,1361.0,,3.0,,2.0,1.0,,,,22.0,12.0,6.0,8.0,6.0,,,78.0,12.0,2.0,21.0,3.0,,2.0,8.0,,33.0,3.0,26.0,20.0,1.0,,,,0.6965551595968885,0.0052113269724489404,0.12376901559566234,0.004368318197493965,0.17009617963750623
2024-05-12,24877,29448.0,19991.0,51117061.944569826,128.0,6678258.488359754,3561.0,43822788.83829139,110.0,1020282.6532996467,5658.0,38252776.66050751,19985.0,1757.0,188.0,102.0,1481.0,1.0,3.0,,,4.0,4.0,,,34.0,6.0,3.0,4.0,7.0,,2.0,71.0,9.0,2.0,27.0,,1.0,3.0,6.0,,39.0,4.0,23.0,20.0,4.0,,,,0.6788576473784298,0.004346644933441999,0.12092502037489812,0.0037353979896767183,0.1921352893235534
2024-05-13,32841,39699.0,26583.0,126168789.44321662,168.0,26556775.63742626,4853.0,101770547.95472746,277.0,12152922.062135492,7818.0,76189882.02443382,26571.0,2207.0,274.0,249.0,2215.0,,8.0,,3.0,,3.0,,,30.0,12.0,5.0,18.0,6.0,,2.0,130.0,23.0,14.0,12.0,1.0,2.0,3.0,11.0,,37.0,5.0,15.0,14.0,11.0,,,,0.6696138441774352,0.004231844630847125,0.1222448928184589,0.006977505730622937,0.19693191264263585
2024-05-14,33429,39300.0,27445.0,114547425.1476059,175.0,16803880.053392757,4450.0,84240276.9839234,157.0,3561952.7975866725,7073.0,62769531.203864805,27432.0,2090.0,300.0,148.0,1906.0,,5.0,,,2.0,3.0,,1.0,21.0,13.0,7.0,18.0,4.0,,,84.0,19.0,,58.0,,1.0,3.0,9.0,,43.0,3.0,22.0,30.0,5.0,,,,0.6983460559796437,0.004452926208651399,0.11323155216284987,0.003994910941475827,0.17997455470737914
2024-05-15,34084,41447.0,27245.0,156343020.48349229,226.0,71213776.68080881,5417.0,167061927.51119214,337.0,20820496.9260798,8222.0,85646099.06153572,27232.0,2700.0,407.0,327.0,2139.0,2.0,5.0,,3.0,5.0,3.0,,,35.0,13.0,10.0,4.0,3.0,,1.0,117.0,25.0,,41.0,4.0,3.0,7.0,7.0,,45.0,5.0,44.0,30.0,8.0,,,,0.6573455256110213,0.005452746881559582,0.13069703476729316,0.008130865925157429,0.1983738268149685
2024-05-16,29635,35144.0,23045.0,116321780.23340581,212.0,18907117.81210504,5592.0,117202906.75548424,274.0,18318514.108214203,6021.0,56594460.93155565,23028.0,3086.0,267.0,246.0,2065.0,2.0,18.0,2.0,3.0,1.0,2.0,1.0,,32.0,17.0,7.0,4.0,5.0,,1.0,141.0,32.0,1.0,39.0,,7.0,3.0,23.0,,32.0,2.0,15.0,33.0,8.0,,,,0.6557307079444571,0.006032324152060096,0.15911677669018895,0.007796494422945595,0.17132369679034828
2024-05-17,30421,36230.0,23442.0,117018716.1242702,249.0,29353756.630974848,6026.0,222789792.82421237,228.0,13831504.91112232,6285.0,53330779.706024066,23438.0,3303.0,305.0,207.0,2186.0,,1.0,,2.0,,1.0,,,30.0,4.0,2.0,7.0,13.0,,1.0,147.0,21.0,1.0,44.0,1.0,5.0,7.0,18.0,1.0,56.0,2.0,42.0,90.0,10.0,,,,0.6470328457079768,0.006872757383383936,0.1663262489649462,0.006293127242616616,0.17347502070107645
2024-05-18,31604,37322.0,24507.0,89078913.49129523,190.0,11105724.807081018,5732.0,119804335.63881655,177.0,6685034.299072696,6716.0,53578558.70641981,24497.0,3389.0,292.0,164.0,1887.0,,,,,6.0,1.0,,,29.0,10.0,9.0,5.0,7.0,1.0,,128.0,7.0,2.0,23.0,1.0,2.0,7.0,11.0,,51.0,,20.0,54.0,3.0,,,,0.6566368361824125,0.005090831145169069,0.15358233749531108,0.004742511119446975,0.17994748405766037
2024-05-19,32747,39614.0,25542.0,106766507.71750341,257.0,41241077.958232604,6215.0,113136249.95061724,198.0,7677181.465095692,7402.0,74465712.57088017,25532.0,2887.0,1026.0,182.0,2176.0,1.0,6.0,1.0,1.0,4.0,1.0,,2.0,23.0,10.0,4.0,1.0,6.0,,1.0,178.0,13.0,1.0,27.0,3.0,4.0,3.0,14.0,,37.0,3.0,38.0,23.0,4.0,,,,0.6447720502852526,0.00648760539203312,0.15688897864391377,0.004998232947947695,0.18685313273085272
2024-05-20,35553,43661.0,27889.0,276490411.15346646,293.0,30883147.429597527,6888.0,356935665.402521,372.0,20154558.34874438,8219.0,144715787.36894608,27885.0,3735.0,706.0,329.0,2163.0,1.0,6.0,1.0,2.0,8.0,3.0,,,59.0,4.0,3.0,21.0,15.0,1.0,1.0,227.0,25.0,19.0,38.0,1.0,2.0,9.0,22.0,,68.0,,13.0,70.0,5.0,,,,0.6387622821282151,0.006710794530587939,0.15776093080781475,0.008520189642930762,0.18824580289045142
2024-05-21,37990,44512.0,28488.0,232132498.81952047,328.0,57683503.94819199,9260.0,272019777.7279708,294.0,17097769.387680627,6142.0,102700610.79081625,28483.0,3927.0,571.0,264.0,4528.0,5.0,5.0,1.0,4.0,6.0,,,1.0,37.0,5.0,6.0,4.0,16.0,,4.0,226.0,46.0,6.0,58.0,2.0,4.0,5.0,20.0,,49.0,3.0,27.0,49.0,8.0,,,,0.6400071890726097,0.007368799424874191,0.2080337886412653,0.006604960460100647,0.13798526240115025
2024-05-22,38928,44781.0,30679.0,162501174.43019402,246.0,62570116.43057703,7041.0,192039123.43890834,198.0,6546754.818443541,6617.0,88163940.48117295,30672.0,2806.0,368.0,179.0,3735.0,1.0,9.0,2.0,,,2.0,,,18.0,7.0,7.0,6.0,2.0,,,154.0,15.0,3.0,53.0,2.0,3.0,2.0,16.0,,37.0,1.0,25.0,34.0,5.0,,,,0.6850896585605503,0.0054934012192670995,0.15723186172707174,0.004421518054532056,0.14776356043857886
2024-05-23,37172,44334.0,29241.0,267843322.5848005,328.0,49017001.08621911,6941.0,364362470.0444106,300.0,26572938.816764984,7524.0,160263304.95217013,29237.0,3270.0,502.0,268.0,2913.0,,7.0,,2.0,1.0,,,2.0,45.0,4.0,4.0,9.0,8.0,1.0,1.0,232.0,22.0,2.0,50.0,3.0,4.0,11.0,28.0,,78.0,2.0,24.0,65.0,15.0,,,,0.6595615103532277,0.00739838498669193,0.15656155546533135,0.006766815536608472,0.1697117336581405
2024-05-24,37047,43764.0,29380.0,164068136.51086172,334.0,50350645.953918286,6077.0,155768596.29214197,207.0,6361645.40615977,7766.0,96898944.94697525,29375.0,2915.0,291.0,191.0,2698.0,1.0,2.0,1.0,,3.0,,,1.0,40.0,5.0,7.0,6.0,4.0,,,239.0,23.0,1.0,46.0,2.0,2.0,6.0,15.0,,45.0,2.0,32.0,32.0,13.0,,,,0.6713280321725619,0.00763184352435792,0.13885842244767388,0.00472991499862901,0.17745178685677726
2024-05-25,35145,41544.0,27991.0,112047675.0581076,288.0,21820446.29528403,5248.0,110309639.46823815,153.0,3381116.043601181,7864.0,84050806.15504979,27990.0,2662.0,241.0,140.0,2224.0,1.0,4.0,1.0,,2.0,,,1.0,31.0,1.0,2.0,4.0,6.0,,1.0,210.0,17.0,,37.0,,,9.0,13.0,,31.0,1.0,30.0,19.0,2.0,,,,0.6737675717311766,0.006932409012131715,0.12632389755440016,0.003682842287694974,0.18929327941459656
2024-05-26,40909,48856.0,33469.0,138974365.6744609,258.0,20985779.492385622,5091.0,91512976.9007884,217.0,6421426.904537251,9821.0,94483437.04217258,33462.0,2520.0,252.0,198.0,2202.0,,2.0,3.0,,,,,,22.0,7.0,3.0,1.0,3.0,,2.0,174.0,23.0,,32.0,1.0,2.0,4.0,19.0,,26.0,1.0,42.0,32.0,2.0,,,,0.6850540363517276,0.005280825282462748,0.1042041919109219,0.004441624365482234,0.2010193220894056
2024-05-27,40547,46540.0,34151.0,198922516.4309168,189.0,29850389.412118033,4416.0,184268502.80952367,149.0,5699338.812312481,7635.0,126725229.3704401,34146.0,2220.0,319.0,138.0,1772.0,,4.0,1.0,1.0,,1.0,,,10.0,5.0,5.0,3.0,4.0,,,138.0,18.0,1.0,20.0,2.0,,1.0,9.0,,25.0,3.0,23.0,33.0,3.0,,,,0.7337988826815642,0.004061022776106575,0.09488611946712505,0.0032015470562956594,0.16405242801890846
2024-05-28,35483,40295.0,29848.0,151070774.73606926,157.0,14584821.053846229,4210.0,127431223.81232254,160.0,7104829.122910331,5920.0,70205881.15818565,29844.0,1971.0,291.0,151.0,1849.0,,2.0,1.0,,1.0,,,,17.0,4.0,3.0,3.0,2.0,,,119.0,14.0,,10.0,3.0,1.0,7.0,9.0,,30.0,1.0,14.0,20.0,8.0,,,,0.7407370641518799,0.003896265045290979,0.10447946395334409,0.003970715969723291,0.14691649087976175
2024-05-29,40353,45694.0,33135.0,148917698.52590585,229.0,16573947.801261272,5842.0,114207494.40933909,126.0,1743042.660607023,6362.0,83572661.60452807,33126.0,2193.0,267.0,114.0,3273.0,,7.0,,,,1.0,,,17.0,9.0,3.0,4.0,5.0,,,182.0,17.0,5.0,29.0,1.0,1.0,,7.0,,24.0,2.0,13.0,27.0,5.0,,,,0.7251499102726835,0.005011598897010548,0.12785048365212062,0.0027574736289228347,0.1392305335492625
2024-05-30,34748,39385.0,28656.0,152305359.95297128,194.0,14861081.31315639,4862.0,115117411.3825181,147.0,4253247.865226653,5526.0,80066995.28749457,28651.0,2614.0,235.0,140.0,1895.0,,2.0,,,,1.0,,,17.0,5.0,1.0,3.0,1.0,,1.0,159.0,27.0,,15.0,3.0,,3.0,7.0,,36.0,3.0,13.0,19.0,8.0,,,,0.7275866446616732,0.004925733147137235,0.12344801320299606,0.003732385425923575,0.1403072235622699
2024-05-31,36520,42314.0,30066.0,167771154.27279583,135.0,4827179.8550834395,5066.0,110719147.35221368,135.0,2371482.117941218,6912.0,94152777.08347808,30058.0,2084.0,248.0,131.0,2611.0,2.0,2.0,,,2.0,3.0,,3.0,36.0,8.0,,2.0,3.0,1.0,2.0,100.0,20.0,,22.0,1.0,2.0,1.0,4.0,,19.0,3.0,9.0,18.0,7.0,,,,0.7105449732948905,0.0031904334262891714,0.1197239684265255,0.0031904334262891714,0.16335019142600557
2024-06-01,37960,44749.0,31305.0,147138371.9128136,194.0,15754023.66760003,4587.0,76710048.42586164,96.0,6848079.246581228,8567.0,103015886.27901036,31303.0,2068.0,132.0,91.0,2259.0,1.0,2.0,,1.0,1.0,1.0,,,23.0,2.0,1.0,2.0,1.0,,3.0,131.0,43.0,2.0,34.0,5.0,1.0,3.0,2.0,,34.0,1.0,19.0,16.0,,,,,0.6995687054459317,0.004335292408768911,0.10250508391248966,0.002145299336298018,0.19144561889651165
2024-06-02,38019,44350.0,31841.0,130242831.40810001,151.0,15465238.424636107,4092.0,89077070.53439413,94.0,3840833.8293848494,8172.0,88341061.50761211,31840.0,2035.0,172.0,87.0,1790.0,3.0,2.0,,1.0,1.0,1.0,,,12.0,1.0,2.0,3.0,2.0,,,105.0,24.0,,34.0,,,,6.0,,18.0,2.0,10.0,27.0,,,,,0.7179481397970687,0.003404735062006764,0.09226606538895152,0.0021195039458850057,0.18426155580608794
2024-06-03,36255,41807.0,30529.0,158977816.89964777,154.0,29985138.41696322,4085.0,88248784.98051554,152.0,6690653.393107472,6887.0,88828006.95302494,30528.0,1928.0,238.0,140.0,1825.0,,,,2.0,,2.0,,,13.0,1.0,3.0,4.0,1.0,,,98.0,24.0,,36.0,,7.0,3.0,10.0,,25.0,1.0,7.0,23.0,1.0,,,,0.7302365632549573,0.00368359365656469,0.09771090965627766,0.003635754777908006,0.16473317865429235
2024-06-04,37047,42763.0,30867.0,172402638.48638442,175.0,53098634.9128869,4726.0,141568864.50680402,145.0,12626429.692583228,6850.0,117454172.86363104,30865.0,2263.0,247.0,141.0,2119.0,1.0,2.0,2.0,,1.0,,,1.0,16.0,2.0,2.0,6.0,1.0,,1.0,129.0,20.0,1.0,18.0,,,2.0,3.0,,15.0,2.0,24.0,27.0,2.0,,,,0.721815588242172,0.004092322802422655,0.11051610036713981,0.0033907817505787713,0.16018520683768678
2024-06-05,38959,44350.0,32164.0,164918869.4910578,96.0,7701517.842629909,5329.0,106950673.60595939,129.0,4924091.493757862,6632.0,78643442.06848578,32163.0,2313.0,640.0,120.0,2294.0,,,1.0,,5.0,,1.0,,9.0,1.0,,6.0,1.0,,,60.0,17.0,,33.0,,,,8.0,,17.0,7.0,3.0,18.0,1.0,,,,0.7252311161217587,0.002164599774520857,0.12015783540022548,0.0029086809470124015,0.14953776775648253
2024-06-06,37722,42649.0,31399.0,141972796.94051725,118.0,30499916.738519903,4585.0,90988924.25857064,90.0,2669438.797293689,6457.0,80773686.23217106,31393.0,2389.0,432.0,85.0,1666.0,,2.0,,,,1.0,,,9.0,6.0,3.0,8.0,6.0,,4.0,81.0,40.0,,23.0,,1.0,2.0,5.0,,8.0,,8.0,14.0,6.0,,,,0.7362189031395813,0.0027667706159581703,0.10750545147600178,0.00211024877488335,0.15139862599357545
2024-06-07,36273,41745.0,29603.0,163222882.16370773,225.0,19491769.023953885,4825.0,119542685.59146887,168.0,6527251.3164807735,6924.0,111301486.14958178,29601.0,2765.0,292.0,159.0,1627.0,,7.0,2.0,,4.0,,,,28.0,2.0,3.0,3.0,4.0,,2.0,175.0,17.0,,33.0,1.0,1.0,4.0,9.0,,38.0,2.0,8.0,26.0,8.0,,,,0.7091388190202419,0.0053898670499461015,0.11558270451551084,0.004024434063959755,0.16586417535034137
2024-06-08,35608,41169.0,28915.0,156491637.83257654,191.0,22616209.147956997,5389.0,123424768.13865532,125.0,1812938.3973633887,6549.0,112667654.01677123,28912.0,3013.0,620.0,117.0,1681.0,2.0,3.0,1.0,2.0,,1.0,,,16.0,3.0,2.0,7.0,1.0,,1.0,134.0,12.0,,32.0,1.0,1.0,2.0,6.0,,13.0,2.0,19.0,16.0,,,,,0.702348854720785,0.004639413150671622,0.1308994631883213,0.0030362651509631034,0.1590760037892589
2024-06-09,37332,43211.0,30387.0,134499162.02079073,140.0,6040564.810942925,5198.0,106755537.72941446,87.0,1215845.0582137895,7399.0,107489625.43509957,30383.0,2945.0,241.0,83.0,1915.0,1.0,,,,2.0,2.0,,1.0,17.0,4.0,1.0,6.0,2.0,,,90.0,17.0,1.0,28.0,,,3.0,3.0,,16.0,2.0,18.0,28.0,3.0,,,,0.7032237161833792,0.0032399157621901833,0.12029344379903266,0.002013376223646757,0.17122954803175117
2024-06-10,37141,43053.0,30890.0,179305082.40177807,203.0,53141332.29722091,5081.0,158762394.3211837,94.0,4399342.57132207,6785.0,111732668.9630009,30886.0,2706.0,312.0,94.0,1762.0,3.0,4.0,2.0,,1.0,,,4.0,25.0,4.0,7.0,15.0,13.0,,3.0,129.0,14.0,,36.0,,,6.0,,,159.0,,25.0,54.0,4.0,,,,0.7174877476598611,0.004715118574779922,0.11801732748008269,0.002183355399159176,0.15759645088611712
2024-06-11,36919,43286.0,30695.0,217335156.42966545,302.0,51349235.26099426,5061.0,150430219.1414046,159.0,8505720.12531188,7069.0,110364169.20523775,30692.0,2750.0,339.0,142.0,1737.0,1.0,10.0,3.0,2.0,2.0,,,1.0,35.0,3.0,3.0,11.0,8.0,,2.0,190.0,24.0,7.0,59.0,8.0,1.0,5.0,8.0,,76.0,5.0,36.0,39.0,18.0,,,,0.7091207318763573,0.006976851637942984,0.11692002032989882,0.0036732430809037564,0.16330915307489718
2024-06-12,31832,36601.0,25877.0,147822398.21457094,320.0,31932000.18044704,4817.0,126447682.24062939,134.0,4494109.4141279785,5453.0,74884447.58097477,25873.0,2466.0,267.0,123.0,1869.0,5.0,3.0,2.0,,3.0,1.0,,,25.0,4.0,3.0,13.0,4.0,,2.0,220.0,46.0,3.0,35.0,24.0,2.0,6.0,8.0,3.0,58.0,5.0,27.0,38.0,10.0,,,,0.7070025409141827,0.008742930521024015,0.13160842599928962,0.0036611021556788065,0.14898500040982487
2024-06-13,28944,33648.0,22692.0,126404223.70595273,195.0,19540977.286404673,5786.0,208616629.08386377,154.0,4070599.3261815263,4821.0,72459665.73477906,22689.0,2731.0,239.0,145.0,1721.0,4.0,6.0,1.0,1.0,15.0,,,5.0,52.0,3.0,3.0,49.0,5.0,,,131.0,10.0,1.0,30.0,2.0,,5.0,7.0,,807.0,12.0,24.0,76.0,53.0,,,,0.6743937232524965,0.0057952924393723255,0.17195672848311935,0.004576795054683785,0.1432774607703281
2024-06-14,33981,40061.0,24996.0,137827351.1850687,473.0,16679262.71977725,7860.0,144162917.17249328,216.0,7251419.837387067,6516.0,76588997.3756954,24992.0,2336.0,452.0,205.0,4866.0,4.0,2.0,,1.0,3.0,2.0,,1.0,23.0,4.0,2.0,7.0,4.0,,2.0,150.0,24.0,,305.0,,,5.0,10.0,,68.0,4.0,11.0,49.0,13.0,,,,0.6239484785701804,0.011806994333641197,0.19620079378947106,0.0053917775392526394,0.16265195576745464
2024-06-15,30323,35820.0,24284.0,87639430.69683358,292.0,16553277.472662099,4637.0,36423162.33617468,163.0,2823612.263348213,6444.0,58787254.11915214,24281.0,1959.0,271.0,152.0,2291.0,2.0,4.0,3.0,,1.0,3.0,1.0,3.0,26.0,3.0,4.0,7.0,6.0,,,173.0,7.0,1.0,87.0,1.0,1.0,6.0,9.0,,27.0,,20.0,22.0,5.0,,,,0.6779452819653825,0.008151870463428253,0.12945281965382469,0.0045505304299274145,0.1798994974874372
2024-06-16,32975,39796.0,26851.0,102386122.69774237,472.0,14292956.50563629,4286.0,45109417.27734325,186.0,4385266.320157613,8001.0,69641796.98123588,26847.0,2008.0,247.0,176.0,1891.0,7.0,1.0,,,,3.0,,,20.0,4.0,1.0,12.0,4.0,,2.0,249.0,18.0,3.0,191.0,1.0,2.0,8.0,7.0,,44.0,3.0,20.0,23.0,3.0,,,,0.674716051864509,0.011860488491305658,0.10769926625791537,0.004673836566489094,0.2010503568197809
2024-06-17,36357,43734.0,28743.0,143670573.62174964,326.0,60431165.55417775,6185.0,115838851.50671554,223.0,7569638.254039235,8257.0,75594445.05546066,28739.0,2230.0,321.0,189.0,3456.0,,3.0,,2.0,2.0,2.0,1.0,,49.0,4.0,2.0,10.0,5.0,,4.0,197.0,12.0,3.0,78.0,2.0,3.0,22.0,28.0,,57.0,,22.0,22.0,12.0,,,,0.6572232130607765,0.00745415466227649,0.14142314903736222,0.005099007637078703,0.18880047560250607
2024-06-18,39123,46940.0,27863.0,180080280.6662323,392.0,36876519.84305195,10490.0,138404509.5612169,245.0,7455885.020180989,7950.0,111259135.99517283,27854.0,7599.0,548.0,214.0,2046.0,2.0,6.0,1.0,1.0,4.0,,,,54.0,9.0,4.0,13.0,8.0,1.0,3.0,200.0,102.0,8.0,143.0,3.0,3.0,6.0,22.0,,51.0,2.0,33.0,31.0,19.0,,,,0.5935875585854282,0.008351086493395825,0.22347677886663825,0.0052194290583723905,0.1693651469961653
2024-06-19,32142,37540.0,25766.0,126860390.4494265,322.0,35546243.10826476,5207.0,73380279.4513941,186.0,3345924.279304143,6059.0,80399642.38953218,25765.0,2476.0,607.0,168.0,1938.0,2.0,1.0,1.0,1.0,,2.0,,1.0,36.0,1.0,3.0,10.0,8.0,,,207.0,59.0,4.0,64.0,4.0,3.0,9.0,13.0,,25.0,3.0,32.0,31.0,7.0,,,,0.6863612147043154,0.008577517314864145,0.13870538092701118,0.004954714970697922,0.16140117208311136
2024-06-20,29597,34166.0,24253.0,109172104.16503187,207.0,30440408.70930467,3871.0,47581778.72959848,124.0,3076231.1514799697,5711.0,74251743.61144966,24251.0,1899.0,226.0,118.0,1610.0,,6.0,1.0,,4.0,,,,19.0,2.0,2.0,9.0,5.0,,3.0,132.0,14.0,1.0,32.0,1.0,1.0,7.0,5.0,,33.0,5.0,32.0,29.0,8.0,,,,0.7098577533220161,0.006058654803020547,0.1132997717028625,0.0036293391090557866,0.16715448106304515
2024-06-21,28693,33340.0,23072.0,104479268.248786,308.0,28447685.214289315,4365.0,76011511.73149937,141.0,2555256.806584886,5454.0,55840462.96303303,23068.0,2036.0,245.0,132.0,1843.0,3.0,3.0,,,2.0,3.0,,2.0,31.0,4.0,1.0,16.0,1.0,,1.0,206.0,85.0,1.0,60.0,,3.0,5.0,8.0,,51.0,1.0,33.0,32.0,10.0,,,,0.6920215956808639,0.009238152369526095,0.13092381523695262,0.004229154169166167,0.1635872825434913
2024-06-22,28021,32863.0,22078.0,98987769.448707,274.0,20706383.52943275,4067.0,54215296.12398286,124.0,2669469.67371788,6320.0,57645771.60711816,22078.0,2054.0,266.0,115.0,1601.0,,1.0,,,1.0,17.0,,,22.0,,,21.0,2.0,,4.0,192.0,14.0,3.0,44.0,,,8.0,6.0,,29.0,1.0,30.0,21.0,13.0,,,,0.6718193713294587,0.008337644159084685,0.12375619998174238,0.0037732404223594926,0.19231354410735477
2024-06-23,32532,38353.0,25352.0,98292003.29736078,295.0,28367072.831197716,5376.0,59412673.69674453,163.0,6017955.954199135,7167.0,62735820.738877155,25347.0,2936.0,269.0,152.0,2021.0,,8.0,2.0,,,3.0,,2.0,20.0,5.0,1.0,9.0,1.0,,,195.0,11.0,1.0,60.0,1.0,2.0,6.0,10.0,,34.0,,30.0,29.0,31.0,,,,0.661017391077621,0.0076917059943159595,0.14017156415404272,0.00424999348160509,0.1868693452924152
2024-06-24,34429,41279.0,26712.0,210778213.30704764,403.0,40478453.97723065,6676.0,192493899.20330268,391.0,23686799.253564406,7097.0,90152671.86507216,26711.0,3663.0,436.0,361.0,2224.0,1.0,11.0,,2.0,2.0,5.0,,1.0,36.0,1.0,2.0,18.0,5.0,,2.0,289.0,108.0,1.0,64.0,1.0,9.0,8.0,27.0,,94.0,3.0,30.0,37.0,30.0,,,,0.6471086993386468,0.009762833401971947,0.16172872404854768,0.009472128685287918,0.17192761452554567
2024-06-25,34280,40026.0,26905.0,138941141.03422248,339.0,48980661.046787046,5881.0,74671328.737974,226.0,5535636.4447315615,6675.0,84052856.48507927,26903.0,2735.0,580.0,204.0,2385.0,2.0,2.0,,1.0,2.0,3.0,,,29.0,2.0,4.0,9.0,4.0,,2.0,240.0,14.0,2.0,42.0,5.0,1.0,7.0,19.0,1.0,51.0,8.0,39.0,34.0,21.0,,,,0.6721880777494629,0.008469494828361564,0.14692949582771198,0.005646329885574376,0.1667666017088892
2024-06-26,29703,34121.0,22960.0,147651131.25399363,318.0,129004613.55323464,5475.0,62775789.32731808,184.0,1942963.997501176,5184.0,93814224.8286038,22951.0,2087.0,443.0,170.0,2773.0,1.0,1.0,,1.0,,1.0,,2.0,22.0,9.0,1.0,8.0,3.0,,,202.0,26.0,,47.0,5.0,2.0,10.0,13.0,,53.0,2.0,51.0,30.0,23.0,,,,0.6728993874739896,0.009319773746373201,0.16045836874651973,0.005392573488467512,0.15192989654464992
2024-06-27,28240,32595.0,22926.0,250409703.04767063,613.0,171170943.1097773,3997.0,83696706.6159381,145.0,3011920.728231792,4914.0,161589805.81124374,22914.0,1851.0,389.0,137.0,1590.0,,2.0,1.0,1.0,,2.0,,,24.0,12.0,1.0,10.0,6.0,,4.0,378.0,23.0,,123.0,4.0,14.0,11.0,7.0,,54.0,3.0,82.0,24.0,14.0,,,,0.7033594109526001,0.018806565424144807,0.122626169657923,0.0044485350513882495,0.15075931891394387
2024-06-28,31295,36704.0,25320.0,134022927.0705869,321.0,29089955.881504435,4513.0,72753378.83372481,189.0,2917643.56450864,6361.0,83493627.30577964,25317.0,1994.0,352.0,178.0,1979.0,5.0,5.0,1.0,,1.0,2.0,,1.0,53.0,3.0,1.0,9.0,3.0,,2.0,221.0,21.0,5.0,52.0,2.0,4.0,9.0,6.0,,51.0,4.0,32.0,19.0,11.0,,,,0.689843068875327,0.008745640802092416,0.12295662598081952,0.005149302528334786,0.17330536181342632
2024-06-29,31131,36544.0,25566.0,87765154.7110964,326.0,21290914.08591808,3800.0,45738726.9819832,165.0,2754741.8050338817,6687.0,63093596.33672846,25562.0,1759.0,208.0,153.0,1716.0,3.0,3.0,1.0,1.0,1.0,5.0,,,31.0,4.0,1.0,7.0,1.0,,,218.0,13.0,,66.0,3.0,2.0,5.0,11.0,,33.0,1.0,31.0,16.0,2.0,,,,0.6995950087565674,0.008920753064798599,0.10398423817863398,0.004515105078809107,0.18298489492119088
2024-06-30,34440,40493.0,28676.0,108739431.42398863,294.0,43398931.050344266,4113.0,99098353.97723736,146.0,5379040.051563658,7264.0,69388547.95122138,28667.0,1906.0,243.0,132.0,1827.0,3.0,2.0,1.0,,5.0,1.0,,1.0,34.0,9.0,4.0,9.0,5.0,,3.0,206.0,14.0,3.0,47.0,3.0,3.0,13.0,11.0,3.0,30.0,1.0,15.0,25.0,3.0,,,,0.7081717827772701,0.007260514162941743,0.10157311140197071,0.0036055614550663077,0.1793890302027511
2024-07-01,33731,39273.0,28537.0,156261992.1636829,283.0,36740264.06656806,3830.0,132219375.44283128,150.0,5588345.067861875,6473.0,74662462.92430595,28535.0,1778.0,272.0,140.0,1610.0,1.0,3.0,1.0,1.0,1.0,1.0,,1.0,19.0,2.0,3.0,10.0,5.0,,,201.0,32.0,2.0,40.0,6.0,7.0,8.0,7.0,,41.0,4.0,18.0,36.0,15.0,,,,0.7266315280217961,0.0072059684770707615,0.09752247090876684,0.003819417920708884,0.16482061467165737
2024-07-02,36098,41845.0,30779.0,122515370.87843108,281.0,36931803.20837516,3913.0,90920737.67762244,146.0,3239734.6192528196,6726.0,86048704.5704536,30775.0,1517.0,199.0,138.0,1969.0,2.0,1.0,1.0,,6.0,,,,38.0,4.0,5.0,15.0,2.0,,3.0,197.0,25.0,1.0,40.0,7.0,4.0,7.0,7.0,,82.0,2.0,21.0,41.0,10.0,,,,0.7355478551798303,0.006715258692794838,0.09351176962600072,0.0034890667941211615,0.16073604970725297
2024-07-03,35565,41535.0,29513.0,169172666.73133406,573.0,58025485.80430367,4769.0,139646687.43359184,197.0,17189631.647791516,6483.0,80708214.04205757,29508.0,1788.0,345.0,188.0,2454.0,,7.0,3.0,,4.0,2.0,,1.0,48.0,5.0,1.0,7.0,3.0,,4.0,318.0,27.0,1.0,199.0,9.0,4.0,7.0,8.0,2.0,45.0,1.0,33.0,18.0,12.0,,,,0.7105573612615866,0.013795594077284219,0.11481882749488383,0.004742987841579391,0.15608522932466595
2024-07-04,35935,43289.0,28457.0,228469372.0990833,453.0,37181561.33272771,7235.0,260810905.57101583,352.0,17624239.94302221,6792.0,103757487.39203593,28453.0,2565.0,441.0,331.0,3854.0,3.0,14.0,4.0,4.0,6.0,2.0,,,57.0,4.0,5.0,12.0,6.0,1.0,7.0,297.0,45.0,3.0,102.0,15.0,3.0,8.0,14.0,,129.0,2.0,23.0,46.0,41.0,,,,0.6573725426782785,0.010464552195707917,0.16713252789392224,0.008131395966642797,0.1568989812654485
2024-07-05,33271,41743.0,25802.0,222814954.19999987,510.0,76407598.6085299,7403.0,322689448.70860386,493.0,48160746.601721965,7535.0,99813854.045482,25794.0,3090.0,664.0,453.0,3157.0,2.0,16.0,3.0,3.0,4.0,3.0,,3.0,99.0,8.0,5.0,15.0,15.0,2.0,3.0,370.0,54.0,3.0,79.0,11.0,1.0,13.0,34.0,1.0,148.0,4.0,30.0,87.0,34.0,,,,0.6181156121984525,0.012217617325060489,0.17734710011259372,0.01181036341422514,0.1805093069496682
2024-07-06,32529,39653.0,26236.0,126668314.28855558,582.0,57677149.04413098,4655.0,53826482.32021116,257.0,5741738.175045821,7923.0,72612463.04559506,26226.0,1974.0,298.0,240.0,2160.0,,7.0,3.0,4.0,3.0,6.0,1.0,1.0,38.0,10.0,5.0,9.0,6.0,1.0,5.0,366.0,25.0,4.0,137.0,10.0,15.0,7.0,8.0,3.0,63.0,2.0,39.0,37.0,17.0,,,,0.6616397246110004,0.014677325801326507,0.11739338763775754,0.0064812246236098155,0.1998083373263057
2024-07-07,32621,39780.0,26186.0,104671412.95475477,549.0,42514197.82983753,5280.0,70729039.86729193,302.0,12025045.310281226,7463.0,66114874.56141161,26174.0,2169.0,301.0,280.0,2529.0,,10.0,,2.0,2.0,3.0,,2.0,51.0,12.0,2.0,15.0,9.0,,7.0,395.0,25.0,1.0,74.0,12.0,6.0,6.0,19.0,3.0,100.0,,51.0,42.0,15.0,,,,0.6582704876822524,0.013800904977375565,0.13273001508295626,0.00759175465057818,0.1876068376068376
2024-07-08,33809,42442.0,27247.0,142420449.31495354,595.0,60581656.01559884,6186.0,126095936.97228225,398.0,13058071.277756197,8016.0,82548329.35651092,27244.0,2559.0,474.0,371.0,2666.0,4.0,18.0,3.0,1.0,5.0,6.0,,2.0,83.0,3.0,2.0,10.0,20.0,2.0,3.0,399.0,48.0,3.0,72.0,12.0,15.0,12.0,23.0,1.0,162.0,7.0,82.0,67.0,47.0,,,,0.6419819989632911,0.01401913199189482,0.14575184958296028,0.009377503416427124,0.1888695160454267
2024-07-09,35634,41804.0,30204.0,137310509.26358566,467.0,47023846.776082255,4109.0,47284283.43243466,228.0,9842349.011920065,6796.0,78910079.6875093,30201.0,1669.0,258.0,215.0,1989.0,3.0,6.0,1.0,2.0,1.0,,,,23.0,3.0,5.0,8.0,2.0,,2.0,324.0,32.0,2.0,56.0,22.0,13.0,4.0,9.0,3.0,80.0,,40.0,26.0,9.0,,,,0.7225145919050808,0.011171179791407521,0.09829202947086403,0.005454023538417376,0.1625681752942302
2024-07-10,36559,42346.0,30896.0,148933960.59928635,370.0,36523712.19721501,4022.0,55654306.97780142,254.0,12818222.306734608,6804.0,89260170.24165584,30892.0,1795.0,258.0,232.0,1831.0,1.0,3.0,,,,1.0,,,29.0,4.0,,10.0,6.0,1.0,,229.0,16.0,3.0,68.0,13.0,1.0,14.0,19.0,,45.0,1.0,45.0,21.0,4.0,,,,0.7296084636093138,0.008737543097340953,0.09497945496623057,0.0059982052614178435,0.16067633306569687
2024-07-11,31701,37364.0,25592.0,102262940.0086878,330.0,21219110.95422273,5544.0,69617675.69420703,203.0,6420911.405987838,5695.0,55642036.21572101,25587.0,2314.0,618.0,181.0,2377.0,2.0,10.0,1.0,1.0,1.0,4.0,,,41.0,5.0,,19.0,9.0,,3.0,235.0,26.0,4.0,34.0,7.0,6.0,13.0,17.0,,80.0,6.0,35.0,22.0,11.0,,,,0.6849373728722835,0.008832030831816723,0.14837811797452094,0.005433037148056953,0.1524194411733219
2024-07-12,33890,40296.0,27185.0,119256490.30777043,359.0,17921417.454180412,5286.0,96938236.61363953,325.0,12093280.358836966,7141.0,74581148.60944134,27184.0,2055.0,516.0,307.0,2515.0,1.0,10.0,,,1.0,,,1.0,33.0,1.0,,9.0,3.0,,4.0,205.0,23.0,4.0,90.0,7.0,8.0,10.0,14.0,,73.0,4.0,39.0,29.0,9.0,,,,0.6746327178876316,0.00890907286082986,0.13117927337701013,0.008065316656740124,0.17721361921778836
2024-07-13,34044,39980.0,27194.0,114863376.86513498,451.0,22922308.00477286,4459.0,60074640.324732445,227.0,12647080.685008736,7649.0,75161738.46708962,27194.0,1740.0,307.0,213.0,2236.0,,5.0,1.0,2.0,5.0,4.0,,,22.0,,,47.0,6.0,1.0,1.0,345.0,19.0,4.0,33.0,21.0,10.0,4.0,8.0,,35.0,5.0,38.0,21.0,4.0,,,,0.6801900950475238,0.01128064032016008,0.11153076538269134,0.00567783891945973,0.1913206603301651
2024-07-14,39513,47136.0,32479.0,133977930.52394116,379.0,21180391.400614753,4257.0,59111220.4829847,255.0,5035959.164709585,9766.0,73510191.72072725,32477.0,1691.0,346.0,242.0,1953.0,,5.0,3.0,1.0,2.0,2.0,,1.0,71.0,2.0,6.0,40.0,8.0,1.0,4.0,295.0,32.0,1.0,26.0,6.0,1.0,23.0,11.0,,58.0,2.0,22.0,31.0,7.0,,,,0.6890487101154107,0.008040563475899525,0.0903131364562118,0.005409877800407332,0.2071877121520706
2024-07-15,37661,43895.0,30321.0,234504265.11885142,366.0,51285997.29052438,5216.0,209952602.15129608,287.0,18671335.827395126,7705.0,75698361.63086712,30319.0,2150.0,462.0,274.0,2323.0,6.0,7.0,1.0,2.0,,3.0,,3.0,61.0,2.0,1.0,10.0,9.0,2.0,7.0,292.0,70.0,5.0,23.0,8.0,1.0,15.0,6.0,,55.0,8.0,26.0,27.0,12.0,,,,0.6907620457910923,0.008338079507916618,0.1188290238068117,0.006538330105934616,0.17553252078824466
2024-07-16,37688,43488.0,30610.0,200434903.10196126,255.0,23530070.21632995,4953.0,136701021.6640526,257.0,7881347.237065221,7413.0,93725495.98674183,30608.0,2306.0,458.0,242.0,1952.0,8.0,4.0,1.0,5.0,1.0,,,,48.0,2.0,3.0,6.0,16.0,,6.0,179.0,56.0,5.0,41.0,6.0,2.0,6.0,5.0,,44.0,11.0,18.0,20.0,16.0,,,,0.7038723325974982,0.005863686534216335,0.11389348785871965,0.005909676232523915,0.17046081677704195
2024-07-17,37387,42842.0,30582.0,157138801.1203548,271.0,9993446.116980385,4318.0,96701434.3329139,179.0,11083872.052896334,7492.0,84711689.27197558,30579.0,1668.0,290.0,172.0,2183.0,4.0,7.0,2.0,,1.0,2.0,,,24.0,3.0,2.0,12.0,8.0,,3.0,125.0,64.0,3.0,112.0,2.0,,10.0,4.0,,21.0,,20.0,17.0,12.0,,,,0.713832220717987,0.006325568367489846,0.10078894542738434,0.004178142943840157,0.17487512254329862
2024-07-18,35495,40645.0,28929.0,183943758.52377197,304.0,22246782.883670982,4347.0,66834261.28153472,224.0,6610926.49487288,6841.0,92909091.6409477,28927.0,2213.0,312.0,216.0,1701.0,1.0,2.0,1.0,,,,,,15.0,2.0,,6.0,12.0,,1.0,119.0,37.0,1.0,113.0,9.0,4.0,5.0,7.0,,25.0,,54.0,12.0,9.0,,,,0.7117480624923115,0.007479394759503014,0.10695042440644606,0.0055111329806864316,0.16831098536105302
2024-07-19,36303,41868.0,29050.0,160703450.75057232,259.0,26923174.45531684,4834.0,98988347.1623363,385.0,16131376.03779975,7340.0,82467202.93713821,29044.0,2062.0,458.0,354.0,2096.0,4.0,9.0,3.0,2.0,3.0,2.0,,,34.0,6.0,3.0,10.0,14.0,,4.0,177.0,40.0,7.0,38.0,10.0,,6.0,22.0,,59.0,6.0,25.0,29.0,1.0,,,,0.6938473297028757,0.006186108722652145,0.11545810642973153,0.009195567020158594,0.175312888124582
2024-07-20,34476,39887.0,27229.0,112363630.30233009,703.0,28861119.59647391,5005.0,58733776.039465055,249.0,3250001.773570165,6701.0,50702156.65000788,27225.0,2004.0,434.0,232.0,2366.0,8.0,5.0,,4.0,30.0,5.0,,,16.0,4.0,2.0,14.0,2.0,1.0,,601.0,54.0,3.0,37.0,29.0,,2.0,10.0,2.0,28.0,1.0,30.0,36.0,1.0,,,,0.6826534961265576,0.01762479003183995,0.1254794795296713,0.006242635445132499,0.16799959886679872
2024-07-21,33656,38408.0,25892.0,119639845.95997463,516.0,18593245.833476275,5263.0,47299942.792101674,400.0,4969468.172270353,6337.0,60549088.69873827,25888.0,2033.0,446.0,396.0,2567.0,3.0,6.0,3.0,,,6.0,,,50.0,4.0,2.0,15.0,4.0,,1.0,474.0,42.0,2.0,19.0,5.0,3.0,2.0,2.0,,43.0,3.0,11.0,28.0,13.0,,,,0.6741303895021871,0.01343470110393668,0.13702874401166423,0.010414496979795875,0.16499166840241616
2024-07-22,36984,42622.0,29812.0,147223413.03847253,387.0,17536539.4150093,4443.0,91470020.19217461,487.0,8661701.537522878,7493.0,78243819.04675229,29810.0,1762.0,408.0,482.0,2067.0,3.0,8.0,1.0,,1.0,1.0,,,35.0,2.0,2.0,9.0,6.0,,7.0,336.0,34.0,,21.0,4.0,,5.0,5.0,,51.0,4.0,19.0,30.0,16.0,,,,0.6994509877528037,0.009079817934400075,0.1042419407817559,0.011426024118999577,0.17580122941204074
2024-07-23,34164,40136.0,25955.0,141184975.25639984,735.0,28534767.3102415,5345.0,90801482.46770972,669.0,9751387.311709452,7432.0,82332735.6038063,25948.0,1892.0,1060.0,642.0,2082.0,6.0,8.0,4.0,,,,,,47.0,7.0,2.0,13.0,10.0,,1.0,557.0,78.0,1.0,82.0,5.0,2.0,36.0,26.0,1.0,78.0,4.0,50.0,43.0,19.0,,,,0.6466763005780347,0.018312736695236198,0.13317221447079927,0.01666832768586805,0.18517042057006178
2024-07-24,33731,39333.0,25691.0,138035684.4890923,512.0,12657662.093225138,5044.0,83302774.34686698,662.0,8040879.423241836,7424.0,57751952.07969697,25691.0,1894.0,456.0,646.0,2435.0,6.0,3.0,5.0,2.0,,2.0,,4.0,35.0,,3.0,17.0,10.0,,5.0,445.0,68.0,5.0,19.0,3.0,,18.0,9.0,1.0,57.0,2.0,23.0,27.0,18.0,,,,0.6531665522589174,0.01301705946660565,0.1282383749014822,0.016830651107212772,0.18874736226578193
2024-07-25,35804,43040.0,26304.0,182961717.45017052,753.0,37585425.068297416,7039.0,215242479.53373438,952.0,21605749.460393954,7992.0,111464410.17203003,26303.0,3034.0,593.0,933.0,2910.0,3.0,9.0,2.0,1.0,4.0,13.0,1.0,2.0,76.0,1.0,4.0,14.0,11.0,2.0,3.0,609.0,56.0,3.0,46.0,6.0,5.0,18.0,14.0,,160.0,3.0,65.0,108.0,36.0,,,,0.6111524163568773,0.0174953531598513,0.16354553903345725,0.02211895910780669,0.18568773234200744
2024-07-26,36806,43902.0,27202.0,137994504.38169846,754.0,49316330.36736578,6114.0,93349980.17857815,1266.0,14706581.604137545,8566.0,95252935.56653178,27200.0,2595.0,539.0,1249.0,2663.0,2.0,3.0,2.0,,4.0,25.0,,3.0,61.0,2.0,1.0,13.0,17.0,2.0,5.0,632.0,51.0,1.0,43.0,14.0,4.0,25.0,16.0,1.0,75.0,4.0,34.0,43.0,7.0,,,,0.619607307184183,0.01717461619060635,0.13926472598059314,0.02883695503621703,0.19511639560840052
2024-07-27,37050,43311.0,27251.0,117043757.58104873,584.0,21296454.656487983,4910.0,86720457.36144105,2874.0,23706572.017880533,7692.0,64858334.448200084,27250.0,2101.0,302.0,2824.0,2263.0,,2.0,1.0,2.0,3.0,2.0,1.0,,34.0,1.0,3.0,9.0,7.0,1.0,3.0,513.0,26.0,1.0,24.0,4.0,2.0,20.0,46.0,,57.0,5.0,18.0,67.0,27.0,,,,0.6291935074230565,0.0134838724573434,0.11336611946156866,0.0663572764424742,0.17759922421555724
2024-07-28,36301,42852.0,26259.0,88640855.52175823,739.0,17772884.95323443,4889.0,50008966.50742165,2221.0,8770811.31337039,8744.0,54750887.501074605,26255.0,1793.0,281.0,2200.0,2534.0,1.0,6.0,,,2.0,1.0,,1.0,44.0,4.0,1.0,71.0,7.0,,3.0,636.0,30.0,2.0,49.0,3.0,2.0,10.0,19.0,,68.0,1.0,38.0,27.0,19.0,,,,0.6127835340240829,0.017245402781667134,0.11409035750956781,0.05182955287967889,0.20405115280500327
2024-07-29,36084,43662.0,27730.0,160701593.79773596,696.0,46480832.27402782,6334.0,160017867.57983363,1005.0,29472313.234466255,7897.0,127627064.9029027,27722.0,2521.0,614.0,975.0,2785.0,4.0,8.0,3.0,3.0,4.0,4.0,,7.0,63.0,8.0,4.0,40.0,19.0,1.0,7.0,527.0,52.0,4.0,68.0,20.0,17.0,29.0,23.0,,103.0,12.0,31.0,52.0,35.0,,,,0.6351060418670698,0.015940634877009755,0.14506893866520087,0.023017727085337364,0.18086665750538225
2024-07-30,31997,36892.0,25462.0,135292585.09916073,479.0,27224619.95856255,4528.0,128461035.22893584,580.0,9123627.294710552,5843.0,58238798.18341265,25459.0,2114.0,276.0,574.0,1935.0,,2.0,3.0,1.0,2.0,1.0,,1.0,26.0,3.0,1.0,5.0,6.0,,,370.0,12.0,,35.0,15.0,3.0,26.0,5.0,,76.0,3.0,29.0,46.0,20.0,,,,0.6901767320828364,0.012983844735986122,0.12273663666919657,0.015721565651089668,0.15838122086089124
2024-07-31,30908,35736.0,25140.0,120789665.13358928,463.0,30481924.88597165,4129.0,99422796.9964983,341.0,8007315.711603308,5663.0,74875099.25666608,25138.0,1974.0,240.0,321.0,1726.0,,4.0,,1.0,1.0,1.0,,,21.0,2.0,4.0,11.0,8.0,1.0,1.0,379.0,30.0,5.0,23.0,21.0,1.0,10.0,14.0,2.0,62.0,,23.0,38.0,11.0,,,,0.703492276695769,0.012956122677412134,0.1155417506156257,0.009542198343407209,0.15846765166778598
2024-08-01,33570,40040.0,27514.0,193898491.48665902,463.0,17009591.35037995,4924.0,223852977.01360404,329.0,23022240.615882132,6810.0,83938522.48834212,27508.0,2017.0,370.0,307.0,2266.0,3.0,5.0,2.0,,2.0,3.0,,1.0,42.0,6.0,3.0,26.0,4.0,,3.0,365.0,24.0,6.0,52.0,1.0,3.0,17.0,16.0,,79.0,3.0,22.0,47.0,27.0,,,,0.6871628371628372,0.011563436563436563,0.12297702297702298,0.008216783216783216,0.17007992007992007
2024-08-02,32531,40588.0,25344.0,228426888.15164986,751.0,55298278.87794097,6436.0,220548645.268778,421.0,24686792.161402363,7636.0,98317115.66511145,25336.0,2873.0,371.0,395.0,2778.0,1.0,9.0,1.0,6.0,4.0,2.0,,2.0,61.0,8.0,14.0,23.0,11.0,2.0,3.0,612.0,82.0,2.0,47.0,8.0,2.0,22.0,18.0,4.0,138.0,3.0,42.0,50.0,22.0,,,,0.6244210111362964,0.01850300581452646,0.15856903518281265,0.010372523898689267,0.18813442396767519
2024-08-03,33916,43728.0,25145.0,207369926.39997578,915.0,49390169.41536072,8663.0,230901654.66984117,547.0,23421423.751748353,8458.0,90576879.48200706,25142.0,4054.0,564.0,528.0,3368.0,1.0,13.0,6.0,7.0,10.0,3.0,1.0,1.0,148.0,3.0,5.0,37.0,9.0,,4.0,778.0,220.0,5.0,45.0,5.0,5.0,27.0,6.0,1.0,144.0,4.0,49.0,52.0,25.0,,,,0.5750320160995244,0.020924807903402853,0.1981110501280644,0.012509147457006951,0.19342297841200146
2024-08-04,35599,45024.0,25111.0,229279365.2443111,946.0,47790941.19413331,8390.0,291044227.2188963,2420.0,43099430.103982106,8157.0,113151179.07709381,25105.0,3891.0,715.0,2404.0,3083.0,3.0,40.0,2.0,3.0,7.0,3.0,,3.0,108.0,6.0,12.0,18.0,17.0,1.0,2.0,795.0,172.0,6.0,55.0,6.0,10.0,20.0,7.0,,202.0,7.0,48.0,84.0,32.0,,,,0.5577247690120825,0.021011016346837243,0.1863450604122246,0.05374911158493248,0.18117004264392325
2024-08-05,37742,52742.0,27678.0,703810339.6196115,1464.0,176181848.91535768,13029.0,1227616911.9851804,1337.0,123940251.74095766,9234.0,367890883.8398778,27666.0,5806.0,1291.0,1268.0,4723.0,3.0,28.0,7.0,8.0,8.0,9.0,,8.0,180.0,12.0,24.0,52.0,57.0,1.0,5.0,982.0,161.0,5.0,237.0,8.0,28.0,35.0,56.0,2.0,378.0,17.0,148.0,92.0,203.0,,,,0.5247810094421903,0.02775776421068598,0.247032725342232,0.025349816085851882,0.17507868491903986
2024-08-06,35694,44799.0,26856.0,184497574.47804454,785.0,40462245.39989669,7868.0,145133267.86986637,955.0,32453940.074465204,8335.0,103307630.89129777,26854.0,3434.0,766.0,922.0,3143.0,2.0,13.0,2.0,2.0,6.0,4.0,1.0,6.0,72.0,2.0,6.0,21.0,12.0,1.0,4.0,607.0,162.0,3.0,86.0,12.0,6.0,19.0,27.0,2.0,125.0,1.0,47.0,26.0,68.0,,,,0.5994776669122078,0.017522712560548225,0.1756289202883993,0.02131744012143128,0.18605326011741333
2024-08-07,35353,45160.0,26772.0,170402702.36548194,888.0,28764092.728363674,7775.0,246833416.8228921,1261.0,33707524.00965408,8464.0,110930286.6243935,26769.0,3413.0,511.0,1234.0,3334.0,,15.0,4.0,3.0,10.0,3.0,1.0,,65.0,3.0,6.0,17.0,22.0,1.0,5.0,744.0,35.0,3.0,67.0,18.0,8.0,12.0,20.0,,210.0,2.0,33.0,40.0,88.0,,,,0.5928255093002657,0.01966341895482728,0.17216563330380869,0.027922940655447297,0.187422497785651
2024-08-08,35278,45064.0,26790.0,189016022.5093178,730.0,32225852.83403469,6689.0,123508833.7486237,1091.0,24731010.913247623,9764.0,125539265.71925226,26787.0,2961.0,429.0,1039.0,2880.0,3.0,23.0,3.0,6.0,8.0,4.0,1.0,1.0,71.0,3.0,22.0,21.0,15.0,1.0,2.0,521.0,44.0,6.0,88.0,14.0,5.0,17.0,39.0,1.0,136.0,1.0,62.0,35.0,51.0,,,,0.5944878395171312,0.016199183383632167,0.14843333925084323,0.024210012426770816,0.21666962542162257
2024-08-09,34535,43026.0,25708.0,154162749.80693582,470.0,22957150.84231617,5949.0,99951655.9135831,1505.0,16990562.627665546,9394.0,115057073.57091776,25708.0,2482.0,524.0,1469.0,2586.0,1.0,12.0,3.0,,5.0,24.0,,2.0,51.0,,6.0,15.0,11.0,1.0,2.0,325.0,26.0,1.0,67.0,10.0,2.0,11.0,35.0,2.0,150.0,2.0,47.0,21.0,31.0,,,,0.5974991865383722,0.010923627574025008,0.13826523497420165,0.03497884999767582,0.2183331009157254
2024-08-10,33885,40839.0,22469.0,104328934.5814629,688.0,20879228.967775732,5294.0,52107978.083059125,4229.0,11190062.964880573,8159.0,79446170.42251703,22465.0,2287.0,255.0,4155.0,2457.0,3.0,10.0,2.0,1.0,8.0,6.0,2.0,3.0,42.0,4.0,1.0,24.0,4.0,1.0,4.0,580.0,31.0,9.0,43.0,7.0,2.0,1.0,62.0,1.0,111.0,1.0,53.0,25.0,20.0,,,,0.5501848723034355,0.016846641690540905,0.1296309899850633,0.10355297632165332,0.19978451969930702
2024-08-11,35918,44222.0,22014.0,132741067.78433508,664.0,39008135.48989793,5758.0,106861897.86870807,7252.0,17727943.554284886,8534.0,92440026.99430463,22009.0,2506.0,334.0,7110.0,2533.0,2.0,18.0,3.0,5.0,4.0,6.0,,2.0,58.0,5.0,3.0,26.0,20.0,,5.0,515.0,56.0,4.0,64.0,5.0,14.0,13.0,133.0,,139.0,1.0,50.0,21.0,24.0,,,,0.49780652164081224,0.015015150829903668,0.13020668445570077,0.16399077382298405,0.19298086925059926
2024-08-12,33436,40841.0,24382.0,127414704.96740541,467.0,21753350.75554414,5227.0,111226935.42735134,3033.0,15588569.840322863,7732.0,78408775.01300423,24366.0,2320.0,364.0,2980.0,2204.0,,17.0,2.0,6.0,2.0,2.0,,2.0,48.0,16.0,19.0,21.0,15.0,2.0,3.0,341.0,29.0,3.0,32.0,1.0,15.0,25.0,44.0,,136.0,1.0,34.0,32.0,27.0,,,,0.5969981146397003,0.01143458779167993,0.12798413359124408,0.07426360764917607,0.1893195563281996
2024-08-13,33237,41711.0,24152.0,148018727.29681355,570.0,35383190.68972027,6932.0,111023550.78192107,1503.0,13185304.032922264,8554.0,104177290.48586227,24147.0,2423.0,452.0,1473.0,3710.0,1.0,8.0,2.0,5.0,4.0,5.0,1.0,1.0,46.0,5.0,5.0,17.0,9.0,,1.0,437.0,36.0,6.0,40.0,12.0,11.0,11.0,18.0,,151.0,3.0,54.0,30.0,33.0,,,,0.5790319100477093,0.013665459950612548,0.1661911725923617,0.03603366018556256,0.20507779722375394
2024-08-14,33423,40167.0,24504.0,117276949.74074075,500.0,22990021.667433884,5224.0,85269923.88434952,2186.0,14071388.649115292,7753.0,67245961.89431474,24502.0,2255.0,333.0,2169.0,2422.0,,5.0,1.0,1.0,2.0,5.0,,1.0,52.0,2.0,1.0,17.0,4.0,,2.0,352.0,28.0,2.0,85.0,6.0,18.0,8.0,14.0,1.0,63.0,1.0,29.0,23.0,10.0,,,,0.6100530286055718,0.0124480294769338,0.13005701197500436,0.05442278487315458,0.1930191450693355
2024-08-15,32145,39700.0,24931.0,190048967.23813918,483.0,112916998.66607389,5398.0,108532815.60586138,779.0,20152319.48973036,8109.0,105069040.17793864,24930.0,2077.0,323.0,672.0,2759.0,2.0,13.0,4.0,4.0,2.0,4.0,,2.0,31.0,1.0,2.0,18.0,10.0,,3.0,317.0,24.0,50.0,67.0,5.0,6.0,9.0,53.0,,90.0,6.0,77.0,20.0,10.0,,,,0.6279848866498741,0.01216624685138539,0.1359697732997481,0.019622166246851386,0.20425692695214107
2024-08-16,30964,38515.0,21604.0,168356733.7997966,616.0,12215240.25169424,5580.0,63604019.877535686,2453.0,11270636.400350062,8262.0,43496933.83874352,21600.0,2398.0,309.0,2383.0,2595.0,,7.0,3.0,15.0,8.0,,,1.0,56.0,4.0,5.0,17.0,4.0,2.0,7.0,482.0,25.0,7.0,62.0,2.0,6.0,27.0,48.0,3.0,108.0,1.0,29.0,12.0,27.0,,,,0.5609243152018694,0.01599376866156043,0.14487861871997923,0.06368947163442815,0.2145138257821628
2024-08-17,32826,40925.0,24047.0,93688603.17671727,619.0,19559795.611232933,4796.0,45750119.1686431,818.0,6778764.589727818,10645.0,74687485.58002518,24042.0,2044.0,200.0,789.0,2376.0,1.0,,2.0,2.0,2.0,1.0,,5.0,58.0,5.0,7.0,20.0,4.0,,,535.0,11.0,2.0,31.0,3.0,4.0,11.0,25.0,2.0,59.0,1.0,26.0,9.0,3.0,,,,0.5875870494807575,0.01512522907758094,0.11718998167379352,0.019987782529016493,0.26010995723885155
2024-08-18,34572,42709.0,23728.0,81282325.04430024,862.0,6741227.465360602,4940.0,44703091.696770735,2849.0,14185418.050239265,10330.0,70624018.24574871,23721.0,2113.0,293.0,2801.0,2301.0,,11.0,,2.0,2.0,2.0,,3.0,59.0,7.0,4.0,14.0,11.0,,4.0,761.0,13.0,6.0,57.0,4.0,3.0,15.0,40.0,1.0,87.0,,17.0,16.0,11.0,,,,0.5555737666533985,0.02018309958088459,0.11566648715727364,0.06670725139900255,0.24186939520944065
2024-08-19,32151,39962.0,23836.0,108244746.384771,996.0,52184647.10972778,5197.0,71581327.57878093,868.0,15520036.315730972,9065.0,74731391.57140853,23821.0,2257.0,348.0,817.0,2332.0,1.0,15.0,,3.0,7.0,2.0,1.0,1.0,37.0,15.0,2.0,28.0,9.0,,3.0,860.0,22.0,13.0,62.0,8.0,5.0,18.0,34.0,1.0,93.0,1.0,40.0,17.0,24.0,,,,0.5964666433111456,0.02492367749361894,0.13004854611881286,0.02172063460287273,0.22684049847354987
2024-08-20,36046,45088.0,23625.0,124373697.65785158,1227.0,37891405.94197672,10076.0,127314192.23988996,772.0,19469440.575549014,9388.0,77133010.25883748,23612.0,6893.0,431.0,741.0,2465.0,2.0,11.0,1.0,8.0,6.0,1.0,,2.0,49.0,13.0,10.0,22.0,10.0,,3.0,1066.0,30.0,6.0,87.0,5.0,3.0,13.0,17.0,,100.0,1.0,43.0,38.0,11.0,,,,0.5239753371185237,0.02721344925479063,0.22347409510290986,0.01712207239176721,0.20821504613200853
2024-08-21,29302,36166.0,20272.0,1166775645.0151057,627.0,48279986.66775669,7495.0,77855324.92196581,571.0,15382838.473421866,7201.0,597160980.1616148,20268.0,4424.0,611.0,530.0,2211.0,3.0,7.0,1.0,4.0,9.0,6.0,,,81.0,4.0,6.0,18.0,4.0,,4.0,471.0,18.0,1.0,88.0,9.0,4.0,24.0,36.0,,61.0,1.0,25.0,23.0,13.0,,,,0.5605264613172593,0.01733672510092352,0.20723884311231544,0.015788309461925564,0.19910966100757618
2024-08-22,29745,36763.0,21731.0,109555656.08870514,583.0,34270963.258193955,6310.0,112998673.02925684,580.0,14537587.815649597,7559.0,55184259.28650574,21729.0,3568.0,297.0,502.0,2182.0,1.0,9.0,,6.0,4.0,2.0,1.0,2.0,53.0,2.0,3.0,28.0,1.0,,1.0,477.0,35.0,6.0,41.0,5.0,1.0,13.0,65.0,1.0,76.0,,42.0,41.0,10.0,,,,0.5911106275331175,0.015858335826782363,0.17163996409433396,0.015776732040366673,0.20561434050539945
2024-08-23,33289,43363.0,23759.0,155347038.14374778,1047.0,35898890.52969473,8414.0,151441424.95381564,785.0,22461298.279710162,9358.0,92239975.45607243,23747.0,4361.0,497.0,705.0,3133.0,7.0,14.0,,8.0,7.0,2.0,,1.0,72.0,12.0,5.0,96.0,20.0,1.0,3.0,608.0,50.0,7.0,356.0,3.0,6.0,37.0,65.0,,98.0,2.0,32.0,39.0,11.0,,,,0.5479095081059889,0.0241450084173143,0.194036390471139,0.01810299102921846,0.2158061019763393
2024-08-24,31702,39406.0,23276.0,108213755.47202228,658.0,34520704.69818672,7512.0,92730039.68257204,708.0,13911636.789721502,7252.0,47071590.00581667,23275.0,3937.0,406.0,672.0,2910.0,,8.0,1.0,3.0,3.0,5.0,,1.0,54.0,1.0,2.0,27.0,8.0,1.0,9.0,473.0,22.0,2.0,114.0,2.0,3.0,20.0,31.0,2.0,71.0,,42.0,31.0,18.0,,,,0.5906714713495407,0.016697964776937524,0.19063086839567578,0.01796680708521545,0.18403288839263057
2024-08-25,28117,34574.0,20280.0,74249254.84198758,520.0,13358283.16981862,6656.0,67410711.57557322,734.0,11376089.02145335,6384.0,41933503.61704575,20273.0,3429.0,424.0,688.0,2582.0,,5.0,1.0,1.0,4.0,,,,47.0,7.0,6.0,13.0,12.0,,3.0,415.0,45.0,3.0,69.0,1.0,1.0,5.0,42.0,,53.0,1.0,23.0,26.0,11.0,,,,0.586567941227512,0.015040203621218256,0.19251460635159368,0.021229825880719616,0.18464742291895644
2024-08-26,27414,33511.0,20346.0,99448924.4571517,361.0,24864825.033168692,6238.0,91049541.50762169,689.0,14540608.700416284,5877.0,36096311.36660261,20339.0,3168.0,444.0,639.0,2379.0,3.0,4.0,,5.0,3.0,3.0,2.0,2.0,38.0,7.0,7.0,17.0,10.0,,3.0,257.0,52.0,5.0,50.0,1.0,2.0,8.0,38.0,9.0,72.0,1.0,27.0,29.0,10.0,,,,0.6071439228909911,0.010772582137208678,0.18614783205514607,0.02056041299871684,0.1753752499179374
2024-08-27,29574,38306.0,21555.0,146729466.5750543,516.0,32718127.005215336,7258.0,156691697.5159198,902.0,23926331.967794135,8075.0,70798327.87478161,21550.0,3663.0,469.0,836.0,2775.0,1.0,12.0,6.0,12.0,6.0,2.0,,1.0,58.0,5.0,4.0,17.0,20.0,1.0,7.0,401.0,30.0,4.0,62.0,1.0,7.0,10.0,50.0,3.0,142.0,1.0,28.0,25.0,22.0,,,,0.5627055813710646,0.013470474599279487,0.18947423380149322,0.023547224977810265,0.21080248525035242
2024-08-28,29345,38176.0,20088.0,133298782.90891698,602.0,74240680.85136011,7712.0,147959699.19720048,2168.0,24214442.44252768,7606.0,80474450.37562919,20080.0,3830.0,574.0,2106.0,2865.0,1.0,22.0,7.0,4.0,6.0,14.0,1.0,8.0,88.0,8.0,4.0,23.0,20.0,,3.0,418.0,39.0,5.0,85.0,2.0,4.0,29.0,52.0,,130.0,6.0,60.0,42.0,34.0,,,,0.5261944677284157,0.015769069572506286,0.20201173512154233,0.056789606035205366,0.19923512154233025
2024-08-29,27041,33329.0,19819.0,90766309.31122929,661.0,26725985.234351803,5627.0,60407728.174461044,838.0,9919522.082575312,6384.0,43008871.72823432,19816.0,2726.0,358.0,793.0,2298.0,1.0,7.0,4.0,3.0,2.0,1.0,,1.0,36.0,3.0,12.0,17.0,5.0,,2.0,487.0,22.0,3.0,97.0,1.0,3.0,10.0,39.0,1.0,108.0,5.0,50.0,22.0,12.0,,,,0.5946473041495395,0.01983257823517057,0.16883194815325991,0.02514326862492124,0.19154490083710882
2024-08-30,26453,33482.0,18228.0,96946885.32490256,680.0,40395896.323624305,6659.0,74360365.87969829,1025.0,11635585.424290068,6890.0,49521209.52078128,18221.0,3282.0,423.0,959.0,2592.0,,9.0,4.0,6.0,5.0,5.0,,4.0,68.0,7.0,2.0,76.0,8.0,1.0,1.0,514.0,26.0,3.0,86.0,2.0,5.0,13.0,57.0,1.0,106.0,5.0,57.0,33.0,11.0,,,,0.544411922824204,0.02030941998685861,0.1988829819007228,0.030613463950779525,0.20578221133743504
2024-08-31,23739,29425.0,16490.0,143668058.91704118,661.0,17145840.104499426,5105.0,30672424.463611946,1000.0,3722956.7913941876,6169.0,25035533.14098578,16488.0,2721.0,202.0,961.0,2006.0,1.0,4.0,,5.0,4.0,1.0,,1.0,26.0,2.0,2.0,19.0,2.0,,,567.0,17.0,4.0,63.0,2.0,5.0,1.0,30.0,,79.0,4.0,21.0,12.0,6.0,,,,0.5604078164825829,0.022463891248937978,0.17349192863211554,0.033984706881903144,0.20965165675446049
2024-09-01,27610,35619.0,19158.0,69238196.25923441,587.0,16385030.699087923,6112.0,66835238.441902936,2006.0,8397752.14670426,7756.0,40752600.84832899,19156.0,3084.0,383.0,1932.0,2285.0,2.0,15.0,4.0,8.0,5.0,2.0,,2.0,73.0,2.0,2.0,24.0,6.0,1.0,5.0,459.0,28.0,9.0,71.0,4.0,4.0,4.0,57.0,1.0,143.0,6.0,42.0,21.0,23.0,,,,0.5378590078328982,0.016479968556107696,0.17159381229119292,0.0563182571099694,0.21774895420983184
2024-09-02,24662,30560.0,17910.0,72505810.62093237,531.0,27324122.947076846,4709.0,62447226.416334026,1500.0,10860576.132317046,5910.0,35482820.73848245,17909.0,2361.0,267.0,1471.0,1833.0,4.0,6.0,2.0,4.0,4.0,2.0,,,55.0,1.0,2.0,21.0,2.0,,4.0,413.0,34.0,6.0,55.0,5.0,18.0,12.0,19.0,1.0,82.0,1.0,25.0,18.0,13.0,,,,0.5860602094240838,0.01737565445026178,0.15409031413612564,0.04908376963350786,0.19339005235602094
2024-09-03,30225,37919.0,22048.0,115882031.47100909,674.0,25788542.57491392,6245.0,94478820.69661947,1323.0,11915339.061956704,7629.0,83426732.02773416,22041.0,3379.0,283.0,1293.0,2288.0,2.0,15.0,3.0,1.0,5.0,3.0,,1.0,56.0,7.0,3.0,14.0,8.0,,3.0,487.0,32.0,4.0,134.0,,2.0,7.0,25.0,1.0,106.0,3.0,40.0,25.0,19.0,,,,0.5814499327513911,0.017774730346264405,0.16469316173949736,0.0348901606055012,0.20119201455734592
2024-09-04,31312,39527.0,23128.0,150260905.61205927,870.0,56104914.347948305,6786.0,157260622.950716,977.0,11857775.55911987,7766.0,72615591.11406673,23121.0,3685.0,378.0,930.0,2398.0,,11.0,5.0,7.0,5.0,2.0,,4.0,47.0,7.0,2.0,10.0,16.0,,1.0,734.0,22.0,6.0,61.0,6.0,2.0,13.0,34.0,1.0,121.0,6.0,51.0,37.0,38.0,,,,0.5851190325600223,0.022010271460014674,0.17168011738811445,0.0247172818579705,0.19647329673387812
2024-09-05,36733,42302.0,29898.0,117658272.20862015,488.0,32433877.99159402,4789.0,70891439.71232401,841.0,5110686.564617067,6286.0,42891405.89805625,29895.0,2422.0,233.0,815.0,1915.0,1.0,13.0,4.0,2.0,3.0,2.0,,,34.0,3.0,6.0,11.0,5.0,,6.0,375.0,36.0,2.0,61.0,2.0,7.0,8.0,22.0,,75.0,1.0,29.0,14.0,14.0,,,,0.7067750933761997,0.01153609758403858,0.11320977731549335,0.01988085669708288,0.14859817502718548
2024-09-06,30897,39262.0,22565.0,172775944.5939371,573.0,38849153.50107918,6816.0,242389888.1555967,886.0,24123555.672339838,8422.0,81670399.51612104,22556.0,3592.0,464.0,862.0,2409.0,1.0,13.0,4.0,6.0,4.0,1.0,,4.0,65.0,9.0,1.0,19.0,14.0,2.0,2.0,428.0,30.0,4.0,54.0,6.0,6.0,20.0,14.0,,142.0,6.0,58.0,27.0,17.0,,,,0.5747287453517396,0.014594264174010494,0.17360297488665885,0.022566349141663694,0.21450766644592736
2024-09-07,30982,39825.0,22818.0,94850141.8886209,692.0,33923456.447105676,5625.0,74714223.44352204,956.0,7324313.827639977,9734.0,85964747.05383332,22809.0,3029.0,267.0,933.0,2099.0,,10.0,5.0,,4.0,2.0,,,51.0,9.0,7.0,12.0,8.0,1.0,3.0,482.0,16.0,5.0,93.0,5.0,13.0,32.0,18.0,2.0,86.0,2.0,58.0,18.0,12.0,,,,0.5729566854990584,0.017376020087884494,0.14124293785310735,0.024005021971123666,0.24441933458882611
2024-09-08,28482,36074.0,21064.0,70602483.75599642,445.0,12377715.603104103,4996.0,62116800.361765794,1052.0,6583112.287924132,8517.0,54631652.55305055,21061.0,2507.0,245.0,1025.0,1984.0,1.0,11.0,2.0,12.0,1.0,5.0,,,51.0,3.0,3.0,27.0,9.0,,3.0,346.0,23.0,7.0,39.0,7.0,10.0,12.0,8.0,1.0,96.0,3.0,27.0,14.0,14.0,,,,0.5839108499196097,0.012335754282863003,0.13849309752176084,0.029162277540610966,0.2360980207351555
2024-09-09,32109,39489.0,24655.0,103694403.75115609,706.0,29685608.54105531,5298.0,91979472.47482911,581.0,9856234.512047084,8249.0,72917181.47194836,24646.0,2653.0,259.0,555.0,2120.0,,9.0,3.0,7.0,4.0,,,1.0,42.0,9.0,6.0,71.0,3.0,1.0,1.0,399.0,21.0,3.0,263.0,5.0,2.0,6.0,16.0,,72.0,2.0,25.0,24.0,12.0,,,,0.6243510851123097,0.017878396515485326,0.13416394438957685,0.014712958038947555,0.20889361594368053
2024-09-10,32240,39420.0,24860.0,103791445.31913655,472.0,27927009.709013484,5010.0,87024863.15627995,583.0,7614458.927407813,8495.0,66553448.25085928,24857.0,2722.0,232.0,557.0,1895.0,1.0,6.0,3.0,9.0,3.0,1.0,,1.0,32.0,3.0,6.0,8.0,2.0,,2.0,290.0,25.0,2.0,136.0,5.0,2.0,5.0,15.0,,56.0,1.0,28.0,13.0,7.0,,,,0.6306443429731101,0.011973617453069508,0.12709284627092846,0.014789446981227803,0.21549974632166413
2024-09-11,33344,41995.0,25414.0,121561249.29856408,534.0,26121906.817490455,5673.0,162100343.3245366,1025.0,10834128.400960175,9349.0,81836498.45960812,25408.0,2748.0,265.0,978.0,2372.0,,9.0,,6.0,11.0,1.0,,,46.0,6.0,4.0,16.0,9.0,1.0,,406.0,33.0,1.0,80.0,1.0,2.0,5.0,40.0,,118.0,4.0,36.0,19.0,21.0,,,,0.6051672818192642,0.012715799499940469,0.1350875104179069,0.024407667579473748,0.2226217406834147
2024-09-12,33341,40811.0,26119.0,125430634.85554548,438.0,18097176.753568348,4631.0,69388600.34560096,900.0,15879236.305899296,8723.0,94104297.43813494,26117.0,2450.0,208.0,869.0,1830.0,,6.0,,4.0,5.0,2.0,,,32.0,2.0,4.0,10.0,2.0,1.0,,365.0,8.0,1.0,38.0,1.0,1.0,11.0,14.0,,52.0,,18.0,15.0,10.0,12.0,,,0.6399990198720933,0.010732400578275465,0.11347430839724584,0.022052877900566023,0.21374139325181937
2024-09-13,33191,40891.0,25367.0,115281966.31897785,453.0,32386215.089978907,5240.0,88795117.63534448,1280.0,11047180.42009063,8551.0,93436417.59821391,25360.0,2711.0,272.0,1233.0,2012.0,2.0,8.0,,8.0,2.0,3.0,,4.0,33.0,7.0,3.0,17.0,6.0,1.0,2.0,320.0,22.0,5.0,81.0,7.0,2.0,11.0,7.0,,75.0,1.0,29.0,36.0,33.0,27.0,,,0.6203565576777286,0.011078232373872001,0.12814555770218386,0.03130273165244186,0.20911692059377368
2024-09-14,33235,40461.0,25183.0,77631960.16781586,236.0,18387993.02287442,5059.0,56949769.30869588,1438.0,7200439.583559761,8545.0,60199967.21520258,25178.0,2795.0,300.0,1398.0,1838.0,1.0,2.0,,7.0,1.0,2.0,,2.0,25.0,5.0,1.0,14.0,3.0,,3.0,170.0,14.0,10.0,28.0,2.0,1.0,3.0,10.0,,39.0,2.0,31.0,12.0,6.0,13.0,,,0.6224018190356145,0.005832777242282692,0.12503398334198365,0.03554039692543437,0.21119102345468477
2024-09-15,30298,37465.0,23067.0,94323421.03397606,351.0,35398334.48362402,4663.0,66907269.4539152,1333.0,16079696.096166134,8051.0,55190696.28850669,23064.0,2435.0,189.0,1281.0,1865.0,1.0,7.0,2.0,11.0,8.0,1.0,1.0,1.0,21.0,3.0,1.0,10.0,8.0,,3.0,271.0,16.0,3.0,29.0,3.0,,6.0,10.0,1.0,61.0,,40.0,23.0,12.0,27.0,,,0.6156946483384492,0.009368744161217135,0.12446283197651141,0.03557987454957961,0.21489390097424263
2024-09-16,36047,44912.0,28749.0,180121669.0931477,350.0,33845625.6769175,5032.0,102664877.2117495,569.0,10124698.823248422,10212.0,101350521.89992566,28746.0,2328.0,193.0,502.0,2340.0,1.0,10.0,4.0,13.0,2.0,2.0,,,30.0,3.0,,10.0,1.0,,2.0,248.0,20.0,4.0,51.0,7.0,1.0,8.0,15.0,1.0,61.0,2.0,34.0,16.0,10.0,35.0,,,0.6401184538653366,0.007793017456359103,0.11204132525828286,0.012669219807623798,0.22737798361239758
2024-09-17,34114,41940.0,27089.0,121539163.78808367,257.0,19189803.41479183,4760.0,84039279.31375162,616.0,10203148.168310022,9218.0,84454194.24651214,27086.0,2358.0,178.0,588.0,2088.0,1.0,6.0,,7.0,,,,1.0,13.0,3.0,,13.0,4.0,,2.0,195.0,17.0,5.0,31.0,6.0,2.0,5.0,8.0,,51.0,,18.0,13.0,15.0,8.0,,,0.6458989031950405,0.006127801621363853,0.11349546971864569,0.014687649022412971,0.21979017644253696
2024-09-18,37026,44655.0,30264.0,142099945.25846526,234.0,19057417.477849565,3922.0,103302753.12717266,444.0,15895979.450303491,9791.0,96503456.62535752,30260.0,2119.0,147.0,422.0,1525.0,1.0,8.0,1.0,1.0,2.0,,,1.0,24.0,4.0,,7.0,4.0,1.0,1.0,184.0,15.0,3.0,21.0,8.0,2.0,4.0,8.0,2.0,50.0,,13.0,6.0,10.0,10.0,,,0.6777292576419214,0.005240174672489083,0.08782891053633411,0.009942895532415183,0.21925876161684021
2024-09-19,36672,43711.0,30130.0,175037337.89877132,256.0,20948416.136125654,3933.0,94987389.88856797,386.0,9143165.820560029,9006.0,104273495.65464236,30130.0,2195.0,190.0,366.0,1432.0,,7.0,5.0,3.0,1.0,6.0,,1.0,25.0,,1.0,7.0,3.0,,,209.0,11.0,6.0,22.0,3.0,,3.0,10.0,1.0,25.0,2.0,17.0,15.0,8.0,1.0,,,0.6893001761570314,0.005856649355997346,0.0899773512388186,0.00883072910708975,0.20603509414106289
2024-09-20,35860,42594.0,28954.0,145501486.48459613,282.0,11988741.257686574,3931.0,108295936.55803761,405.0,6730393.928632636,9022.0,125689152.97826636,28953.0,2226.0,176.0,385.0,1392.0,1.0,4.0,,1.0,3.0,,,2.0,42.0,1.0,3.0,5.0,8.0,1.0,1.0,180.0,8.0,1.0,76.0,5.0,,10.0,15.0,,29.0,2.0,8.0,7.0,24.0,3.0,,,0.6797671033478894,0.006620650795886745,0.09228999389585388,0.009508381462177772,0.21181387049819222
2024-09-21,34374,40874.0,27655.0,95559845.15798506,224.0,45169158.020007126,3325.0,39184971.25405781,357.0,4511162.148552341,9313.0,123537965.20503257,27651.0,2007.0,114.0,339.0,1112.0,,10.0,3.0,,2.0,1.0,,,13.0,4.0,1.0,6.0,7.0,,2.0,111.0,6.0,1.0,71.0,7.0,2.0,5.0,13.0,3.0,20.0,3.0,24.0,6.0,13.0,4.0,,,0.6765914762440671,0.005480256397710036,0.08134755590350834,0.008734158633850369,0.2278465528208641
2024-09-22,36260,43734.0,29555.0,102055357.65493737,330.0,11449418.991063103,3351.0,49711394.48206171,473.0,8099282.588067408,10025.0,115092837.6992275,29552.0,1887.0,116.0,448.0,1271.0,1.0,1.0,,2.0,,3.0,,,19.0,3.0,3.0,4.0,,1.0,,227.0,4.0,4.0,76.0,2.0,1.0,6.0,14.0,1.0,29.0,5.0,14.0,4.0,6.0,5.0,,,0.6757900032011707,0.00754561668267252,0.07662230758677459,0.010815383911830612,0.22922668861755155
2024-09-23,35157,41691.0,28774.0,134355662.29317158,299.0,16529237.252756558,3958.0,78309408.10400493,353.0,10590414.083371567,8307.0,104466754.58046885,28772.0,2328.0,184.0,334.0,1371.0,,3.0,,3.0,1.0,,,,18.0,2.0,7.0,3.0,3.0,,2.0,237.0,12.0,1.0,28.0,1.0,2.0,9.0,12.0,,22.0,,15.0,3.0,8.0,3.0,,,0.6901729390036219,0.007171811661989398,0.09493655705068241,0.008467055239739991,0.1992516370439663
2024-09-24,35649,41124.0,29609.0,115566905.6548051,251.0,17032045.70822834,3213.0,51152434.91235904,250.0,11396485.447248137,7801.0,86332461.80704549,29604.0,1746.0,115.0,234.0,1290.0,,2.0,,3.0,1.0,3.0,,,12.0,5.0,8.0,4.0,1.0,,,196.0,5.0,1.0,16.0,4.0,2.0,9.0,4.0,,24.0,,16.0,2.0,7.0,8.0,1.0,,0.7199931913238012,0.006103491878221963,0.07812955938138313,0.006079175177511915,0.1896945822390818
2024-09-25,33179,38160.0,27141.0,109922133.62525421,246.0,19497002.30919442,3308.0,70425493.1109189,295.0,15327509.19639654,7170.0,67408520.22837149,27136.0,1798.0,130.0,257.0,1300.0,,3.0,1.0,2.0,2.0,4.0,,,13.0,5.0,2.0,9.0,4.0,,,186.0,7.0,,38.0,,1.0,4.0,17.0,,23.0,,15.0,5.0,9.0,19.0,,,0.7112421383647799,0.006446540880503145,0.08668763102725367,0.007730607966457023,0.1878930817610063
2024-09-26,33964,39256.0,27640.0,164238032.10669887,336.0,30948611.1661029,4103.0,94008232.01155205,363.0,13151487.03910827,6814.0,116756868.66135052,27638.0,1865.0,139.0,346.0,1963.0,,3.0,,4.0,3.0,,,1.0,20.0,2.0,3.0,4.0,1.0,,,229.0,8.0,2.0,53.0,2.0,1.0,4.0,7.0,,41.0,4.0,44.0,18.0,33.0,4.0,,,0.7040961891175871,0.008559201141226819,0.1045190544120644,0.009246994090075402,0.17357856123904625
2024-09-27,33567,39554.0,26920.0,125339132.26757617,304.0,20339030.772894356,4367.0,94424660.81614494,635.0,14363896.982585667,7328.0,114290385.42796776,26914.0,2276.0,160.0,604.0,1813.0,,3.0,4.0,2.0,,,,1.0,24.0,6.0,1.0,12.0,1.0,,1.0,219.0,15.0,3.0,34.0,3.0,3.0,4.0,16.0,,24.0,,40.0,10.0,23.0,10.0,,,0.6805885624715579,0.007685695504879405,0.11040602720331698,0.01605400212367902,0.18526571269656672
2024-09-28,32652,38902.0,25934.0,102024556.75108983,291.0,13339265.556645285,3856.0,45527078.23082445,708.0,6006913.595198777,8113.0,59694613.912400596,25931.0,1885.0,141.0,683.0,1730.0,,2.0,,1.0,3.0,1.0,,1.0,24.0,3.0,3.0,13.0,4.0,1.0,,181.0,8.0,3.0,46.0,4.0,2.0,3.0,12.0,1.0,28.0,3.0,51.0,5.0,7.0,9.0,,,0.6666495295871677,0.007480335201274999,0.09912086782170583,0.018199578427844327,0.2085496889620071
2024-09-29,33766,40330.0,27146.0,89438332.13795362,200.0,12049960.154941343,3777.0,43400966.346158765,614.0,5407472.928170278,8593.0,52005727.815146744,27141.0,1944.0,136.0,588.0,1604.0,1.0,3.0,,4.0,2.0,5.0,,,17.0,5.0,3.0,9.0,,,3.0,140.0,17.0,2.0,24.0,,,4.0,5.0,1.0,19.0,2.0,28.0,11.0,4.0,15.0,,,0.6730969501611703,0.004959087527894868,0.09365236796429457,0.015224398710637244,0.213067195636003
2024-09-30,31711,38542.0,25802.0,158311553.7686608,237.0,15721430.79029554,4023.0,185170636.11798158,686.0,27582923.50373008,7794.0,94172115.9220837,25794.0,2196.0,167.0,624.0,1529.0,2.0,3.0,1.0,3.0,1.0,5.0,,,29.0,8.0,1.0,8.0,5.0,,,154.0,4.0,3.0,62.0,,2.0,5.0,26.0,,46.0,,13.0,16.0,10.0,30.0,1.0,,0.6694515074464221,0.006149136007472368,0.10437963779772716,0.017798764983654194,0.2022209537647242
2024-10-01,32809,40056.0,26975.0,217504724.9564469,308.0,34059818.36093481,4773.0,206156904.17664254,531.0,18438000.217754904,7469.0,114212975.58085716,26971.0,2607.0,234.0,487.0,1771.0,1.0,11.0,4.0,9.0,2.0,3.0,,1.0,27.0,4.0,2.0,14.0,5.0,,,211.0,10.0,2.0,57.0,1.0,3.0,9.0,19.0,1.0,71.0,,24.0,11.0,1.0,14.0,,,0.673432194927102,0.007689235070900739,0.11915817855002996,0.013256440982624325,0.18646395046934292
2024-10-02,31800,38633.0,25417.0,166607218.1696809,318.0,28597585.981366016,4547.0,177237440.84352157,768.0,18248143.957698118,7583.0,105378994.84440629,25413.0,2354.0,296.0,724.0,1718.0,,10.0,2.0,6.0,1.0,2.0,,2.0,38.0,4.0,2.0,7.0,2.0,1.0,3.0,187.0,28.0,6.0,80.0,,8.0,7.0,14.0,1.0,61.0,3.0,33.0,11.0,7.0,18.0,1.0,,0.6579090414930241,0.008231304843009862,0.1176973054124712,0.019879377734061555,0.1962829705174333
2024-10-03,31958,39466.0,24428.0,177165130.1157595,331.0,27744831.402417455,4558.0,215816211.7096398,968.0,11426407.673541103,9181.0,111320923.89446598,24424.0,2277.0,327.0,942.0,1699.0,,5.0,6.0,3.0,2.0,6.0,,1.0,28.0,4.0,2.0,19.0,4.0,,,233.0,3.0,1.0,38.0,6.0,2.0,3.0,7.0,1.0,69.0,1.0,46.0,108.0,2.0,15.0,1.0,,0.6189631581614554,0.00838696599604723,0.11549181574013075,0.02452744134191456,0.23263061876045205
2024-10-04,35562,43911.0,26643.0,133396068.19421004,363.0,23038021.510012433,4868.0,134354926.04343107,816.0,20459445.09359283,11221.0,96971558.30210525,26642.0,2712.0,303.0,788.0,1682.0,2.0,11.0,1.0,8.0,3.0,7.0,,,29.0,1.0,1.0,12.0,1.0,,,292.0,6.0,,36.0,,2.0,8.0,10.0,,50.0,,24.0,45.0,4.0,10.0,,,0.6067500170800028,0.008266721322675412,0.11086060440436338,0.018583042973286876,0.2555396142196716
2024-10-05,35527,44832.0,27298.0,138819960.2953605,233.0,73831166.23009229,3380.0,44736002.622657344,1178.0,5337813.483993669,12743.0,89336389.94809258,27296.0,1757.0,158.0,1132.0,1390.0,,,,8.0,,1.0,,,14.0,2.0,1.0,10.0,1.0,,,114.0,4.0,23.0,49.0,1.0,3.0,1.0,7.0,1.0,30.0,,63.0,14.0,1.0,8.0,,,0.608895431834404,0.005197180585296217,0.07539257673090649,0.02627587437544611,0.28423893647394716
2024-10-06,36226,44308.0,28516.0,100110127.95818627,226.0,12935106.888896357,3219.0,99669390.05612072,1131.0,4487667.528602827,11216.0,75105255.48297611,28512.0,1543.0,169.0,1121.0,1448.0,,1.0,,,3.0,1.0,,3.0,11.0,4.0,2.0,11.0,1.0,,,163.0,3.0,1.0,34.0,,1.0,4.0,,,17.0,,22.0,8.0,,9.0,,,0.6435858084318858,0.005100659023201228,0.07265053714904758,0.025525864403719418,0.2531371309921459
2024-10-07,37714,45343.0,31432.0,165151902.05517927,218.0,23719636.412459075,3485.0,69478480.21356696,458.0,10539939.425726878,9750.0,105866221.14995039,31426.0,1759.0,198.0,434.0,1434.0,,5.0,1.0,1.0,2.0,1.0,,,25.0,6.0,3.0,5.0,3.0,,1.0,154.0,4.0,3.0,29.0,2.0,,4.0,5.0,,39.0,,26.0,5.0,2.0,15.0,1.0,,0.6932051253776769,0.004807798337119291,0.07685861103147124,0.010100787332113005,0.21502767792161964
2024-10-08,36978,43779.0,31082.0,169277398.1085942,169.0,17595564.77865148,3167.0,89332170.55245799,535.0,6665115.744608861,8826.0,100524497.46814014,31078.0,1775.0,160.0,519.0,1170.0,,2.0,,3.0,1.0,1.0,,1.0,7.0,4.0,3.0,7.0,,,,122.0,3.0,3.0,25.0,9.0,,1.0,5.0,,20.0,,9.0,19.0,,5.0,1.0,,0.7099751022179583,0.003860298316544462,0.07234061993193083,0.012220471002078622,0.2016035085314877
2024-10-09,36657,43582.0,30896.0,169187491.51141238,209.0,22633671.333284818,2938.0,99054657.49882855,313.0,17875890.041697137,9226.0,111835921.44800733,30892.0,1609.0,203.0,300.0,1068.0,,2.0,1.0,,1.0,2.0,,,13.0,4.0,4.0,5.0,2.0,,,128.0,1.0,,44.0,2.0,1.0,3.0,8.0,1.0,26.0,,26.0,1.0,1.0,5.0,3.0,,0.7089165251709422,0.004795557799091368,0.06741315221880594,0.007181864072323436,0.21169290073883715
2024-10-10,37145,45289.0,30058.0,176875405.05778536,206.0,12280776.639064299,4219.0,138532099.80120465,552.0,15467066.313743325,10254.0,149108936.65518138,30054.0,2180.0,221.0,526.0,1689.0,,7.0,1.0,7.0,3.0,2.0,,,31.0,4.0,7.0,9.0,,,1.0,148.0,1.0,6.0,37.0,2.0,,4.0,6.0,,46.0,3.0,8.0,15.0,9.0,7.0,1.0,,0.6636931705270596,0.004548565876923756,0.09315727880942393,0.012188390116805406,0.22641259466978736
2024-10-11,36419,43080.0,29508.0,132277187.68230918,152.0,14398080.668302009,4158.0,119770668.0214512,386.0,8622654.465516303,8876.0,118328319.5219978,29508.0,1740.0,174.0,357.0,2166.0,,6.0,1.0,2.0,1.0,1.0,,2.0,21.0,,,8.0,2.0,,,103.0,2.0,,22.0,5.0,,5.0,9.0,,21.0,,17.0,9.0,2.0,18.0,2.0,,0.684958217270195,0.003528319405756732,0.09651810584958218,0.008960074280408542,0.20603528319405756
2024-10-12,39399,47210.0,32309.0,135796150.58136612,214.0,9677852.848546946,3454.0,75026078.9725862,469.0,8263871.013924911,10764.0,101429513.40690614,32308.0,1706.0,242.0,432.0,1426.0,,3.0,,7.0,2.0,,,,18.0,1.0,,12.0,2.0,,2.0,162.0,11.0,18.0,29.0,2.0,,4.0,5.0,,19.0,,17.0,10.0,1.0,7.0,,,0.6843677187036645,0.00453293793687778,0.07316246557932642,0.009934335945774201,0.22800254183435711
2024-10-13,38923,46173.0,31683.0,115776591.54150598,164.0,6478424.595899141,3242.0,46792437.254891105,470.0,5056707.211742273,10614.0,88424756.4301035,31669.0,1846.0,152.0,452.0,1177.0,,3.0,1.0,9.0,1.0,1.0,1.0,,16.0,14.0,2.0,7.0,1.0,1.0,,124.0,6.0,2.0,18.0,,1.0,3.0,3.0,4.0,18.0,,12.0,2.0,4.0,3.0,6.0,,0.686180235202391,0.00355185931171897,0.07021419444263964,0.010179109003097047,0.22987460204015334
2024-10-14,36635,44251.0,29914.0,178151668.0192896,493.0,43923634.913233995,3992.0,136729760.9994299,499.0,13311839.91154501,9353.0,96260307.11852008,29909.0,2111.0,247.0,463.0,1559.0,,4.0,,8.0,2.0,,,,16.0,5.0,3.0,4.0,6.0,,,367.0,12.0,11.0,19.0,4.0,1.0,8.0,3.0,1.0,18.0,,90.0,9.0,1.0,14.0,3.0,,0.6760073218684324,0.01114099116404149,0.09021265056156923,0.011276581320196153,0.21136245508576076
2024-10-15,34846,41761.0,28483.0,144416744.00863558,353.0,14637323.142681874,3775.0,82448792.6222382,471.0,13923161.457689065,8679.0,86032019.13534364,28481.0,2025.0,257.0,434.0,1416.0,,4.0,1.0,10.0,,,,,15.0,2.0,6.0,7.0,2.0,,,276.0,2.0,3.0,27.0,2.0,3.0,5.0,8.0,2.0,31.0,,32.0,9.0,2.0,16.0,4.0,,0.6820478436819042,0.008452862718804627,0.09039534493905797,0.011278465553985777,0.20782548310624746
2024-10-16,36977,44766.0,29921.0,144656854.67832595,311.0,28188046.612601597,3725.0,308382725.20566744,470.0,12579164.650899485,10339.0,99390950.24759856,29919.0,1964.0,249.0,431.0,1451.0,,3.0,,17.0,,1.0,,,16.0,2.0,,6.0,3.0,1.0,,246.0,3.0,8.0,34.0,6.0,,3.0,7.0,,18.0,2.0,22.0,8.0,,7.0,,,0.6683867220658536,0.006947236742170397,0.08321047223339141,0.010499039449582272,0.23095652950900236
2024-10-17,30301,36085.0,24828.0,121945056.66012713,236.0,26921215.47014639,3114.0,58879908.50517224,390.0,9468366.20090025,7517.0,86586110.80824259,24826.0,1656.0,148.0,355.0,1253.0,,,1.0,14.0,,1.0,,,12.0,2.0,1.0,8.0,1.0,,,173.0,8.0,9.0,23.0,3.0,2.0,16.0,2.0,1.0,20.0,,17.0,4.0,1.0,10.0,1.0,,0.6880421227656921,0.006540113620617985,0.08629624497713731,0.010807814881529721,0.20831370375502287
2024-10-18,28073,32636.0,23073.0,105133037.8707557,209.0,19802086.43165012,2585.0,72587558.89889166,284.0,11944980.891395919,6485.0,66616216.363954015,23073.0,1308.0,122.0,263.0,1054.0,,3.0,,9.0,,,,,14.0,,1.0,6.0,41.0,,,154.0,6.0,2.0,42.0,1.0,,4.0,3.0,,20.0,1.0,7.0,7.0,1.0,7.0,2.0,,0.7069800220615271,0.006403971074886629,0.07920701066307145,0.008702046819463169,0.1987069493810516
2024-10-19,30551,35895.0,24750.0,91869817.62505198,207.0,16312350.457723163,2728.0,37369967.875505395,429.0,6787983.360624795,7781.0,46354862.94733917,24748.0,1405.0,140.0,400.0,1115.0,1.0,5.0,,11.0,6.0,2.0,,,5.0,2.0,7.0,7.0,8.0,1.0,1.0,155.0,10.0,7.0,27.0,3.0,1.0,,5.0,3.0,8.0,1.0,11.0,10.0,,6.0,3.0,,0.6895110739657334,0.00576681989134977,0.07599944281933417,0.011951525282072712,0.21677113804150996
2024-10-20,32191,39159.0,25492.0,100297490.57513732,273.0,14530817.36240846,3408.0,67700469.59994808,656.0,11573235.055644399,9330.0,72461698.73686877,25487.0,1676.0,251.0,622.0,1373.0,1.0,6.0,2.0,8.0,8.0,,,1.0,22.0,5.0,15.0,8.0,15.0,,2.0,183.0,7.0,7.0,43.0,5.0,,4.0,8.0,1.0,24.0,,22.0,10.0,1.0,11.0,1.0,,0.6509870017109732,0.006971577415153605,0.08702980157818126,0.016752215327255546,0.23825940396843637
2024-10-21,34062,40917.0,27435.0,135911571.1325578,243.0,26778073.330428418,3698.0,121581997.13384654,609.0,10938427.225070387,8932.0,97434004.54920892,27431.0,1863.0,226.0,526.0,1493.0,2.0,5.0,1.0,17.0,4.0,3.0,,,25.0,4.0,5.0,6.0,3.0,1.0,2.0,144.0,13.0,11.0,48.0,2.0,,4.0,14.0,,38.0,1.0,40.0,11.0,1.0,41.0,,,0.6705037026174939,0.005938851821981083,0.09037808245961336,0.01488378913410074,0.21829557396681087
2024-10-22,32184,38853.0,25848.0,112372382.71668595,171.0,13595767.027623778,3378.0,94250939.40381797,543.0,8372390.7589035025,8913.0,74895015.87760803,25847.0,1639.0,182.0,486.0,1447.0,1.0,3.0,2.0,13.0,1.0,1.0,,,16.0,1.0,,13.0,9.0,,,133.0,4.0,9.0,15.0,,,2.0,4.0,,33.0,,21.0,21.0,2.0,31.0,4.0,,0.6652768126013435,0.004401204540189946,0.0869430931974365,0.013975754767971586,0.22940313489305844
2024-10-23,31012,37839.0,24716.0,134513895.0435033,202.0,11175055.4264524,3779.0,103248200.56897815,789.0,13414419.427491864,8353.0,76428243.78626575,24699.0,1895.0,201.0,702.0,1552.0,,10.0,1.0,16.0,1.0,2.0,,,26.0,17.0,5.0,10.0,10.0,,2.0,145.0,29.0,17.0,22.0,3.0,1.0,9.0,8.0,1.0,29.0,,16.0,11.0,,46.0,,,0.6531885092100742,0.005338407463199344,0.09987050397737783,0.020851502418140013,0.22075107693120855
2024-10-24,32312,39010.0,25839.0,164318147.3922284,228.0,39968780.55014731,3580.0,103825885.41545872,527.0,8112227.910859619,8836.0,79435486.29818703,25822.0,1789.0,161.0,458.0,1517.0,,7.0,,8.0,2.0,2.0,,1.0,15.0,17.0,4.0,11.0,,,1.0,156.0,10.0,20.0,31.0,3.0,2.0,3.0,10.0,,46.0,,29.0,14.0,3.0,31.0,1.0,,0.6623686234298898,0.0058446552166111256,0.09177134068187644,0.013509356575237118,0.22650602409638554
2024-10-25,34802,43288.0,27045.0,150726749.71458668,296.0,26864130.72210753,4670.0,201734379.7758856,1190.0,31536844.85273326,10087.0,102634558.90938103,27037.0,2324.0,213.0,1035.0,1935.0,,12.0,2.0,17.0,1.0,1.0,,3.0,55.0,8.0,1.0,17.0,8.0,1.0,1.0,229.0,8.0,14.0,25.0,3.0,,10.0,58.0,3.0,61.0,,25.0,20.0,1.0,66.0,7.0,,0.6247689890962853,0.006837922749953798,0.10788209203474404,0.027490297542043983,0.23302069857697283
2024-10-26,31742,38424.0,24300.0,98862633.86324112,307.0,22066715.70295819,3579.0,61362719.22261508,1014.0,31940482.62235706,9224.0,65551775.69698599,24295.0,1838.0,173.0,946.0,1469.0,,5.0,3.0,13.0,1.0,,,,19.0,5.0,1.0,17.0,,1.0,1.0,223.0,12.0,8.0,30.0,9.0,3.0,3.0,20.0,1.0,26.0,,37.0,14.0,,27.0,,,0.6324172392254841,0.007989798042889861,0.09314490943160525,0.026389756402248596,0.24005829689777222
2024-10-27,29151,35412.0,22174.0,94242466.92380354,305.0,23369191.381387785,3068.0,52980897.01727227,833.0,7654987.890152731,9032.0,64742977.06602053,22165.0,1628.0,153.0,776.0,1204.0,,7.0,,15.0,,2.0,,,7.0,9.0,2.0,11.0,1.0,,,213.0,12.0,3.0,34.0,6.0,,6.0,15.0,1.0,24.0,1.0,43.0,12.0,4.0,24.0,2.0,,0.6261719191234609,0.008612899582062577,0.08663729809104258,0.02352309951428894,0.2550547836891449
2024-10-28,32443,39892.0,25508.0,127188130.89760247,300.0,18662410.513243377,3514.0,83301169.2648189,506.0,14176282.877161168,10064.0,62621098.982833385,25504.0,1967.0,186.0,472.0,1261.0,2.0,3.0,2.0,9.0,1.0,1.0,,,12.0,4.0,5.0,32.0,3.0,,,219.0,10.0,4.0,46.0,4.0,2.0,8.0,12.0,,22.0,,16.0,11.0,1.0,9.0,,,0.6394264514188308,0.00752030482302216,0.0880878371603329,0.012684247468164043,0.25228115912965005
2024-10-29,35311,43942.0,27672.0,197993542.41806665,235.0,34192113.15696141,4124.0,114920619.90946531,797.0,43022032.628045484,11114.0,102507484.69035488,27667.0,2226.0,228.0,707.0,1568.0,2.0,4.0,1.0,11.0,,2.0,,1.0,14.0,5.0,6.0,18.0,6.0,,1.0,182.0,10.0,5.0,13.0,2.0,,12.0,9.0,1.0,27.0,,19.0,15.0,1.0,65.0,,,0.6297392016749351,0.005347958672795959,0.09385098538983205,0.018137544945610123,0.25292430931682675
2024-10-30,31129,38323.0,23650.0,131945232.48876676,277.0,22408102.580313362,3373.0,105338652.90200512,439.0,19036163.717258442,10584.0,84256429.8652367,23646.0,1730.0,130.0,372.0,1396.0,,7.0,1.0,9.0,1.0,4.0,,2.0,23.0,4.0,2.0,11.0,,,1.0,231.0,12.0,3.0,23.0,4.0,,4.0,13.0,,38.0,,13.0,14.0,2.0,42.0,1.0,,0.6171228766015187,0.007228035383451191,0.08801503013855909,0.011455261853195208,0.27617879602327583
2024-10-31,28322,35550.0,21028.0,119501198.69610515,314.0,13079667.684337128,4048.0,143700031.7356756,555.0,18412390.87785942,9605.0,66309738.56363428,21024.0,1910.0,169.0,475.0,1777.0,4.0,6.0,4.0,17.0,1.0,1.0,,,31.0,4.0,1.0,18.0,4.0,,2.0,251.0,28.0,5.0,25.0,5.0,,7.0,13.0,1.0,59.0,5.0,24.0,25.0,3.0,45.0,1.0,,0.5915049226441631,0.008832630098452884,0.11386779184247539,0.015611814345991562,0.27018284106891705
2024-11-01,28531,37033.0,20951.0,153588014.3945635,318.0,50941093.75069695,4117.0,126156036.54876149,690.0,19970684.588493798,10957.0,88521903.79267628,20943.0,1956.0,203.0,641.0,1801.0,4.0,7.0,1.0,8.0,,1.0,1.0,,17.0,8.0,1.0,21.0,3.0,,3.0,153.0,16.0,4.0,81.0,3.0,23.0,9.0,7.0,,61.0,2.0,48.0,19.0,2.0,29.0,,,0.5657386655145411,0.008586935976021386,0.11117111765182405,0.018632030891367158,0.2958712499662463
2024-11-02,31733,40463.0,23299.0,102268015.54785831,361.0,41261272.012187034,3587.0,51279011.59678671,1079.0,10026219.216648182,12137.0,63817367.44211972,23294.0,1660.0,143.0,1054.0,1702.0,1.0,5.0,5.0,6.0,1.0,1.0,,1.0,12.0,5.0,1.0,6.0,1.0,,3.0,213.0,8.0,4.0,80.0,8.0,3.0,5.0,6.0,6.0,24.0,3.0,45.0,9.0,1.0,9.0,1.0,,0.5758099992585819,0.00892173096409065,0.08864888910856832,0.026666337147517486,0.29995304352124164
2024-11-03,33833,44216.0,24770.0,134748823.23553753,409.0,26678950.332309168,4960.0,110338742.38072431,1006.0,12505017.41324884,13071.0,104065215.30955191,24765.0,2469.0,221.0,949.0,2112.0,,5.0,3.0,11.0,2.0,2.0,,,36.0,5.0,1.0,6.0,8.0,1.0,,287.0,7.0,6.0,55.0,5.0,10.0,11.0,10.0,3.0,63.0,3.0,37.0,17.0,5.0,30.0,,,0.5602044508775104,0.009250045232495025,0.11217658766057535,0.022751944997286052,0.29561697123213315
2024-11-04,31839,41392.0,22940.0,133894164.56436023,535.0,29821745.308443088,4376.0,103530866.29203732,666.0,13911654.476745954,12875.0,71537332.5260326,22937.0,2124.0,233.0,626.0,1848.0,3.0,6.0,5.0,7.0,3.0,1.0,,4.0,25.0,3.0,6.0,7.0,11.0,,3.0,349.0,23.0,5.0,102.0,10.0,31.0,7.0,10.0,1.0,66.0,6.0,29.0,8.0,,18.0,,,0.5542133745651333,0.012925202937765752,0.10572091225357556,0.016090065713181292,0.31105044453034403
2024-11-05,32868,43025.0,23306.0,126867459.35688981,352.0,26008625.438319683,4860.0,124712018.22214437,849.0,19723651.092190143,13658.0,73737126.2609665,23304.0,2312.0,361.0,777.0,2028.0,,5.0,2.0,14.0,8.0,3.0,1.0,1.0,20.0,2.0,1.0,9.0,8.0,1.0,,239.0,8.0,6.0,65.0,6.0,5.0,8.0,10.0,,69.0,9.0,28.0,13.0,2.0,41.0,1.0,,0.5416850668216153,0.008181289947704822,0.11295758280069727,0.019732713538640326,0.31744334689134224
2024-11-06,38231,47519.0,30071.0,254048558.60975832,481.0,39549251.836734094,5199.0,196065291.8926929,767.0,41926496.78079773,11001.0,150535205.09691462,30068.0,2644.0,318.0,678.0,2077.0,1.0,8.0,5.0,16.0,1.0,1.0,,2.0,31.0,3.0,4.0,4.0,6.0,1.0,,402.0,16.0,11.0,30.0,7.0,2.0,10.0,7.0,,58.0,8.0,26.0,13.0,5.0,55.0,,,0.632820555988131,0.010122266882720596,0.10940886803173468,0.01614091205623014,0.23150739704118353
2024-11-07,32681,40353.0,25648.0,180016814.03038788,404.0,36677780.32831213,5006.0,245953671.6230157,554.0,22981201.509610556,8741.0,98699304.57154839,25644.0,2572.0,315.0,498.0,1963.0,2.0,4.0,2.0,14.0,3.0,2.0,,1.0,30.0,4.0,3.0,13.0,3.0,,3.0,343.0,13.0,4.0,34.0,3.0,1.0,7.0,12.0,2.0,37.0,12.0,11.0,28.0,3.0,26.0,,,0.635590910217332,0.010011647213342254,0.12405521274750328,0.013728842960870319,0.2166133868609521
2024-11-08,34296,41389.0,27666.0,236283353.91003883,336.0,69389454.8792174,4561.0,166418879.51625335,385.0,22102147.939550176,8441.0,123249603.96625334,27658.0,2403.0,261.0,363.0,1747.0,,2.0,1.0,8.0,1.0,,,,38.0,8.0,16.0,5.0,5.0,2.0,1.0,205.0,14.0,3.0,43.0,7.0,9.0,13.0,4.0,1.0,40.0,13.0,42.0,23.0,4.0,7.0,1.0,,0.6684384739906738,0.008118099011814733,0.11019836188359226,0.009301988451037715,0.20394307666288145
2024-11-09,35722,44190.0,28134.0,171803385.06024987,478.0,30850512.606287017,4875.0,153756706.3927278,514.0,17905960.037587237,10189.0,110939440.82701412,28130.0,2695.0,263.0,454.0,1730.0,,2.0,1.0,8.0,,3.0,,,20.0,4.0,2.0,5.0,57.0,,4.0,316.0,15.0,4.0,63.0,8.0,,14.0,24.0,,32.0,22.0,75.0,21.0,5.0,24.0,,,0.6366598778004073,0.010816926906539941,0.11031907671418872,0.011631590857660103,0.2305725277212039
2024-11-10,35998,43930.0,28869.0,226044804.0751799,414.0,40621146.78277612,5092.0,158645392.9464139,630.0,49018924.06934136,8925.0,119195812.54279469,28862.0,2705.0,288.0,570.0,1966.0,1.0,5.0,2.0,11.0,1.0,4.0,,,26.0,7.0,,5.0,5.0,1.0,2.0,282.0,10.0,4.0,44.0,9.0,,7.0,9.0,2.0,38.0,10.0,70.0,19.0,3.0,36.0,1.0,,0.6571591167766901,0.009424083769633508,0.1159116776690189,0.014340997040746642,0.20316412474391077
2024-11-11,32897,39086.0,26304.0,224920107.5042757,304.0,47245996.242596604,4734.0,284685184.5055353,536.0,41339342.28171611,7208.0,107994363.54550666,26302.0,2546.0,222.0,500.0,1841.0,,9.0,,4.0,,1.0,,,14.0,2.0,2.0,5.0,4.0,,,198.0,7.0,4.0,49.0,2.0,3.0,3.0,6.0,1.0,39.0,11.0,46.0,31.0,3.0,22.0,1.0,,0.6729775367139129,0.0077777209230926675,0.12111753569052858,0.013713350048610755,0.1844138566238551
2024-11-12,33756,40422.0,27559.0,267070191.17811623,341.0,51033122.11269279,4611.0,233283440.45916578,1060.0,84341422.98605338,6851.0,148810829.58483112,27556.0,2474.0,256.0,747.0,1720.0,2.0,12.0,,7.0,2.0,3.0,1.0,1.0,28.0,3.0,1.0,2.0,3.0,,1.0,231.0,18.0,4.0,23.0,,3.0,10.0,280.0,,57.0,9.0,73.0,19.0,4.0,21.0,,,0.6817821978130721,0.008436000197912028,0.11407154519815942,0.02622334372371481,0.16948691306714164
2024-11-13,35352,41923.0,29682.0,265638963.389439,210.0,18409416.37892034,4147.0,309591439.8575042,642.0,43528592.735661015,7242.0,143494659.49621263,29680.0,2177.0,227.0,529.0,1611.0,1.0,2.0,1.0,3.0,2.0,,1.0,,27.0,2.0,3.0,6.0,4.0,,,145.0,9.0,4.0,20.0,4.0,,7.0,89.0,1.0,43.0,12.0,30.0,25.0,,16.0,,,0.7080123082794647,0.005009183503088996,0.09891944755861938,0.01531378956658636,0.17274527109224053
2024-11-14,35277,41584.0,29494.0,213658798.8631159,215.0,27099864.521799654,4308.0,276107132.12107885,445.0,48292332.01376162,7122.0,112987315.58686239,29481.0,2244.0,216.0,389.0,1720.0,,10.0,,8.0,1.0,3.0,,,18.0,13.0,4.0,19.0,3.0,,,142.0,2.0,2.0,41.0,4.0,3.0,5.0,26.0,,43.0,3.0,16.0,19.0,7.0,20.0,,,0.7092631781454406,0.005170257791458253,0.10359753751442863,0.010701231242785686,0.17126779530588687
2024-11-15,31861,37800.0,25696.0,153695957.41286394,309.0,26436854.70244792,3941.0,204917214.36572114,476.0,27306218.259442963,7378.0,84194324.79297236,25693.0,2095.0,225.0,439.0,1504.0,,2.0,1.0,12.0,1.0,2.0,1.0,1.0,30.0,3.0,1.0,7.0,2.0,,2.0,248.0,6.0,2.0,34.0,4.0,2.0,5.0,10.0,,33.0,7.0,15.0,20.0,3.0,12.0,,,0.6797883597883598,0.008174603174603175,0.10425925925925926,0.012592592592592593,0.19518518518518518
2024-11-16,33523,40118.0,26542.0,143390208.1519439,367.0,40198686.09928071,4038.0,105066271.9761231,413.0,12572523.016081942,8758.0,89642998.92073102,26533.0,2117.0,237.0,374.0,1582.0,,4.0,2.0,5.0,1.0,,,,14.0,9.0,2.0,2.0,2.0,,1.0,244.0,15.0,4.0,70.0,1.0,1.0,7.0,16.0,4.0,36.0,7.0,38.0,14.0,3.0,14.0,1.0,,0.6615982850590757,0.009148013360586271,0.10065307343337156,0.010294630839024876,0.21830599730794156
2024-11-17,32853,39451.0,25919.0,138225455.4821326,395.0,33462937.455432527,4423.0,176829571.05291602,692.0,19999605.380145837,8022.0,76046838.3972906,25918.0,2374.0,195.0,552.0,1704.0,,4.0,,15.0,1.0,12.0,2.0,1.0,22.0,1.0,,11.0,7.0,,1.0,266.0,14.0,12.0,46.0,5.0,2.0,8.0,91.0,2.0,53.0,9.0,66.0,14.0,1.0,20.0,,,0.6569922181947225,0.01001242047096398,0.11211376137487009,0.017540746749131836,0.20334085321031153
2024-11-18,34647,41747.0,27754.0,198609682.95141512,593.0,62460662.65640298,4752.0,157290279.74238047,560.0,31116480.381787416,8088.0,103289568.49263205,27748.0,2616.0,285.0,475.0,1705.0,1.0,7.0,1.0,17.0,1.0,2.0,,,27.0,6.0,5.0,12.0,2.0,2.0,1.0,417.0,26.0,11.0,74.0,6.0,11.0,9.0,27.0,1.0,40.0,6.0,70.0,16.0,1.0,30.0,1.0,,0.664814238148849,0.014204613505162047,0.11382853857762235,0.013414137542817449,0.19373847222554913
2024-11-19,32688,39445.0,26128.0,189572174.32013428,406.0,53267718.0651462,4479.0,209086793.0661278,621.0,52422315.195993975,7811.0,113401571.75713633,26124.0,2286.0,229.0,505.0,1805.0,1.0,6.0,,10.0,1.0,5.0,,1.0,31.0,4.0,2.0,8.0,,,1.0,237.0,10.0,3.0,44.0,4.0,1.0,32.0,69.0,1.0,51.0,3.0,85.0,36.0,4.0,34.0,1.0,,0.6623906705539359,0.010292812777284827,0.11355051337305108,0.01574344023323615,0.19802256306249208
2024-11-20,31971,39017.0,25385.0,184493546.44504702,372.0,33264806.75074431,4691.0,261018015.54993343,819.0,70316212.24842666,7750.0,112486678.9429339,25381.0,2501.0,232.0,671.0,1830.0,,1.0,,11.0,1.0,2.0,,,24.0,4.0,1.0,3.0,7.0,1.0,1.0,221.0,5.0,6.0,80.0,7.0,6.0,11.0,67.0,3.0,33.0,9.0,43.0,34.0,7.0,64.0,,,0.6506138349950021,0.009534305559115257,0.12022964348873567,0.02099085014224569,0.1986313658149012
2024-11-21,31277,38328.0,24845.0,277462416.44282126,440.0,54357273.13837369,5171.0,297208428.8921313,1295.0,109448743.71009387,6577.0,121421364.8785541,24841.0,2475.0,291.0,888.0,2173.0,1.0,1.0,3.0,8.0,2.0,3.0,,,44.0,4.0,2.0,7.0,8.0,,3.0,256.0,12.0,4.0,91.0,10.0,11.0,10.0,349.0,3.0,44.0,5.0,57.0,31.0,68.0,46.0,,,0.6482206219995825,0.011479858067209352,0.13491442287622626,0.03378730953871843,0.1715977875182634
2024-11-22,28838,34515.0,22830.0,169449096.10627675,345.0,48738952.442643516,4912.0,225489609.6295771,723.0,64736178.37085544,5705.0,105886130.4928907,22828.0,2243.0,270.0,636.0,2179.0,,3.0,3.0,19.0,1.0,12.0,,,28.0,2.0,2.0,7.0,8.0,,,200.0,8.0,8.0,47.0,13.0,7.0,7.0,34.0,5.0,54.0,14.0,64.0,31.0,51.0,26.0,,,0.661451542807475,0.009995654063450673,0.14231493553527452,0.02094741416775315,0.16529045342604665
2024-11-23,31750,38357.0,24124.0,161071936.6243692,436.0,27072415.858722847,5993.0,150614138.40786552,642.0,33227785.240989953,7162.0,87298297.57229014,24123.0,2573.0,232.0,580.0,3019.0,,2.0,,13.0,1.0,1.0,,,36.0,1.0,3.0,4.0,5.0,1.0,,282.0,8.0,6.0,91.0,1.0,2.0,10.0,28.0,,57.0,8.0,47.0,17.0,28.0,15.0,1.0,,0.6289334410928905,0.011366895221211253,0.1562426675704565,0.01673749250462758,0.18671950361081419
2024-11-24,31728,38886.0,24229.0,130324672.69553463,478.0,15644060.831841316,5549.0,154373379.89519393,691.0,30012521.4640285,7939.0,74877686.88235779,24226.0,2972.0,247.0,575.0,2148.0,1.0,6.0,,17.0,3.0,1.0,,,42.0,3.0,3.0,5.0,14.0,,1.0,264.0,9.0,5.0,97.0,3.0,1.0,5.0,90.0,1.0,50.0,7.0,104.0,16.0,27.0,4.0,,,0.6230777143444942,0.01229234171681325,0.14269917193848686,0.017769891477652625,0.2041608805225531
2024-11-25,28682,35722.0,22069.0,198970344.06189522,556.0,23389826.204811584,5630.0,319739454.8856794,676.0,65759555.25601599,6791.0,85760513.98445411,22068.0,2917.0,367.0,600.0,2147.0,1.0,11.0,3.0,9.0,2.0,1.0,,1.0,42.0,1.0,3.0,9.0,9.0,,1.0,334.0,11.0,7.0,126.0,4.0,3.0,9.0,37.0,1.0,70.0,8.0,76.0,10.0,20.0,23.0,,,0.6177985555120094,0.015564638038183752,0.15760595711326353,0.018923912434914057,0.19010693690162925
2024-11-26,30549,37459.0,22926.0,143961332.32782724,467.0,25806559.643587697,6073.0,219490187.2422277,676.0,26847466.29331402,7317.0,64361076.89743274,22923.0,3162.0,330.0,582.0,2396.0,1.0,5.0,3.0,9.0,2.0,1.0,,,32.0,3.0,2.0,9.0,10.0,,4.0,307.0,10.0,9.0,101.0,3.0,,13.0,33.0,,62.0,4.0,41.0,25.0,16.0,43.0,1.0,,0.6120291518727141,0.012466963880509357,0.16212392215488935,0.018046397394484638,0.19533356469740248
2024-11-27,33029,40042.0,25441.0,217934460.14738,458.0,25901366.151289042,6271.0,285960402.95517826,592.0,49011853.473998226,7280.0,96039086.43342613,25439.0,3459.0,350.0,535.0,2278.0,1.0,6.0,,9.0,2.0,,,,39.0,2.0,4.0,8.0,11.0,,2.0,365.0,20.0,3.0,47.0,6.0,1.0,8.0,26.0,1.0,51.0,7.0,26.0,21.0,16.0,19.0,,,0.6353578742320564,0.011437990110384096,0.1566105589131412,0.014784476299885121,0.18180910044453324
2024-11-28,30269,36313.0,23283.0,136180091.49060577,368.0,13058025.98893537,5420.0,163721621.59185687,430.0,16468953.984882466,6812.0,70502969.42108999,23280.0,2900.0,241.0,403.0,2158.0,,2.0,,6.0,1.0,,,,22.0,3.0,1.0,3.0,6.0,1.0,1.0,237.0,6.0,3.0,28.0,,1.0,1.0,6.0,,32.0,16.0,100.0,19.0,12.0,12.0,,,0.6411753366562939,0.010134111750612728,0.1492578415443505,0.011841489273813786,0.1875912207749291
2024-11-29,30964,37502.0,23790.0,141326439.51421762,269.0,17137059.430165432,5652.0,240316229.33646747,468.0,17892611.353822123,7323.0,78154998.43891223,23784.0,3062.0,295.0,439.0,2166.0,,,,4.0,1.0,4.0,,,21.0,6.0,3.0,3.0,3.0,,,182.0,7.0,5.0,12.0,,5.0,6.0,6.0,,20.0,4.0,61.0,51.0,14.0,14.0,1.0,,0.6343661671377526,0.007172950775958616,0.1507119620286918,0.012479334435496774,0.19526958562210014
2024-11-30,34359,40623.0,26904.0,134790926.15044996,365.0,25980478.5155109,5926.0,151811638.50854424,478.0,10452129.080663484,6950.0,62585656.430731505,26903.0,2979.0,278.0,435.0,2538.0,,4.0,1.0,11.0,,4.0,,1.0,23.0,1.0,3.0,5.0,4.0,,1.0,267.0,7.0,2.0,14.0,3.0,1.0,9.0,25.0,,33.0,4.0,68.0,32.0,12.0,5.0,,,0.6622849124879994,0.008985057725918814,0.14587795091450656,0.011766733131477242,0.17108534574009798
2024-12-01,34633,40322.0,27479.0,134167130.78862818,314.0,20769332.30809098,5710.0,96233782.9678175,377.0,10392830.989486031,6442.0,73806141.63708596,27476.0,3014.0,292.0,359.0,2310.0,2.0,,2.0,3.0,,1.0,,,20.0,3.0,1.0,1.0,2.0,,,236.0,16.0,5.0,27.0,2.0,8.0,20.0,8.0,2.0,30.0,4.0,18.0,13.0,3.0,2.0,,,0.6814890134417936,0.007787312137294777,0.14161003918456425,0.009349734636178761,0.15976390060016865
2024-12-02,29130,34939.0,22725.0,332702349.9018785,419.0,28809264.42261913,5315.0,279670906.3939921,418.0,54302381.17935044,6062.0,614023135.6899507,22725.0,2788.0,240.0,390.0,2139.0,3.0,2.0,1.0,8.0,1.0,2.0,,1.0,41.0,,4.0,5.0,2.0,,,383.0,10.0,4.0,8.0,2.0,,10.0,9.0,,41.0,10.0,12.0,22.0,7.0,7.0,,,0.6504193022124274,0.011992329488537165,0.1521222702424225,0.011963708177108675,0.17350238987950428
2024-12-03,31299,37422.0,24669.0,254053970.7662523,390.0,80108041.02301581,5492.0,223712827.6570235,344.0,19489944.21110105,6527.0,121438923.12416172,24668.0,3115.0,232.0,313.0,2006.0,1.0,2.0,1.0,5.0,1.0,8.0,,2.0,22.0,1.0,5.0,4.0,3.0,,1.0,344.0,6.0,3.0,20.0,3.0,1.0,5.0,14.0,,45.0,5.0,12.0,27.0,10.0,9.0,1.0,,0.6592111592111592,0.010421677088343755,0.14675859120303564,0.009192453636898081,0.1744161188605633
2024-12-04,30665,36897.0,23531.0,215232795.91418776,421.0,39600612.88267967,6143.0,238153567.26398784,593.0,62835611.3263245,6209.0,103786987.2996377,23526.0,3447.0,240.0,480.0,2287.0,1.0,5.0,1.0,5.0,5.0,5.0,,,36.0,5.0,2.0,7.0,3.0,,3.0,355.0,9.0,6.0,29.0,2.0,,21.0,39.0,2.0,48.0,5.0,10.0,25.0,16.0,63.0,,,0.6377483264222024,0.011410141745941405,0.1664905005827032,0.01607176735235927,0.1682792638967938
2024-12-05,30804,36937.0,23608.0,260531377.02933815,336.0,51350257.3683435,6290.0,271360720.60311854,745.0,177939844.7734608,5958.0,154542104.29659468,23604.0,3685.0,275.0,614.0,2105.0,,3.0,2.0,7.0,3.0,10.0,,,33.0,4.0,1.0,42.0,4.0,1.0,2.0,296.0,16.0,6.0,15.0,2.0,,11.0,47.0,,52.0,4.0,11.0,31.0,22.0,71.0,,,0.6391423234155454,0.009096569835124671,0.1702899531634946,0.020169477759428216,0.16130167582640711
2024-12-06,31091,37693.0,23565.0,259126091.48454705,1402.0,94786670.30614564,5931.0,243745260.929005,454.0,66594973.28867771,6341.0,133850742.56238987,23562.0,3077.0,272.0,411.0,2431.0,,2.0,1.0,6.0,5.0,1.0,,,33.0,3.0,4.0,14.0,5.0,,,1340.0,10.0,2.0,30.0,3.0,1.0,13.0,21.0,1.0,45.0,4.0,10.0,18.0,12.0,14.0,1.0,,0.6251823946090787,0.037195235189557745,0.15735017111930596,0.0120446767304274,0.16822752235163027
2024-12-07,31856,37337.0,25140.0,153001580.63177127,422.0,22101056.490965355,5687.0,151672768.7829468,413.0,10285648.798216129,5675.0,68409220.19422221,25134.0,2764.0,355.0,370.0,2433.0,,2.0,2.0,7.0,4.0,,1.0,,37.0,6.0,1.0,13.0,3.0,,1.0,380.0,11.0,2.0,22.0,1.0,,5.0,24.0,1.0,29.0,12.0,12.0,8.0,11.0,9.0,2.0,,0.6733267268393283,0.011302461365401612,0.15231539759487908,0.011061413611163189,0.15199400058922785
2024-12-08,31638,37244.0,24793.0,125566938.10588212,432.0,21838079.081332758,5522.0,151897890.663792,472.0,8451162.326019121,6025.0,63140008.52415505,24791.0,2797.0,302.0,448.0,2283.0,,1.0,3.0,10.0,5.0,2.0,,,29.0,2.0,1.0,16.0,3.0,1.0,4.0,392.0,8.0,1.0,12.0,1.0,1.0,8.0,10.0,2.0,27.0,12.0,15.0,13.0,16.0,3.0,,,0.6656911180324347,0.011599183761142735,0.1482654924283106,0.01267318225754484,0.16177102352056708
2024-12-09,28663,34451.0,22653.0,238849840.05763283,367.0,67054485.51122773,5255.0,235182276.4742895,534.0,49962852.565669455,5642.0,118227965.553822,22650.0,2846.0,305.0,490.0,1943.0,,5.0,2.0,14.0,2.0,,,,34.0,3.0,,9.0,3.0,,1.0,331.0,14.0,2.0,14.0,2.0,,14.0,15.0,,56.0,13.0,6.0,11.0,8.0,13.0,3.0,,0.6575425967315898,0.010652811239151258,0.15253548518185248,0.015500275753969405,0.16376883109343707
2024-12-10,27387,33436.0,21607.0,187708273.79704356,508.0,58788695.70640583,5136.0,162239981.32801178,488.0,42021751.381654695,5697.0,117070756.60345188,21604.0,2508.0,281.0,446.0,2161.0,2.0,3.0,2.0,7.0,3.0,1.0,,1.0,27.0,3.0,3.0,10.0,4.0,,2.0,461.0,27.0,4.0,11.0,,3.0,9.0,23.0,,77.0,4.0,21.0,12.0,9.0,8.0,2.0,,0.6462196434980261,0.015193204928819237,0.15360689077640866,0.014595047254456275,0.17038521354228975
2024-12-11,30221,35307.0,24451.0,166396776.33517084,489.0,40056149.702417515,4528.0,161505236.86537823,452.0,75017886.08735925,5387.0,85127776.01056834,24450.0,2296.0,216.0,414.0,1919.0,,7.0,4.0,7.0,1.0,1.0,1.0,,28.0,1.0,1.0,4.0,,,,435.0,8.0,1.0,13.0,2.0,5.0,6.0,7.0,,25.0,2.0,27.0,11.0,5.0,22.0,1.0,,0.6925255615033846,0.013849944770158893,0.12824652335230974,0.012801993938878976,0.1525759764352678
2024-12-12,29171,34594.0,23246.0,183063160.11314705,508.0,67659925.34531231,4871.0,177108630.57823613,516.0,35094029.19373899,5453.0,91430856.69405073,23242.0,2178.0,241.0,479.0,2356.0,1.0,5.0,3.0,9.0,3.0,3.0,,,21.0,4.0,1.0,5.0,1.0,1.0,,452.0,7.0,5.0,25.0,2.0,5.0,12.0,13.0,,34.0,1.0,11.0,7.0,4.0,10.0,,,0.671966236919697,0.0146846273920333,0.14080476383187837,0.01491588136671099,0.15762849048968028
2024-12-13,27345,31948.0,21194.0,132151952.13552983,341.0,32722045.351464916,5198.0,143387975.16450676,374.0,30936941.665042818,4841.0,61071272.68099043,21191.0,2778.0,202.0,332.0,2130.0,1.0,3.0,2.0,7.0,,1.0,,,14.0,3.0,3.0,7.0,,,,318.0,5.0,4.0,13.0,,1.0,3.0,14.0,,18.0,3.0,3.0,20.0,14.0,17.0,,,0.6633905095780643,0.010673594591210717,0.1627018905721798,0.011706523100037561,0.1515274821585076
2024-12-14,29080,34341.0,22073.0,139705409.49005038,410.0,32605414.558099125,5794.0,123400156.90053262,518.0,32589159.104232784,5546.0,66542015.11975562,22070.0,2923.0,273.0,459.0,2488.0,,1.0,1.0,15.0,1.0,,,,25.0,3.0,3.0,7.0,1.0,,,340.0,18.0,7.0,35.0,4.0,1.0,8.0,25.0,,34.0,3.0,19.0,7.0,8.0,12.0,4.0,,0.6427593838269124,0.011939081564310882,0.16871960630150548,0.015084010366617164,0.16149791794065402
2024-12-15,28981,34370.0,22143.0,168374450.82855633,419.0,57512284.43355674,5089.0,117608981.41466632,682.0,42826882.724858016,6037.0,70620678.09712107,22140.0,2319.0,256.0,617.0,2430.0,,2.0,4.0,16.0,,2.0,,,24.0,3.0,4.0,1.0,,,1.0,329.0,6.0,3.0,52.0,1.0,1.0,5.0,14.0,,27.0,2.0,27.0,7.0,8.0,32.0,,,0.6442537096304917,0.012190864125691009,0.1480651731160896,0.019842886237998254,0.17564736688972943
2024-12-16,30816,36288.0,22496.0,198744760.23239952,484.0,38174182.909215204,6988.0,220074070.105532,567.0,50950582.73006504,5753.0,87654194.37089008,22490.0,2983.0,300.0,527.0,3583.0,,2.0,2.0,8.0,1.0,,,1.0,32.0,6.0,2.0,5.0,1.0,,,437.0,11.0,2.0,16.0,6.0,1.0,11.0,13.0,,32.0,2.0,11.0,14.0,19.0,17.0,,,0.6199294532627866,0.01333774250440917,0.1925705467372134,0.015625,0.15853725749559083
2024-12-17,26637,31124.0,20841.0,156894050.24172777,290.0,26650700.16977367,4939.0,113218563.66760404,497.0,22274861.878718816,4557.0,55740020.15222729,20837.0,2384.0,236.0,472.0,2206.0,,1.0,3.0,5.0,2.0,2.0,,1.0,15.0,4.0,5.0,3.0,4.0,,,243.0,15.0,2.0,22.0,4.0,4.0,7.0,6.0,,28.0,5.0,5.0,3.0,30.0,12.0,1.0,,0.6696118750803238,0.009317568435933685,0.1586878293278499,0.015968384526410487,0.14641434262948208
2024-12-18,28127,33417.0,22003.0,220083458.46586946,325.0,45752237.80149042,5697.0,154471597.94211203,464.0,37400409.50826403,4928.0,93294470.57629982,22002.0,2752.0,231.0,431.0,2590.0,1.0,4.0,1.0,10.0,,1.0,,1.0,19.0,1.0,5.0,5.0,2.0,,1.0,279.0,17.0,1.0,16.0,3.0,3.0,8.0,10.0,,41.0,4.0,11.0,13.0,14.0,12.0,,,0.6584373223209744,0.009725588772181824,0.17048208995421493,0.013885148277822666,0.14746985067480622
2024-12-19,28181,34549.0,21968.0,273834044.82305473,403.0,53225334.30344414,5826.0,305810082.7979537,621.0,47590254.410508946,5731.0,132072119.26415116,21968.0,2968.0,328.0,554.0,2342.0,,3.0,1.0,17.0,3.0,3.0,,,26.0,,3.0,10.0,2.0,1.0,,357.0,11.0,5.0,14.0,3.0,,13.0,16.0,,71.0,7.0,13.0,23.0,27.0,29.0,,,0.6358505311296998,0.01166459231815682,0.16863006165156733,0.01797447104112999,0.165880343859446
2024-12-20,28054,35753.0,21528.0,289754796.4893578,705.0,103369701.94225131,6594.0,405056360.84957975,765.0,61695146.276611224,6161.0,159854825.56565443,21523.0,3471.0,367.0,657.0,2463.0,1.0,15.0,2.0,19.0,5.0,3.0,1.0,2.0,55.0,5.0,6.0,6.0,1.0,1.0,,437.0,11.0,4.0,27.0,6.0,1.0,13.0,25.0,,103.0,4.0,215.0,39.0,44.0,59.0,1.0,,0.6021312896819847,0.01971862501048863,0.18443207563001707,0.02139680586244511,0.17232120381506447
2024-12-21,26827,33566.0,20013.0,137892633.12619346,545.0,31248600.342231125,5811.0,116049699.80586809,554.0,15873603.659681376,6643.0,90921396.91308165,20009.0,2949.0,246.0,469.0,2438.0,,7.0,3.0,12.0,5.0,1.0,,2.0,29.0,4.0,4.0,6.0,6.0,,2.0,336.0,14.0,4.0,26.0,12.0,,10.0,45.0,,71.0,2.0,157.0,12.0,18.0,24.0,,,0.5962283262825478,0.016236668056962403,0.17312161115414407,0.016504796520288387,0.1979085979860573
2024-12-22,25364,32093.0,18344.0,137495184.38556898,522.0,72442913.71778527,5529.0,157702337.40852308,574.0,18893255.888892822,7124.0,109127021.51981571,18341.0,2736.0,212.0,503.0,2399.0,1.0,8.0,1.0,13.0,1.0,2.0,1.0,1.0,32.0,3.0,4.0,3.0,3.0,,,333.0,11.0,2.0,15.0,12.0,1.0,5.0,20.0,,75.0,3.0,152.0,20.0,21.0,35.0,,,0.5715888199918986,0.016265229177702303,0.17228055962359393,0.0178855202068987,0.22197987099990651
2024-12-23,26611,33821.0,19775.0,137699595.1141291,545.0,43583167.602949716,6132.0,129080844.24729447,625.0,28965150.246422738,6744.0,98211493.85908487,19774.0,3132.0,247.0,515.0,2386.0,,14.0,3.0,20.0,2.0,2.0,,,147.0,1.0,6.0,5.0,9.0,,1.0,435.0,4.0,14.0,31.0,16.0,3.0,15.0,33.0,,118.0,7.0,39.0,19.0,35.0,43.0,1.0,,0.5846958989976642,0.016114248543804145,0.1813074716891872,0.01847964282546347,0.19940273794388103
2024-12-24,27240,32933.0,20801.0,104694457.88428745,387.0,52972313.27533964,5359.0,137984171.40080538,457.0,27573895.682021894,5929.0,64801969.288236566,20800.0,2858.0,203.0,395.0,2082.0,4.0,5.0,2.0,4.0,2.0,4.0,,,74.0,1.0,3.0,5.0,3.0,,2.0,317.0,8.0,5.0,33.0,3.0,2.0,7.0,23.0,,57.0,4.0,22.0,24.0,21.0,30.0,1.0,,0.6316157046123949,0.011751131084322715,0.1627243190720554,0.013876658670634319,0.18003218656059272
2024-12-25,24921,30598.0,17513.0,85003246.97032656,390.0,22214021.25925966,5326.0,77883711.20436002,1099.0,20636220.963613525,6270.0,79528299.05957577,17513.0,2661.0,187.0,1065.0,2302.0,,2.0,,1.0,2.0,2.0,,,71.0,,1.0,3.0,2.0,,4.0,336.0,31.0,,21.0,10.0,1.0,5.0,24.0,,35.0,1.0,16.0,10.0,13.0,9.0,,,0.5723576704359762,0.012745931106608275,0.17406366429178377,0.035917380220929475,0.20491535394470226
2024-12-26,27328,32795.0,19642.0,128606223.89001927,403.0,38927679.34491614,5634.0,172057160.08063588,1479.0,14819097.68719323,5637.0,96761888.92674707,19638.0,3041.0,233.0,1362.0,2133.0,,7.0,2.0,12.0,4.0,1.0,,,48.0,4.0,4.0,15.0,3.0,,1.0,314.0,6.0,1.0,28.0,4.0,1.0,12.0,21.0,,60.0,5.0,40.0,33.0,40.0,83.0,2.0,,0.5989327641408752,0.012288458606494893,0.17179448086598567,0.045098338161305075,0.17188595822533922
2024-12-27,26828,33360.0,19357.0,122097312.21545057,406.0,29499697.779936273,5581.0,135433541.91310948,1469.0,41357886.0568816,6547.0,84329848.2412067,19354.0,3003.0,250.0,1339.0,2082.0,,2.0,3.0,7.0,3.0,2.0,9.0,2.0,54.0,3.0,2.0,9.0,1.0,,2.0,332.0,11.0,2.0,30.0,10.0,5.0,4.0,25.0,1.0,73.0,3.0,22.0,28.0,53.0,87.0,,,0.5802458033573141,0.012170263788968825,0.16729616306954437,0.0440347721822542,0.19625299760191847
2024-12-28,27327,33194.0,19669.0,117518097.29647832,440.0,33361568.18971801,5496.0,104446830.07863545,1378.0,10624026.391745668,6211.0,91873932.06864452,19667.0,2714.0,222.0,1330.0,2320.0,,4.0,1.0,8.0,4.0,2.0,3.0,1.0,87.0,2.0,3.0,5.0,4.0,,,369.0,5.0,1.0,31.0,13.0,1.0,3.0,14.0,1.0,63.0,1.0,19.0,29.0,34.0,22.0,,,0.5925468458155089,0.013255407603783817,0.16557209134180875,0.041513526540941134,0.18711212869795746
2024-12-29,28887,34949.0,21101.0,93071310.319516,413.0,28652073.239560347,5926.0,111527529.72534195,1180.0,13279935.381724805,6329.0,66216710.15822935,21101.0,2971.0,213.0,1113.0,2509.0,,2.0,,10.0,4.0,9.0,1.0,1.0,43.0,,,5.0,2.0,1.0,1.0,337.0,8.0,3.0,29.0,7.0,2.0,2.0,16.0,,70.0,4.0,36.0,64.0,18.0,37.0,1.0,,0.6037654868522705,0.011817219376806203,0.16956136084008125,0.03376348393373201,0.18109244899711008
2024-12-30,28539,35721.0,20882.0,214028658.00840202,460.0,44005358.80620349,6882.0,345265523.8288017,1066.0,40716156.037093036,6431.0,116192447.53526472,20879.0,3585.0,304.0,949.0,2719.0,3.0,8.0,2.0,25.0,2.0,7.0,,1.0,54.0,3.0,1.0,6.0,5.0,,3.0,382.0,19.0,14.0,28.0,16.0,,7.0,16.0,,96.0,1.0,26.0,43.0,24.0,62.0,,,0.584586097813611,0.012877579015145153,0.19265977996136727,0.02984238963074942,0.18003415357912714
2024-12-31,33570,40129.0,26424.0,193123872.8412005,297.0,53238086.72584484,5453.0,234122345.218569,706.0,38503321.859242275,7249.0,130497029.31155424,26421.0,2880.0,248.0,590.0,2155.0,2.0,15.0,1.0,23.0,2.0,2.0,,,29.0,3.0,1.0,4.0,2.0,,1.0,237.0,6.0,13.0,31.0,7.0,,4.0,9.0,,65.0,1.0,17.0,22.0,18.0,71.0,,,0.6584764135662489,0.007401131351391761,0.13588676518228712,0.01759326173091779,0.1806424281691545
2025-01-01,31916,36870.0,26043.0,161567382.59622556,197.0,8206319.813084148,3744.0,103611607.23325309,543.0,10994148.153310766,6343.0,87092923.30901363,26043.0,1939.0,154.0,505.0,1564.0,,5.0,,10.0,1.0,4.0,,,12.0,,2.0,1.0,3.0,1.0,,154.0,2.0,10.0,18.0,9.0,,6.0,9.0,,28.0,,8.0,19.0,10.0,9.0,1.0,,0.706346623270952,0.005343097369134798,0.1015459723352319,0.014727420667209112,0.1720368863574722
2025-01-02,25916,30042.0,20714.0,159776254.18912435,241.0,33402315.69534382,4062.0,164239258.88211843,391.0,36284274.91418792,4634.0,92730411.0326384,20707.0,1965.0,184.0,359.0,1798.0,1.0,5.0,1.0,6.0,1.0,3.0,1.0,,28.0,7.0,4.0,2.0,2.0,,,199.0,7.0,2.0,8.0,16.0,,5.0,8.0,,34.0,,9.0,19.0,12.0,15.0,,,0.6895013647560082,0.008022102389987351,0.13521070501298182,0.013015112176286533,0.15425071566473603
2025-01-03,33683,39636.0,26817.0,170933484.96657947,233.0,27170793.152116396,5662.0,159822230.11931726,436.0,17366961.496241838,6488.0,105224232.79975422,26817.0,2995.0,233.0,404.0,2303.0,,4.0,1.0,4.0,4.0,1.0,,,21.0,,1.0,7.0,,,1.0,188.0,8.0,5.0,12.0,10.0,2.0,8.0,8.0,,34.0,,12.0,32.0,17.0,15.0,1.0,,0.6765818952467454,0.005878494298112827,0.14284993440306792,0.011000100918357049,0.16368957513371682
2025-01-04,34934,40036.0,27717.0,140557212.13225868,246.0,22925747.49503958,4988.0,104384909.69507533,481.0,8323815.293491487,6604.0,83353910.91112097,27715.0,2683.0,230.0,424.0,1952.0,,4.0,,2.0,1.0,,,,27.0,2.0,3.0,3.0,4.0,,3.0,178.0,11.0,2.0,29.0,9.0,5.0,7.0,10.0,,24.0,2.0,15.0,30.0,13.0,43.0,1.0,,0.6923019282645619,0.006144469977020681,0.12458787091617544,0.012014187231491658,0.16495154361075032
2025-01-05,35609,40759.0,28229.0,144316527.3772371,226.0,15045712.81053827,5334.0,99088659.04849975,659.0,12997232.174311893,6311.0,88541578.06981078,28228.0,2734.0,208.0,615.0,2271.0,,3.0,,4.0,,3.0,,,19.0,1.0,1.0,2.0,1.0,1.0,1.0,161.0,6.0,2.0,23.0,16.0,7.0,5.0,12.0,,20.0,1.0,13.0,32.0,32.0,26.0,,,0.6925832331509605,0.005544787654260409,0.1308668024240045,0.016168208248484996,0.15483696852228956
2025-01-06,35398,40326.0,28583.0,212408256.88202122,212.0,23993282.328809932,4992.0,227951222.0755245,526.0,36696275.46619454,6013.0,108390969.68978819,28581.0,2455.0,174.0,468.0,2280.0,1.0,3.0,,3.0,,2.0,,2.0,18.0,2.0,2.0,2.0,,,2.0,153.0,3.0,1.0,23.0,9.0,3.0,5.0,14.0,,24.0,,17.0,15.0,11.0,40.0,,,0.7087982939046769,0.005257154193324406,0.12379110251450677,0.013043693894757725,0.14910975549273423
2025-01-07,33370,39469.0,26749.0,184082698.26470378,225.0,23396544.290488586,5608.0,210593528.26524594,714.0,28974934.902029723,6173.0,110162306.32547124,26749.0,2810.0,291.0,641.0,2331.0,1.0,6.0,2.0,4.0,3.0,1.0,5.0,2.0,33.0,,2.0,6.0,2.0,,4.0,161.0,16.0,1.0,24.0,13.0,,7.0,11.0,,44.0,2.0,18.0,30.0,23.0,52.0,1.0,,0.6777217563150827,0.0057006764802756595,0.14208619422838176,0.01809014669740809,0.15640122627885175
2025-01-08,32238,39013.0,25194.0,168706273.20334065,324.0,27600339.515558444,6296.0,208062339.15360323,517.0,25051609.655393306,6682.0,103996314.53630546,25191.0,3228.0,510.0,464.0,2399.0,2.0,5.0,,12.0,2.0,5.0,1.0,,24.0,3.0,2.0,3.0,3.0,,2.0,251.0,11.0,4.0,30.0,13.0,4.0,7.0,15.0,,50.0,4.0,17.0,30.0,18.0,21.0,,,0.6457847384205265,0.008304923999692411,0.1613821034014303,0.013251992925435111,0.17127624125291568
2025-01-09,31360,38187.0,24187.0,200117609.41963252,311.0,31450889.217268977,6454.0,241117836.06499258,888.0,84971020.74892426,6347.0,104122207.79885302,24185.0,3556.0,322.0,730.0,2379.0,1.0,10.0,,12.0,1.0,5.0,,1.0,30.0,2.0,,4.0,2.0,,1.0,228.0,12.0,15.0,20.0,16.0,5.0,15.0,26.0,,77.0,2.0,27.0,26.0,25.0,105.0,,,0.6333830884856103,0.008144132820069656,0.16901039620813366,0.023253986958912717,0.16620839552727368
2025-01-10,29935,36264.0,21931.0,132413454.37960427,327.0,26803919.820243396,7038.0,209147975.69031686,720.0,38529400.36786127,6248.0,108823219.42668001,21929.0,3715.0,218.0,612.0,2862.0,2.0,2.0,2.0,4.0,3.0,,,1.0,83.0,2.0,2.0,3.0,3.0,,1.0,262.0,23.0,6.0,26.0,6.0,1.0,17.0,32.0,,65.0,2.0,13.0,40.0,12.0,66.0,1.0,,0.6047595411427311,0.009017207147584382,0.1940767703507611,0.01985440105890139,0.17229208030002205
2025-01-11,28607,34375.0,21089.0,77123194.19059843,228.0,9481355.317662507,6058.0,120089466.18606818,828.0,15368781.414149225,6172.0,57038125.58797957,21085.0,3084.0,186.0,716.0,2595.0,,2.0,3.0,8.0,4.0,2.0,2.0,,35.0,4.0,1.0,5.0,2.0,,1.0,172.0,12.0,6.0,26.0,2.0,1.0,7.0,23.0,,57.0,,19.0,36.0,34.0,73.0,,,0.6134981818181818,0.006632727272727273,0.17623272727272726,0.024087272727272728,0.1795490909090909
2025-01-12,28334,34302.0,21223.0,80853471.86535789,238.0,7218378.765072809,5963.0,83017032.25457,673.0,23035918.940605834,6205.0,470366173.0315248,21220.0,3103.0,216.0,610.0,2477.0,2.0,6.0,4.0,10.0,1.0,3.0,,,24.0,3.0,2.0,2.0,1.0,,6.0,187.0,16.0,2.0,20.0,8.0,,4.0,14.0,,56.0,,17.0,17.0,28.0,37.0,1.0,,0.6187102792840068,0.006938370940469943,0.17383826015975745,0.019619847239228033,0.1808932423765378
2025-01-13,31818,41019.0,24574.0,229606288.84921777,419.0,33258464.405993227,7460.0,308785416.9121913,798.0,48797694.02344793,7768.0,140739591.01326546,24571.0,3726.0,426.0,703.0,2988.0,2.0,13.0,5.0,27.0,8.0,2.0,3.0,2.0,53.0,3.0,8.0,6.0,9.0,2.0,5.0,358.0,17.0,6.0,23.0,1.0,,10.0,37.0,,126.0,4.0,19.0,27.0,32.0,22.0,7.0,,0.5990882274068114,0.010214778517272484,0.1818669397108657,0.0194543991808674,0.18937565518418295
2025-01-14,28803,35269.0,21932.0,137011823.48022825,278.0,14578959.043328455,5980.0,142669410.987446,638.0,55154768.68794252,6441.0,84450430.9877374,21929.0,3207.0,285.0,575.0,2331.0,2.0,1.0,,8.0,2.0,1.0,,,30.0,3.0,3.0,4.0,2.0,,1.0,232.0,7.0,4.0,20.0,,1.0,7.0,27.0,1.0,66.0,2.0,14.0,24.0,14.0,24.0,1.0,,0.6218492160254048,0.007882276219909836,0.1695539992628087,0.01808954038957725,0.18262496810229947
2025-01-15,29968,36164.0,23630.0,144548915.44145155,291.0,17894378.723414063,5569.0,162291860.05292696,582.0,43591852.959833905,6092.0,105139477.53126635,23629.0,2783.0,235.0,526.0,2376.0,2.0,6.0,2.0,8.0,3.0,4.0,,,27.0,1.0,2.0,7.0,5.0,,1.0,261.0,11.0,4.0,10.0,,,11.0,12.0,,64.0,1.0,7.0,25.0,17.0,32.0,,,0.6534122331600487,0.008046676252626922,0.15399292113704235,0.016093352505253844,0.1684548169450282
2025-01-16,28401,34166.0,21834.0,130882222.82654978,259.0,24783018.548770282,5415.0,145635341.46529824,695.0,40643096.42552388,5963.0,81901615.74807076,21833.0,2527.0,250.0,626.0,2465.0,1.0,9.0,2.0,6.0,1.0,1.0,,1.0,38.0,1.0,4.0,4.0,6.0,,2.0,182.0,11.0,1.0,37.0,,10.0,11.0,13.0,,53.0,3.0,15.0,24.0,17.0,49.0,,,0.6390563718316455,0.00758063571972136,0.15849089738336358,0.02034186032898203,0.17453023473628754
2025-01-17,29964,36091.0,23505.0,158080331.45205924,233.0,19900134.395779643,5502.0,250057872.01642442,822.0,62701136.15862227,6029.0,109840331.6763992,23501.0,2842.0,268.0,730.0,2243.0,,9.0,1.0,5.0,4.0,3.0,1.0,1.0,35.0,4.0,5.0,5.0,3.0,,4.0,193.0,5.0,3.0,17.0,,5.0,7.0,33.0,,39.0,1.0,6.0,21.0,18.0,50.0,,,0.6512703998226704,0.006455903133745255,0.15244797872045662,0.022775761270122746,0.1670499570530049
2025-01-18,33492,39394.0,27244.0,364567458.1524527,328.0,98034582.91909973,5557.0,330659383.2594907,662.0,88129401.27135216,5603.0,103799307.93381768,27237.0,2532.0,324.0,596.0,2563.0,,12.0,1.0,10.0,1.0,3.0,,1.0,33.0,7.0,4.0,1.0,,,4.0,221.0,3.0,2.0,25.0,,3.0,12.0,24.0,,52.0,2.0,63.0,22.0,3.0,30.0,,,0.6915773975732346,0.008326141036706097,0.14106209067370665,0.01680458953140072,0.14222978118495203
2025-01-19,30233,36277.0,24172.0,315545035.654852,384.0,37781509.1542969,5824.0,352540612.47645444,732.0,80870627.0252475,5165.0,155208487.53806967,24168.0,2887.0,308.0,660.0,2517.0,,8.0,,7.0,,1.0,,,26.0,4.0,9.0,2.0,1.0,1.0,1.0,260.0,5.0,4.0,25.0,5.0,3.0,16.0,31.0,1.0,41.0,1.0,65.0,13.0,10.0,30.0,2.0,,0.6663175014471979,0.010585219284946384,0.1605424924883535,0.020178074261929045,0.1423767125175731
2025-01-20,22651,27389.0,17975.0,272826478.16980976,407.0,51906201.02963661,4074.0,333632163.47338164,654.0,117235432.2977069,4279.0,151828026.15417188,17973.0,2131.0,294.0,577.0,1520.0,,4.0,2.0,6.0,2.0,2.0,,,20.0,2.0,2.0,10.0,1.0,,1.0,357.0,6.0,1.0,15.0,5.0,3.0,9.0,34.0,,50.0,3.0,16.0,14.0,14.0,36.0,,,0.6562853700390667,0.014859980284055642,0.14874584687283215,0.02387819927708204,0.15623060352696339
2025-01-21,25391,30842.0,18902.0,185060740.61567307,477.0,52851869.66412147,5736.0,305056645.22404057,693.0,61535715.0899877,5034.0,120268168.03527167,18897.0,3555.0,233.0,627.0,1770.0,,8.0,1.0,7.0,2.0,3.0,1.0,,24.0,5.0,3.0,4.0,3.0,,1.0,431.0,6.0,10.0,22.0,5.0,1.0,3.0,20.0,,62.0,,12.0,49.0,15.0,28.0,,,0.6128655729200441,0.015465923091887686,0.18598015692886324,0.022469359963685882,0.1632189870955191
2025-01-22,27637,32222.0,19895.0,145765669.83167934,273.0,23594273.682668023,6659.0,211690545.65832138,559.0,64953716.41014788,4836.0,64779333.749689184,19891.0,4377.0,233.0,489.0,1898.0,1.0,4.0,,13.0,1.0,1.0,,2.0,41.0,4.0,8.0,11.0,1.0,,1.0,212.0,7.0,7.0,20.0,14.0,1.0,3.0,7.0,,21.0,3.0,15.0,44.0,13.0,43.0,,,0.6174352926571908,0.008472472223946372,0.20666004593135126,0.017348395506175906,0.15008379368133573
2025-01-23,25214,30636.0,19139.0,238279049.83013555,300.0,22579344.513462696,5704.0,434067353.4066902,795.0,105561998.032887,4698.0,126334257.92341883,19139.0,3102.0,253.0,693.0,2153.0,,5.0,1.0,18.0,,2.0,2.0,1.0,31.0,,2.0,5.0,7.0,,4.0,243.0,12.0,8.0,20.0,13.0,1.0,9.0,21.0,,53.0,3.0,12.0,25.0,46.0,53.0,1.0,,0.6247225486355921,0.009792401096748922,0.18618618618618618,0.025949862906384645,0.15334900117508812
2025-01-24,24238,29130.0,18278.0,170789671.34978276,286.0,33263417.7298771,5372.0,262069600.81390533,527.0,37681427.26440862,4667.0,85830261.46320042,18274.0,2835.0,267.0,476.0,2122.0,1.0,5.0,,9.0,,2.0,,,31.0,4.0,10.0,10.0,,,1.0,227.0,11.0,1.0,22.0,9.0,,9.0,17.0,,44.0,4.0,9.0,13.0,26.0,24.0,,,0.6274630964641263,0.009818056985925163,0.1844146927566083,0.01809131479574322,0.16021283899759697
2025-01-25,22890,27152.0,16609.0,87156729.89662072,329.0,16574755.217111658,5032.0,95879204.36003196,526.0,15319252.094866022,4656.0,52052866.64885853,16606.0,2688.0,173.0,495.0,2051.0,,3.0,1.0,3.0,,,,1.0,14.0,3.0,3.0,8.0,4.0,,3.0,294.0,20.0,2.0,11.0,8.0,,4.0,10.0,,31.0,2.0,9.0,6.0,27.0,16.0,,,0.6117044784914555,0.012116971125515616,0.18532704773129052,0.019372421921037126,0.17147908073070123
2025-01-26,28342,34049.0,20645.0,142352611.3139522,308.0,21300637.467741396,6498.0,216101322.00854754,877.0,33880370.861051895,5721.0,82415521.41106786,20642.0,3297.0,205.0,838.0,2873.0,,10.0,2.0,4.0,3.0,4.0,1.0,,14.0,3.0,5.0,1.0,2.0,,5.0,238.0,7.0,2.0,50.0,,1.0,2.0,16.0,,40.0,3.0,12.0,16.0,16.0,16.0,,,0.6063320508678669,0.009045786954095568,0.19084260918088636,0.02575699726864225,0.1680225557285089
2025-01-27,29896,38303.0,22355.0,231508064.60978433,331.0,33905278.537322424,7738.0,358741866.6026236,942.0,82872631.54593131,6937.0,161274424.5700742,22349.0,3630.0,358.0,801.0,3448.0,,16.0,5.0,37.0,5.0,6.0,,2.0,43.0,6.0,9.0,9.0,18.0,2.0,8.0,276.0,10.0,12.0,23.0,,1.0,15.0,35.0,,117.0,7.0,7.0,25.0,28.0,57.0,1.0,,0.5836357465472678,0.008641620760775919,0.20202072944677962,0.024593373887162887,0.18110852935801372
2025-01-28,27194,33501.0,19802.0,148322941.5734559,268.0,25926448.930931013,7105.0,236762185.1173236,713.0,43671130.501900315,5613.0,86190971.30260865,19799.0,3427.0,243.0,612.0,3155.0,2.0,15.0,1.0,22.0,2.0,3.0,,1.0,57.0,3.0,5.0,9.0,4.0,1.0,6.0,208.0,15.0,15.0,33.0,3.0,3.0,7.0,14.0,,96.0,3.0,9.0,37.0,27.0,50.0,1.0,,0.5910868332288588,0.007999761201158175,0.21208322139637623,0.021282946777708128,0.16754723739589863
2025-01-29,26927,34100.0,19060.0,124784991.82742175,376.0,27358990.673994247,7314.0,178804411.55615085,830.0,30127188.653825063,6520.0,102025550.04018757,19052.0,3858.0,215.0,758.0,2985.0,,12.0,2.0,10.0,6.0,3.0,1.0,,41.0,8.0,7.0,6.0,3.0,,11.0,274.0,22.0,9.0,66.0,4.0,1.0,4.0,18.0,2.0,91.0,4.0,18.0,24.0,31.0,34.0,,,0.5589442815249267,0.011026392961876833,0.21448680351906158,0.02434017595307918,0.1912023460410557
2025-01-30,28141,34976.0,20172.0,140627800.4974796,319.0,18946432.328747757,7471.0,231309917.15598908,915.0,58043718.45817413,6099.0,91166937.77300052,20167.0,3846.0,223.0,821.0,3086.0,5.0,4.0,1.0,23.0,6.0,3.0,,3.0,92.0,5.0,3.0,9.0,5.0,1.0,3.0,260.0,23.0,19.0,32.0,2.0,1.0,5.0,15.0,1.0,73.0,8.0,15.0,57.0,23.0,37.0,,,0.5767383348581885,0.009120539798719123,0.21360361390667887,0.026160795974382433,0.1743767154620311
2025-01-31,27179,34822.0,19089.0,203094643.6692486,305.0,26143122.572005153,8247.0,262869947.39794835,1069.0,116421686.27764902,6112.0,120323795.26155505,19071.0,3756.0,257.0,904.0,3989.0,1.0,10.0,2.0,21.0,5.0,1.0,5.0,3.0,46.0,18.0,5.0,13.0,4.0,2.0,6.0,237.0,18.0,16.0,33.0,1.0,1.0,9.0,25.0,,73.0,10.0,19.0,36.0,14.0,98.0,1.0,,0.5481879271724772,0.00875883062431796,0.23683303658606628,0.03069898340129803,0.17552122221584057
2025-02-01,28851,37120.0,19635.0,186633683.4678409,332.0,45152002.00097488,8801.0,173167249.70745257,1261.0,49267879.77878912,7091.0,85671620.59338094,19534.0,4229.0,321.0,1133.0,4026.0,1.0,13.0,7.0,21.0,4.0,6.0,1.0,3.0,32.0,101.0,3.0,6.0,8.0,,6.0,240.0,12.0,11.0,27.0,1.0,3.0,11.0,20.0,3.0,87.0,6.0,44.0,18.0,16.0,75.0,,,0.5289601293103449,0.00894396551724138,0.2370959051724138,0.033970905172413794,0.1910290948275862
2025-02-02,33105,43617.0,23541.0,304781576.3473934,411.0,55048901.52803659,10057.0,452281358.4142379,1793.0,135722730.99303842,7815.0,156912760.74478197,23371.0,5151.0,481.0,1595.0,4066.0,,36.0,2.0,57.0,7.0,1.0,2.0,2.0,60.0,170.0,8.0,14.0,4.0,2.0,7.0,340.0,12.0,22.0,28.0,4.0,,10.0,20.0,1.0,135.0,6.0,20.0,46.0,25.0,97.0,,,0.5397207510832932,0.009422931425820208,0.2305752344269436,0.041107824930646304,0.17917325813329665
2025-02-03,31777,44550.0,22397.0,517454602.1547072,849.0,144172079.060259,10879.0,956673521.3526595,1879.0,189881437.15725842,8546.0,386351169.19582075,22257.0,5607.0,658.0,1666.0,3997.0,2.0,21.0,6.0,64.0,5.0,18.0,2.0,3.0,93.0,140.0,19.0,20.0,14.0,2.0,9.0,540.0,25.0,29.0,126.0,7.0,15.0,25.0,56.0,,204.0,4.0,117.0,139.0,51.0,62.0,1.0,,0.5027384960718294,0.019057239057239057,0.24419753086419754,0.04217732884399551,0.1918294051627385
2025-02-04,32788,47650.0,22401.0,231918058.54069445,742.0,61029506.296063565,11792.0,398168720.0968929,1633.0,85803879.72265844,11082.0,246717838.74924362,22160.0,6135.0,524.0,1395.0,4477.0,5.0,58.0,8.0,39.0,13.0,13.0,1.0,2.0,94.0,241.0,16.0,12.0,16.0,1.0,10.0,570.0,40.0,20.0,75.0,10.0,2.0,26.0,99.0,1.0,267.0,6.0,42.0,46.0,65.0,79.0,,,0.47011542497376707,0.015571878279118573,0.24747114375655824,0.0342707240293809,0.23257082896117523
2025-02-05,29506,41811.0,19628.0,167291589.9449644,496.0,56907895.11379666,11090.0,310734621.32806265,1858.0,48036190.81089258,8739.0,145276118.2492371,19298.0,5742.0,446.0,1442.0,4319.0,,27.0,3.0,189.0,6.0,4.0,1.0,1.0,71.0,330.0,4.0,12.0,11.0,1.0,6.0,384.0,25.0,87.0,36.0,6.0,3.0,20.0,61.0,,200.0,17.0,43.0,106.0,92.0,78.0,1.0,,0.4694458396115855,0.0118629068905312,0.2652412044677238,0.04443806653751405,0.20901198249264547
2025-02-06,30240,42269.0,20259.0,154591486.86939907,457.0,48370571.655413814,10471.0,204113345.93433776,1784.0,50912164.181072466,9298.0,108309654.14245968,19937.0,5581.0,370.0,1567.0,4132.0,3.0,25.0,10.0,60.0,6.0,4.0,4.0,2.0,63.0,322.0,13.0,11.0,13.0,1.0,6.0,284.0,40.0,27.0,89.0,5.0,2.0,14.0,50.0,,154.0,4.0,50.0,36.0,9.0,76.0,1.0,,0.47928742104142513,0.010811705978376588,0.24772291750455416,0.04220587191558826,0.21997208356005582
2025-02-07,31960,46378.0,20825.0,204989929.04095918,639.0,34849071.60982252,11742.0,297209571.35380113,2074.0,115592629.36808175,11098.0,199886058.33658195,20470.0,6256.0,557.0,1770.0,4406.0,4.0,41.0,5.0,31.0,10.0,4.0,,,70.0,355.0,13.0,59.0,11.0,2.0,12.0,509.0,36.0,23.0,62.0,1.0,4.0,14.0,67.0,,201.0,4.0,36.0,46.0,18.0,183.0,,,0.4490275561688732,0.013778084436586312,0.25318038725257663,0.044719479063349,0.23929449307861486
2025-02-08,27067,36551.0,17420.0,111906745.32208769,407.0,29702455.464106794,9219.0,178655167.25710624,1431.0,47164288.4604107,8074.0,95222580.1901962,17207.0,4614.0,448.0,1319.0,3678.0,1.0,24.0,1.0,14.0,2.0,2.0,3.0,1.0,59.0,213.0,5.0,27.0,11.0,,8.0,257.0,27.0,7.0,101.0,7.0,2.0,6.0,38.0,,150.0,17.0,29.0,51.0,98.0,50.0,,,0.47659434762386804,0.011135126261935378,0.2522229213974994,0.039150775628573775,0.22089682908812344
2025-02-09,29273,39358.0,19731.0,134204373.8313267,617.0,37543188.69949461,9236.0,149271252.568223,1399.0,47949455.58394175,8375.0,106468017.80587704,19476.0,4718.0,388.0,1235.0,3680.0,3.0,27.0,6.0,16.0,5.0,4.0,,,62.0,255.0,5.0,15.0,12.0,2.0,4.0,301.0,42.0,8.0,243.0,5.0,9.0,8.0,96.0,,167.0,4.0,46.0,29.0,68.0,44.0,,,0.5013212053458,0.015676609583820316,0.2346663956501855,0.03554550536104477,0.21279028405914935
2025-02-10,31031,43942.0,20153.0,200013562.42681432,471.0,43211947.91089638,12686.0,241197218.24563906,1403.0,79009876.91187482,9229.0,141528357.3287846,19797.0,5739.0,474.0,1147.0,6040.0,,18.0,3.0,55.0,6.0,4.0,,1.0,64.0,356.0,4.0,25.0,8.0,1.0,4.0,286.0,36.0,42.0,114.0,8.0,8.0,18.0,41.0,,145.0,18.0,33.0,73.0,26.0,118.0,1.0,,0.45862728141641257,0.010718674616539985,0.2886987392471895,0.03192845114013927,0.21002685357971873
2025-02-11,31778,43520.0,22051.0,179911117.09368446,509.0,71664097.02633204,10582.0,259657032.62610033,1202.0,50565096.32893858,9176.0,135737940.937335,21623.0,5000.0,388.0,1000.0,4672.0,1.0,23.0,3.0,34.0,5.0,9.0,1.0,,73.0,428.0,11.0,20.0,7.0,1.0,5.0,255.0,26.0,33.0,174.0,5.0,6.0,13.0,37.0,,168.0,8.0,45.0,130.0,43.0,97.0,,,0.506686580882353,0.01169577205882353,0.24315257352941178,0.027619485294117646,0.21084558823529412
2025-02-12,28918,40932.0,19352.0,243224937.16379428,397.0,61254344.46855364,10965.0,340696027.92870796,1683.0,95842208.41883893,8535.0,173206519.06546456,18847.0,5077.0,555.0,1432.0,4835.0,2.0,28.0,2.0,46.0,11.0,3.0,,1.0,84.0,505.0,9.0,19.0,26.0,,11.0,284.0,23.0,12.0,67.0,,2.0,15.0,33.0,,183.0,9.0,20.0,64.0,32.0,160.0,,,0.4727841297762142,0.009699012997166032,0.2678833186748754,0.0411169744942832,0.20851656405746116
2025-02-13,28177,38217.0,18920.0,181249307.2400364,408.0,31232756.711156815,9511.0,225999077.13945913,1764.0,89935219.8975549,7614.0,109978153.42302592,18532.0,4944.0,473.0,1524.0,3634.0,1.0,25.0,5.0,20.0,4.0,7.0,2.0,1.0,64.0,388.0,,9.0,22.0,,6.0,268.0,29.0,11.0,93.0,,3.0,9.0,29.0,,187.0,11.0,35.0,69.0,20.0,178.0,,,0.4950676400554727,0.010675877227411885,0.24886830468116283,0.04615746918910432,0.19923070884684826
2025-02-14,29896,39946.0,18254.0,115322424.37616132,358.0,34441831.066189125,12655.0,240470829.92984697,1245.0,48542443.41435303,7434.0,70168544.4967106,17741.0,6644.0,318.0,1062.0,5300.0,,15.0,2.0,23.0,6.0,3.0,,,42.0,513.0,7.0,16.0,15.0,,2.0,247.0,22.0,16.0,53.0,,5.0,10.0,28.0,,142.0,5.0,36.0,85.0,38.0,116.0,,,0.4569669053221849,0.008962098833425124,0.3168026836228909,0.031167075551995195,0.18610123666950382
2025-02-15,25154,32449.0,15475.0,63804401.75472377,295.0,31679970.16009613,9308.0,92073663.88889104,1043.0,10557604.381348372,6328.0,54079426.288243584,15164.0,4587.0,726.0,970.0,3743.0,,6.0,3.0,11.0,1.0,1.0,,1.0,32.0,311.0,1.0,4.0,9.0,,3.0,181.0,8.0,10.0,51.0,,,5.0,38.0,,89.0,5.0,57.0,77.0,13.0,14.0,,,0.47690221578476993,0.009091189250824371,0.28685013405651943,0.032142747080033285,0.19501371382785293
2025-02-16,25771,33138.0,15740.0,64180659.12207265,305.0,11594740.196835881,9497.0,132123079.62883043,1104.0,23320631.307872918,6492.0,49112133.83567178,15415.0,4519.0,474.0,987.0,4125.0,,7.0,2.0,12.0,2.0,6.0,,,33.0,325.0,2.0,21.0,6.0,,6.0,188.0,8.0,10.0,83.0,2.0,5.0,6.0,39.0,,150.0,19.0,19.0,100.0,19.0,56.0,,,0.47498340274005674,0.009203935059448368,0.2865894139658398,0.03331522723157704,0.19590802100307803
2025-02-17,29280,38341.0,19078.0,154665656.7903717,507.0,32878391.63448454,9023.0,200019465.17919868,1175.0,46132778.19857202,8558.0,107625156.45818092,18489.0,4353.0,411.0,1066.0,3886.0,1.0,15.0,3.0,19.0,8.0,1.0,1.0,1.0,99.0,589.0,6.0,11.0,10.0,,5.0,272.0,10.0,14.0,163.0,3.0,2.0,19.0,33.0,,125.0,4.0,42.0,73.0,7.0,42.0,,,0.4975874390339323,0.013223442268068125,0.23533554158733472,0.03064604470410266,0.22320753240656216
2025-02-18,35697,47527.0,23779.0,148581149.8012157,317.0,11224812.346907161,11233.0,294913606.472972,1942.0,47203161.21093915,10256.0,102229146.22533154,23057.0,5557.0,429.0,1761.0,4758.0,,25.0,5.0,68.0,5.0,12.0,,,77.0,722.0,6.0,19.0,8.0,1.0,4.0,207.0,24.0,35.0,62.0,,1.0,15.0,25.0,,169.0,8.0,26.0,75.0,57.0,53.0,,,0.5003261304100827,0.006669892902981463,0.23634986428766805,0.0408609842826183,0.2157931281166495
2025-02-19,30383,39595.0,20474.0,108800171.92349128,331.0,27565673.28907102,9895.0,199998830.57361633,1174.0,27203842.04597279,7721.0,76420682.44163561,19819.0,4962.0,313.0,1069.0,4239.0,1.0,13.0,2.0,31.0,4.0,1.0,,,60.0,655.0,3.0,53.0,7.0,,5.0,219.0,17.0,24.0,49.0,1.0,4.0,10.0,20.0,,114.0,9.0,45.0,57.0,37.0,30.0,1.0,,0.5170854905922465,0.008359641368859704,0.24990529107210507,0.02965020835964137,0.19499936860714737
2025-02-20,28181,36490.0,19220.0,107379765.30458225,269.0,15345336.918491699,9338.0,231772126.49579427,1077.0,28053754.678957444,6586.0,54033554.24870946,18708.0,4513.0,307.0,986.0,4170.0,1.0,9.0,,24.0,6.0,1.0,3.0,3.0,49.0,512.0,4.0,48.0,10.0,2.0,3.0,193.0,11.0,25.0,33.0,,1.0,8.0,24.0,,96.0,7.0,30.0,70.0,30.0,15.0,2.0,,0.5267196492189641,0.007371882707591121,0.2559057275966018,0.02951493559879419,0.18048780487804877
2025-02-21,29125,40746.0,18784.0,279051489.6961118,491.0,77913754.99444753,11729.0,743328927.0959848,1580.0,68973469.19490777,8162.0,195571322.7292587,18101.0,5686.0,588.0,1432.0,4621.0,3.0,30.0,6.0,47.0,4.0,2.0,1.0,,149.0,683.0,15.0,42.0,17.0,2.0,3.0,332.0,21.0,21.0,60.0,1.0,9.0,28.0,63.0,,188.0,13.0,46.0,221.0,129.0,16.0,4.0,,0.4610023069749178,0.012050262602464045,0.28785647670937026,0.03877681244784764,0.2003141412654003
2025-02-22,26539,35235.0,17656.0,102276534.81633851,291.0,18472072.99370175,9206.0,330135902.1952175,1080.0,42092675.68162418,7002.0,78224413.40908912,17138.0,4486.0,339.0,947.0,3982.0,2.0,17.0,2.0,27.0,3.0,3.0,,,63.0,518.0,8.0,22.0,7.0,2.0,1.0,210.0,15.0,14.0,35.0,1.0,1.0,19.0,64.0,,79.0,8.0,17.0,121.0,51.0,28.0,3.0,,0.5010926635447708,0.008258833546189868,0.26127430112104444,0.03065134099616858,0.1987228607918263
2025-02-23,26034,34885.0,16619.0,151885758.5478312,822.0,43822603.89996198,9415.0,418554189.55876446,1232.0,60228521.54823678,6797.0,85590449.05416553,16014.0,4637.0,402.0,1116.0,4044.0,2.0,10.0,3.0,23.0,22.0,1.0,1.0,,59.0,605.0,6.0,23.0,3.0,1.0,3.0,152.0,13.0,16.0,620.0,1.0,1.0,15.0,40.0,,75.0,7.0,27.0,92.0,18.0,36.0,,,0.47639386555826285,0.023563136018345993,0.26988677081840334,0.0353160384119249,0.19484018919306292
2025-02-24,32095,45567.0,21344.0,288891367.7205056,720.0,47589705.25297271,12700.0,546671582.7161913,1577.0,74236277.66161545,9226.0,124185038.30330746,20608.0,6006.0,714.0,1359.0,5184.0,8.0,39.0,21.0,111.0,5.0,29.0,2.0,,113.0,736.0,8.0,29.0,19.0,,8.0,338.0,48.0,31.0,331.0,,9.0,19.0,47.0,,179.0,11.0,15.0,224.0,63.0,27.0,,,0.46840915574867775,0.015800908552241755,0.2787104702964865,0.03460837887067395,0.20247108653192003
2025-02-25,38099,55476.0,25277.0,367646384.27882355,727.0,42637552.096482225,15565.0,764556141.1421411,2363.0,146009369.48956,11544.0,230621194.9067138,24174.0,7347.0,876.0,2074.0,6394.0,4.0,43.0,7.0,98.0,9.0,3.0,2.0,2.0,131.0,1103.0,4.0,25.0,10.0,2.0,7.0,402.0,39.0,72.0,249.0,2.0,2.0,37.0,46.0,,261.0,17.0,31.0,306.0,70.0,71.0,12.0,,0.4556384742951907,0.013104766024947725,0.2805717787872233,0.042594996034321146,0.20808998485831712
2025-02-26,29527,42656.0,18627.0,223280083.33431086,679.0,63385977.629472956,12417.0,424727106.4347268,1748.0,79963098.56720144,9185.0,95917756.93384251,17804.0,5752.0,640.0,1549.0,5219.0,2.0,48.0,10.0,61.0,12.0,1.0,,4.0,105.0,823.0,4.0,30.0,18.0,2.0,4.0,307.0,31.0,52.0,264.0,1.0,15.0,28.0,40.0,,223.0,23.0,60.0,201.0,77.0,46.0,15.0,,0.4366794823705927,0.015918042010502627,0.29109621155288823,0.04097899474868717,0.21532726931732935
2025-02-27,28514,40810.0,17484.0,148434847.77422354,455.0,27753780.157096297,12732.0,320736608.81385535,1565.0,47393660.342184246,8574.0,65300843.63465004,16647.0,6317.0,483.0,1374.0,5110.0,3.0,38.0,3.0,64.0,4.0,6.0,,1.0,91.0,837.0,4.0,27.0,12.0,,6.0,252.0,63.0,35.0,138.0,1.0,10.0,22.0,49.0,,309.0,12.0,28.0,130.0,106.0,43.0,11.0,,0.42842440578289637,0.011149228130360206,0.31198235726537615,0.03834844400882137,0.21009556481254593
2025-02-28,36048,52762.0,22429.0,300445955.66068184,919.0,56213062.60351812,16712.0,672718647.4358854,2306.0,111020597.52893946,10396.0,144811777.5102065,21569.0,8350.0,748.0,2062.0,6601.0,5.0,51.0,9.0,60.0,12.0,2.0,9.0,5.0,135.0,860.0,4.0,25.0,26.0,3.0,5.0,485.0,75.0,46.0,225.0,9.0,94.0,26.0,57.0,,341.0,13.0,76.0,201.0,94.0,72.0,11.0,,0.42509760812706116,0.017417838595959214,0.31674311057200255,0.04370569728213487,0.1970357454228422
2025-03-01,25628,35377.0,15757.0,88673066.49864039,553.0,31719996.524233907,10409.0,161947600.5686182,1231.0,31099275.341503832,7427.0,61183068.352284715,15132.0,5594.0,353.0,1117.0,3870.0,2.0,28.0,7.0,40.0,7.0,5.0,,1.0,68.0,625.0,6.0,18.0,13.0,,2.0,277.0,27.0,21.0,151.0,2.0,28.0,28.0,38.0,,233.0,4.0,61.0,124.0,43.0,15.0,10.0,,0.4454023800774515,0.015631625067134013,0.294230714871244,0.034796619272408624,0.20993866071176187
2025-03-02,30806,43106.0,18807.0,222711515.6225391,531.0,29244430.073436365,13553.0,365354805.4797894,1911.0,103946131.95127697,8304.0,129199849.54573539,17956.0,7490.0,573.0,1698.0,4999.0,4.0,32.0,9.0,77.0,9.0,6.0,1.0,,69.0,851.0,3.0,15.0,16.0,3.0,7.0,278.0,32.0,47.0,127.0,,49.0,22.0,39.0,,137.0,5.0,52.0,111.0,29.0,49.0,7.0,,0.43629657124298243,0.012318470746531805,0.3144109868695773,0.04433257551152972,0.19264139562937874
2025-03-03,33390,48801.0,19608.0,232112363.51831236,481.0,33039152.475179017,16449.0,541196417.0137573,2535.0,120556483.7509105,9728.0,130701677.5941233,18676.0,8729.0,694.0,2218.0,6212.0,3.0,62.0,14.0,81.0,14.0,4.0,3.0,3.0,120.0,932.0,13.0,26.0,25.0,3.0,9.0,265.0,57.0,46.0,104.0,1.0,30.0,33.0,78.0,,217.0,5.0,35.0,188.0,50.0,109.0,14.0,,0.40179504518350034,0.009856355402553226,0.3370627651072724,0.05194565685129403,0.19934017745538002
2025-03-04,39403,56709.0,20621.0,228492996.66592592,789.0,56212542.73309261,22175.0,480342357.8050551,2329.0,87354886.58643748,10795.0,166558263.79294148,19530.0,11288.0,843.0,1944.0,8958.0,17.0,99.0,12.0,108.0,17.0,5.0,,2.0,144.0,1091.0,3.0,76.0,27.0,,6.0,510.0,83.0,61.0,143.0,2.0,29.0,50.0,105.0,,281.0,11.0,52.0,212.0,83.0,111.0,11.0,,0.3636283482339664,0.01391313548114056,0.3910314059496729,0.041069318803011866,0.1903577915322083
2025-03-05,32032,44957.0,17003.0,134200567.78605425,484.0,33155725.25346314,16796.0,259165646.32356718,1825.0,40181473.72493311,8849.0,81951637.62113124,16066.0,8988.0,613.0,1548.0,6526.0,3.0,54.0,8.0,87.0,16.0,10.0,6.0,,69.0,937.0,5.0,26.0,25.0,2.0,4.0,312.0,66.0,30.0,71.0,2.0,21.0,31.0,64.0,,189.0,4.0,42.0,144.0,45.0,90.0,4.0,,0.37820584113708655,0.010765842916564718,0.3736014413773161,0.04059434570812109,0.19683252886091154
2025-03-06,30853,44052.0,16981.0,95074317.73917456,497.0,27581909.755643412,15858.0,240315642.97857755,1733.0,34803048.78295007,8983.0,71776302.58318056,16046.0,9086.0,584.0,1497.0,5446.0,4.0,81.0,13.0,43.0,16.0,6.0,,,86.0,935.0,3.0,58.0,15.0,,7.0,327.0,90.0,43.0,96.0,2.0,6.0,25.0,63.0,,195.0,7.0,38.0,118.0,46.0,87.0,,,0.38547625533460456,0.01128212112957414,0.35998365567965135,0.039339871061472804,0.20391809679469716
2025-03-07,32565,46735.0,18782.0,146811467.30669802,880.0,33701497.64896699,15524.0,371931330.31117916,2198.0,70887859.31048842,9351.0,109325095.81162485,17829.0,8128.0,801.0,1832.0,5664.0,9.0,98.0,7.0,76.0,11.0,5.0,,2.0,115.0,953.0,7.0,46.0,16.0,2.0,8.0,277.0,67.0,54.0,489.0,4.0,11.0,49.0,77.0,,238.0,17.0,43.0,208.0,81.0,159.0,1.0,,0.4018829570985343,0.01882957098534289,0.33217074997325347,0.047031132983845085,0.20008558895902429
2025-03-08,27781,37696.0,16846.0,74743288.4774392,994.0,31168494.561911266,11336.0,255855939.6267688,1072.0,17917742.435124587,7448.0,50075333.1713917,16202.0,6317.0,385.0,947.0,4017.0,1.0,50.0,4.0,27.0,10.0,4.0,,,106.0,644.0,2.0,27.0,13.0,2.0,2.0,411.0,23.0,11.0,519.0,,11.0,12.0,41.0,,153.0,8.0,39.0,148.0,65.0,46.0,1.0,,0.4468909168081494,0.026368845500848895,0.3007215619694397,0.028438030560271648,0.1975806451612903
2025-03-09,34005,47525.0,20917.0,133280599.18081746,825.0,25558228.92887795,14364.0,314259808.46780545,1717.0,59539122.08706519,9702.0,76084843.7297578,20168.0,7927.0,628.0,1461.0,5121.0,2.0,59.0,5.0,58.0,14.0,3.0,,2.0,103.0,749.0,,22.0,17.0,2.0,6.0,297.0,27.0,39.0,460.0,2.0,6.0,40.0,71.0,,201.0,7.0,20.0,160.0,54.0,88.0,4.0,,0.4401262493424513,0.017359284587059442,0.3022409258285113,0.03612835349815886,0.20414518674381904
2025-03-10,33058,48655.0,20758.0,288162266.97102934,957.0,88966427.85084943,14417.0,548830527.2998557,2164.0,109208958.36390801,10359.0,183092734.38777432,19894.0,7100.0,837.0,1849.0,5481.0,1.0,95.0,9.0,95.0,17.0,4.0,,2.0,103.0,864.0,12.0,40.0,26.0,2.0,6.0,487.0,86.0,54.0,328.0,1.0,28.0,26.0,56.0,,259.0,11.0,75.0,260.0,74.0,110.0,4.0,,0.42663652245401296,0.019669098756551227,0.29631075942863017,0.04447641557907717,0.2129072037817285
2025-03-11,33621,49804.0,20400.0,198126552.65605575,1158.0,63662326.90946186,15002.0,376072473.4753215,2135.0,83122127.02141377,11109.0,112066335.81626825,19498.0,7392.0,767.0,1858.0,5837.0,7.0,91.0,10.0,68.0,17.0,12.0,,1.0,124.0,902.0,11.0,28.0,22.0,,11.0,669.0,87.0,23.0,332.0,8.0,24.0,28.0,68.0,,289.0,10.0,86.0,213.0,83.0,118.0,1.0,,0.40960565416432415,0.023251144486386637,0.301220785479078,0.04286804272749177,0.22305437314271945
2025-03-12,28409,42975.0,16985.0,103332813.16991407,704.0,39290922.02419584,13098.0,461605842.3247896,1990.0,41069144.52740516,10198.0,74792977.90893863,16062.0,6214.0,637.0,1596.0,5174.0,6.0,102.0,12.0,144.0,19.0,5.0,,3.0,95.0,923.0,8.0,43.0,13.0,1.0,9.0,473.0,52.0,76.0,125.0,2.0,16.0,26.0,55.0,,341.0,37.0,54.0,229.0,102.0,119.0,4.0,,0.39522978475858056,0.016381617219313555,0.30478184991274,0.046305991855730075,0.23730075625363584
2025-03-13,27029,38513.0,16366.0,93117523.29445256,539.0,28254509.58873216,12013.0,245489336.4598594,1649.0,27989403.32166419,7946.0,67115308.58288154,15650.0,5976.0,433.0,1374.0,4871.0,5.0,65.0,6.0,88.0,10.0,16.0,,2.0,74.0,716.0,4.0,25.0,7.0,2.0,11.0,343.0,63.0,50.0,108.0,8.0,9.0,20.0,57.0,,260.0,14.0,47.0,117.0,56.0,80.0,,,0.4249474203515696,0.013995274322955885,0.3119206501700724,0.0428167112403604,0.2063199439150417
2025-03-14,25898,35966.0,15286.0,74223293.99170569,436.0,28484761.331082974,11000.0,188799128.26659068,1431.0,26923821.154075135,7813.0,57117358.174101464,14666.0,5360.0,386.0,1239.0,4712.0,3.0,32.0,4.0,62.0,7.0,7.0,,,103.0,620.0,4.0,26.0,13.0,,4.0,291.0,41.0,42.0,48.0,8.0,5.0,18.0,25.0,,115.0,9.0,62.0,131.0,46.0,63.0,1.0,,0.4250125118167158,0.012122560195740421,0.3058444086081299,0.03978757715620308,0.21723294222321082
2025-03-15,22260,29175.0,13933.0,47797299.72225462,229.0,16329323.398226699,8109.0,88342560.28113854,881.0,11021451.830305515,6023.0,26593477.718329865,13483.0,3953.0,250.0,802.0,3452.0,1.0,20.0,,24.0,3.0,,,2.0,125.0,450.0,1.0,11.0,5.0,,14.0,123.0,10.0,14.0,61.0,5.0,2.0,15.0,17.0,,60.0,19.0,22.0,155.0,28.0,24.0,1.0,,0.47756640959725793,0.007849185946872322,0.2779434447300771,0.030197086546700943,0.20644387317909169
2025-03-16,23942,32534.0,15157.0,45632374.62276705,307.0,17314244.64739004,9363.0,91574028.71542794,934.0,10678335.442826046,6773.0,28956292.122617714,14640.0,4556.0,270.0,791.0,3902.0,4.0,45.0,2.0,44.0,6.0,,,1.0,94.0,517.0,3.0,25.0,4.0,1.0,12.0,212.0,53.0,23.0,45.0,3.0,8.0,9.0,27.0,,174.0,27.0,27.0,154.0,32.0,49.0,1.0,,0.4658818466834696,0.00943628204340075,0.2877912337861929,0.028708428105981433,0.2081822093809553
2025-03-17,24880,34630.0,15500.0,58574333.3158647,436.0,22908070.08680071,10005.0,126809956.14587711,1198.0,14257874.878185602,7491.0,47210059.175705396,14933.0,5438.0,303.0,1078.0,3739.0,3.0,51.0,2.0,27.0,3.0,4.0,,1.0,65.0,567.0,5.0,22.0,2.0,,5.0,270.0,41.0,11.0,115.0,1.0,3.0,6.0,31.0,,156.0,13.0,36.0,117.0,38.0,51.0,2.0,,0.4475887958417557,0.012590239676581,0.28891134854172684,0.03459428241409183,0.21631533352584464
2025-03-18,24056,34172.0,14765.0,65001331.02952058,485.0,26162440.256919086,10411.0,173647849.44936466,1355.0,33352372.083380118,7156.0,57284033.987732165,14076.0,5346.0,334.0,1045.0,4076.0,3.0,50.0,4.0,99.0,10.0,5.0,1.0,,73.0,689.0,2.0,31.0,5.0,,6.0,336.0,20.0,74.0,62.0,,13.0,16.0,85.0,,255.0,9.0,56.0,103.0,78.0,51.0,3.0,,0.43207889500175584,0.0141929064731359,0.3046646377150884,0.03965234695071989,0.2094112138593
2025-03-19,28678,42607.0,17756.0,148684916.83909118,419.0,20154985.08816643,13292.0,320088317.2576178,1726.0,62882970.53678931,9414.0,184302810.96961924,16775.0,6839.0,598.0,1520.0,5177.0,4.0,60.0,2.0,48.0,13.0,4.0,,2.0,112.0,981.0,2.0,24.0,12.0,,6.0,316.0,43.0,22.0,18.0,8.0,8.0,19.0,41.0,,141.0,10.0,48.0,164.0,72.0,95.0,9.0,,0.4167390334921492,0.009834064825028752,0.3119675170746591,0.040509775389020584,0.2209496092191424
2025-03-20,26665,37906.0,16731.0,103423566.51509409,266.0,9358429.787049897,11293.0,325256958.5655296,1567.0,60394723.14601829,8049.0,94925251.40789643,15937.0,5658.0,461.0,1400.0,4414.0,4.0,32.0,7.0,38.0,6.0,5.0,1.0,2.0,152.0,794.0,1.0,19.0,8.0,,5.0,183.0,64.0,11.0,18.0,2.0,7.0,10.0,37.0,,218.0,27.0,45.0,129.0,79.0,80.0,3.0,,0.4413813116656994,0.0070173587294887355,0.2979211734290086,0.04133910198913101,0.2123410541866723
2025-03-21,24101,35186.0,14912.0,83797816.44485289,387.0,11486598.509194994,10460.0,301315629.0215026,1287.0,33066541.968731493,8140.0,91883477.61472659,14140.0,5473.0,412.0,1140.0,3905.0,2.0,32.0,6.0,28.0,10.0,,1.0,5.0,70.0,772.0,3.0,32.0,7.0,,11.0,308.0,18.0,21.0,37.0,6.0,4.0,,42.0,,204.0,24.0,29.0,183.0,65.0,55.0,1.0,,0.4238049224123231,0.010998692661854147,0.29727732620928776,0.03657704768942193,0.23134201102711305
2025-03-22,22508,31019.0,14947.0,52358782.96661284,477.0,9024987.229166681,7686.0,111308689.66012168,806.0,9997777.000573482,7103.0,46567389.77029784,14378.0,4022.0,299.0,752.0,3076.0,,18.0,2.0,12.0,10.0,,,,42.0,569.0,5.0,17.0,7.0,,4.0,338.0,7.0,8.0,71.0,3.0,6.0,12.0,14.0,,89.0,7.0,42.0,59.0,21.0,20.0,6.0,,0.48186595312550373,0.015377671749572842,0.24778361649311711,0.025984074277056,0.2289886843547503
2025-03-23,22432,30844.0,14524.0,61543429.55700555,329.0,11567239.307625761,8206.0,106872568.75599383,1075.0,16912237.880743444,6710.0,45616589.910103776,13973.0,4107.0,338.0,957.0,3420.0,2.0,26.0,3.0,20.0,7.0,1.0,,2.0,54.0,551.0,,17.0,3.0,,3.0,236.0,15.0,8.0,25.0,1.0,,8.0,31.0,,106.0,10.0,59.0,57.0,35.0,59.0,,,0.4708857476332512,0.010666580210089482,0.2660485021398003,0.034852807677344055,0.21754636233951496
2025-03-24,27946,41117.0,18156.0,134375541.20806298,324.0,8827773.08674117,11911.0,311838205.71081054,1683.0,51735231.2991187,9043.0,106869955.81959808,17277.0,5820.0,627.0,1533.0,4812.0,,57.0,5.0,32.0,5.0,7.0,,3.0,96.0,879.0,7.0,19.0,11.0,2.0,8.0,249.0,38.0,30.0,16.0,2.0,1.0,15.0,26.0,,112.0,26.0,34.0,194.0,67.0,62.0,2.0,,0.44156918063088263,0.007879952331152565,0.28968553153196974,0.040931974609042486,0.2199333608969526
2025-03-25,28093,39625.0,17666.0,112429030.39682688,228.0,6801996.868967947,11461.0,288089686.65247214,1675.0,41187003.32180893,8595.0,87379633.70042402,16662.0,5855.0,443.0,1539.0,4665.0,2.0,38.0,,27.0,5.0,8.0,,1.0,85.0,1004.0,2.0,20.0,2.0,,4.0,154.0,24.0,14.0,15.0,7.0,1.0,10.0,35.0,,95.0,31.0,39.0,92.0,85.0,60.0,6.0,,0.4458296529968454,0.005753943217665615,0.28923659305993693,0.04227129337539432,0.21690851735015773
2025-03-26,29436,42870.0,18474.0,112271027.46845831,361.0,11788538.860849084,12203.0,323863574.3565038,1645.0,41406477.26834386,10187.0,130863081.42706259,17339.0,6443.0,456.0,1527.0,4538.0,2.0,45.0,3.0,32.0,9.0,5.0,,1.0,93.0,1135.0,,25.0,6.0,1.0,4.0,251.0,163.0,16.0,24.0,2.0,4.0,28.0,23.0,,173.0,32.0,52.0,128.0,71.0,47.0,5.0,,0.4309307207837649,0.008420807091205972,0.28465127128528106,0.038371821786797294,0.23762537905295078
2025-03-27,26635,37820.0,16116.0,130633008.96884833,308.0,14675455.054430021,11512.0,563592713.6819813,1557.0,46535997.43188253,8327.0,169499634.09883687,15515.0,5969.0,372.0,1420.0,4261.0,1.0,35.0,,44.0,13.0,5.0,,,104.0,601.0,1.0,30.0,5.0,,4.0,200.0,26.0,12.0,37.0,2.0,2.0,17.0,12.0,,197.0,16.0,49.0,258.0,186.0,69.0,30.0,,0.4261237440507668,0.00814383923849815,0.3043892120571126,0.04116869381279746,0.22017451084082496
2025-03-28,29787,45574.0,18071.0,159021201.86324388,393.0,20042844.70186837,14239.0,483769490.470988,2117.0,65933871.671047024,10754.0,204954271.14609727,17347.0,7189.0,601.0,1869.0,5123.0,1.0,66.0,9.0,89.0,16.0,13.0,1.0,1.0,120.0,724.0,5.0,34.0,16.0,2.0,7.0,276.0,279.0,31.0,22.0,1.0,7.0,28.0,54.0,,331.0,27.0,54.0,210.0,174.0,73.0,20.0,,0.39651994558300785,0.008623337868082679,0.3124369157853162,0.04645192434282705,0.23596787642076622
2025-03-29,26933,40897.0,16721.0,103371787.1027008,397.0,13823855.318247594,12388.0,320012860.04458743,1558.0,41579343.34605861,9833.0,94350230.45056851,16043.0,6427.0,467.0,1371.0,4600.0,3.0,61.0,6.0,67.0,13.0,7.0,1.0,2.0,90.0,678.0,1.0,14.0,10.0,2.0,5.0,306.0,24.0,19.0,37.0,2.0,1.0,12.0,41.0,,324.0,53.0,38.0,159.0,88.0,59.0,33.0,,0.40885639533462115,0.009707313494877376,0.3029073037142089,0.038095703841357555,0.24043328361493507
2025-03-30,24758,36191.0,15909.0,88849162.34861246,276.0,14027990.47496104,10722.0,263135710.48892918,1149.0,30521900.642840378,8135.0,118511124.50167876,15477.0,5752.0,496.0,973.0,3739.0,1.0,64.0,5.0,85.0,8.0,5.0,,,84.0,432.0,1.0,37.0,6.0,2.0,2.0,205.0,24.0,41.0,18.0,1.0,6.0,10.0,6.0,,231.0,29.0,35.0,153.0,77.0,44.0,7.0,,0.43958442706750295,0.007626205410184853,0.2962615014782681,0.03174822469674781,0.22477964134729628
2025-03-31,27211,40168.0,17951.0,132144321.08459969,501.0,16449351.309107143,12031.0,350837577.60333776,1542.0,52697277.28149585,8143.0,185243173.51421914,17358.0,5903.0,526.0,1236.0,4740.0,1.0,79.0,2.0,115.0,12.0,2.0,,1.0,88.0,593.0,2.0,25.0,12.0,,3.0,417.0,17.0,66.0,16.0,3.0,2.0,12.0,25.0,,250.0,43.0,49.0,227.0,85.0,100.0,15.0,,0.4468980282812189,0.012472615016928899,0.2995170284803824,0.038388767177853014,0.2027235610436168
2025-04-01,28680,41110.0,19126.0,166383149.8124025,470.0,19693746.049136754,11348.0,291879231.1842844,1551.0,71475278.67547442,8615.0,138773329.1456679,18556.0,5935.0,399.0,1294.0,4364.0,1.0,50.0,5.0,104.0,4.0,11.0,3.0,2.0,77.0,570.0,,23.0,9.0,,2.0,335.0,16.0,32.0,40.0,2.0,3.0,25.0,44.0,,176.0,23.0,65.0,154.0,85.0,74.0,12.0,,0.4652396010702992,0.011432741425443932,0.27603989297008025,0.03772804670396497,0.20955971783021163
2025-04-02,29276,44223.0,18520.0,186942593.3797722,454.0,9419202.425342666,13580.0,466217924.3733094,1972.0,81577294.9790212,9697.0,279409050.4733593,17716.0,6797.0,536.0,1665.0,5231.0,6.0,98.0,10.0,111.0,12.0,4.0,2.0,2.0,105.0,804.0,,27.0,10.0,1.0,14.0,365.0,57.0,62.0,21.0,,6.0,28.0,40.0,,378.0,19.0,34.0,177.0,83.0,92.0,13.0,,0.418786604255704,0.010266151097845013,0.3070800262306944,0.04459218053953825,0.21927503787621827
2025-04-03,28104,41896.0,17937.0,149749438.28395718,445.0,15111826.259506788,12652.0,428691543.8789059,1782.0,66367546.6288819,9080.0,142040615.57241026,17240.0,6256.0,471.0,1417.0,5086.0,25.0,48.0,1.0,167.0,11.0,3.0,,1.0,68.0,697.0,2.0,33.0,13.0,,9.0,343.0,127.0,58.0,37.0,,7.0,21.0,18.0,,215.0,16.0,35.0,203.0,60.0,122.0,6.0,,0.42813156387244605,0.010621539049073897,0.30198586977277064,0.04253389345044873,0.21672713385526066
2025-04-04,27659,42734.0,17385.0,139219020.50116843,464.0,14206164.616256783,12767.0,434130722.1119168,2576.0,75462371.59776053,9542.0,215110461.76776955,16626.0,6208.0,521.0,1847.0,4979.0,4.0,59.0,5.0,399.0,14.0,2.0,1.0,2.0,107.0,759.0,2.0,43.0,8.0,,7.0,378.0,80.0,74.0,36.0,,2.0,21.0,59.0,,441.0,23.0,25.0,168.0,85.0,196.0,11.0,,0.4068189263818037,0.010857864931904338,0.29875508962418684,0.060279870828848225,0.22328824823325688
2025-04-05,21557,30051.0,13894.0,74316740.49974981,246.0,7943228.262681631,7992.0,203812905.20078,1451.0,79105765.2581277,6468.0,48261231.03159762,13491.0,4170.0,333.0,1131.0,2983.0,3.0,41.0,2.0,140.0,7.0,,3.0,,56.0,403.0,3.0,35.0,11.0,1.0,3.0,181.0,34.0,19.0,29.0,,,11.0,41.0,,139.0,6.0,22.0,91.0,64.0,117.0,13.0,,0.4623473428504875,0.00818608365778177,0.265947888589398,0.048284582875777846,0.21523410202655485
2025-04-06,28416,42279.0,18041.0,188977963.01585943,506.0,32530482.547367476,13322.0,567734915.4124966,2439.0,129673626.48407485,7971.0,176936602.3504276,17481.0,6632.0,749.0,1951.0,5152.0,1.0,37.0,14.0,171.0,9.0,3.0,1.0,3.0,98.0,560.0,8.0,23.0,16.0,2.0,7.0,340.0,33.0,36.0,67.0,3.0,12.0,31.0,59.0,,337.0,18.0,45.0,110.0,55.0,221.0,23.0,,0.4267130253790298,0.011968116559048227,0.31509732964355824,0.05768821400695381,0.1885333144114099
2025-04-07,34823,56024.0,21634.0,263193707.03984144,958.0,65526372.41294628,18096.0,701205222.4116926,4171.0,183672445.62032536,11165.0,294132656.8416145,20628.0,9240.0,982.0,3072.0,6578.0,4.0,84.0,9.0,393.0,17.0,11.0,4.0,3.0,148.0,1006.0,8.0,28.0,54.0,2.0,3.0,604.0,99.0,93.0,187.0,1.0,22.0,42.0,80.0,,450.0,18.0,94.0,229.0,116.0,529.0,21.0,,0.38615593317149793,0.017099814365272026,0.3230044266742825,0.07445023561330859,0.19928959017563902
2025-04-08,29909,46724.0,18578.0,158025625.45525664,626.0,58036660.01043656,14020.0,413314222.38032794,2978.0,108656317.47435966,10522.0,170749051.21483472,17790.0,7242.0,747.0,2343.0,4983.0,4.0,96.0,9.0,204.0,13.0,5.0,8.0,1.0,112.0,788.0,11.0,28.0,20.0,4.0,9.0,429.0,75.0,88.0,78.0,,11.0,25.0,47.0,,404.0,29.0,72.0,157.0,58.0,288.0,24.0,,0.39761150586422395,0.013397825528636246,0.3000599263761664,0.0637359815084325,0.22519476072254088
2025-04-09,33264,55076.0,20650.0,226627079.78303283,609.0,19497116.75472258,17203.0,613283569.1387622,4443.0,177947783.31050384,12171.0,290781095.3131708,19730.0,8978.0,1052.0,3296.0,5871.0,6.0,101.0,11.0,384.0,18.0,9.0,6.0,,164.0,920.0,3.0,64.0,35.0,4.0,13.0,391.0,148.0,171.0,120.0,,15.0,36.0,97.0,,305.0,31.0,44.0,297.0,77.0,489.0,19.0,,0.37493645144890697,0.011057447890188104,0.3123502069867093,0.0806703464303871,0.22098554724380856
2025-04-10,40018,55649.0,24861.0,160203094.407495,428.0,24769507.059011545,17306.0,600564675.1722457,2603.0,124142111.92840196,10451.0,200542845.14331573,24003.0,11338.0,853.0,2084.0,4207.0,9.0,102.0,9.0,252.0,14.0,7.0,2.0,1.0,87.0,858.0,8.0,45.0,14.0,2.0,6.0,269.0,138.0,69.0,60.0,3.0,15.0,24.0,70.0,,215.0,15.0,49.0,153.0,74.0,126.0,17.0,,0.4467465722654495,0.0076910636309727035,0.3109849233589103,0.04677532390519147,0.187802116839476
2025-04-11,38022,54179.0,23659.0,132600743.55791199,403.0,23209518.28201044,16572.0,388618581.15343845,2734.0,114435935.25161749,10811.0,125001206.99407114,22809.0,10184.0,555.0,2109.0,4870.0,12.0,56.0,3.0,294.0,5.0,3.0,10.0,,72.0,850.0,5.0,39.0,7.0,3.0,7.0,237.0,315.0,58.0,59.0,3.0,19.0,25.0,112.0,,212.0,23.0,55.0,140.0,57.0,151.0,9.0,,0.43668210930434304,0.007438306354860739,0.3058749700068292,0.050462356263496926,0.1995422580704701
2025-04-12,33010,47835.0,21348.0,103913047.46452342,346.0,27449246.655134644,13866.0,247584761.94417173,2110.0,69393135.16160342,10165.0,109898171.24754888,20561.0,8367.0,502.0,1625.0,4324.0,3.0,47.0,2.0,241.0,5.0,7.0,1.0,2.0,72.0,787.0,1.0,13.0,10.0,1.0,3.0,230.0,46.0,80.0,67.0,,3.0,15.0,59.0,,208.0,19.0,30.0,121.0,62.0,104.0,4.0,48.0,0.4462841015992474,0.007233197449566217,0.2898714330511132,0.04410996132538936,0.2125013065746838
2025-04-13,30321,46816.0,19657.0,113004784.07444742,488.0,17215494.231055617,13249.0,283283725.37689435,2181.0,66448025.0851466,11241.0,140014081.28497398,18785.0,7496.0,603.0,1696.0,4268.0,4.0,56.0,13.0,191.0,9.0,3.0,,1.0,109.0,872.0,2.0,23.0,17.0,1.0,8.0,295.0,65.0,33.0,113.0,,8.0,13.0,114.0,,281.0,16.0,57.0,130.0,36.0,147.0,12.0,98.0,0.41987781954887216,0.010423786739576214,0.28300153793574845,0.046586637047163364,0.24011021872863977
2025-04-14,34195,49363.0,19929.0,131246519.94111575,359.0,20645888.848376807,17247.0,294942887.62503153,2452.0,94338355.55009703,9376.0,154402660.16635954,18890.0,7229.0,576.0,1991.0,8710.0,1.0,72.0,2.0,156.0,8.0,4.0,1.0,1.0,69.0,1039.0,3.0,21.0,11.0,2.0,5.0,229.0,55.0,30.0,73.0,,11.0,5.0,74.0,,172.0,14.0,38.0,132.0,48.0,200.0,9.0,106.0,0.4037234365820554,0.0072726536069525755,0.3493912444543484,0.04967283187812734,0.18993983347851628
2025-04-15,32317,47140.0,19439.0,130120366.51321106,349.0,26063219.207221594,15858.0,275269179.03588057,1824.0,43069559.33670927,9670.0,138684944.60486352,18317.0,7893.0,468.0,1568.0,6890.0,2.0,47.0,5.0,111.0,7.0,2.0,,2.0,48.0,1122.0,1.0,18.0,20.0,1.0,3.0,188.0,28.0,19.0,100.0,,5.0,14.0,55.0,,200.0,13.0,41.0,106.0,35.0,71.0,5.0,65.0,0.41236741620704287,0.007403478998727195,0.3364022061943148,0.03869325413661434,0.20513364446330082
2025-04-16,28550,43967.0,17742.0,111715103.09348004,394.0,15343466.074816193,13195.0,261350981.6073622,2500.0,55757353.61581407,10136.0,139526029.48618907,16742.0,6611.0,587.0,1864.0,5016.0,3.0,67.0,7.0,332.0,8.0,5.0,1.0,2.0,101.0,1000.0,1.0,42.0,47.0,1.0,5.0,280.0,74.0,79.0,53.0,,10.0,17.0,81.0,,239.0,19.0,33.0,180.0,61.0,143.0,4.0,116.0,0.40352992016739825,0.008961266404348717,0.30011144722177996,0.05686082743876089,0.23053653876771216
2025-04-17,26393,38274.0,17025.0,86052883.81259973,383.0,12062757.731938863,10614.0,255438610.64915064,1929.0,58938264.71067798,8323.0,75204724.97253929,16153.0,5468.0,603.0,1530.0,3672.0,4.0,143.0,4.0,158.0,3.0,2.0,,3.0,144.0,872.0,1.0,10.0,38.0,1.0,3.0,230.0,52.0,27.0,62.0,,6.0,39.0,121.0,,165.0,35.0,45.0,114.0,88.0,93.0,3.0,59.0,0.4448189371374824,0.01000679312326906,0.27731619376077754,0.05039974917698699,0.21745832680148403
2025-04-18,25205,35519.0,16507.0,75053081.62567526,300.0,8993702.744270226,9225.0,187156351.50794995,1716.0,38471720.05760311,7771.0,67560175.09451091,15909.0,5026.0,471.0,1284.0,2941.0,,233.0,,108.0,2.0,,7.0,,69.0,598.0,,11.0,48.0,,3.0,170.0,37.0,11.0,74.0,2.0,2.0,28.0,259.0,,122.0,13.0,24.0,130.0,95.0,47.0,3.0,21.0,0.4647371829161857,0.008446183732650131,0.25972014977899155,0.04831217095075875,0.2187843126214139
2025-04-19,21827,30662.0,14045.0,47842834.36289905,237.0,12321672.326150322,7568.0,138352415.98656997,1372.0,31735866.10057745,7440.0,48805495.847243235,13457.0,4228.0,403.0,1088.0,2533.0,,55.0,,138.0,4.0,3.0,1.0,,48.0,588.0,1.0,5.0,31.0,,1.0,139.0,17.0,15.0,58.0,3.0,3.0,7.0,66.0,,84.0,15.0,26.0,67.0,51.0,64.0,3.0,20.0,0.4580588350401148,0.00772943708825256,0.24682016828647838,0.04474593959950427,0.24264561998564999
2025-04-20,24724,35766.0,15660.0,64332205.17531744,288.0,6629917.200635608,9160.0,133516489.31251468,1258.0,27156531.840430822,9400.0,69198462.98141319,15044.0,4895.0,471.0,1074.0,3234.0,,71.0,3.0,88.0,6.0,5.0,1.0,1.0,81.0,616.0,3.0,6.0,23.0,,4.0,193.0,30.0,17.0,38.0,3.0,13.0,18.0,40.0,,137.0,18.0,20.0,77.0,46.0,38.0,11.0,41.0,0.4378459989934575,0.00805234021137393,0.2561091539450875,0.035173069395515295,0.26281943745456576
2025-04-21,32853,48907.0,21655.0,114737330.97478598,422.0,13604575.479768304,13033.0,279171321.15723723,3040.0,71599864.7861028,10757.0,127210330.13809368,20708.0,7533.0,647.0,2427.0,4050.0,18.0,63.0,4.0,311.0,6.0,6.0,3.0,1.0,65.0,947.0,1.0,26.0,60.0,1.0,2.0,247.0,135.0,86.0,98.0,1.0,3.0,49.0,81.0,1.0,167.0,17.0,22.0,121.0,42.0,132.0,1.0,68.0,0.4427791522685914,0.008628621669699634,0.266485370192406,0.06215879117508741,0.21994806469421554
2025-04-22,33359,49199.0,22365.0,167494622.39958495,429.0,32174733.119490776,13038.0,345991213.8099557,2779.0,97016406.5293309,10588.0,206422667.03484207,21181.0,7231.0,766.0,1993.0,4252.0,5.0,60.0,4.0,418.0,14.0,4.0,3.0,2.0,94.0,1184.0,3.0,10.0,50.0,5.0,8.0,263.0,92.0,114.0,99.0,1.0,2.0,21.0,101.0,,132.0,27.0,40.0,146.0,42.0,150.0,4.0,90.0,0.4545824102115897,0.008719689424581801,0.2650053862883392,0.0564848879042257,0.21520762617126366
2025-04-23,35123,51024.0,24569.0,183708625.51074082,457.0,24824141.334093887,12971.0,344724385.5243272,2482.0,92485724.47336835,10545.0,190149764.88335052,23380.0,7152.0,753.0,1845.0,4379.0,3.0,76.0,3.0,372.0,9.0,4.0,3.0,1.0,71.0,1189.0,2.0,17.0,18.0,2.0,11.0,314.0,71.0,79.0,78.0,10.0,2.0,14.0,46.0,,92.0,17.0,37.0,138.0,52.0,137.0,7.0,95.0,0.48151850109752276,0.00895656945751019,0.2542137033552838,0.048643775478206336,0.20666745061147695
2025-04-24,37392,49736.0,22008.0,110108227.36428283,343.0,7398604.449067519,16023.0,244900621.15059134,1679.0,50939262.83447133,9683.0,120924075.16406912,20398.0,11436.0,446.0,1333.0,3528.0,4.0,65.0,5.0,210.0,7.0,4.0,2.0,,61.0,1610.0,3.0,27.0,7.0,1.0,5.0,250.0,39.0,47.0,54.0,4.0,1.0,12.0,34.0,,131.0,22.0,19.0,151.0,30.0,53.0,3.0,51.0,0.44249638089110505,0.0068964130609618784,0.3221610101335049,0.03375824352581631,0.19468795238861186
2025-04-25,41917,56856.0,24490.0,125139270.24247485,309.0,11933102.296641849,18954.0,237118637.89305148,2185.0,49025635.865083404,10918.0,108402466.53479746,23037.0,12772.0,579.0,1770.0,5031.0,7.0,37.0,3.0,173.0,7.0,1.0,2.0,3.0,55.0,1453.0,2.0,13.0,16.0,,4.0,235.0,44.0,62.0,38.0,,1.0,7.0,77.0,,97.0,36.0,26.0,129.0,28.0,101.0,10.0,82.0,0.4307373012522865,0.005434782608695652,0.3333685099197974,0.03843042071197411,0.19202898550724637
2025-04-26,32003,44301.0,21526.0,82435372.4511561,339.0,12210585.43976666,11525.0,245666262.50374985,1389.0,30027034.95262259,9522.0,94675025.13894315,20331.0,6645.0,350.0,1148.0,3999.0,,40.0,2.0,102.0,7.0,,2.0,1.0,85.0,1195.0,1.0,10.0,13.0,1.0,7.0,251.0,15.0,19.0,36.0,,3.0,9.0,57.0,,110.0,27.0,39.0,132.0,27.0,61.0,2.0,52.0,0.485903252748245,0.007652197467325794,0.2601521410351911,0.03135369404753843,0.21493871470169973
2025-04-27,29451,41379.0,19515.0,79365846.52324384,428.0,26989478.72725527,10988.0,188141534.7025133,1312.0,21050979.68514374,9136.0,72540941.88563879,18292.0,5935.0,423.0,1104.0,4146.0,,34.0,3.0,108.0,9.0,5.0,2.0,,89.0,1223.0,2.0,18.0,9.0,,7.0,291.0,13.0,13.0,67.0,1.0,3.0,16.0,30.0,,109.0,25.0,48.0,88.0,23.0,55.0,3.0,49.0,0.4716160371202784,0.01034341090891515,0.26554532492327027,0.03170690446845018,0.220788322579086
2025-04-28,32203,47343.0,21247.0,107907502.42458515,393.0,11624427.280485155,12853.0,292102328.69955754,2184.0,49220474.86759619,10666.0,157989669.75746506,20002.0,6917.0,571.0,1686.0,4492.0,1.0,90.0,8.0,226.0,8.0,7.0,3.0,,116.0,1245.0,,22.0,10.0,1.0,3.0,314.0,66.0,80.0,41.0,,,13.0,67.0,,184.0,34.0,25.0,154.0,71.0,122.0,3.0,95.0,0.44878862767462985,0.008301121601926368,0.27148680903195826,0.046131423864140424,0.22529201782734512
2025-04-29,33593,49537.0,22552.0,111176400.71429735,279.0,10526319.401913635,12374.0,262562857.78340417,2402.0,35866075.48318245,11930.0,107402460.15448876,21132.0,6990.0,460.0,2096.0,4353.0,,29.0,6.0,140.0,2.0,3.0,1.0,3.0,76.0,1420.0,3.0,16.0,7.0,1.0,3.0,187.0,67.0,25.0,34.0,2.0,2.0,18.0,43.0,,120.0,29.0,33.0,102.0,34.0,97.0,8.0,65.0,0.45525566748087287,0.005632153743666351,0.24979308395744595,0.04848900821608091,0.24083008660193392
2025-04-30,30728,44812.0,20186.0,107820561.15294088,292.0,10124645.329840593,12288.0,337623601.85410583,2025.0,46854991.29270355,10021.0,112308418.40748379,18964.0,6828.0,507.0,1617.0,4191.0,5.0,49.0,2.0,156.0,7.0,13.0,3.0,2.0,82.0,1222.0,3.0,19.0,5.0,4.0,4.0,240.0,76.0,50.0,23.0,1.0,1.0,6.0,90.0,,142.0,31.0,18.0,201.0,49.0,109.0,5.0,66.0,0.4504596982950995,0.006516111755779702,0.27421226457198966,0.045188788717307866,0.22362313665982325
2025-05-01,33519,47885.0,22192.0,112253147.34191027,254.0,20314081.96947182,12022.0,362297232.7259585,1810.0,47373073.511092275,11607.0,86559637.18135361,20837.0,6547.0,443.0,1400.0,4357.0,1.0,47.0,2.0,210.0,8.0,5.0,2.0,4.0,72.0,1355.0,1.0,16.0,3.0,1.0,1.0,188.0,29.0,61.0,24.0,1.0,2.0,18.0,45.0,,180.0,39.0,20.0,123.0,85.0,92.0,6.0,53.0,0.4634436671191396,0.00530437506526052,0.25105983084473216,0.03779889318158087,0.24239323378928684
2025-05-02,28420,39882.0,18939.0,96595396.60632136,295.0,19575448.135691103,9947.0,277740051.20144373,1329.0,27117682.87519228,9372.0,73943868.68913622,17876.0,5377.0,366.0,1072.0,3671.0,1.0,22.0,1.0,144.0,1.0,3.0,2.0,,46.0,1063.0,2.0,8.0,4.0,3.0,8.0,214.0,46.0,33.0,20.0,3.0,1.0,13.0,28.0,,140.0,32.0,42.0,109.0,71.0,50.0,4.0,34.0,0.4748758838573793,0.007396820620831453,0.2494107617471541,0.03332330374605085,0.23499323002858433
2025-05-03,25474,35426.0,17480.0,51602763.6354365,373.0,10033160.617639558,8421.0,128041856.42180213,1070.0,15179994.375841891,8082.0,32296776.425834257,16459.0,4706.0,333.0,879.0,2935.0,,32.0,2.0,103.0,6.0,3.0,2.0,,84.0,1021.0,2.0,7.0,3.0,2.0,6.0,299.0,18.0,15.0,34.0,7.0,2.0,5.0,46.0,,121.0,38.0,24.0,53.0,38.0,25.0,6.0,28.0,0.4934229097273189,0.010528990007339242,0.23770676903968838,0.03020380511488737,0.2281375261107661
2025-05-04,25234,34732.0,17427.0,58258714.49690495,310.0,16627316.723102275,8293.0,234922971.97979334,1177.0,34313371.276946485,7525.0,32809637.462888997,16487.0,4378.0,360.0,987.0,3117.0,,16.0,2.0,73.0,2.0,1.0,1.0,,34.0,940.0,2.0,10.0,2.0,,1.0,255.0,19.0,15.0,23.0,,,5.0,54.0,,149.0,39.0,25.0,49.0,82.0,47.0,6.0,26.0,0.5017563054243925,0.008925486582978233,0.2387711620407693,0.03388805712311413,0.21665898882874582
2025-05-05,28324,41333.0,19176.0,100328788.40138517,468.0,11532715.360681036,10196.0,438682972.37653995,1944.0,54795003.98654267,9549.0,123721965.92802556,18190.0,5386.0,385.0,1542.0,3732.0,,33.0,6.0,173.0,7.0,6.0,3.0,,81.0,986.0,2.0,14.0,4.0,1.0,4.0,391.0,21.0,56.0,28.0,,4.0,8.0,64.0,1.0,168.0,50.0,34.0,141.0,82.0,106.0,6.0,69.0,0.4639392253163332,0.011322671957031911,0.2466794087049089,0.04703263735997871,0.23102605666174728
2025-05-06,28696,41757.0,19893.0,107570695.31374496,474.0,9924292.699610503,9653.0,258092675.8212364,2028.0,68166726.80414028,9709.0,149848365.34178004,18782.0,4996.0,477.0,1574.0,3576.0,9.0,35.0,2.0,233.0,7.0,4.0,2.0,,94.0,1111.0,,11.0,13.0,1.0,6.0,394.0,38.0,94.0,19.0,1.0,4.0,24.0,48.0,,162.0,12.0,32.0,101.0,32.0,77.0,6.0,71.0,0.4763991666067965,0.011351390186076586,0.23117082165864405,0.04856670737840362,0.23251191417007927
2025-05-07,32008,47268.0,22903.0,93858127.1467561,417.0,6074831.086075766,10416.0,242939495.63736996,1842.0,46409587.06301207,11690.0,120604924.96402168,21790.0,5356.0,554.0,1495.0,3926.0,4.0,22.0,2.0,123.0,7.0,3.0,2.0,,60.0,1113.0,5.0,11.0,4.0,,1.0,314.0,32.0,30.0,53.0,,1.0,10.0,59.0,,147.0,32.0,34.0,116.0,32.0,133.0,21.0,86.0,0.4845349919607345,0.008822036049758822,0.22036049758822035,0.03896928154353897,0.2473131928577473
2025-05-08,36379,55333.0,25254.0,262567236.44392255,383.0,36884224.465803534,15315.0,516236430.55996186,2107.0,157640680.65706855,12274.0,286806275.04998225,23801.0,7569.0,698.0,1634.0,4214.0,5.0,40.0,6.0,153.0,12.0,8.0,1.0,3.0,80.0,1453.0,3.0,14.0,10.0,3.0,5.0,317.0,56.0,69.0,24.0,2.0,,14.0,52.0,,84.0,30.0,23.0,161.0,38.0,198.0,21.0,2258.0,0.4564003397610829,0.006921728444147254,0.2767787757757577,0.03807854264182314,0.22182061337718903
2025-05-09,35733,51061.0,25158.0,264939064.5325703,466.0,131802257.43974246,12380.0,583244183.6607656,2440.0,114631883.39726172,10617.0,290819274.6813572,23823.0,5984.0,843.0,2039.0,4742.0,3.0,59.0,6.0,106.0,7.0,2.0,1.0,3.0,72.0,1335.0,3.0,10.0,9.0,2.0,4.0,293.0,23.0,30.0,47.0,6.0,4.0,20.0,69.0,,107.0,22.0,93.0,183.0,45.0,195.0,6.0,248.0,0.4927048040578915,0.009126339084624274,0.24245510272027576,0.04778598147313997,0.20792777266406848
2025-05-10,43003,56543.0,32212.0,207552244.70535758,399.0,49901618.9595761,9666.0,299439670.7275362,2255.0,98733639.14565688,12011.0,286458260.5592904,30938.0,4960.0,560.0,1912.0,3635.0,3.0,44.0,3.0,73.0,4.0,3.0,1.0,,71.0,1274.0,4.0,11.0,8.0,1.0,3.0,267.0,11.0,28.0,54.0,4.0,1.0,14.0,54.0,,67.0,13.0,55.0,142.0,35.0,187.0,12.0,80.0,0.5696903241780592,0.00705657641087314,0.17094954282581398,0.03988115239729056,0.21242240418796315
2025-05-11,46014,58955.0,33763.0,187612512.49141195,295.0,38613357.18321209,10941.0,406636424.97521305,1998.0,69414763.46725853,11958.0,293869246.36316395,32569.0,5600.0,384.0,1746.0,3539.0,2.0,27.0,5.0,75.0,3.0,3.0,1.0,,46.0,1194.0,2.0,5.0,4.0,,,196.0,5.0,20.0,51.0,2.0,2.0,10.0,65.0,,80.0,23.0,32.0,141.0,23.0,91.0,7.0,1044.0,0.572691035535578,0.0050038164701891276,0.18558222372996352,0.03389025527945043,0.20283266898481894
2025-05-12,40760,52230.0,29772.0,185810591.5170099,334.0,16490442.438372632,9925.0,494192602.86896855,2045.0,84816083.68674356,10154.0,215020230.1888125,28670.0,4876.0,521.0,1788.0,3873.0,2.0,30.0,1.0,96.0,,2.0,2.0,1.0,55.0,1102.0,1.0,13.0,7.0,,1.0,256.0,24.0,35.0,23.0,1.0,1.0,14.0,38.0,,84.0,16.0,38.0,156.0,33.0,86.0,5.0,225.0,0.5700172314761631,0.0063947922649818115,0.1900248899100134,0.039153743059544326,0.19440934328929735
2025-05-13,40112,52803.0,30125.0,173940812.57755074,347.0,87996523.73760661,9594.0,394930258.63702494,1990.0,116632568.83605354,10747.0,121727129.5341294,28817.0,4866.0,503.0,1752.0,3709.0,2.0,33.0,2.0,79.0,6.0,6.0,2.0,1.0,58.0,1308.0,2.0,12.0,9.0,1.0,8.0,244.0,26.0,21.0,25.0,2.0,4.0,15.0,42.0,,80.0,20.0,55.0,153.0,15.0,94.0,22.0,62.0,0.5705168266954529,0.006571596310815673,0.18169422191920914,0.03768725261822245,0.20353010245629982
2025-05-14,37148,49345.0,27041.0,186318770.0725571,346.0,19034281.769758508,10015.0,510358769.0524628,1985.0,92749005.38886979,9958.0,159361591.68960565,25806.0,5059.0,538.0,1748.0,3898.0,5.0,30.0,2.0,77.0,6.0,11.0,,,81.0,1235.0,4.0,11.0,11.0,1.0,7.0,268.0,42.0,23.0,27.0,,2.0,13.0,72.0,,92.0,9.0,32.0,161.0,21.0,65.0,10.0,20.0,0.5479987840713345,0.007011855304488803,0.20295875975276118,0.04022697335089675,0.2018036275205188
2025-05-15,36174,48770.0,26580.0,157367661.12698075,367.0,36934243.59847383,9974.0,324249021.1442211,2490.0,78964846.30332911,9359.0,108906124.85415474,25139.0,4741.0,587.0,2215.0,4136.0,,34.0,6.0,116.0,5.0,14.0,2.0,,77.0,1441.0,1.0,19.0,7.0,,4.0,293.0,19.0,34.0,37.0,1.0,2.0,8.0,54.0,,113.0,21.0,25.0,127.0,20.0,69.0,14.0,30.0,0.5450071765429567,0.007525117900348575,0.20451096985851958,0.05105597703506254,0.19190075866311257
2025-05-16,36138,47390.0,27131.0,172312926.9931778,378.0,28802559.840717055,8944.0,422766830.7318035,2217.0,68950147.25940655,8720.0,139351901.83417958,25787.0,4262.0,435.0,1959.0,3747.0,,33.0,1.0,107.0,4.0,11.0,,4.0,66.0,1344.0,4.0,23.0,4.0,2.0,10.0,314.0,17.0,44.0,20.0,3.0,3.0,6.0,48.0,,99.0,12.0,28.0,141.0,28.0,59.0,17.0,28.0,0.5725047478370965,0.007976366322008863,0.18873179995779701,0.04678202152352817,0.18400506435956954
2025-05-17,31729,43151.0,23182.0,77418242.88537551,267.0,7641861.142304377,8854.0,190972274.4338001,2003.0,23342964.39363714,8845.0,56174636.41927563,21922.0,4434.0,475.0,1863.0,3539.0,1.0,39.0,2.0,61.0,6.0,2.0,2.0,2.0,75.0,1260.0,,7.0,15.0,2.0,4.0,210.0,55.0,8.0,24.0,2.0,,12.0,32.0,,47.0,9.0,19.0,100.0,23.0,37.0,11.0,6.0,0.5372297281638896,0.006187573868508262,0.205186438321244,0.046418391230794186,0.20497786841556395
2025-05-18,32801,49259.0,23739.0,125437534.81994806,410.0,13165876.60666757,10303.0,255744849.91425505,2363.0,64764896.457399525,12444.0,230641334.41982204,22427.0,4896.0,651.0,1988.0,3928.0,3.0,85.0,13.0,150.0,13.0,9.0,3.0,1.0,246.0,1312.0,1.0,19.0,15.0,1.0,10.0,314.0,38.0,52.0,44.0,2.0,10.0,22.0,70.0,,114.0,20.0,17.0,169.0,35.0,100.0,17.0,20.0,0.4819220853042084,0.008323352077792891,0.20915974745731744,0.047970929170303905,0.2526238859903774
2025-05-19,33689,47810.0,24544.0,127448959.66432941,382.0,20654710.990739312,10730.0,389135478.09985757,2584.0,91556107.62774983,9570.0,123432119.8655801,23193.0,5374.0,700.0,2104.0,4105.0,7.0,62.0,8.0,187.0,9.0,4.0,1.0,,89.0,1351.0,,13.0,13.0,1.0,7.0,326.0,45.0,60.0,22.0,1.0,1.0,9.0,94.0,,106.0,17.0,23.0,131.0,19.0,138.0,6.0,14.0,0.5133654047270445,0.007989960259359967,0.22443003555741475,0.05404727044551349,0.20016732901066722
2025-05-20,32367,44576.0,23633.0,139410963.33777475,399.0,23288644.39557294,10103.0,422436123.3600154,1997.0,81303696.68610635,8444.0,141442597.50069585,22540.0,5044.0,484.0,1596.0,3949.0,2.0,52.0,7.0,167.0,6.0,1.0,2.0,,122.0,1093.0,,8.0,7.0,3.0,5.0,321.0,29.0,63.0,33.0,,1.0,18.0,62.0,,114.0,16.0,26.0,173.0,51.0,107.0,7.0,23.0,0.5301731873653984,0.008951005025125629,0.22664662598707824,0.04479989231873654,0.18942928930366115
2025-05-21,34387,47510.0,24963.0,184197518.21428585,268.0,18681904.553008374,10877.0,367897683.6914032,2395.0,167364521.1071178,9007.0,232035288.65961727,23733.0,5286.0,568.0,1991.0,4346.0,7.0,50.0,2.0,135.0,6.0,7.0,1.0,1.0,83.0,1230.0,1.0,16.0,7.0,1.0,3.0,206.0,36.0,56.0,26.0,5.0,1.0,10.0,52.0,,100.0,17.0,19.0,121.0,27.0,160.0,7.0,186.0,0.5254262260576721,0.005640917701536519,0.22894127552094296,0.050410439907387916,0.18958114081246052
2025-05-22,39006,50680.0,28162.0,190095232.84396702,263.0,23091411.330266643,11633.0,486519797.1518929,1893.0,106443058.75005513,8729.0,122274800.01989357,26964.0,5770.0,504.0,1494.0,3981.0,2.0,29.0,3.0,210.0,4.0,3.0,,1.0,46.0,1198.0,1.0,7.0,4.0,,4.0,176.0,32.0,42.0,34.0,,3.0,12.0,52.0,,61.0,10.0,37.0,94.0,20.0,95.0,16.0,1042.0,0.5556827150749802,0.005189423835832676,0.22953827940015786,0.03735201262825572,0.17223756906077348
2025-05-23,36618,49654.0,25265.0,272583269.35845226,327.0,35333770.484767884,13157.0,761244090.3971119,1969.0,96593135.10495968,8936.0,224499200.5542529,23843.0,6212.0,613.0,1609.0,4790.0,3.0,41.0,2.0,192.0,11.0,3.0,1.0,2.0,87.0,1422.0,2.0,16.0,4.0,3.0,4.0,267.0,22.0,31.0,19.0,3.0,,16.0,50.0,,102.0,23.0,20.0,209.0,84.0,86.0,12.0,914.0,0.5088210416079268,0.0065855721593426515,0.2649736174326338,0.03965440850686752,0.17996536029322915
2025-05-24,32941,42882.0,23103.0,110601357.53777687,348.0,15788515.07980041,10066.0,249453124.97450912,1537.0,43618062.06959063,7828.0,108995668.63393587,22077.0,4744.0,337.0,1208.0,4107.0,1.0,14.0,2.0,161.0,11.0,5.0,2.0,,73.0,1026.0,1.0,7.0,6.0,,2.0,280.0,38.0,17.0,30.0,1.0,1.0,6.0,44.0,,80.0,6.0,29.0,44.0,44.0,105.0,10.0,535.0,0.53875752063803,0.008115293129984609,0.2347371857655893,0.03584254465743202,0.18254745580896414
2025-05-25,37124,49605.0,26665.0,95694789.27172682,320.0,7450678.7294670325,10910.0,178123754.5363602,1563.0,28538887.694917195,10147.0,92631846.16517904,25559.0,5058.0,465.0,1243.0,4338.0,4.0,36.0,8.0,165.0,5.0,6.0,,,61.0,1106.0,,12.0,4.0,1.0,7.0,240.0,43.0,34.0,36.0,2.0,2.0,15.0,24.0,,89.0,29.0,25.0,60.0,34.0,97.0,13.0,637.0,0.5375466182844472,0.0064509626045761515,0.21993750629976816,0.03150892047172664,0.2045559923394819
2025-05-26,35354,45034.0,26326.0,100042838.62953538,263.0,7599452.6566373315,9281.0,254002398.6577044,1181.0,30210113.06363427,7983.0,66636968.259934716,25206.0,4250.0,409.0,888.0,3628.0,3.0,19.0,1.0,166.0,8.0,3.0,,1.0,78.0,1120.0,1.0,13.0,2.0,1.0,1.0,220.0,39.0,60.0,11.0,2.0,,6.0,15.0,,72.0,16.0,23.0,68.0,60.0,52.0,6.0,603.0,0.5845805391481992,0.005840031975840476,0.20608873295732114,0.026224630279344494,0.17726606563929476
2025-05-27,38210,47610.0,24987.0,151503682.36955473,191.0,25459585.55923748,13987.0,418732332.44005996,1673.0,82991517.78397769,6772.0,128567431.39890753,23912.0,7938.0,450.0,1235.0,4775.0,1.0,31.0,5.0,264.0,4.0,1.0,1.0,1.0,51.0,1075.0,6.0,8.0,1.0,,4.0,143.0,16.0,34.0,13.0,1.0,1.0,8.0,43.0,,71.0,17.0,19.0,115.0,61.0,96.0,6.0,431.0,0.5248267170762445,0.004011762234824617,0.2937828187355598,0.035139676538542323,0.14223902541482883
2025-05-28,37619,46698.0,25503.0,130835482.70326497,186.0,24636204.308292307,13108.0,428111004.8379432,1263.0,43976546.61985616,6638.0,88131436.86069402,24365.0,8527.0,430.0,1061.0,3614.0,2.0,8.0,,113.0,4.0,3.0,,,45.0,1138.0,1.0,5.0,1.0,1.0,1.0,141.0,13.0,30.0,11.0,,,6.0,20.0,,23.0,17.0,27.0,93.0,34.0,39.0,5.0,282.0,0.5461261724270847,0.003983039958884749,0.2806972461347381,0.027046126172427083,0.1421474153068654
2025-05-29,38428,48989.0,26692.0,170334926.09401518,306.0,29491370.37321302,13186.0,724747654.2527419,1599.0,60860487.51491155,7206.0,140324150.12585297,25433.0,7976.0,480.0,1317.0,4114.0,,22.0,2.0,133.0,4.0,6.0,1.0,,46.0,1259.0,6.0,8.0,5.0,1.0,1.0,212.0,25.0,40.0,26.0,2.0,4.0,6.0,42.0,,77.0,24.0,50.0,223.0,62.0,66.0,5.0,105.0,0.5448570087162424,0.006246300189838535,0.269162465043173,0.03263998040376411,0.14709424564698198
2025-05-30,35507,47782.0,24759.0,217186150.1109166,272.0,17603607.480104573,12620.0,510540434.4791398,1626.0,68787744.6973912,8505.0,147933826.73612624,23243.0,7921.0,510.0,1341.0,3632.0,,38.0,3.0,125.0,5.0,,,,46.0,1516.0,2.0,5.0,3.0,1.0,3.0,193.0,11.0,46.0,37.0,3.0,1.0,8.0,50.0,,113.0,14.0,28.0,138.0,52.0,64.0,7.0,118.0,0.5181658365074714,0.005692520195889666,0.26411619438282197,0.03402955087689925,0.17799589803691768
2025-05-31,32344,43087.0,22927.0,89353473.10703848,227.0,8694906.194017762,10618.0,425755255.82096845,1142.0,33906565.37639603,8173.0,118171070.47714809,21686.0,6229.0,443.0,948.0,3441.0,,25.0,5.0,59.0,3.0,3.0,,1.0,55.0,1241.0,2.0,5.0,7.0,,5.0,162.0,12.0,9.0,28.0,3.0,2.0,5.0,53.0,,67.0,14.0,25.0,170.0,31.0,73.0,8.0,94.0,0.5321094529672523,0.00526841042541834,0.24643163831318032,0.02650451412258918,0.18968598417155988
2025-06-01,34644,44131.0,23577.0,86629294.3944659,219.0,7594884.056707818,11836.0,280472017.6717832,1205.0,33546440.58660466,7294.0,79957626.93549296,22413.0,7371.0,462.0,966.0,3620.0,1.0,24.0,2.0,145.0,6.0,1.0,,1.0,37.0,1164.0,1.0,10.0,6.0,,1.0,181.0,9.0,25.0,10.0,,,7.0,28.0,,69.0,9.0,20.0,86.0,13.0,41.0,7.0,101.0,0.5342503002424599,0.004962498017266774,0.268201491015386,0.027305068999116267,0.165280641725771
2025-06-02,34847,43952.0,25693.0,101269130.79088646,195.0,6622914.985098922,10167.0,282831049.7794569,1259.0,29886656.292149205,6638.0,82790479.27811769,24585.0,5962.0,433.0,964.0,3350.0,6.0,16.0,2.0,129.0,2.0,1.0,,,38.0,1108.0,3.0,9.0,5.0,,1.0,151.0,20.0,65.0,18.0,,,12.0,57.0,,60.0,13.0,11.0,67.0,23.0,44.0,20.0,139.0,0.5845695303967965,0.004436658172551875,0.23132053148889697,0.02864488532945031,0.15102839461230433
2025-06-03,34529,43453.0,25842.0,126642862.57891405,223.0,31728619.117736414,9559.0,401007025.1020253,1042.0,47448378.64541802,6787.0,98267048.85521926,24569.0,4896.0,473.0,872.0,3184.0,1.0,21.0,,78.0,4.0,3.0,1.0,,44.0,1273.0,4.0,7.0,3.0,1.0,,152.0,20.0,37.0,35.0,,3.0,10.0,15.0,,45.0,13.0,19.0,102.0,32.0,39.0,18.0,692.0,0.594711527397418,0.005131981681356868,0.21998481117529284,0.02397993234068994,0.15619174740524244
2025-06-04,35191,43938.0,26411.0,104814793.82404713,169.0,13648715.875219379,9502.0,303616469.4933999,1008.0,27902185.00131494,6848.0,71040142.98826241,25079.0,4836.0,745.0,837.0,3175.0,1.0,29.0,,70.0,2.0,5.0,,,46.0,1332.0,1.0,8.0,3.0,1.0,2.0,129.0,5.0,24.0,13.0,,,2.0,44.0,,44.0,21.0,24.0,69.0,36.0,33.0,20.0,454.0,0.6010970003186308,0.0038463289180208477,0.2162592744321544,0.02294141745186399,0.15585597887932998
2025-06-05,31680,41720.0,23475.0,161609975.53514042,225.0,10667244.867569523,9393.0,500629606.739166,1471.0,72656660.46896793,7156.0,159341826.48409992,22172.0,4941.0,606.0,1151.0,3276.0,3.0,19.0,4.0,131.0,1.0,3.0,,3.0,35.0,1303.0,1.0,7.0,4.0,,1.0,157.0,20.0,67.0,20.0,1.0,6.0,13.0,69.0,,92.0,11.0,27.0,104.0,31.0,53.0,18.0,214.0,0.5626797698945349,0.005393096836049856,0.225143815915628,0.035258868648130395,0.17152444870565675
2025-06-06,29533,39780.0,21752.0,146140644.59491202,189.0,12562721.169341205,9185.0,380459706.606268,1515.0,55155658.54907941,7139.0,106338294.42880382,20317.0,4802.0,625.0,1182.0,3261.0,1.0,15.0,4.0,153.0,2.0,3.0,,1.0,37.0,1435.0,,8.0,5.0,1.0,3.0,142.0,20.0,72.0,19.0,,2.0,8.0,53.0,,66.0,14.0,18.0,103.0,36.0,55.0,20.0,158.0,0.5468074409250879,0.004751131221719457,0.23089492207139267,0.03808446455505279,0.1794620412267471
2025-06-07,25545,33410.0,18857.0,63372994.104646236,143.0,5447218.787095973,7287.0,156274722.71770585,854.0,28602220.56400832,6269.0,56865144.309371635,17684.0,4140.0,402.0,744.0,2389.0,2.0,16.0,1.0,52.0,3.0,4.0,,,26.0,1173.0,,8.0,9.0,,5.0,102.0,12.0,13.0,17.0,,,5.0,25.0,,41.0,20.0,19.0,72.0,23.0,20.0,4.0,110.0,0.564411852738701,0.004280155642023347,0.2181083507931757,0.025561209218796767,0.1876384316073032
2025-06-08,28259,37035.0,21077.0,75796690.87660587,289.0,3112379.8896470834,7466.0,194594103.43574068,808.0,20070058.630094368,7395.0,72899231.59308012,19731.0,4225.0,408.0,693.0,2502.0,,15.0,,60.0,2.0,1.0,2.0,,24.0,1346.0,,11.0,1.0,,2.0,254.0,15.0,6.0,7.0,1.0,1.0,2.0,28.0,,50.0,17.0,24.0,62.0,20.0,19.0,15.0,96.0,0.5691103010665587,0.007803429188605373,0.2015930876198191,0.02181719994599703,0.19967598217901986
2025-06-09,31220,40996.0,23132.0,138739533.16293597,189.0,7290457.544399356,9275.0,498669649.99280035,1123.0,48386749.44115862,7277.0,112289799.88211629,21671.0,5131.0,524.0,899.0,3101.0,2.0,30.0,6.0,90.0,4.0,2.0,,2.0,48.0,1461.0,,13.0,8.0,,6.0,150.0,22.0,44.0,10.0,2.0,,11.0,43.0,,55.0,19.0,16.0,147.0,48.0,47.0,18.0,89.0,0.5642501707483657,0.00461020587374378,0.22624158454483365,0.027392916382086057,0.17750512245097083
2025-06-10,34823,47604.0,24921.0,218890282.47372934,298.0,11924187.79248657,11697.0,483632829.71357894,1425.0,63701312.71552513,9263.0,164479670.72469237,23421.0,6074.0,568.0,1176.0,4509.0,3.0,24.0,1.0,84.0,5.0,,,1.0,49.0,1500.0,1.0,24.0,7.0,1.0,1.0,248.0,24.0,36.0,16.0,2.0,,15.0,69.0,,53.0,21.0,16.0,100.0,42.0,60.0,36.0,154.0,0.5235064280312579,0.006259978153096379,0.24571464582808167,0.02993445928913537,0.1945844886984287
2025-06-11,34879,45581.0,25557.0,384524025.5225754,216.0,13702151.661094388,10292.0,626707437.1202905,1212.0,69365515.64295988,8304.0,260100102.44845495,24001.0,5612.0,442.0,1032.0,3822.0,6.0,21.0,,78.0,2.0,3.0,,,49.0,1556.0,,12.0,1.0,,3.0,167.0,21.0,40.0,21.0,1.0,1.0,12.0,30.0,,46.0,16.0,14.0,72.0,33.0,32.0,26.0,105.0,0.5606941488778219,0.004738816612184902,0.2257958359842917,0.026590026546148615,0.18218117197955289
2025-06-12,33215,46148.0,23538.0,232516416.6895867,215.0,6486100.485220987,11551.0,629858689.7565428,1424.0,68735678.84339122,9420.0,162232756.46915206,21396.0,6349.0,560.0,1064.0,4055.0,6.0,24.0,3.0,172.0,2.0,1.0,,1.0,62.0,2142.0,1.0,9.0,9.0,,3.0,181.0,43.0,119.0,12.0,,1.0,9.0,33.0,,125.0,25.0,11.0,114.0,35.0,36.0,27.0,98.0,0.5100546069168761,0.004658923463638728,0.250303371760423,0.030857241917309527,0.20412585594175262
2025-06-13,34270,51028.0,25118.0,261242477.22551733,433.0,15820253.484684844,12238.0,553320520.4900863,2480.0,83870613.65529314,10759.0,225945977.0284271,22968.0,6575.0,801.0,1830.0,4216.0,2.0,36.0,4.0,313.0,6.0,1.0,1.0,1.0,71.0,2150.0,3.0,16.0,9.0,1.0,3.0,372.0,21.0,163.0,18.0,1.0,2.0,17.0,95.0,,143.0,36.0,20.0,104.0,33.0,78.0,59.0,100.0,0.4922395547542526,0.008485537352042017,0.23982911342792193,0.048600768205690995,0.2108450262600925
2025-06-14,28318,38676.0,20476.0,114038953.76550704,290.0,10415626.288660362,9329.0,219654651.50505555,1329.0,36851995.4308273,7252.0,84269789.44242337,19219.0,5072.0,456.0,1028.0,3345.0,1.0,30.0,2.0,179.0,4.0,2.0,,1.0,26.0,1257.0,4.0,12.0,8.0,1.0,5.0,207.0,20.0,52.0,43.0,,,7.0,37.0,,112.0,19.0,29.0,61.0,25.0,33.0,29.0,98.0,0.5294239321543076,0.007498190092046747,0.24120901851277277,0.03436239528389699,0.1875064639569759
2025-06-15,27269,37493.0,19324.0,134843523.08575886,228.0,6797797.374673659,9329.0,222151192.760984,1364.0,21372217.577795412,7248.0,129526158.5664494,18200.0,5145.0,440.0,910.0,3277.0,,32.0,4.0,170.0,3.0,1.0,1.0,,29.0,1124.0,,13.0,4.0,,6.0,170.0,18.0,69.0,30.0,,,5.0,179.0,,96.0,15.0,23.0,80.0,19.0,35.0,21.0,126.0,0.5154028752033712,0.006081135145227109,0.24881977969220923,0.03638012428986744,0.19331608566932493
2025-06-16,33315,46490.0,24646.0,161172362.449869,270.0,10217866.585405657,10692.0,406121175.5479411,1900.0,52136151.456523925,8982.0,165690170.80728218,23095.0,5696.0,541.0,1273.0,3870.0,5.0,43.0,6.0,277.0,7.0,6.0,1.0,,50.0,1551.0,,16.0,4.0,,2.0,212.0,28.0,163.0,14.0,1.0,,14.0,106.0,,92.0,24.0,29.0,105.0,45.0,80.0,49.0,103.0,0.5301355130135513,0.005807700580770058,0.2299849429984943,0.04086900408690041,0.19320283932028393
2025-06-17,35142,50342.0,24052.0,187659263.3080066,323.0,6125745.520280809,14887.0,390207275.5027596,1945.0,68548207.00448285,9135.0,166990543.25134885,21833.0,8782.0,645.0,1452.0,4913.0,2.0,25.0,1.0,201.0,5.0,3.0,,,53.0,2219.0,4.0,18.0,7.0,2.0,5.0,240.0,25.0,125.0,31.0,,,10.0,105.0,,140.0,20.0,38.0,102.0,20.0,62.0,28.0,91.0,0.4777720392515196,0.006416113781732947,0.2957172937110166,0.038635731595884154,0.18145882165984664
2025-06-18,32687,46629.0,23330.0,166918085.28772265,280.0,6244285.035651588,11925.0,297041922.4629119,1644.0,56679016.17533634,9450.0,162451824.85809872,21490.0,6510.0,531.0,1233.0,4260.0,1.0,25.0,4.0,140.0,3.0,2.0,,,57.0,1840.0,4.0,12.0,2.0,1.0,2.0,228.0,28.0,126.0,19.0,1.0,,12.0,67.0,,162.0,19.0,16.0,180.0,29.0,78.0,29.0,68.0,0.5003324111604366,0.0060048467691779794,0.2557421347230264,0.03525702888760213,0.2026635784597568
2025-06-19,32390,43530.0,23435.0,98745924.24343319,231.0,7704323.626604783,10646.0,261565512.50031266,1050.0,16219726.158595178,8168.0,94348213.7802775,21978.0,5799.0,286.0,834.0,4061.0,1.0,19.0,,76.0,2.0,4.0,,,22.0,1457.0,1.0,10.0,6.0,,1.0,176.0,19.0,46.0,21.0,,,9.0,70.0,,97.0,31.0,24.0,141.0,29.0,24.0,39.0,79.0,0.538364346427751,0.005306685044796692,0.24456696531127958,0.024121295658166782,0.18764070755800596
2025-06-20,32619,46193.0,22064.0,147835288.31984028,255.0,5501574.718901556,12790.0,329195661.78443444,1772.0,61518659.313234374,9312.0,147244368.64789096,20356.0,6147.0,540.0,1228.0,5492.0,,20.0,7.0,128.0,12.0,3.0,1.0,2.0,44.0,1708.0,5.0,8.0,11.0,1.0,2.0,208.0,35.0,127.0,26.0,,,10.0,221.0,,111.0,13.0,6.0,106.0,30.0,67.0,115.0,91.0,0.4776481285043188,0.005520316931136753,0.2768817786244669,0.038360790595977745,0.20158898534409975
2025-06-21,33221,47556.0,22800.0,126586533.21002202,259.0,9141474.659823518,13135.0,243963399.0089816,1684.0,63368558.28424391,9678.0,166602764.60144767,21056.0,6361.0,547.0,1289.0,5498.0,,35.0,9.0,104.0,6.0,182.0,,,49.0,1744.0,2.0,22.0,7.0,,5.0,179.0,21.0,66.0,46.0,,5.0,11.0,164.0,,117.0,11.0,16.0,120.0,31.0,61.0,42.0,72.0,0.47943477163764825,0.0054462107830767935,0.27620068971318024,0.035410884010429806,0.2035074438556649
2025-06-22,34585,50552.0,24168.0,226738263.56656188,375.0,8953846.09561184,13976.0,401330434.0774062,2627.0,114183216.46107048,9406.0,224633951.00467297,22018.0,7157.0,701.0,1861.0,5374.0,,51.0,18.0,324.0,3.0,3.0,2.0,3.0,68.0,2150.0,2.0,13.0,14.0,1.0,8.0,301.0,62.0,219.0,43.0,1.0,2.0,11.0,103.0,,140.0,33.0,15.0,134.0,36.0,118.0,40.0,117.0,0.47808197499604366,0.00741810413040038,0.2764677955372686,0.05196629213483146,0.18606583320145592
2025-06-23,31696,45069.0,23328.0,204835943.87395957,350.0,9869598.597798418,10647.0,434137648.88839835,2122.0,82724079.15088265,8622.0,178143312.68072924,21246.0,5568.0,512.0,1509.0,3922.0,,35.0,1.0,209.0,5.0,5.0,1.0,,70.0,2082.0,1.0,11.0,10.0,,1.0,299.0,40.0,205.0,23.0,5.0,,14.0,104.0,,122.0,26.0,8.0,116.0,35.0,94.0,50.0,118.0,0.51760633695001,0.007765870110275356,0.2362377687545763,0.047083361068583726,0.19130666311655461
2025-06-24,27828,36897.0,18904.0,128678229.06330249,195.0,20467632.877887767,10208.0,313216076.10324574,1143.0,39805510.539206035,6447.0,84205962.5919268,17483.0,6007.0,345.0,861.0,3397.0,4.0,40.0,1.0,132.0,8.0,1.0,1.0,1.0,28.0,1421.0,,14.0,1.0,,1.0,141.0,12.0,74.0,36.0,,1.0,3.0,43.0,,39.0,27.0,14.0,100.0,40.0,32.0,24.0,118.0,0.5123451771146705,0.005284982518903976,0.2766620592460092,0.030978128303114073,0.1747296528173022
2025-06-25,24221,30929.0,16353.0,92821968.06238157,148.0,6665363.70767885,8512.0,262678880.25237885,893.0,30565688.552742656,5023.0,55907003.6389781,15187.0,5017.0,273.0,680.0,2956.0,4.0,19.0,1.0,60.0,1.0,3.0,3.0,2.0,27.0,1166.0,1.0,4.0,,,,103.0,19.0,62.0,18.0,2.0,,6.0,54.0,,29.0,12.0,18.0,36.0,16.0,34.0,10.0,83.0,0.5287270846131462,0.004785153092566847,0.27521096705357434,0.028872579132852662,0.16240421610785993
2025-06-26,27656,37548.0,19880.0,123522791.46874739,214.0,7347489.79419332,9255.0,380350809.1484203,1206.0,42956667.144067384,6993.0,154429777.9867084,18478.0,4812.0,407.0,979.0,3324.0,11.0,39.0,3.0,73.0,5.0,4.0,1.0,2.0,98.0,1402.0,1.0,12.0,3.0,2.0,1.0,168.0,38.0,61.0,12.0,,,13.0,61.0,,130.0,21.0,20.0,83.0,68.0,31.0,60.0,132.0,0.5294556301267711,0.005699371471183551,0.24648449984020454,0.03211888782358581,0.18624161073825504
2025-06-27,28707,39446.0,19873.0,83059395.29392368,310.0,9207940.486516576,10139.0,254244325.22410634,1364.0,26057041.22304252,7760.0,106802787.5435138,18497.0,5331.0,367.0,1123.0,3597.0,,22.0,2.0,99.0,5.0,3.0,1.0,1.0,37.0,1376.0,,7.0,8.0,,,240.0,33.0,38.0,30.0,,1.0,7.0,60.0,,88.0,20.0,32.0,78.0,36.0,43.0,32.0,472.0,0.5038026669370785,0.007858845003295645,0.25703493383359527,0.03457891801450084,0.1967246362115297
2025-06-28,26113,34806.0,18338.0,44228115.594475746,168.0,7016369.919485142,8037.0,118524006.52921043,919.0,10587331.902589215,7344.0,88529416.16487947,17268.0,4385.0,282.0,822.0,2953.0,1.0,16.0,,45.0,3.0,,3.0,1.0,24.0,1070.0,,25.0,2.0,,3.0,119.0,17.0,12.0,26.0,,,4.0,21.0,,71.0,9.0,19.0,52.0,28.0,16.0,44.0,121.0,0.5268631845084181,0.004826754007929667,0.23090846405792104,0.026403493650520027,0.21099810377521117
2025-06-29,27747,39336.0,19455.0,87068954.56042784,348.0,15290246.187204901,9187.0,232941375.48887986,1167.0,25843410.617573116,9179.0,138147023.40225768,17933.0,4923.0,384.0,968.0,3288.0,2.0,41.0,1.0,72.0,5.0,4.0,1.0,,42.0,1522.0,2.0,6.0,6.0,,1.0,267.0,70.0,29.0,28.0,2.0,1.0,7.0,41.0,,85.0,16.0,41.0,107.0,45.0,56.0,48.0,113.0,0.4945851128737035,0.008846857840146431,0.23355196257880823,0.029667480170835876,0.233348586536506
2025-06-30,27233,36947.0,19967.0,95418433.47115964,249.0,7830513.330899831,8394.0,270512953.06492305,1279.0,35209612.526127376,7058.0,75967522.2123379,18493.0,4506.0,361.0,1045.0,3101.0,2.0,25.0,3.0,75.0,7.0,2.0,2.0,,42.0,1474.0,,7.0,1.0,1.0,3.0,205.0,34.0,59.0,20.0,,,2.0,49.0,,63.0,23.0,22.0,74.0,28.0,49.0,36.0,75.0,0.5404227677483964,0.006739383441145425,0.22719029961837225,0.034617154302108426,0.19103039488997753
2025-07-01,28174,38122.0,20400.0,98131888.96506797,228.0,13901585.428263837,8550.0,243429946.66259518,1466.0,41433632.33481728,7478.0,64334458.65748382,19069.0,4674.0,322.0,1190.0,2905.0,5.0,19.0,2.0,95.0,9.0,3.0,3.0,,42.0,1331.0,3.0,18.0,6.0,,2.0,172.0,113.0,64.0,24.0,3.0,,9.0,61.0,,68.0,18.0,17.0,95.0,29.0,53.0,28.0,192.0,0.5351240753370757,0.005980798489061434,0.22427994333980378,0.03845548502177221,0.19615969781228687
2025-07-02,30028,41773.0,21232.0,130661197.03614508,228.0,7857921.9185087,9693.0,417677693.2058499,1546.0,43626822.06751583,9074.0,152899289.73232147,19704.0,5169.0,401.0,1187.0,3549.0,3.0,39.0,8.0,96.0,9.0,6.0,1.0,1.0,52.0,1528.0,1.0,17.0,7.0,,5.0,188.0,34.0,125.0,12.0,2.0,1.0,13.0,65.0,,69.0,22.0,11.0,111.0,59.0,72.0,34.0,98.0,0.5082708926818759,0.0054580710028008525,0.2320398343427573,0.0370095516242549,0.21722165034831112
2025-07-03,28078,38155.0,20247.0,131643178.92032872,184.0,9145001.488381023,8801.0,337471816.06507456,1231.0,69163775.63890874,7692.0,110673902.42934512,18735.0,4801.0,377.0,1036.0,3252.0,,14.0,,79.0,6.0,4.0,1.0,,31.0,1512.0,1.0,8.0,4.0,1.0,2.0,148.0,26.0,44.0,9.0,4.0,2.0,6.0,27.0,,38.0,13.0,14.0,80.0,23.0,44.0,38.0,83.0,0.530651290787577,0.00482243480539903,0.23066439522998297,0.03226313720351199,0.20159874197352903
2025-07-04,28196,38068.0,19907.0,103046728.38420264,203.0,4965727.806164617,8694.0,237605991.83635408,1310.0,37763488.491225205,7954.0,69342966.15959506,18648.0,4680.0,408.0,1072.0,3143.0,4.0,22.0,3.0,88.0,13.0,5.0,4.0,1.0,36.0,1259.0,2.0,18.0,4.0,2.0,7.0,166.0,34.0,51.0,10.0,1.0,3.0,12.0,46.0,,70.0,19.0,9.0,101.0,20.0,49.0,30.0,74.0,0.5229326468424924,0.005332562782389408,0.22838079226647054,0.034412104654828204,0.20894189345381947
2025-07-05,26925,36813.0,19097.0,50359521.0013784,327.0,5637754.367647034,7819.0,119458687.65327442,864.0,15867766.64637817,8706.0,37598312.51143879,17940.0,4127.0,355.0,690.0,2794.0,,11.0,1.0,47.0,12.0,4.0,2.0,,16.0,1157.0,4.0,7.0,2.0,,2.0,283.0,110.0,14.0,15.0,3.0,,3.0,74.0,,105.0,14.0,19.0,47.0,11.0,37.0,27.0,174.0,0.5187569608562193,0.008882731643712819,0.21239779425746338,0.023469969847608182,0.23649254339499634
2025-07-06,29353,39581.0,21531.0,72018253.94067061,291.0,7314374.599629178,7875.0,129141150.42826526,949.0,24879905.360658817,8935.0,113711326.35631761,20354.0,4022.0,353.0,754.0,3079.0,3.0,50.0,1.0,84.0,5.0,3.0,2.0,1.0,39.0,1177.0,,6.0,5.0,,1.0,242.0,23.0,32.0,19.0,,3.0,5.0,38.0,1.0,46.0,11.0,21.0,80.0,21.0,39.0,39.0,87.0,0.5439731184154013,0.007352012329147823,0.19895909653621688,0.023976150173062833,0.22573962254617114
2025-07-07,32580,40627.0,24667.0,117303957.93253851,161.0,29932791.092073403,7178.0,231587685.0608035,963.0,37991326.257665396,7658.0,70147508.0722083,23659.0,3623.0,311.0,767.0,2899.0,1.0,6.0,2.0,87.0,3.0,2.0,1.0,1.0,8.0,1008.0,1.0,15.0,5.0,,,135.0,23.0,47.0,9.0,1.0,,2.0,30.0,1.0,50.0,31.0,12.0,54.0,18.0,31.0,23.0,103.0,0.6071578014620819,0.003962881827356192,0.17668053265070027,0.023703448445614984,0.1884953356142467
2025-07-08,32060,41373.0,23978.0,98809140.1699985,226.0,18797584.771614585,8308.0,398193211.41529626,1009.0,36823017.67546119,7852.0,89649600.77949709,22720.0,4261.0,303.0,813.0,3095.0,5.0,29.0,2.0,74.0,2.0,2.0,2.0,1.0,28.0,1258.0,4.0,12.0,4.0,,3.0,159.0,40.0,42.0,33.0,,2.0,7.0,39.0,,62.0,23.0,21.0,122.0,34.0,39.0,24.0,256.0,0.5795567157324826,0.005462499697870592,0.20080728977835788,0.024387885819254104,0.1897856089720349
2025-07-09,35726,46432.0,23604.0,178183905.19492492,263.0,23354653.977883823,12929.0,515872593.87168986,1000.0,58475806.91923333,8636.0,174759241.99833196,22215.0,8584.0,322.0,787.0,3430.0,3.0,25.0,6.0,65.0,6.0,4.0,,6.0,50.0,1389.0,3.0,23.0,6.0,1.0,6.0,152.0,23.0,60.0,35.0,16.0,3.0,18.0,40.0,,69.0,19.0,36.0,109.0,72.0,48.0,62.0,103.0,0.5083563059958649,0.005664197105444521,0.27845020675396276,0.021536871123363197,0.18599241902136457
2025-07-10,35064,44181.0,23879.0,193633949.6952186,214.0,17987020.30603894,11626.0,586912095.2037953,1308.0,77414854.62175106,7154.0,137039215.49444565,22450.0,7659.0,415.0,1048.0,3138.0,1.0,18.0,1.0,112.0,3.0,3.0,,,31.0,1429.0,1.0,10.0,4.0,1.0,2.0,168.0,12.0,62.0,19.0,4.0,1.0,10.0,39.0,,38.0,17.0,11.0,88.0,45.0,47.0,61.0,79.0,0.5404812023267921,0.004843711097530613,0.26314479074715375,0.029605486521355334,0.16192480930716824
2025-07-11,36188,47733.0,26409.0,200016065.4253212,269.0,27777174.16206741,10987.0,776698684.5004541,1179.0,52103648.14626778,8889.0,170090956.59504393,24495.0,5940.0,507.0,991.0,3760.0,2.0,25.0,2.0,79.0,5.0,7.0,3.0,,40.0,1914.0,2.0,3.0,6.0,,1.0,197.0,28.0,41.0,21.0,8.0,,13.0,17.0,,29.0,18.0,28.0,108.0,36.0,48.0,121.0,349.0,0.5532650367670165,0.0056355142144847385,0.23017618838120377,0.02469989315567846,0.1862233674816165
2025-07-12,32724,44268.0,24181.0,95452458.82241873,205.0,9171647.578150451,9239.0,424813689.1602917,825.0,17321815.217409912,9818.0,79706958.92916824,22514.0,4599.0,477.0,719.0,3590.0,1.0,14.0,5.0,38.0,2.0,7.0,3.0,3.0,28.0,1667.0,1.0,24.0,5.0,,3.0,143.0,16.0,13.0,24.0,12.0,,8.0,37.0,,52.0,26.0,17.0,121.0,70.0,15.0,66.0,130.0,0.5462410770759917,0.00463088461190928,0.20870606307038944,0.01863648685280564,0.22178548838890394
2025-07-13,36567,48574.0,27929.0,106034960.26671807,222.0,31254872.328903634,9280.0,312481630.83876544,1020.0,26487783.182422053,10123.0,87685253.30171311,26270.0,4708.0,326.0,884.0,3600.0,2.0,17.0,2.0,53.0,4.0,17.0,,1.0,39.0,1659.0,,10.0,4.0,,2.0,159.0,20.0,22.0,31.0,2.0,1.0,6.0,39.0,,81.0,18.0,23.0,92.0,52.0,22.0,81.0,204.0,0.5749783834973442,0.0045703462757854,0.19104870918598427,0.020998888294149132,0.20840367274673693
2025-07-14,34454,45783.0,26403.0,205402283.67949474,238.0,25080845.166719276,9195.0,637058370.4207557,1145.0,47260320.75364657,8802.0,150083437.64059302,24728.0,4593.0,418.0,957.0,3408.0,,27.0,,65.0,4.0,5.0,,,74.0,1675.0,3.0,4.0,5.0,,,162.0,11.0,42.0,15.0,16.0,,14.0,35.0,,46.0,36.0,28.0,81.0,23.0,46.0,73.0,387.0,0.5766987746543477,0.005198436100736081,0.20083873927003473,0.025009282921608457,0.19225476705327305
2025-07-15,33473,46185.0,24814.0,212248872.68242058,274.0,32596960.576711524,10269.0,652778771.8002851,1570.0,76132584.05035095,9258.0,163812055.34772745,23118.0,4807.0,556.0,1299.0,4162.0,,38.0,3.0,106.0,8.0,2.0,2.0,1.0,50.0,1696.0,,59.0,8.0,,8.0,210.0,25.0,61.0,20.0,5.0,1.0,10.0,54.0,,90.0,52.0,28.0,124.0,28.0,48.0,72.0,176.0,0.537274006712136,0.005932662119735845,0.22234491718090288,0.03399372090505575,0.20045469308216954
2025-07-16,34456,45930.0,25654.0,229657362.35911128,339.0,21175152.18167767,10010.0,581972714.7300993,1204.0,55342338.37291837,8723.0,120575773.19391206,23876.0,5014.0,455.0,1037.0,3960.0,1.0,35.0,4.0,63.0,6.0,13.0,,1.0,69.0,1778.0,3.0,25.0,2.0,2.0,3.0,255.0,40.0,29.0,30.0,2.0,2.0,18.0,43.0,,52.0,40.0,29.0,86.0,34.0,32.0,35.0,133.0,0.5585456128891791,0.007380796864794252,0.21794034400174178,0.026213803614195515,0.18991944263008925
2025-07-17,33901,44990.0,21918.0,194553679.72796687,292.0,17898214.5762833,13658.0,706085854.5647608,1288.0,55862510.73828082,7834.0,142173255.7666512,20307.0,5366.0,571.0,1020.0,6828.0,1.0,23.0,1.0,128.0,2.0,4.0,1.0,2.0,70.0,1611.0,1.0,12.0,6.0,,1.0,216.0,47.0,39.0,27.0,,2.0,23.0,62.0,,45.0,34.0,23.0,113.0,50.0,38.0,29.0,453.0,0.48717492776172483,0.006490331184707713,0.3035785730162258,0.028628584129806622,0.174127583907535
2025-07-18,34524,46462.0,24229.0,263058544.665787,546.0,74637163.2046097,12324.0,770077392.6895818,1364.0,66130513.94807688,7999.0,167947400.891375,22278.0,5254.0,1001.0,1173.0,5272.0,4.0,23.0,1.0,55.0,2.0,3.0,1.0,1.0,77.0,1951.0,,9.0,4.0,,1.0,309.0,44.0,37.0,139.0,2.0,4.0,18.0,48.0,,55.0,43.0,74.0,212.0,86.0,50.0,47.0,185.0,0.5214799190736515,0.011751538891997761,0.2652490207050923,0.029357324264990745,0.17216219706426758
2025-07-19,30538,40594.0,21377.0,95480453.03378737,519.0,44389615.07656066,10240.0,312093987.01024127,871.0,16334540.982525427,7587.0,95000882.02221367,20097.0,4739.0,481.0,733.0,4259.0,2.0,49.0,1.0,66.0,3.0,7.0,5.0,1.0,167.0,1280.0,5.0,25.0,6.0,3.0,1.0,367.0,13.0,16.0,55.0,2.0,2.0,24.0,34.0,,37.0,66.0,64.0,128.0,69.0,17.0,34.0,149.0,0.5266049169828053,0.012785140661181455,0.252254027688821,0.021456372862984678,0.1868995418042075
2025-07-20,35579,47802.0,25740.0,230357166.5086609,929.0,62488909.64208562,11694.0,661885707.8873576,1302.0,48470259.72109488,8137.0,134645260.88925627,23977.0,5725.0,514.0,1105.0,4663.0,3.0,55.0,5.0,66.0,2.0,2.0,,,94.0,1763.0,5.0,11.0,5.0,2.0,2.0,698.0,23.0,23.0,116.0,5.0,33.0,15.0,80.0,1.0,50.0,51.0,56.0,156.0,61.0,28.0,27.0,243.0,0.5384711936739048,0.01943433329149408,0.24463411572737542,0.027237354085603113,0.17022300322162254
2025-07-21,39108,53613.0,27994.0,220333059.46409306,1030.0,80620047.99104747,13572.0,620393607.3436612,1450.0,45479716.187771246,9567.0,143491336.66830721,25977.0,6355.0,499.0,1155.0,5331.0,3.0,62.0,2.0,103.0,7.0,3.0,2.0,1.0,66.0,2017.0,7.0,17.0,10.0,1.0,2.0,637.0,59.0,59.0,240.0,5.0,7.0,12.0,101.0,,50.0,57.0,122.0,123.0,92.0,30.0,18.0,814.0,0.5221494786712177,0.019211758342193123,0.2531475574953836,0.027045679219592264,0.17844552627161323
2025-07-22,42199,60041.0,27065.0,207039622.01165903,1059.0,68669021.21741864,18298.0,750703403.5050207,2131.0,56283027.26179343,11488.0,205444687.17198834,24954.0,8038.0,621.0,1611.0,8104.0,2.0,49.0,2.0,158.0,4.0,4.0,2.0,4.0,98.0,2111.0,5.0,41.0,4.0,,3.0,700.0,32.0,85.0,185.0,5.0,17.0,24.0,214.0,,109.0,61.0,123.0,227.0,127.0,61.0,52.0,716.0,0.4507753035425792,0.01763794740260822,0.3047584150830266,0.03549241351742976,0.19133592045435618
2025-07-23,41845,59234.0,27799.0,202933549.22635472,881.0,29812237.020056494,17229.0,555196523.1934422,1934.0,52048919.215689465,11391.0,153023651.4246865,25523.0,8274.0,681.0,1574.0,6513.0,2.0,101.0,5.0,115.0,7.0,3.0,,1.0,88.0,2276.0,8.0,17.0,4.0,,4.0,642.0,49.0,34.0,88.0,22.0,6.0,33.0,173.0,,72.0,48.0,82.0,155.0,111.0,38.0,51.0,1043.0,0.46930816760644223,0.014873214707769186,0.29086335550528414,0.032650167133740755,0.19230509504676369
2025-07-24,40034,58892.0,25385.0,202720638.20103776,1370.0,80438011.29399951,17834.0,505893673.4926156,2111.0,54388665.87757399,12192.0,223957044.51759666,23102.0,9092.0,906.0,1612.0,6218.0,,126.0,5.0,158.0,11.0,2.0,,1.0,103.0,2283.0,3.0,18.0,13.0,1.0,5.0,1029.0,30.0,50.0,137.0,4.0,4.0,27.0,241.0,,157.0,66.0,166.0,155.0,151.0,50.0,61.0,713.0,0.4310432656387964,0.02326292195883991,0.3028255111050737,0.035845276098621204,0.20702302519866875
2025-07-25,38673,59676.0,24712.0,177870292.65178755,1185.0,33092035.3302688,17765.0,560543110.3502619,2636.0,69631279.5148412,13378.0,221252122.92579058,22349.0,8444.0,686.0,2027.0,6856.0,,98.0,7.0,183.0,8.0,4.0,1.0,2.0,114.0,2363.0,4.0,33.0,18.0,,6.0,963.0,35.0,80.0,58.0,14.0,10.0,35.0,251.0,,153.0,56.0,101.0,161.0,127.0,94.0,55.0,902.0,0.4141028219049534,0.019857229036798714,0.2976908639989275,0.044171861384811315,0.224177223674509
2025-07-26,35757,49591.0,24086.0,113704733.32621495,714.0,26398092.100291226,13211.0,366191209.5496173,1266.0,21882254.201404452,10314.0,116086323.15455438,22419.0,6156.0,403.0,1062.0,5596.0,1.0,26.0,,55.0,11.0,4.0,,1.0,67.0,1667.0,4.0,17.0,2.0,2.0,3.0,495.0,26.0,13.0,75.0,6.0,4.0,48.0,76.0,,74.0,36.0,82.0,113.0,70.0,60.0,38.0,565.0,0.48569296848218424,0.014397773789598918,0.2663991450061503,0.025528825795003124,0.20798128692706339
2025-07-27,38659,54806.0,26165.0,172270479.03234,941.0,43887202.07232973,15780.0,761089290.9462351,1424.0,24269453.414885513,10496.0,204067870.71474203,23877.0,7422.0,605.0,1128.0,6008.0,1.0,32.0,4.0,98.0,3.0,3.0,2.0,1.0,113.0,2288.0,5.0,31.0,5.0,2.0,7.0,778.0,42.0,37.0,57.0,5.0,8.0,29.0,133.0,,85.0,48.0,59.0,246.0,116.0,26.0,41.0,965.0,0.47741123234682337,0.01716965295770536,0.2879246797795862,0.025982556654380908,0.1915118782615042
2025-07-28,42385,60813.0,29045.0,253502981.22923332,1166.0,82046113.45220505,18184.0,667711361.7608013,1487.0,35367314.61540257,10931.0,160601663.83889684,26399.0,8865.0,643.0,1308.0,6515.0,,42.0,2.0,76.0,4.0,16.0,,4.0,78.0,2646.0,2.0,21.0,7.0,2.0,3.0,854.0,55.0,20.0,100.0,1.0,9.0,30.0,51.0,,114.0,67.0,170.0,127.0,118.0,32.0,55.0,1446.0,0.47761169486787364,0.019173531975071118,0.29901501323730123,0.02445200861657869,0.1797477513031753
2025-07-29,43324,59261.0,25273.0,190315537.99408284,5679.0,80063135.77587198,16539.0,569597239.4707694,1450.0,42350921.15573251,10320.0,167947045.80566025,23205.0,8892.0,507.0,1205.0,5270.0,3.0,45.0,2.0,101.0,3.0,1.0,,1.0,76.0,2068.0,2.0,7.0,9.0,1.0,5.0,5271.0,37.0,53.0,93.0,4.0,6.0,31.0,57.0,,113.0,53.0,272.0,166.0,104.0,34.0,37.0,1207.0,0.42646934746291826,0.0958303099846442,0.27908742680683757,0.024468031251581986,0.174144884494018
2025-07-30,29397,39268.0,18419.0,164225438.41270173,1111.0,46882394.650446855,12097.0,1257491386.7946236,1027.0,52221156.537428044,6614.0,316207778.1554016,16891.0,5963.0,382.0,830.0,4245.0,,21.0,1.0,71.0,3.0,1.0,,,66.0,1528.0,1.0,11.0,2.0,,,964.0,30.0,45.0,59.0,3.0,2.0,20.0,33.0,,61.0,18.0,62.0,257.0,126.0,48.0,69.0,841.0,0.46905877559335846,0.028292757461546296,0.30806254456554955,0.026153611082815525,0.16843231129673017
2025-07-31,29957,40901.0,19093.0,163504933.2366039,997.0,35164916.661968514,12308.0,1231533959.7024305,930.0,27746162.048277773,7573.0,270904839.2674856,17580.0,5950.0,406.0,751.0,4567.0,,56.0,2.0,67.0,5.0,1.0,,1.0,71.0,1513.0,1.0,23.0,6.0,3.0,2.0,882.0,29.0,56.0,68.0,,1.0,10.0,23.0,,84.0,11.0,35.0,219.0,152.0,33.0,34.0,686.0,0.46681010244248305,0.024375932128798808,0.3009217378548202,0.02273783037089558,0.18515439720300236
2025-08-01,39474,59020.0,24842.0,247533574.1372623,1962.0,22371275.551366284,17521.0,860087945.439187,2282.0,80204442.11808172,12413.0,331292506.8935259,22603.0,8529.0,816.0,1783.0,6492.0,39.0,74.0,9.0,209.0,7.0,10.0,2.0,3.0,83.0,2239.0,3.0,20.0,12.0,3.0,5.0,1757.0,148.0,131.0,91.0,2.0,3.0,15.0,80.0,,134.0,50.0,91.0,187.0,170.0,77.0,44.0,686.0,0.4209081667231447,0.03324296848525923,0.2968654693324297,0.038664859369705186,0.2103185360894612
2025-08-02,36278,51538.0,24501.0,156211308.0084592,1074.0,21811055.05196514,14927.0,733478216.41264,1600.0,62300425.70978614,9436.0,163515798.19473764,22648.0,7238.0,668.0,1338.0,5623.0,1.0,77.0,6.0,104.0,3.0,2.0,1.0,1.0,85.0,1853.0,3.0,20.0,5.0,2.0,7.0,929.0,53.0,45.0,63.0,3.0,3.0,10.0,64.0,,101.0,50.0,63.0,199.0,126.0,48.0,38.0,622.0,0.4753967945981606,0.020838992587993325,0.2896309519189724,0.03104505413481315,0.18308820676006055
2025-08-03,35882,49544.0,24379.0,140243972.9449407,924.0,9529250.84527451,13608.0,1609692783.1574824,1095.0,32606121.833588846,9538.0,263098700.55233577,22634.0,5912.0,380.0,876.0,5486.0,2.0,58.0,2.0,83.0,1.0,1.0,,,96.0,1745.0,6.0,21.0,5.0,2.0,6.0,732.0,49.0,55.0,96.0,1.0,,11.0,45.0,,154.0,24.0,78.0,468.0,286.0,36.0,45.0,610.0,0.49206765703213307,0.018650088809946713,0.2746649442919425,0.022101566284514776,0.19251574358146295
2025-08-04,37861,53548.0,26663.0,216958669.9939214,887.0,30651456.49216416,13989.0,926105834.0596677,1316.0,49727430.092307776,10693.0,160921436.3061811,24607.0,6559.0,628.0,1004.0,5168.0,4.0,47.0,2.0,131.0,5.0,4.0,,,101.0,2056.0,4.0,15.0,17.0,2.0,2.0,682.0,27.0,56.0,137.0,1.0,6.0,16.0,68.0,,107.0,40.0,41.0,430.0,90.0,57.0,23.0,718.0,0.4979270934488683,0.01656457757525958,0.2612422499439755,0.024576081272876672,0.19968999775901994
2025-08-05,35546,50179.0,24190.0,151232513.9369163,788.0,30885348.49855498,13968.0,476687231.1936952,1332.0,48344415.02851301,9901.0,140793068.9872687,22343.0,6729.0,533.0,1035.0,4739.0,2.0,58.0,3.0,165.0,4.0,,,,132.0,1847.0,2.0,57.0,8.0,1.0,6.0,619.0,24.0,53.0,118.0,3.0,5.0,11.0,50.0,,131.0,45.0,30.0,492.0,91.0,29.0,14.0,899.0,0.4820741744554495,0.015703780465931964,0.2783634588174336,0.026544969010940833,0.19731361725024413
2025-08-06,37021,51893.0,24482.0,131887556.44548255,708.0,17916828.80306137,15576.0,769201192.5127459,1218.0,27736174.1811209,9909.0,182517737.01263458,22511.0,7907.0,436.0,834.0,5236.0,6.0,84.0,4.0,210.0,1.0,6.0,,,74.0,1971.0,,56.0,5.0,1.0,4.0,534.0,20.0,84.0,119.0,1.0,8.0,8.0,45.0,1.0,123.0,33.0,37.0,433.0,177.0,45.0,42.0,928.0,0.4717784672306477,0.013643458655309965,0.30015609041681923,0.02347137378837223,0.1909506099088509
2025-08-07,38838,54416.0,26605.0,216908777.06655732,603.0,32218891.87649541,15271.0,1110887995.652386,1358.0,38744001.22200856,10579.0,215307655.57162592,24422.0,7022.0,542.0,1065.0,5515.0,2.0,19.0,6.0,155.0,6.0,4.0,1.0,1.0,115.0,2183.0,4.0,20.0,9.0,3.0,10.0,444.0,40.0,46.0,90.0,5.0,3.0,19.0,48.0,,111.0,48.0,38.0,597.0,120.0,43.0,33.0,1048.0,0.4889187003822405,0.011081299617759482,0.28063437224345783,0.02495589532490444,0.19440973243163776
2025-08-08,37615,52228.0,25288.0,211857463.19698974,707.0,44520628.58003225,15064.0,833031469.9842232,1158.0,36434655.74329117,10011.0,255219863.84817272,23202.0,7147.0,554.0,957.0,5553.0,2.0,52.0,6.0,99.0,3.0,1.0,3.0,1.0,87.0,2086.0,,30.0,3.0,2.0,2.0,507.0,28.0,20.0,130.0,1.0,7.0,16.0,38.0,,72.0,46.0,46.0,347.0,185.0,41.0,36.0,907.0,0.4841847284981236,0.01353680018380945,0.2884276633223558,0.022172015011105155,0.19167879298460597
2025-08-09,42981,59745.0,28924.0,260887088.38819644,624.0,48526466.33895653,17398.0,1150834259.080246,1398.0,53313672.90919132,11401.0,213897455.31998733,26323.0,8773.0,658.0,1190.0,6021.0,2.0,28.0,4.0,93.0,1.0,2.0,,1.0,91.0,2601.0,3.0,16.0,11.0,1.0,2.0,439.0,31.0,24.0,120.0,2.0,1.0,14.0,42.0,,110.0,31.0,45.0,313.0,161.0,49.0,39.0,1102.0,0.48412419449326305,0.010444388651770022,0.2912042848773956,0.023399447652523223,0.19082768432504812
2025-08-10,40076,55462.0,27207.0,196051163.2675915,616.0,42436854.75556433,15899.0,760304525.2614623,1488.0,37577485.8517856,10252.0,194175100.74711585,24846.0,7926.0,473.0,1213.0,5295.0,6.0,40.0,4.0,117.0,4.0,4.0,,1.0,89.0,2361.0,7.0,16.0,4.0,1.0,1.0,405.0,26.0,48.0,137.0,,1.0,16.0,71.0,,120.0,24.0,50.0,241.0,140.0,39.0,46.0,1438.0,0.4905520897190869,0.011106703689012296,0.28666474342793263,0.026829180339692043,0.1848472828242761
2025-08-11,43199,60283.0,30119.0,253800256.412633,674.0,47753203.35700263,16979.0,1130027694.7097816,1566.0,68969850.1313042,10945.0,259774873.5484398,27294.0,8390.0,520.0,1233.0,5533.0,2.0,38.0,6.0,107.0,5.0,2.0,,2.0,129.0,2825.0,9.0,23.0,8.0,1.0,6.0,492.0,24.0,53.0,109.0,2.0,7.0,27.0,93.0,,117.0,41.0,28.0,318.0,158.0,80.0,42.0,1614.0,0.4996267604465604,0.011180598178590979,0.28165486123782824,0.025977472919396845,0.18156030721762353
2025-08-12,41197,56502.0,28173.0,270999025.6816015,644.0,72348691.70989308,16422.0,1262409152.5261993,1305.0,55429473.053321496,9958.0,306863067.50493675,25696.0,8297.0,656.0,1118.0,5726.0,5.0,26.0,2.0,83.0,4.0,6.0,,4.0,95.0,2477.0,6.0,17.0,6.0,1.0,5.0,396.0,26.0,12.0,152.0,1.0,4.0,24.0,56.0,,92.0,27.0,61.0,405.0,130.0,36.0,24.0,868.0,0.49861951789317194,0.011397826625606173,0.2906445789529574,0.023096527556546672,0.17624154897171782
2025-08-13,41445,56668.0,27477.0,325063540.5640999,749.0,92085470.84228979,17452.0,1105691163.2251985,1486.0,93508267.28574878,9504.0,240693689.8636092,24957.0,8880.0,648.0,1251.0,6168.0,3.0,19.0,1.0,78.0,2.0,1.0,,,66.0,2520.0,7.0,11.0,8.0,1.0,7.0,429.0,20.0,32.0,192.0,,9.0,19.0,67.0,,85.0,35.0,93.0,369.0,77.0,58.0,30.0,1021.0,0.4848768264276135,0.013217336062680878,0.307969224253547,0.02622291240206113,0.16771370085409756
2025-08-14,40372,56120.0,27707.0,355691087.77991456,551.0,66568493.767034136,17014.0,1461728023.9429054,1798.0,118353754.03808028,9050.0,294716990.2088798,25015.0,8599.0,670.0,1470.0,5999.0,2.0,49.0,6.0,120.0,3.0,5.0,2.0,,95.0,2692.0,5.0,13.0,5.0,1.0,1.0,363.0,39.0,56.0,108.0,2.0,11.0,18.0,99.0,,102.0,45.0,44.0,484.0,133.0,51.0,42.0,721.0,0.49370990734141124,0.00981824661439772,0.30317177476835355,0.03203848895224519,0.1612615823235923
2025-08-15,36605,51490.0,24723.0,269051447.08321697,725.0,43612004.35451007,15877.0,1020057224.8306181,1403.0,76234115.0925362,8762.0,269986142.7246809,22324.0,7962.0,655.0,1170.0,5455.0,,66.0,4.0,104.0,3.0,9.0,2.0,1.0,69.0,2399.0,4.0,16.0,8.0,,4.0,421.0,43.0,36.0,188.0,1.0,10.0,31.0,51.0,1.0,93.0,26.0,69.0,381.0,137.0,40.0,74.0,871.0,0.4801514857253836,0.014080403961934357,0.30835113614294035,0.027248009322198487,0.1701689648475432
2025-08-16,32150,45063.0,20905.0,140444649.10623503,487.0,35098645.111713044,13459.0,455008144.1920792,1089.0,38798173.06419401,9123.0,115118371.60959142,18764.0,6857.0,455.0,933.0,4359.0,,44.0,,63.0,1.0,,1.0,3.0,35.0,2141.0,2.0,15.0,3.0,,,327.0,30.0,31.0,88.0,,12.0,7.0,35.0,,59.0,13.0,51.0,500.0,101.0,26.0,60.0,924.0,0.46390608703370834,0.010807092293012006,0.2986707498391141,0.024166167365688038,0.20244990346847747
2025-08-17,35999,51179.0,23839.0,204679843.8972878,488.0,19581706.502783053,14301.0,404251546.4299461,1098.0,65885192.346472,11453.0,241135855.85100368,21351.0,7535.0,551.0,902.0,4706.0,3.0,26.0,1.0,84.0,1.0,,,1.0,90.0,2488.0,1.0,37.0,7.0,,10.0,323.0,39.0,16.0,106.0,7.0,13.0,16.0,56.0,,106.0,16.0,22.0,274.0,84.0,40.0,128.0,686.0,0.4657965181031282,0.009535160905840286,0.2794310166279138,0.021454112038140644,0.22378319232497704
2025-08-18,38675,56725.0,24061.0,320339552.22295415,690.0,46577271.18351348,18535.0,852755923.4607288,1907.0,132330662.70187089,11532.0,240692495.90367645,21291.0,10043.0,947.0,1498.0,5577.0,1.0,59.0,7.0,139.0,9.0,2.0,,1.0,80.0,2770.0,2.0,74.0,12.0,1.0,7.0,486.0,54.0,63.0,130.0,8.0,3.0,23.0,98.0,1.0,215.0,29.0,37.0,301.0,141.0,109.0,78.0,897.0,0.4241692375495813,0.012163948876156898,0.32675187307183784,0.033618334067871306,0.20329660643455266
2025-08-19,39510,57887.0,25444.0,281991142.0294021,767.0,48960184.57750859,17813.0,980174621.8766236,1784.0,107019341.298032,12079.0,270833606.90972155,22695.0,9071.0,924.0,1446.0,5884.0,2.0,41.0,5.0,142.0,8.0,5.0,,,67.0,2749.0,1.0,71.0,12.0,1.0,16.0,524.0,44.0,46.0,168.0,1.0,9.0,6.0,60.0,,174.0,25.0,58.0,441.0,125.0,90.0,63.0,834.0,0.439546012057975,0.013249952493651424,0.30772021351944306,0.030818663948727693,0.2086651579802028
2025-08-20,38620,55283.0,25672.0,268085829.3084507,540.0,29423053.95189523,15570.0,914779990.3194902,1743.0,85838170.40574412,11758.0,234046764.39333507,22871.0,7999.0,683.0,1448.0,5178.0,1.0,41.0,6.0,117.0,7.0,2.0,2.0,,94.0,2801.0,1.0,35.0,8.0,2.0,7.0,409.0,38.0,48.0,63.0,5.0,1.0,8.0,76.0,,137.0,27.0,53.0,333.0,115.0,52.0,78.0,779.0,0.464374219922942,0.00976792142249878,0.2816417343487148,0.031528679702621056,0.21268744460322342
2025-08-21,36789,52091.0,24109.0,189946124.03302532,506.0,23162083.675703716,15414.0,661811537.7817422,1324.0,53665527.89176538,10738.0,191080401.33819318,21339.0,7759.0,564.0,1090.0,5739.0,1.0,32.0,3.0,89.0,6.0,1.0,,2.0,46.0,2770.0,3.0,45.0,4.0,,1.0,360.0,19.0,16.0,97.0,3.0,7.0,8.0,69.0,,171.0,23.0,28.0,221.0,112.0,60.0,46.0,619.0,0.46282467220825096,0.009713770133036417,0.29590524274826746,0.02541705860897276,0.20613925630147242
2025-08-22,43929,63727.0,27788.0,354262751.4951643,818.0,46493209.32849436,19657.0,1301146685.0440073,2813.0,137723709.06988433,12651.0,391986853.8659016,24549.0,9459.0,766.0,2466.0,7699.0,6.0,40.0,3.0,129.0,3.0,5.0,,,101.0,3239.0,3.0,34.0,12.0,1.0,8.0,535.0,43.0,56.0,205.0,1.0,4.0,23.0,90.0,,155.0,27.0,47.0,251.0,159.0,72.0,133.0,752.0,0.436047515181948,0.012836003577761388,0.3084563842641267,0.044141415726458175,0.1985186812497058
2025-08-23,38610,54821.0,24612.0,162545577.99940115,828.0,39256289.845494635,17677.0,595015883.0966153,1310.0,41201996.482008606,10394.0,155582661.92663336,21972.0,9006.0,565.0,1083.0,5441.0,3.0,160.0,1.0,78.0,9.0,15.0,,2.0,45.0,2640.0,5.0,10.0,6.0,2.0,8.0,536.0,29.0,33.0,190.0,12.0,13.0,17.0,66.0,2.0,80.0,14.0,53.0,196.0,324.0,50.0,54.0,1707.0,0.44895204392477334,0.015103701136425823,0.3224494263147334,0.023895952281060177,0.18959887634300723
2025-08-24,39805,58273.0,26128.0,247043871.15188676,740.0,22583043.40163621,17675.0,716564925.7105305,1839.0,95726155.68807752,11891.0,258805868.52039114,23169.0,9197.0,678.0,1465.0,5807.0,1.0,56.0,6.0,134.0,8.0,7.0,,1.0,67.0,2959.0,2.0,28.0,5.0,,11.0,484.0,30.0,34.0,159.0,3.0,11.0,12.0,72.0,,95.0,28.0,69.0,247.0,187.0,134.0,90.0,1126.0,0.44837231651021914,0.012698848523329843,0.3033137130403446,0.031558354641085924,0.2040567672850205
2025-08-25,39151,60159.0,25532.0,322035508.822797,655.0,17287416.36363764,18096.0,1037257563.0051348,2905.0,159732129.97438896,12971.0,278777758.4234954,22198.0,8901.0,877.0,2271.0,6229.0,3.0,63.0,9.0,242.0,9.0,1.0,,3.0,72.0,3334.0,2.0,28.0,15.0,3.0,7.0,485.0,85.0,83.0,94.0,1.0,,27.0,139.0,,201.0,24.0,46.0,294.0,196.0,170.0,104.0,972.0,0.4244086504097475,0.010887813959673531,0.3008028723881713,0.04828870160740704,0.21561196163500057
2025-08-26,36081,53656.0,23844.0,316367787.6718539,744.0,55605092.88884879,15921.0,819596439.2482717,2301.0,113485366.22355919,10846.0,273182851.7026181,20441.0,8128.0,750.0,1813.0,4934.0,3.0,92.0,4.0,177.0,5.0,6.0,1.0,,60.0,3403.0,1.0,33.0,5.0,,6.0,558.0,58.0,116.0,101.0,1.0,6.0,24.0,79.0,,118.0,19.0,53.0,203.0,187.0,115.0,94.0,1216.0,0.4443864619054719,0.01386611003429253,0.2967235723870583,0.042884299985090205,0.20213955568808709
2025-08-27,38044,54114.0,23781.0,365283988.39311945,576.0,94290214.66563231,17513.0,871084952.4220454,1672.0,112617599.034354,10572.0,459594454.62957424,20827.0,9421.0,573.0,1339.0,4575.0,3.0,75.0,1.0,149.0,6.0,,1.0,,44.0,2954.0,4.0,37.0,6.0,,4.0,379.0,43.0,64.0,119.0,,10.0,16.0,64.0,,132.0,27.0,48.0,201.0,168.0,55.0,34.0,2163.0,0.4394611375984034,0.010644195587093912,0.3236315925638467,0.030897734412536498,0.19536533983811952
2025-08-28,41781,57217.0,24893.0,192359879.75209326,475.0,14541553.963054795,19497.0,667539799.1571147,1455.0,61850837.12891978,10897.0,230457622.1925867,22104.0,11464.0,744.0,1102.0,4717.0,7.0,29.0,4.0,166.0,2.0,8.0,,,74.0,2789.0,3.0,18.0,12.0,2.0,8.0,339.0,45.0,74.0,86.0,,2.0,14.0,54.0,,116.0,30.0,31.0,274.0,110.0,59.0,42.0,1791.0,0.4350630057500393,0.008301728507261828,0.34075536990754496,0.025429505216980966,0.19045039061817293
2025-08-29,37270,54607.0,24129.0,232733048.50683036,511.0,31492726.8671994,17011.0,691704475.9899867,2380.0,128143207.90094219,10576.0,312909525.9952447,21101.0,7843.0,818.0,1832.0,5839.0,3.0,37.0,6.0,211.0,5.0,1.0,,1.0,60.0,3028.0,2.0,23.0,7.0,,7.0,351.0,47.0,82.0,77.0,1.0,3.0,13.0,67.0,,115.0,27.0,64.0,369.0,106.0,188.0,66.0,1631.0,0.441866427381105,0.009357774644276375,0.31151683850055856,0.04358415587745161,0.1936748035966085
2025-08-30,31872,45200.0,19807.0,140601604.26587722,463.0,19205743.01491125,13951.0,325513341.57956254,1323.0,41230071.33165652,9656.0,146309672.09744525,17374.0,6698.0,559.0,1079.0,4085.0,3.0,22.0,5.0,85.0,1.0,2.0,,1.0,38.0,2433.0,2.0,12.0,6.0,,4.0,307.0,26.0,51.0,96.0,4.0,1.0,7.0,46.0,,92.0,19.0,46.0,251.0,86.0,62.0,37.0,2004.0,0.4382079646017699,0.010243362831858407,0.3086504424778761,0.02926991150442478,0.2136283185840708
2025-08-31,34142,48396.0,20581.0,150468643.36566973,578.0,33275436.191015523,16148.0,376426158.0464692,1544.0,35705904.730717726,9545.0,120575787.70507689,18254.0,7302.0,504.0,1219.0,4603.0,1.0,48.0,3.0,111.0,6.0,8.0,2.0,,62.0,2327.0,4.0,26.0,7.0,1.0,4.0,381.0,64.0,64.0,115.0,3.0,3.0,5.0,73.0,,108.0,29.0,67.0,129.0,98.0,75.0,49.0,3096.0,0.42526241838168444,0.011943135796346805,0.3336639391685263,0.031903463096123644,0.1972270435573188
2025-09-01,39035,56879.0,21017.0,255702666.83284527,516.0,33449594.876423888,24658.0,957715588.1677006,1942.0,91525231.19239691,8746.0,245450249.26916257,18232.0,10315.0,670.0,1529.0,7364.0,2.0,35.0,3.0,134.0,3.0,9.0,,1.0,45.0,2785.0,3.0,8.0,5.0,,1.0,370.0,25.0,118.0,90.0,2.0,2.0,7.0,62.0,,88.0,24.0,42.0,148.0,101.0,99.0,52.0,5759.0,0.36950368325744126,0.00907188944953322,0.4335167636561824,0.0341426537034758,0.15376500993336734
2025-09-02,33800,51143.0,20263.0,247457230.64967394,636.0,52190261.588374875,18113.0,678728214.8641183,2515.0,121028353.8202143,9616.0,273870042.7572249,17753.0,7483.0,675.0,1701.0,5797.0,11.0,38.0,2.0,320.0,5.0,2.0,2.0,2.0,67.0,2510.0,3.0,27.0,11.0,1.0,5.0,446.0,34.0,175.0,113.0,9.0,7.0,10.0,71.0,,166.0,18.0,48.0,167.0,138.0,246.0,117.0,3347.0,0.3962028039027824,0.012435719453297616,0.3541638151848738,0.04917584029094891,0.1880218211680973
2025-09-03,30678,43264.0,18764.0,189976660.78455386,664.0,58113757.23132494,15039.0,878696984.2909029,1381.0,67377330.04317395,7416.0,133230788.13807775,16686.0,6901.0,511.0,1018.0,4813.0,,20.0,2.0,86.0,1.0,,1.0,3.0,73.0,2078.0,5.0,14.0,5.0,1.0,3.0,545.0,18.0,46.0,64.0,2.0,2.0,10.0,47.0,2.0,112.0,19.0,34.0,167.0,86.0,183.0,61.0,2229.0,0.4337093195266272,0.015347633136094675,0.3476100221893491,0.03192030325443787,0.17141272189349113
2025-09-04,34464,48220.0,22081.0,196529213.72792786,814.0,42895848.18390773,14710.0,634379576.7039459,1739.0,119489974.63948104,8876.0,162115702.11139393,19676.0,6899.0,592.0,1167.0,5259.0,3.0,35.0,2.0,172.0,8.0,2.0,,2.0,73.0,2405.0,5.0,37.0,6.0,,1.0,634.0,26.0,128.0,92.0,1.0,6.0,13.0,65.0,,100.0,17.0,63.0,184.0,130.0,207.0,60.0,1274.0,0.45792202405640814,0.016880962256325176,0.3050601410203235,0.03606387391124015,0.18407299875570302
2025-09-05,31643,45992.0,19984.0,241625304.06897655,545.0,33202133.869524907,13457.0,748697115.8729068,1838.0,129953715.38458903,10168.0,472654354.4845084,17193.0,6455.0,515.0,1305.0,4965.0,7.0,25.0,4.0,140.0,2.0,2.0,,2.0,44.0,2791.0,4.0,39.0,10.0,,5.0,392.0,38.0,104.0,88.0,2.0,8.0,8.0,64.0,,106.0,15.0,43.0,150.0,100.0,225.0,74.0,899.0,0.4345103496260219,0.011849886936858584,0.29259436423725865,0.03996347190815794,0.2210819272917029
2025-09-06,27614,37706.0,17189.0,80736025.68515179,327.0,29256588.50016611,11132.0,447886549.98342776,1285.0,20618806.17161122,7773.0,103312611.46817638,15343.0,5016.0,369.0,953.0,4027.0,,5.0,1.0,147.0,1.0,,,,32.0,1846.0,2.0,32.0,6.0,,2.0,198.0,22.0,99.0,90.0,2.0,3.0,4.0,21.0,,68.0,7.0,28.0,134.0,86.0,65.0,59.0,1265.0,0.45586909245212964,0.008672359836630774,0.29523152813875775,0.034079456850368645,0.20614756272211318
2025-09-07,28707,39243.0,17477.0,82664002.43080762,356.0,12655451.64671475,11644.0,300720335.93009895,1751.0,29750088.06996224,8015.0,90146987.65453057,15818.0,4771.0,292.0,1451.0,4243.0,1.0,10.0,1.0,124.0,,20.0,,3.0,34.0,1659.0,4.0,37.0,4.0,,1.0,193.0,22.0,86.0,115.0,1.0,5.0,9.0,24.0,,67.0,8.0,29.0,77.0,51.0,66.0,61.0,1941.0,0.44535331141859696,0.009071681573783859,0.2967153377672451,0.04461942257217848,0.2042402466681956
2025-09-08,30593,42934.0,19528.0,225236562.29948917,329.0,12025143.593810242,12527.0,644999654.6347003,1575.0,70875586.96389702,8975.0,220281432.17966628,17386.0,5661.0,439.0,1197.0,4780.0,1.0,17.0,2.0,128.0,10.0,57.0,,2.0,68.0,2142.0,4.0,29.0,4.0,,2.0,241.0,16.0,74.0,54.0,1.0,,9.0,49.0,,115.0,21.0,20.0,153.0,53.0,127.0,98.0,999.0,0.45483765780034474,0.007662924488750175,0.29177341966739645,0.03668421297805935,0.2090417850654493
2025-09-09,32979,46538.0,21137.0,217319198.8282333,348.0,50833128.03961691,13746.0,816695228.810031,1511.0,72686146.05939034,9796.0,237542206.42796606,18823.0,6176.0,486.0,1059.0,5232.0,,28.0,1.0,144.0,6.0,1.0,16.0,1.0,58.0,2314.0,6.0,20.0,6.0,,3.0,188.0,24.0,103.0,100.0,6.0,4.0,5.0,50.0,,154.0,17.0,39.0,305.0,94.0,139.0,147.0,987.0,0.45418797541793804,0.00747776011001762,0.29537152434569597,0.032468090592633975,0.21049464953371438
2025-09-10,32702,45642.0,19046.0,154472001.93885446,404.0,25279644.28692972,15113.0,577691396.0149695,1861.0,60060344.26712616,9218.0,134210732.38236122,16848.0,7743.0,375.0,1418.0,5293.0,,35.0,2.0,88.0,,1.0,13.0,2.0,75.0,2198.0,7.0,23.0,4.0,,3.0,244.0,16.0,83.0,97.0,2.0,3.0,21.0,91.0,,131.0,18.0,30.0,390.0,84.0,168.0,133.0,785.0,0.41729109153849525,0.008851496428727927,0.33112045922615135,0.040773848648174925,0.20196310415845056
2025-09-11,33612,47500.0,20619.0,204704345.03839028,638.0,51732224.28388975,14426.0,514462669.60567296,1880.0,76297697.30440657,9937.0,228544327.22890726,18322.0,6913.0,539.0,1468.0,5268.0,,18.0,,99.0,4.0,,1.0,5.0,65.0,2297.0,9.0,8.0,3.0,1.0,4.0,337.0,35.0,88.0,173.0,1.0,5.0,16.0,69.0,1.0,139.0,15.0,96.0,452.0,61.0,155.0,149.0,747.0,0.4340842105263158,0.013431578947368421,0.30370526315789476,0.039578947368421054,0.2092
2025-09-12,37357,51709.0,23820.0,208441566.85007608,621.0,42635394.82812845,15816.0,751152589.1824859,2091.0,48189970.837730326,9361.0,174331468.65980324,21146.0,7581.0,665.0,1642.0,5795.0,4.0,65.0,,93.0,5.0,2.0,2.0,,94.0,2674.0,2.0,17.0,7.0,3.0,6.0,407.0,44.0,87.0,103.0,2.0,2.0,20.0,95.0,1.0,86.0,30.0,84.0,421.0,161.0,172.0,153.0,677.0,0.46065481831015875,0.012009514784660311,0.30586551664120365,0.04043783480631998,0.18103231545765727
2025-09-13,37393,51677.0,23136.0,160712797.59821957,445.0,19588029.552855615,15642.0,692759527.6253003,1484.0,40352948.00460826,10970.0,144223364.9223585,20232.0,7883.0,541.0,1205.0,5737.0,3.0,28.0,2.0,56.0,6.0,2.0,2.0,1.0,49.0,2904.0,4.0,22.0,11.0,,5.0,300.0,29.0,36.0,71.0,2.0,3.0,9.0,72.0,1.0,61.0,14.0,55.0,300.0,107.0,113.0,129.0,712.0,0.44770400758557966,0.00861118098960853,0.30268784952686884,0.02871683727770575,0.21228012462023724
2025-09-14,36419,50987.0,23036.0,106309106.70324056,514.0,35623927.35396144,15618.0,390672633.2846278,1155.0,20095819.933315486,10664.0,81498784.46826504,19968.0,7860.0,633.0,866.0,5510.0,2.0,36.0,1.0,82.0,9.0,1.0,,,47.0,3068.0,4.0,12.0,4.0,1.0,6.0,310.0,20.0,41.0,72.0,2.0,5.0,16.0,48.0,3.0,63.0,13.0,102.0,223.0,86.0,118.0,81.0,1010.0,0.4518014395826387,0.010081001039480652,0.3063133739972934,0.022652833075097575,0.20915135230548965
2025-09-15,35703,49180.0,21655.0,239435752.17446807,664.0,71731653.9235574,15561.0,1014043840.2442675,2008.0,85283171.88870612,9292.0,216708974.3724556,18863.0,8298.0,529.0,1513.0,5440.0,1.0,17.0,2.0,124.0,7.0,1.0,6.0,,35.0,2792.0,6.0,16.0,3.0,1.0,1.0,354.0,35.0,106.0,132.0,,26.0,28.0,72.0,,79.0,24.0,118.0,247.0,83.0,187.0,30.0,712.0,0.44032126880845873,0.013501423342822285,0.31640910939406264,0.040829605530703535,0.18893859292395282
2025-09-16,30901,41721.0,19382.0,117020485.34427933,507.0,25070262.06055614,12710.0,676955983.7031437,1419.0,41676705.19740364,7703.0,105830595.1214449,17194.0,5869.0,432.0,962.0,5089.0,8.0,42.0,1.0,124.0,5.0,2.0,1.0,2.0,48.0,2188.0,2.0,13.0,6.0,,1.0,335.0,26.0,59.0,65.0,,19.0,1.0,69.0,,60.0,15.0,85.0,232.0,77.0,204.0,86.0,696.0,0.4645622108770164,0.012152153591716402,0.3046427458593993,0.03401164880995182,0.18463124086191607
2025-09-17,37983,52974.0,24364.0,166633611.1751906,691.0,42351577.026061,15978.0,601036041.0394567,1813.0,68649463.18906945,10128.0,268373467.86484152,21223.0,7521.0,717.0,1266.0,6004.0,5.0,29.0,1.0,121.0,6.0,11.0,,1.0,58.0,3141.0,3.0,25.0,7.0,,1.0,506.0,35.0,69.0,76.0,2.0,11.0,10.0,93.0,,87.0,29.0,83.0,383.0,134.0,264.0,225.0,699.0,0.45992373617246196,0.013044134858609883,0.3016196624759316,0.03422433646694605,0.1911881300260505
2025-09-18,40921,52377.0,22307.0,139636045.57311484,421.0,55303687.04207469,20186.0,916910655.3116928,1474.0,45221664.584353015,7989.0,245256805.18779904,19938.0,10170.0,482.0,1079.0,8270.0,2.0,20.0,1.0,57.0,5.0,1.0,,2.0,30.0,2369.0,1.0,7.0,4.0,1.0,2.0,271.0,31.0,44.0,56.0,2.0,10.0,17.0,64.0,,50.0,19.0,64.0,357.0,152.0,230.0,58.0,522.0,0.42589304465700595,0.008037879221795826,0.3853981709528992,0.028142123451133132,0.15252878171716594
2025-09-19,42056,58395.0,23716.0,128534003.8580437,420.0,40080085.5387997,21678.0,593447465.3500017,1589.0,36058780.52790895,10992.0,156091796.03897223,19661.0,10822.0,573.0,1232.0,8651.0,1.0,36.0,2.0,82.0,5.0,,,,57.0,4055.0,1.0,11.0,6.0,1.0,2.0,268.0,42.0,52.0,79.0,8.0,3.0,19.0,48.0,,61.0,26.0,42.0,211.0,148.0,175.0,58.0,965.0,0.4061306618717356,0.007192396609298741,0.37123041356280506,0.027211233838513572,0.18823529411764706
2025-09-20,34386,46272.0,19375.0,70239108.63510238,403.0,27515508.59851519,15369.0,553875032.1799197,1078.0,11905427.657004153,10047.0,121951497.36192735,16945.0,8111.0,462.0,942.0,5452.0,,5.0,1.0,32.0,,3.0,,2.0,34.0,2430.0,3.0,23.0,3.0,,5.0,223.0,11.0,9.0,87.0,4.0,4.0,8.0,24.0,,46.0,31.0,74.0,284.0,122.0,71.0,54.0,720.0,0.4187197441217151,0.008709370677731674,0.33214470954356845,0.023297026279391425,0.21712914937759337
2025-09-21,35474,49210.0,20072.0,89248289.00086956,520.0,26861504.29057713,17073.0,491912153.72979116,1298.0,34185646.81288902,10247.0,131652286.1170779,17528.0,8775.0,479.0,1044.0,5795.0,1.0,26.0,,32.0,1.0,30.0,11.0,,35.0,2544.0,2.0,8.0,11.0,,2.0,326.0,26.0,12.0,126.0,10.0,1.0,19.0,56.0,2.0,99.0,12.0,34.0,257.0,109.0,143.0,109.0,1298.0,0.4078845763056289,0.010566957935378988,0.3469416785206259,0.026376752692542166,0.20823003454582403
2025-09-22,41087,60299.0,24845.0,218731426.87195486,560.0,50125434.25676823,20598.0,1025640236.2168472,2402.0,97567523.6740778,11894.0,220866124.42252678,21450.0,10229.0,883.0,1422.0,7267.0,4.0,36.0,3.0,344.0,11.0,3.0,3.0,2.0,106.0,3395.0,1.0,28.0,19.0,2.0,13.0,400.0,44.0,189.0,73.0,4.0,8.0,14.0,97.0,,144.0,26.0,60.0,494.0,135.0,347.0,182.0,967.0,0.41203005024958955,0.00928705285328115,0.3415977047712234,0.03983482313139521,0.19725036899451068
2025-09-23,34550,49376.0,19544.0,129325882.54844907,463.0,34540523.677736394,17708.0,1139866106.048745,1721.0,92110061.02058351,9940.0,198313178.1633563,16836.0,8334.0,523.0,1046.0,7031.0,4.0,96.0,4.0,221.0,4.0,16.0,,1.0,85.0,2708.0,1.0,25.0,5.0,,6.0,276.0,30.0,104.0,89.0,5.0,7.0,13.0,102.0,3.0,106.0,17.0,69.0,425.0,215.0,248.0,76.0,705.0,0.3958198314970836,0.00937702527543746,0.3586357744653273,0.0348549902786779,0.20131237848347375
2025-09-24,37703,52654.0,21942.0,305326046.30102414,392.0,36809055.0600197,17465.0,895229014.0749534,2381.0,64803373.88745502,10474.0,312566967.6248528,19468.0,9008.0,474.0,1771.0,6335.0,1.0,202.0,3.0,179.0,3.0,28.0,,,77.0,2474.0,1.0,13.0,6.0,1.0,4.0,278.0,24.0,143.0,56.0,1.0,4.0,11.0,85.0,,92.0,19.0,41.0,354.0,289.0,203.0,60.0,472.0,0.4167204770767653,0.007444828503057698,0.33169369848444563,0.04521973639229688,0.1989212595434345
2025-09-25,39889,58207.0,22307.0,372185648.2524094,417.0,33259183.398849767,22887.0,3501741349.0384154,2687.0,142479222.44982457,9909.0,739583885.145923,19536.0,10298.0,711.0,1848.0,9312.0,4.0,136.0,3.0,194.0,1.0,4.0,1.0,5.0,146.0,2771.0,1.0,47.0,13.0,3.0,5.0,278.0,39.0,175.0,64.0,2.0,4.0,21.0,157.0,,204.0,32.0,47.0,779.0,537.0,312.0,66.0,542.0,0.38323569330149293,0.0071640867936846086,0.39320013056848835,0.04616283264899411,0.17023725668734002
2025-09-26,37787,53777.0,21815.0,217541944.12912363,448.0,50292470.628868654,19708.0,1759235180.064296,2165.0,87891145.35435289,9641.0,456743194.7948124,18795.0,9457.0,594.0,1626.0,7060.0,,354.0,2.0,124.0,2.0,2.0,1.0,,80.0,3020.0,2.0,77.0,7.0,1.0,6.0,298.0,25.0,93.0,80.0,1.0,6.0,11.0,120.0,,190.0,29.0,50.0,567.0,647.0,201.0,54.0,554.0,0.40565669338192906,0.008330698997712776,0.3664763746583112,0.0402588467188575,0.17927738624318948
2025-09-27,39023,52818.0,23200.0,114945828.93379566,380.0,36014210.0596822,18799.0,807393060.1275986,1169.0,31116578.645117212,9270.0,150660983.88707682,20549.0,7759.0,373.0,926.0,8700.0,,427.0,3.0,57.0,,,,1.0,52.0,2651.0,1.0,25.0,5.0,,4.0,267.0,43.0,35.0,33.0,,5.0,7.0,53.0,,138.0,23.0,67.0,313.0,492.0,98.0,44.0,397.0,0.4392441970540346,0.007194517020712636,0.3559203301904654,0.02213260630845545,0.17550834942633192
2025-09-28,33513,46440.0,20256.0,110739688.968212,438.0,42649631.29506268,14763.0,666347066.2531012,1402.0,42321392.73571643,9581.0,173650707.4258834,17812.0,6602.0,348.0,1029.0,6132.0,2.0,205.0,1.0,75.0,6.0,2.0,,2.0,57.0,2444.0,2.0,45.0,6.0,,4.0,329.0,31.0,62.0,64.0,3.0,,11.0,56.0,,173.0,18.0,29.0,247.0,354.0,180.0,67.0,461.0,0.43617571059431526,0.009431524547803617,0.31789405684754524,0.030189491817398793,0.20630921619293713
2025-09-29,38256,52944.0,21723.0,149257646.96209735,1052.0,72387420.91621822,19076.0,783785984.3322834,1663.0,62163336.085098214,9430.0,157592114.50196946,18357.0,9734.0,485.0,1148.0,7289.0,2.0,224.0,1.0,129.0,4.0,,,2.0,46.0,3366.0,,21.0,5.0,2.0,4.0,948.0,13.0,115.0,53.0,13.0,1.0,7.0,57.0,,98.0,12.0,30.0,271.0,282.0,214.0,54.0,527.0,0.4103014505893019,0.019870051375037775,0.36030522816560895,0.03141054699304926,0.1781127228770021
2025-09-30,36781,50897.0,21410.0,153533064.35516733,1465.0,6675443.671980142,16939.0,875057241.2341893,1899.0,79270535.9995803,9184.0,412969051.07914263,18899.0,7868.0,436.0,1158.0,6934.0,8.0,123.0,3.0,246.0,5.0,,1.0,3.0,151.0,2511.0,1.0,47.0,2.0,1.0,5.0,1348.0,22.0,179.0,53.0,4.0,,30.0,66.0,,126.0,24.0,29.0,252.0,271.0,249.0,78.0,580.0,0.4206534766292709,0.028783621824469027,0.33280939937520876,0.03731064699294654,0.1804428551781048
2025-10-01,36109,50917.0,22457.0,190462196.13759112,612.0,41627334.06432574,15927.0,785339180.8047918,1903.0,61876156.753727175,10018.0,122277895.2052114,19442.0,7384.0,476.0,1229.0,6353.0,3.0,243.0,2.0,196.0,3.0,2.0,,1.0,58.0,3015.0,,28.0,16.0,,5.0,433.0,46.0,140.0,71.0,5.0,5.0,14.0,106.0,,119.0,31.0,84.0,274.0,330.0,232.0,77.0,476.0,0.44105112241491057,0.012019561246734882,0.3128031895044877,0.0373745507394387,0.1967515760944282
2025-10-02,36516,50488.0,23254.0,212792154.09880257,360.0,16579228.84066107,15478.0,758516188.5068458,2067.0,97847712.75083952,9329.0,187978795.84847867,20159.0,7105.0,532.0,1545.0,6388.0,5.0,80.0,2.0,145.0,5.0,,3.0,2.0,62.0,3095.0,3.0,56.0,8.0,2.0,3.0,268.0,52.0,102.0,30.0,6.0,,9.0,99.0,,131.0,23.0,44.0,277.0,199.0,173.0,77.0,469.0,0.4605846933924893,0.007130407225479322,0.30656789732213596,0.040940421486293774,0.18477658057360163
2025-10-03,37319,53785.0,22838.0,168841944.30997548,476.0,21089211.388159484,18231.0,980247586.9763733,2423.0,68875912.2768965,9817.0,157506683.79753837,19424.0,8235.0,529.0,1683.0,7020.0,8.0,56.0,2.0,220.0,2.0,,,2.0,88.0,3414.0,1.0,19.0,8.0,,4.0,316.0,60.0,140.0,70.0,11.0,1.0,16.0,109.0,3.0,152.0,25.0,58.0,383.0,149.0,271.0,70.0,1419.0,0.42461652877196243,0.008850051129497072,0.3389606767686158,0.04504973505624245,0.18252300827368226
2025-10-04,36745,51536.0,23314.0,90361056.22947872,356.0,12482265.392943855,16237.0,393296641.99367845,1244.0,27320517.724274255,10385.0,82825212.9578119,19505.0,8015.0,437.0,949.0,6360.0,4.0,35.0,2.0,123.0,4.0,1.0,1.0,2.0,58.0,3809.0,1.0,9.0,4.0,,5.0,231.0,131.0,48.0,44.0,2.0,1.0,4.0,51.0,1.0,137.0,21.0,72.0,184.0,75.0,72.0,87.0,666.0,0.4523828003725551,0.006907792610990376,0.31506131636137846,0.024138466314809065,0.201509624340267
2025-10-05,41460,61371.0,26278.0,166800628.00156438,428.0,27305301.4315179,19370.0,544338745.7280934,2430.0,70037496.97898273,12865.0,201924205.63227946,21438.0,9245.0,525.0,1616.0,7850.0,8.0,50.0,3.0,215.0,3.0,2.0,1.0,,73.0,4840.0,6.0,37.0,6.0,1.0,5.0,303.0,81.0,130.0,46.0,6.0,4.0,16.0,176.0,,232.0,25.0,47.0,383.0,159.0,292.0,107.0,575.0,0.42818269215101595,0.00697397793746232,0.3156213846930961,0.039595248570171576,0.20962669664825406
2025-10-06,41380,59838.0,26436.0,224307930.27723065,395.0,47400903.97293569,18605.0,641255980.3921478,2221.0,97010869.94647235,12181.0,211457493.690578,21009.0,9419.0,524.0,1403.0,7041.0,4.0,45.0,,297.0,1.0,3.0,1.0,,68.0,5427.0,10.0,18.0,8.0,,6.0,227.0,53.0,183.0,48.0,4.0,4.0,12.0,140.0,5.0,152.0,25.0,85.0,504.0,149.0,197.0,67.0,518.0,0.4417928406698085,0.006601156455763896,0.3109228249607273,0.03711688224873826,0.20356629566496207
2025-10-07,39158,57122.0,24083.0,224047309.49490052,961.0,37776106.06500765,18373.0,870615714.8846731,2263.0,91810291.13928385,11442.0,208556571.63845384,19835.0,8318.0,600.0,1566.0,7793.0,3.0,82.0,2.0,244.0,4.0,1.0,,4.0,75.0,4248.0,6.0,35.0,6.0,,4.0,785.0,34.0,133.0,81.0,7.0,5.0,15.0,113.0,1.0,150.0,28.0,61.0,428.0,257.0,207.0,66.0,483.0,0.42160638633101083,0.016823640628829524,0.32164490038864185,0.03961696019046952,0.2003081124610483
2025-10-08,37155,54039.0,21658.0,150507826.75966522,1388.0,25850881.736732904,17641.0,609456195.0045884,2803.0,70405339.18134263,10549.0,195971492.88660005,18012.0,8114.0,644.0,1934.0,7348.0,1.0,23.0,,313.0,5.0,1.0,2.0,2.0,55.0,3646.0,2.0,15.0,3.0,,1.0,1220.0,48.0,231.0,107.0,4.0,1.0,16.0,116.0,,224.0,17.0,38.0,436.0,168.0,207.0,62.0,474.0,0.4007846185162568,0.025685153315198283,0.32644941616240125,0.0518699457798997,0.195210866226244
2025-10-09,43656,67551.0,25361.0,189802891.18951145,886.0,36769679.072893634,23427.0,734115179.64374,3589.0,146246014.32519403,14288.0,208466887.9630036,21685.0,9223.0,4058.0,2242.0,8030.0,1.0,84.0,4.0,348.0,7.0,4.0,14.0,,79.0,3676.0,3.0,24.0,11.0,1.0,9.0,705.0,49.0,235.0,57.0,1.0,1.0,18.0,339.0,,334.0,25.0,101.0,647.0,274.0,411.0,85.0,478.0,0.3754348566268449,0.013116016047134757,0.34680463649686905,0.053130227531790794,0.2115142632973605
2025-10-10,42359,69068.0,25620.0,597655339.5215812,749.0,90375984.55718789,22870.0,1346951558.7969453,3450.0,397594431.39600605,16379.0,637229701.070009,21442.0,9588.0,2573.0,2413.0,8382.0,1.0,190.0,7.0,348.0,10.0,,8.0,1.0,158.0,4178.0,,50.0,11.0,1.0,3.0,577.0,40.0,242.0,57.0,2.0,14.0,14.0,146.0,,363.0,39.0,85.0,490.0,352.0,293.0,121.0,490.0,0.3709387849655412,0.010844385243528118,0.3311229512943766,0.04995077315109747,0.23714310534545666
2025-10-11,45967,70899.0,28219.0,309226988.820321,1136.0,50746376.713245064,23042.0,1224613126.0716076,3132.0,121050300.7913394,15370.0,372287971.6262175,24042.0,10931.0,1431.0,2116.0,8174.0,1.0,127.0,1.0,298.0,13.0,4.0,8.0,3.0,151.0,4177.0,1.0,44.0,15.0,4.0,7.0,718.0,43.0,262.0,185.0,3.0,11.0,22.0,157.0,1.0,301.0,31.0,195.0,844.0,368.0,291.0,79.0,470.0,0.39801689727640727,0.016022792987207154,0.324997531700024,0.044175517285152115,0.21678726075120947
2025-10-12,43027,71062.0,26084.0,269903384.9515367,817.0,25100442.362460196,23475.0,711774438.1796074,3590.0,136103227.07993644,17096.0,427037270.85345685,22018.0,10835.0,1612.0,2307.0,8037.0,7.0,493.0,3.0,368.0,11.0,3.0,11.0,5.0,172.0,4066.0,2.0,19.0,13.0,1.0,8.0,526.0,22.0,343.0,89.0,4.0,9.0,16.0,281.0,1.0,448.0,25.0,170.0,702.0,563.0,280.0,72.0,424.0,0.36705975064028595,0.011497002617432665,0.3303453322450818,0.05051926486729898,0.24057864962990064
2025-10-13,38647,62605.0,23097.0,221721103.9061761,673.0,29417352.017071616,20339.0,581468495.6897216,3467.0,135720473.70426178,15029.0,432603772.4596783,19468.0,8980.0,982.0,1898.0,7588.0,6.0,480.0,7.0,506.0,4.0,2.0,2.0,4.0,100.0,3629.0,2.0,18.0,9.0,1.0,8.0,376.0,27.0,491.0,71.0,9.0,1.0,26.0,259.0,,338.0,20.0,188.0,584.0,468.0,311.0,65.0,648.0,0.3689321939142241,0.01074994010063094,0.3248782046162447,0.05537896334158614,0.2400606980273141
2025-10-14,40703,67062.0,23327.0,249935737.56020764,617.0,23976445.57219391,24125.0,859986965.4446881,4946.0,193570292.87761244,14047.0,455806078.65868527,19403.0,11638.0,1195.0,2824.0,8631.0,5.0,259.0,11.0,731.0,7.0,3.0,3.0,1.0,141.0,3924.0,2.0,59.0,15.0,3.0,12.0,374.0,30.0,599.0,60.0,3.0,4.0,45.0,323.0,,418.0,37.0,129.0,485.0,393.0,466.0,113.0,669.0,0.3478422951895261,0.009200441382601175,0.35974173153201516,0.07375264680444961,0.20946288509140795
2025-10-15,38780,61871.0,22414.0,241139040.67842424,590.0,30063161.529924616,22322.0,1030226435.5550503,3713.0,107619351.90799704,12832.0,389444531.5221588,18886.0,10748.0,985.0,2230.0,8603.0,2.0,221.0,5.0,464.0,8.0,3.0,4.0,3.0,77.0,3528.0,4.0,41.0,8.0,2.0,6.0,381.0,16.0,480.0,65.0,1.0,4.0,26.0,218.0,,511.0,36.0,109.0,254.0,378.0,317.0,103.0,312.0,0.36226988411372046,0.009535970002101145,0.3607829192998335,0.060011960369155175,0.20739926621518967
2025-10-16,36138,58222.0,21029.0,229840459.79755175,503.0,18764295.834328823,20210.0,1115165942.7248344,4548.0,154684397.85179225,11932.0,484587375.36573553,17824.0,9457.0,769.0,2429.0,7899.0,4.0,147.0,7.0,742.0,8.0,3.0,1.0,4.0,68.0,3205.0,2.0,39.0,6.0,1.0,11.0,326.0,25.0,740.0,71.0,,9.0,16.0,215.0,,339.0,25.0,79.0,508.0,417.0,421.0,87.0,386.0,0.3611864930782179,0.008639345951702106,0.34711964549483015,0.078114801964893,0.20493971351035692
2025-10-17,37135,58105.0,21043.0,247255928.18918628,610.0,13617261.970271967,21111.0,898150242.1156356,4223.0,210913269.20178175,11118.0,285360775.3805701,17645.0,10254.0,884.0,2536.0,7991.0,3.0,182.0,4.0,646.0,8.0,2.0,1.0,2.0,65.0,3398.0,1.0,21.0,13.0,2.0,9.0,369.0,41.0,562.0,97.0,5.0,6.0,18.0,134.0,,420.0,50.0,114.0,397.0,334.0,344.0,84.0,345.0,0.36215471990362275,0.01049823595215558,0.363325015058945,0.07267877119008691,0.19134325789518974
2025-10-18,27840,41101.0,16172.0,75411339.37325658,431.0,7252001.644980988,13638.0,440178030.53728455,1989.0,62623970.93164015,8871.0,125324044.79471445,13979.0,6510.0,449.0,1309.0,5450.0,,78.0,1.0,242.0,,3.0,,,51.0,2193.0,1.0,24.0,5.0,2.0,5.0,208.0,15.0,222.0,64.0,1.0,,3.0,41.0,,210.0,7.0,154.0,210.0,204.0,175.0,69.0,345.0,0.39346974526167244,0.010486362862217465,0.331816744118148,0.048392983139096374,0.21583416461886573
2025-10-19,31779,50478.0,18632.0,185726315.2976168,376.0,12548144.466297437,16864.0,632695853.5994881,3106.0,112614839.01525106,11500.0,252058991.39390904,16009.0,7666.0,675.0,2252.0,6617.0,2.0,190.0,3.0,269.0,6.0,3.0,,1.0,89.0,2623.0,1.0,23.0,7.0,,5.0,191.0,15.0,290.0,65.0,1.0,1.0,9.0,97.0,,423.0,25.0,108.0,410.0,327.0,198.0,99.0,278.0,0.36911129601014303,0.0074487895716946,0.334086136534728,0.06153175640873252,0.22782202147470185
2025-10-20,33933,56360.0,20409.0,157060411.76239696,363.0,18893831.207980562,17974.0,562035870.406484,3694.0,99425631.1429614,13920.0,228890604.68339476,17132.0,8401.0,630.0,2051.0,7071.0,1.0,182.0,2.0,483.0,7.0,5.0,1.0,,88.0,3277.0,3.0,41.0,6.0,2.0,5.0,253.0,17.0,579.0,41.0,4.0,,9.0,257.0,,310.0,9.0,53.0,375.0,370.0,323.0,71.0,381.0,0.36211852377572745,0.006440738112136267,0.3189141234918382,0.0655429382540809,0.24698367636621718
2025-10-21,36197,60316.0,21091.0,205502685.06775713,559.0,21911107.067364637,20393.0,745846276.3445308,5248.0,217163873.54421684,13025.0,285424952.69857264,17663.0,9480.0,810.0,2940.0,7943.0,,158.0,5.0,531.0,13.0,7.0,1.0,1.0,121.0,3428.0,1.0,42.0,17.0,2.0,13.0,350.0,19.0,511.0,89.0,6.0,9.0,25.0,413.0,,481.0,26.0,79.0,388.0,355.0,852.0,163.0,349.0,0.34967504476424166,0.009267855958617946,0.33810265932754163,0.08700842230917169,0.2159460176404271
2025-10-22,35882,56969.0,20153.0,190775361.3529364,545.0,22645862.568740956,20081.0,703295871.9379412,4393.0,111963450.34603122,11797.0,332575541.28635734,17029.0,9725.0,845.0,2227.0,8030.0,5.0,86.0,3.0,741.0,7.0,5.0,1.0,3.0,98.0,3124.0,2.0,42.0,12.0,,10.0,312.0,31.0,691.0,58.0,8.0,5.0,23.0,239.0,2.0,214.0,23.0,135.0,304.0,318.0,494.0,76.0,244.0,0.35375379592409906,0.009566606399971915,0.35248995067492844,0.07711211360564517,0.20707753339535537
2025-10-23,32128,49285.0,17833.0,132290218.19340815,459.0,38875658.81869837,17801.0,708399936.1185142,2766.0,81721750.52996518,10426.0,227964274.38077122,15223.0,7779.0,1083.0,1784.0,7281.0,3.0,73.0,1.0,262.0,7.0,7.0,,,78.0,2610.0,6.0,24.0,5.0,3.0,10.0,234.0,24.0,270.0,95.0,10.0,8.0,17.0,194.0,,582.0,36.0,89.0,224.0,240.0,256.0,62.0,279.0,0.36183422948158667,0.009313178451861621,0.3611849447093436,0.05612255250076088,0.2115450948564472
2025-10-24,33498,50816.0,19154.0,146079983.72703406,661.0,61294751.37735841,17322.0,769174895.703864,2098.0,56921995.9843943,11581.0,272884747.2183758,16602.0,8100.0,827.0,1354.0,6884.0,3.0,210.0,4.0,187.0,3.0,5.0,,,79.0,2552.0,7.0,28.0,9.0,2.0,7.0,424.0,17.0,263.0,100.0,2.0,7.0,14.0,123.0,,235.0,13.0,107.0,186.0,379.0,171.0,85.0,246.0,0.3769285264483627,0.01300771410579345,0.34087688916876574,0.041286209068010074,0.22790066120906802
2025-10-25,30220,41315.0,17338.0,59280480.75923755,410.0,8657535.569332555,13877.0,295238871.6498642,1104.0,28946004.254946154,8586.0,66506730.25115051,15379.0,6919.0,1033.0,831.0,5264.0,1.0,30.0,,42.0,,4.0,,1.0,29.0,1959.0,1.0,26.0,3.0,1.0,,284.0,13.0,152.0,78.0,1.0,5.0,7.0,41.0,,143.0,5.0,34.0,91.0,152.0,38.0,34.0,128.0,0.41965387873653637,0.009923756504901368,0.3358828512646738,0.026721529710758803,0.2078179837831296
2025-10-26,33995,50994.0,19955.0,132907829.22182538,559.0,16660383.36725124,17141.0,447953903.2148757,2135.0,77541158.71068993,11204.0,206298463.53299624,17242.0,8093.0,838.0,1452.0,6920.0,3.0,73.0,4.0,117.0,9.0,1.0,,1.0,87.0,2713.0,2.0,25.0,9.0,5.0,11.0,355.0,31.0,274.0,113.0,2.0,7.0,14.0,142.0,,243.0,21.0,66.0,282.0,226.0,150.0,53.0,206.0,0.39132054751539397,0.010962073969486607,0.33613758481389966,0.041867670706357614,0.21971212299486215
2025-10-27,37000,55079.0,21424.0,162078861.5614851,612.0,23576192.00452579,19817.0,729469173.7569133,2635.0,84582658.58086495,10591.0,158357061.89960524,18386.0,9672.0,649.0,1791.0,7399.0,1.0,266.0,5.0,281.0,6.0,3.0,,1.0,83.0,3038.0,1.0,26.0,10.0,1.0,11.0,404.0,26.0,259.0,98.0,1.0,18.0,21.0,138.0,,252.0,9.0,69.0,255.0,410.0,166.0,56.0,676.0,0.3889685724141687,0.011111312841554857,0.35979229833511867,0.0478403747344723,0.19228744167468545
2025-10-28,35632,53233.0,20477.0,149636102.7881628,536.0,23580545.024111293,19082.0,578005926.8752946,2686.0,90156649.38167748,10452.0,216252001.2365484,17486.0,10363.0,650.0,1691.0,6620.0,4.0,66.0,4.0,359.0,6.0,5.0,1.0,2.0,90.0,2991.0,2.0,34.0,12.0,1.0,5.0,379.0,44.0,247.0,99.0,,2.0,8.0,137.0,,266.0,21.0,46.0,249.0,266.0,251.0,52.0,322.0,0.38466740555670353,0.010068942197509064,0.35846185636729094,0.050457423027069674,0.19634437285142675
2025-10-29,33927,50968.0,18660.0,140694078.14194807,472.0,18600707.406180248,19073.0,704131568.6078283,2550.0,129058590.46470635,10213.0,267575798.31673047,16185.0,10300.0,548.0,1680.0,6163.0,1.0,74.0,,326.0,4.0,5.0,1.0,,91.0,2475.0,2.0,88.0,3.0,,4.0,332.0,45.0,252.0,52.0,2.0,2.0,11.0,149.0,,385.0,17.0,71.0,269.0,262.0,142.0,69.0,745.0,0.3661120703186313,0.009260712603986814,0.37421519384711976,0.05003139224611521,0.2003806309841469
2025-10-30,35341,55493.0,20704.0,177476835.0469615,600.0,14996000.597933393,20232.0,633984369.8831933,3218.0,113289151.31851476,10739.0,225241016.1409067,17487.0,10418.0,808.0,2202.0,6957.0,3.0,95.0,4.0,283.0,15.0,5.0,4.0,3.0,141.0,3217.0,,26.0,10.0,2.0,7.0,400.0,29.0,246.0,85.0,,11.0,42.0,194.0,,548.0,17.0,62.0,260.0,325.0,289.0,94.0,465.0,0.3730921017065215,0.010812174508496567,0.36458652442650424,0.05798929594723659,0.19351990341124106
2025-10-31,33005,50545.0,18466.0,158009595.9639001,590.0,10854725.096134149,18132.0,586052189.4650023,2675.0,116162250.13014996,10682.0,259148558.45366865,15876.0,10103.0,652.0,1824.0,5891.0,,58.0,,239.0,5.0,7.0,2.0,4.0,72.0,2590.0,,24.0,12.0,3.0,6.0,450.0,44.0,238.0,51.0,2.0,1.0,21.0,185.0,,432.0,19.0,65.0,231.0,211.0,187.0,86.0,272.0,0.36533781778613117,0.01167276684142843,0.35872984469284797,0.05292313779800178,0.21133643288159065
2025-11-01,31870,46795.0,18272.0,76705157.1517034,316.0,5231742.306586131,15663.0,276488676.7887724,1335.0,29069294.488753695,11209.0,125773647.68681839,16156.0,9085.0,1052.0,1046.0,4689.0,1.0,26.0,,89.0,1.0,2.0,3.0,1.0,41.0,2116.0,6.0,13.0,9.0,,3.0,248.0,19.0,77.0,25.0,2.0,1.0,12.0,62.0,,194.0,15.0,22.0,164.0,93.0,58.0,69.0,186.0,0.39046906720803504,0.006752858211347366,0.3347152473554867,0.028528688962495993,0.2395341382626349
2025-11-02,32441,47422.0,18243.0,89172393.4721045,466.0,4444694.169527991,16454.0,271156394.34115976,1550.0,31669543.363820575,10709.0,113465165.62123828,15833.0,9606.0,966.0,1149.0,4812.0,,137.0,,94.0,6.0,1.0,2.0,6.0,63.0,2410.0,5.0,19.0,9.0,,6.0,381.0,57.0,99.0,31.0,2.0,1.0,16.0,127.0,1.0,190.0,8.0,29.0,151.0,182.0,79.0,56.0,179.0,0.3846948673611404,0.009826662730378305,0.34696976087048204,0.0326852515710008,0.22582345746699845
2025-11-03,41262,64926.0,25498.0,1077953503.2517989,1072.0,3988686967.6429253,22154.0,707737834.111609,3260.0,168998272.29618195,12942.0,3334177395.9928126,21950.0,11903.0,1083.0,2267.0,7331.0,14.0,84.0,7.0,324.0,7.0,6.0,,5.0,118.0,3548.0,4.0,41.0,15.0,2.0,9.0,542.0,143.0,172.0,365.0,,17.0,53.0,201.0,2.0,313.0,12.0,89.0,259.0,316.0,296.0,103.0,383.0,0.3927240242737886,0.016511104950251054,0.34121923420509503,0.05021100945692018,0.19933462711394512
2025-11-04,39261,63926.0,23076.0,382877692.5424131,793.0,30091432.418216325,22757.0,1088657636.659969,3974.0,225271453.88360867,13326.0,618280226.8726515,19677.0,10842.0,1241.0,2960.0,8977.0,1.0,74.0,5.0,282.0,10.0,16.0,3.0,2.0,122.0,3399.0,4.0,64.0,9.0,,4.0,553.0,39.0,165.0,77.0,9.0,7.0,29.0,210.0,,272.0,36.0,114.0,308.0,283.0,354.0,156.0,296.0,0.36097988298970685,0.01240496824453274,0.3559897381347183,0.062165629008541126,0.208459781622501
2025-11-05,36392,56572.0,20469.0,185461685.08332512,657.0,35598604.29560585,18402.0,1034134873.7780733,2940.0,99233422.49121259,14104.0,306398558.009443,17639.0,8451.0,981.0,2097.0,7457.0,2.0,53.0,,325.0,7.0,5.0,1.0,,70.0,2830.0,4.0,41.0,15.0,2.0,13.0,470.0,34.0,264.0,70.0,9.0,7.0,19.0,66.0,,382.0,22.0,78.0,235.0,327.0,187.0,68.0,237.0,0.36182210280704236,0.011613519055363078,0.32528459308491836,0.051969172028565366,0.24931061302411087
2025-11-06,33184,49538.0,16319.0,146195547.012854,518.0,33328894.67058623,14855.0,610075205.1795056,2400.0,80407464.18650196,15446.0,181877900.62259665,14000.0,7540.0,675.0,1568.0,5726.0,2.0,33.0,,288.0,3.0,2.0,1.0,3.0,74.0,2319.0,29.0,40.0,11.0,3.0,4.0,347.0,16.0,227.0,45.0,22.0,2.0,30.0,120.0,,162.0,14.0,43.0,131.0,206.0,196.0,56.0,154.0,0.3294238766199685,0.010456619161048085,0.29987080624974766,0.04844765634462433,0.3118010416246114
2025-11-07,33568,55283.0,19244.0,209635641.8833585,759.0,49477413.164063394,17143.0,1055052018.1328077,2544.0,95923001.56246543,15593.0,343354088.0445285,16277.0,7959.0,793.0,1830.0,6727.0,2.0,76.0,1.0,262.0,9.0,7.0,2.0,3.0,97.0,2967.0,,54.0,8.0,2.0,7.0,447.0,21.0,173.0,127.0,17.0,3.0,9.0,117.0,,465.0,19.0,156.0,261.0,353.0,160.0,56.0,223.0,0.3480997775084565,0.013729356221623284,0.31009532767758624,0.04601776314599425,0.28205777544633975
2025-11-08,36207,58873.0,19822.0,268256980.8905434,553.0,21755266.14515768,18961.0,810020523.6231521,1793.0,29537917.047144763,17744.0,433131231.0196916,17081.0,8987.0,1948.0,1353.0,6744.0,4.0,61.0,1.0,163.0,11.0,3.0,2.0,,92.0,2741.0,1.0,39.0,15.0,5.0,9.0,362.0,44.0,121.0,101.0,2.0,2.0,16.0,98.0,,270.0,12.0,69.0,208.0,249.0,56.0,35.0,224.0,0.33669084300103613,0.009393100402561446,0.32206614237426323,0.030455387019516587,0.3013945272026226
2025-11-09,37581,63080.0,21607.0,294579358.7436366,560.0,9111224.575647969,20666.0,678035196.9284518,3020.0,74861872.25197326,17227.0,464231948.4423885,18777.0,9429.0,2107.0,2218.0,7377.0,2.0,60.0,3.0,275.0,10.0,6.0,3.0,1.0,104.0,2830.0,2.0,51.0,16.0,5.0,13.0,350.0,22.0,225.0,65.0,3.0,,30.0,127.0,,633.0,43.0,110.0,235.0,296.0,172.0,45.0,208.0,0.34253329105897273,0.008877615726062143,0.3276157260621433,0.04787571337983513,0.27309765377298667
2025-11-10,35574,58581.0,20912.0,147350620.19467145,532.0,14749797.869143657,17972.0,535038046.49559945,2702.0,87275130.8071968,16463.0,202338118.53920394,17966.0,9125.0,729.0,1957.0,6675.0,8.0,64.0,3.0,281.0,22.0,1.0,3.0,2.0,90.0,2946.0,2.0,28.0,17.0,9.0,9.0,377.0,16.0,208.0,81.0,2.0,1.0,12.0,75.0,,491.0,15.0,57.0,119.0,209.0,178.0,49.0,291.0,0.35697581126986566,0.00908144278861747,0.306788890595927,0.046124169952715045,0.2810296853928748
2025-11-11,38595,64755.0,22542.0,196277529.80946746,818.0,28961759.75315758,20016.0,573919410.7079505,4207.0,90085649.23808876,17172.0,345573099.4057502,18999.0,9932.0,784.0,2618.0,7645.0,4.0,107.0,4.0,716.0,32.0,2.0,10.0,1.0,99.0,3543.0,,36.0,25.0,9.0,18.0,494.0,30.0,305.0,215.0,8.0,1.0,33.0,221.0,,456.0,13.0,67.0,220.0,255.0,337.0,117.0,227.0,0.34811211489460275,0.01263222917149255,0.30910354412786656,0.06496795614238282,0.26518415566365533
2025-11-12,37403,61867.0,21641.0,187785654.1838013,702.0,41406123.14639473,19135.0,807317409.1570243,4122.0,96710044.87742552,16267.0,341497442.43672264,18569.0,9180.0,955.0,2499.0,7246.0,6.0,87.0,6.0,844.0,17.0,7.0,4.0,2.0,136.0,3072.0,3.0,30.0,15.0,7.0,13.0,437.0,22.0,312.0,139.0,10.0,2.0,32.0,207.0,,448.0,28.0,79.0,174.0,327.0,256.0,109.0,320.0,0.34979876186011927,0.011346921622189535,0.3092925145877447,0.06662679619183086,0.2629350057381156
2025-11-13,39578,68358.0,23181.0,229961199.19102845,883.0,25923918.71657481,22080.0,554219578.0943209,5154.0,159998618.01159158,17060.0,327485349.3739424,19389.0,10353.0,1315.0,3430.0,8176.0,3.0,74.0,7.0,779.0,26.0,6.0,2.0,3.0,169.0,3792.0,4.0,56.0,20.0,5.0,10.0,540.0,51.0,376.0,137.0,54.0,4.0,29.0,244.0,,795.0,30.0,115.0,194.0,317.0,323.0,98.0,372.0,0.3391117352760467,0.012917288393457972,0.32300535416483805,0.07539717370315106,0.24956844846250623
2025-11-14,40008,67975.0,24411.0,254201832.22350344,990.0,22534485.7245685,22816.0,631411297.901381,5286.0,183165410.02898833,14472.0,351880269.2324468,20614.0,10990.0,1076.0,3806.0,8797.0,1.0,105.0,4.0,430.0,28.0,9.0,4.0,2.0,150.0,3797.0,,34.0,12.0,4.0,10.0,776.0,26.0,330.0,82.0,11.0,,30.0,328.0,,587.0,25.0,91.0,254.0,270.0,388.0,62.0,370.0,0.35911732254505335,0.014564178006620082,0.33565281353438764,0.07776388378080176,0.21290180213313717
2025-11-15,37590,59251.0,22173.0,124104612.617331,745.0,43508926.92509796,19749.0,439748406.3500611,3055.0,49112690.55158011,13529.0,182015552.95251217,19014.0,9087.0,2946.0,2177.0,6452.0,1.0,60.0,2.0,321.0,9.0,3.0,20.0,2.0,104.0,3159.0,12.0,33.0,9.0,10.0,9.0,587.0,22.0,285.0,67.0,5.0,,17.0,127.0,,412.0,21.0,57.0,101.0,202.0,125.0,40.0,224.0,0.3742215321260401,0.01257362744932575,0.3333108301969587,0.05156031121837606,0.22833369900929942
2025-11-16,50264,78085.0,34218.0,218927698.38006574,970.0,16751428.228059469,22964.0,528944528.16344696,4033.0,133577565.86728533,15900.0,371964958.8898247,30943.0,11206.0,1627.0,2792.0,8094.0,1.0,98.0,6.0,427.0,16.0,4.0,2.0,3.0,135.0,3275.0,2.0,53.0,17.0,4.0,10.0,787.0,41.0,317.0,59.0,20.0,2.0,13.0,260.0,,723.0,22.0,87.0,124.0,242.0,235.0,51.0,487.0,0.4382147659601716,0.012422360248447204,0.2940897739642697,0.051648844208234616,0.20362425561887687
2025-11-17,50471,75622.0,35075.0,259540003.83438793,1199.0,53418406.87481726,21559.0,739850639.2650054,4307.0,133735127.8404635,13482.0,389723425.77182114,32124.0,10771.0,1140.0,3124.0,7889.0,3.0,61.0,5.0,350.0,12.0,4.0,2.0,1.0,114.0,2951.0,6.0,31.0,19.0,,12.0,941.0,33.0,373.0,115.0,8.0,1.0,15.0,222.0,,503.0,27.0,113.0,228.0,235.0,236.0,97.0,374.0,0.46382005236571366,0.015855174420142285,0.2850889952659279,0.05695432546084473,0.1782814524873714
2025-11-18,50747,76062.0,35725.0,203589756.80877277,975.0,31675070.02535807,21312.0,506215594.1659913,4195.0,113930603.7793179,13855.0,268391941.70486304,33034.0,10503.0,999.0,3164.0,8088.0,12.0,55.0,7.0,374.0,11.0,5.0,7.0,1.0,111.0,2691.0,2.0,42.0,14.0,2.0,5.0,774.0,33.0,278.0,64.0,8.0,,23.0,184.0,,554.0,19.0,104.0,165.0,222.0,188.0,92.0,372.0,0.4696826273303358,0.012818490179064447,0.28019247456022717,0.05515237569351319,0.18215403223685941
2025-11-19,54437,80284.0,36870.0,192659216.32620552,952.0,27441002.62501917,24354.0,601851685.5153475,4456.0,117265749.23109859,13652.0,234102499.89912578,34073.0,11346.0,1137.0,3236.0,9824.0,4.0,90.0,10.0,378.0,18.0,4.0,2.0,1.0,154.0,2797.0,5.0,24.0,11.0,5.0,13.0,770.0,50.0,274.0,52.0,2.0,,36.0,250.0,,669.0,79.0,87.0,250.0,216.0,316.0,86.0,363.0,0.4592446813810971,0.011857904439240695,0.30334811419460916,0.05550296447610981,0.17004633550894324
2025-11-20,51878,76540.0,29101.0,168840722.78233385,884.0,15670930.058381416,30044.0,507973972.22101074,4313.0,145288270.4930362,12198.0,165036486.43017045,26368.0,10314.0,1211.0,2982.0,16646.0,3.0,59.0,2.0,416.0,10.0,3.0,,2.0,131.0,2733.0,8.0,33.0,17.0,2.0,6.0,727.0,28.0,347.0,35.0,10.0,2.0,12.0,278.0,,620.0,31.0,90.0,230.0,220.0,290.0,84.0,392.0,0.38020642801149723,0.011549516592631304,0.3925267833812386,0.056349621113143455,0.1593676509014894
2025-11-21,38357,66394.0,22417.0,238258122.2825892,1098.0,48876550.98553803,23955.0,822706489.6693908,5827.0,250393574.71981928,13097.0,247594081.60699752,19170.0,10832.0,1785.0,4243.0,9104.0,1.0,88.0,6.0,376.0,15.0,4.0,4.0,3.0,180.0,3247.0,4.0,53.0,21.0,2.0,19.0,818.0,27.0,389.0,132.0,2.0,1.0,17.0,367.0,,741.0,31.0,124.0,311.0,306.0,448.0,118.0,308.0,0.3376359309576166,0.016537638943278008,0.36080067475976746,0.08776395457420852,0.1972618007651294
2025-11-22,32879,55413.0,19581.0,96675350.07322757,601.0,19498987.85703856,17477.0,324585818.1668496,2383.0,50708593.54604588,15371.0,222384934.18282264,17025.0,8527.0,1116.0,1870.0,6531.0,4.0,54.0,3.0,158.0,18.0,4.0,2.0,1.0,117.0,2556.0,3.0,42.0,22.0,1.0,20.0,398.0,34.0,139.0,110.0,6.0,,24.0,96.0,,308.0,18.0,60.0,157.0,162.0,118.0,95.0,243.0,0.3533647339072059,0.010845830400808474,0.3153953043509646,0.043004349159944416,0.2773897821810766
2025-11-23,31856,53852.0,18331.0,149045344.25454408,613.0,14858084.378900731,18745.0,380843600.14750206,2979.0,56403181.40320514,13184.0,120430975.76816823,15703.0,9423.0,970.0,2339.0,6633.0,2.0,132.0,1.0,210.0,13.0,4.0,1.0,4.0,103.0,2628.0,4.0,25.0,14.0,,11.0,431.0,30.0,202.0,91.0,8.0,,11.0,149.0,,709.0,25.0,68.0,185.0,217.0,78.0,57.0,187.0,0.340395899873728,0.011383049840303052,0.3480836366337369,0.055318279729629355,0.24481913392260268
2025-11-24,33103,56521.0,20092.0,149714840.65736037,816.0,34113993.738784045,18665.0,453974072.1479754,3927.0,84105169.6499912,13021.0,154085984.62023938,17220.0,8989.0,1083.0,2699.0,6827.0,2.0,106.0,4.0,405.0,16.0,7.0,2.0,1.0,133.0,2872.0,3.0,29.0,24.0,2.0,20.0,625.0,63.0,388.0,77.0,7.0,1.0,15.0,248.0,,467.0,19.0,88.0,211.0,226.0,185.0,104.0,332.0,0.35547849471877707,0.014437111869924453,0.33023124148546557,0.06947860087401143,0.23037455105182145
2025-11-25,34501,57003.0,19141.0,131484514.42520532,824.0,44323632.01987685,20092.0,494956646.22498333,3512.0,56876004.092770554,13434.0,130275291.52298696,16159.0,10882.0,845.0,2447.0,6896.0,1.0,96.0,6.0,391.0,8.0,14.0,3.0,4.0,101.0,2982.0,4.0,21.0,11.0,1.0,15.0,646.0,41.0,260.0,75.0,4.0,,23.0,215.0,,333.0,22.0,72.0,223.0,219.0,196.0,64.0,289.0,0.3357893444204691,0.014455379541427645,0.3524726768766556,0.061610792414434325,0.23567180674701332
2025-11-26,35906,61078.0,20824.0,143212449.13485044,677.0,8214648.520116654,20781.0,501220959.5479344,3288.0,64803879.38643288,15508.0,191812719.1971178,17683.0,10689.0,849.0,2273.0,7575.0,1.0,73.0,5.0,414.0,20.0,10.0,1.0,5.0,130.0,3141.0,5.0,18.0,17.0,1.0,13.0,508.0,28.0,301.0,58.0,31.0,,16.0,177.0,,527.0,25.0,59.0,181.0,210.0,122.0,68.0,336.0,0.34094109171878584,0.011084187432463408,0.3402370739054979,0.05383280395559776,0.25390484298765514
2025-11-27,36414,59941.0,20124.0,140237188.68214616,726.0,13581597.065187147,21337.0,1055474994.1210953,3087.0,50511808.86625712,14667.0,318438775.7208036,17263.0,10363.0,697.0,2260.0,8167.0,3.0,61.0,15.0,317.0,17.0,5.0,1.0,2.0,102.0,2861.0,4.0,68.0,15.0,6.0,7.0,580.0,46.0,185.0,65.0,17.0,,10.0,200.0,2.0,521.0,23.0,48.0,367.0,376.0,124.0,71.0,405.0,0.3357301346323885,0.012111910044877463,0.35596670058891244,0.05150064229825996,0.24469061243556164
2025-11-28,34413,55751.0,20023.0,141099428.84187323,609.0,18960334.517525822,18429.0,556084710.3933419,3341.0,64615738.97851569,13349.0,173713010.5515762,17343.0,8442.0,711.0,2017.0,7591.0,1.0,74.0,16.0,592.0,16.0,3.0,,,89.0,2680.0,1.0,98.0,14.0,3.0,7.0,450.0,32.0,388.0,54.0,4.0,4.0,20.0,157.0,,396.0,26.0,76.0,261.0,230.0,187.0,92.0,327.0,0.3591505085110581,0.010923570877652418,0.33055909311043746,0.05992717619414899,0.23943965130670303
2025-11-29,27213,43850.0,15197.0,81354271.43994366,504.0,18400315.963670388,14382.0,450498254.76336604,2312.0,26341063.99490676,11455.0,92479027.66160025,13268.0,6665.0,557.0,1168.0,5822.0,6.0,55.0,6.0,643.0,6.0,2.0,5.0,1.0,60.0,1929.0,,63.0,9.0,6.0,15.0,335.0,48.0,332.0,104.0,3.0,,26.0,82.0,,318.0,42.0,36.0,156.0,212.0,82.0,172.0,161.0,0.3465678449258837,0.011493728620296465,0.327981755986317,0.052725199543899655,0.2612314709236032
2025-11-30,28288,47067.0,16769.0,79844326.79205202,664.0,4487571.820301909,14352.0,265250467.774978,2043.0,20421323.971822612,13239.0,91818203.69083953,14497.0,7348.0,581.0,1516.0,5382.0,,46.0,4.0,211.0,21.0,4.0,1.0,2.0,59.0,2272.0,1.0,69.0,11.0,8.0,9.0,485.0,28.0,155.0,99.0,15.0,,23.0,97.0,,211.0,18.0,41.0,184.0,174.0,63.0,49.0,144.0,0.35627934646355197,0.014107548813393673,0.3049270189304608,0.04340620817133023,0.28127987762126333
2025-12-01,43498,79647.0,23819.0,194065842.4332974,1104.0,45957962.544195354,28701.0,732401738.326153,5931.0,135491708.33218473,20092.0,294789817.7532981,20050.0,13942.0,1719.0,3731.0,10858.0,5.0,109.0,13.0,508.0,26.0,7.0,1.0,4.0,193.0,3769.0,6.0,118.0,23.0,8.0,20.0,809.0,57.0,630.0,126.0,15.0,12.0,45.0,486.0,,557.0,40.0,91.0,206.0,292.0,575.0,136.0,368.0,0.2990570894070084,0.013861162378997326,0.3603525556518136,0.07446608158499378,0.25226311097718684
2025-12-02,37616,66043.0,20730.0,129487920.87031111,843.0,37522386.75586019,23410.0,472458081.39334655,3889.0,74966327.39209884,17171.0,163541368.4208993,17723.0,10330.0,1028.0,2665.0,9725.0,6.0,66.0,4.0,418.0,24.0,9.0,2.0,2.0,117.0,3007.0,4.0,39.0,31.0,2.0,10.0,707.0,42.0,507.0,76.0,5.0,,23.0,165.0,,1042.0,34.0,28.0,208.0,121.0,132.0,87.0,483.0,0.31388640734067197,0.01276441106551792,0.3544660297079176,0.05888587738291719,0.25999727450297533
2025-12-03,40331,71962.0,23713.0,153983247.18457994,1137.0,22201949.64147566,24138.0,490949739.9063618,4149.0,71383919.49773312,18825.0,223077203.3734213,20232.0,11498.0,1088.0,2906.0,9491.0,4.0,79.0,11.0,444.0,30.0,18.0,1.0,5.0,162.0,3481.0,1.0,58.0,40.0,7.0,18.0,961.0,68.0,427.0,84.0,12.0,,44.0,190.0,,749.0,39.0,35.0,187.0,203.0,181.0,70.0,313.0,0.329521136155193,0.0158000055584892,0.3354270309329924,0.05765542925432867,0.2615963980989967
2025-12-04,36028,61330.0,21181.0,123478518.50247301,948.0,11754579.10227221,20454.0,408928614.9442541,3402.0,63483229.135047436,15345.0,190537146.65361112,18420.0,9968.0,907.0,2388.0,8021.0,1.0,85.0,13.0,383.0,29.0,3.0,2.0,2.0,112.0,2761.0,2.0,56.0,20.0,3.0,19.0,685.0,57.0,285.0,150.0,10.0,3.0,61.0,196.0,,469.0,22.0,37.0,187.0,189.0,148.0,62.0,229.0,0.3453611609326594,0.015457361813142018,0.33350725582912116,0.05547040600032611,0.25020381542475134
2025-12-05,39025,68935.0,21457.0,100791346.52960558,900.0,12902850.688039882,24113.0,740013540.9617667,4499.0,84079212.81758398,17966.0,224032684.95464626,18453.0,11800.0,1084.0,3017.0,9205.0,,100.0,12.0,460.0,27.0,5.0,2.0,8.0,157.0,3004.0,3.0,76.0,29.0,11.0,60.0,728.0,48.0,338.0,79.0,9.0,,54.0,325.0,1.0,492.0,46.0,26.0,344.0,240.0,357.0,86.0,283.0,0.3112642344237325,0.01305577718140277,0.34979328352796113,0.06526437948792341,0.2606223253789802
2025-12-06,30297,48018.0,16888.0,60423213.640513815,645.0,8538693.971890258,16028.0,171656350.40560424,1434.0,16252219.302432133,13023.0,75712056.72634347,14830.0,8080.0,464.0,1049.0,6303.0,1.0,37.0,3.0,179.0,17.0,1.0,,2.0,127.0,2058.0,2.0,51.0,9.0,,106.0,497.0,27.0,124.0,38.0,8.0,,79.0,54.0,,268.0,10.0,21.0,158.0,191.0,28.0,78.0,95.0,0.35170144529134906,0.013432462826440086,0.3337914948560956,0.029863801074597025,0.2712107959515182
2025-12-07,22292,36442.0,13355.0,69218186.34806524,506.0,6756803.401625232,11900.0,221894161.19613597,1944.0,48890227.42402072,8737.0,135404014.24637654,11393.0,6069.0,543.0,1421.0,4310.0,1.0,45.0,8.0,179.0,10.0,1.0,,1.0,78.0,1962.0,1.0,14.0,5.0,1.0,24.0,450.0,16.0,137.0,19.0,7.0,,15.0,86.0,,321.0,17.0,14.0,136.0,89.0,121.0,73.0,138.0,0.3664727512211185,0.013885077657647769,0.32654629273914715,0.05334504143570605,0.23975083694638055
2025-12-08,23361,36395.0,13146.0,90305246.54958022,538.0,16938523.60331735,12566.0,370735485.1195181,2035.0,58206859.48809538,8110.0,158766394.28733885,11359.0,6528.0,597.0,1480.0,4671.0,1.0,35.0,2.0,189.0,7.0,1.0,,,59.0,1787.0,2.0,15.0,6.0,1.0,8.0,450.0,22.0,162.0,32.0,9.0,2.0,9.0,95.0,,182.0,11.0,34.0,138.0,75.0,109.0,62.0,145.0,0.36120346201401293,0.014782250309108394,0.3452672070339332,0.055914273938727846,0.22283280670421762
2025-12-09,28985,46943.0,16741.0,166378649.35029358,819.0,27609278.145905808,16651.0,542791601.6975658,2778.0,84965498.84495348,9954.0,214784560.10771063,14312.0,7871.0,795.0,1982.0,6517.0,3.0,46.0,2.0,270.0,6.0,6.0,,2.0,108.0,2429.0,3.0,14.0,12.0,3.0,22.0,605.0,23.0,218.0,141.0,5.0,4.0,22.0,128.0,,455.0,28.0,39.0,353.0,108.0,180.0,117.0,160.0,0.35662399079734997,0.01744669066740515,0.3547067720426901,0.05917815222716912,0.21204439426538568
2025-12-10,31339,49667.0,17008.0,133339751.58229853,645.0,22789725.686822377,19043.0,423465075.3465768,2612.0,94800587.5192237,10359.0,300562255.3734457,14373.0,7988.0,758.0,1881.0,9109.0,1.0,55.0,7.0,252.0,14.0,,1.0,,102.0,2635.0,1.0,12.0,17.0,1.0,22.0,497.0,30.0,219.0,85.0,6.0,,30.0,141.0,,276.0,14.0,26.0,211.0,143.0,118.0,90.0,193.0,0.3424406547607063,0.012986490023556889,0.3834135341373548,0.05259025107214046,0.20856907000624156
2025-12-11,32183,54524.0,17209.0,129619867.913531,720.0,10787684.841437262,20132.0,470362772.11682504,3691.0,99127936.38665676,12772.0,269011118.3774444,14630.0,9270.0,881.0,2500.0,8318.0,1.0,61.0,7.0,392.0,10.0,6.0,3.0,5.0,151.0,2579.0,21.0,26.0,14.0,4.0,15.0,598.0,38.0,293.0,34.0,5.0,,41.0,255.0,,634.0,42.0,21.0,184.0,176.0,248.0,106.0,183.0,0.31562247817474876,0.013205194042990243,0.36923189787983274,0.06769496001760693,0.23424546988482137
2025-12-12,30158,51360.0,16195.0,88513134.87249348,779.0,14696745.156315045,17996.0,297088055.4049587,3436.0,90180067.9906286,12954.0,159202559.05198818,13811.0,8443.0,842.0,2005.0,7468.0,3.0,70.0,12.0,448.0,19.0,2.0,3.0,2.0,109.0,2384.0,10.0,40.0,11.0,2.0,30.0,647.0,35.0,456.0,67.0,4.0,3.0,25.0,225.0,,242.0,23.0,23.0,217.0,220.0,299.0,54.0,152.0,0.31532320872274144,0.015167445482866044,0.3503894080996885,0.06690031152647975,0.2522196261682243
2025-12-13,26129,41124.0,14139.0,36197052.91392669,455.0,10775868.086708872,13946.0,185975481.51300764,1359.0,17085509.71552266,11225.0,57504654.391419075,12007.0,6583.0,438.0,1020.0,6206.0,5.0,49.0,1.0,126.0,14.0,2.0,5.0,2.0,43.0,2132.0,9.0,35.0,4.0,,16.0,363.0,31.0,110.0,50.0,2.0,3.0,10.0,39.0,,101.0,20.0,18.0,136.0,158.0,59.0,21.0,81.0,0.3438138313393639,0.011064098823071685,0.3391207081023247,0.03304639626495477,0.27295496547028497
2025-12-14,26887,43554.0,15243.0,47960315.00462275,518.0,7135436.258156342,14471.0,159207079.356533,2813.0,41586448.45514848,10509.0,99044853.22002304,13101.0,6876.0,598.0,1886.0,6036.0,7.0,46.0,7.0,202.0,7.0,4.0,,,84.0,2142.0,,48.0,8.0,1.0,7.0,417.0,52.0,153.0,57.0,5.0,,28.0,276.0,,214.0,13.0,11.0,207.0,131.0,296.0,43.0,82.0,0.3499793359966938,0.011893281902925105,0.3322542131606741,0.06458649033383845,0.24128667860586858
2025-12-15,36773,63967.0,20602.0,152603302.82668653,1122.0,29972220.301214762,22067.0,464236641.12169075,4404.0,105275082.24122085,15772.0,310747229.2465445,17650.0,10238.0,1145.0,3144.0,8695.0,12.0,134.0,11.0,330.0,27.0,5.0,2.0,9.0,143.0,2952.0,2.0,89.0,28.0,3.0,19.0,947.0,92.0,328.0,75.0,22.0,4.0,47.0,311.0,,575.0,28.0,25.0,227.0,281.0,289.0,106.0,200.0,0.3220723185392468,0.017540294214204197,0.3449747526068129,0.06884799974987103,0.24656463488986508
2025-12-16,36451,61564.0,19866.0,129138743.62038776,907.0,14772949.244060377,22160.0,316829720.1674937,3665.0,79131592.99813852,14966.0,233876067.4678559,17087.0,10529.0,1375.0,2577.0,8462.0,4.0,143.0,21.0,381.0,15.0,18.0,5.0,4.0,122.0,2779.0,3.0,53.0,19.0,3.0,27.0,717.0,51.0,415.0,120.0,3.0,3.0,38.0,153.0,,425.0,28.0,23.0,191.0,243.0,134.0,78.0,349.0,0.32268858423754143,0.014732635956078228,0.3599506204924956,0.059531544409070235,0.2430966149048145
2025-12-17,35508,62828.0,20122.0,140456075.71608752,902.0,20156962.686008606,21676.0,413552584.9022614,5002.0,128990378.24323508,15126.0,280305762.9978603,17266.0,9814.0,1060.0,3228.0,8874.0,6.0,100.0,13.0,385.0,17.0,13.0,7.0,3.0,112.0,2856.0,17.0,50.0,22.0,4.0,29.0,659.0,70.0,439.0,182.0,5.0,4.0,25.0,454.0,,590.0,35.0,10.0,260.0,228.0,489.0,96.0,280.0,0.3202712166549946,0.01435665626790603,0.3450054115999236,0.07961418475838798,0.2407525307187878
2025-12-18,37494,68752.0,20464.0,140084013.9076035,1130.0,15397558.689725751,24583.0,477606130.28660095,5234.0,133303725.04782054,17341.0,302795308.5216298,17243.0,10997.0,1418.0,3616.0,9788.0,4.0,108.0,8.0,375.0,28.0,19.0,2.0,4.0,191.0,3221.0,2.0,95.0,33.0,7.0,21.0,773.0,48.0,414.0,256.0,6.0,5.0,47.0,360.0,,816.0,28.0,41.0,260.0,308.0,467.0,102.0,300.0,0.29764952292296953,0.016435885501512683,0.35756050733069583,0.07612869443797998,0.252225389806842
2025-12-19,34724,62688.0,18656.0,136034289.6511542,852.0,10671001.72336641,22390.0,414696425.67318743,4054.0,120685637.24431047,16736.0,379312252.81361103,15537.0,10419.0,1030.0,2970.0,9040.0,4.0,83.0,4.0,233.0,25.0,11.0,1.0,2.0,176.0,3119.0,2.0,81.0,22.0,7.0,14.0,696.0,73.0,293.0,100.0,5.0,3.0,30.0,242.0,,577.0,19.0,16.0,279.0,235.0,315.0,68.0,221.0,0.29760081674323635,0.013591117917304748,0.3571656457376212,0.06466947422154161,0.2669729453802961
2025-12-20,23956,37318.0,13567.0,33627984.70309418,328.0,3054629.751651035,11457.0,118593611.12821667,1101.0,18439659.549551178,10865.0,40187950.52442963,11638.0,5279.0,372.0,893.0,4921.0,25.0,22.0,2.0,72.0,20.0,9.0,,2.0,43.0,1929.0,2.0,76.0,2.0,5.0,7.0,231.0,116.0,45.0,36.0,49.0,,5.0,43.0,,127.0,11.0,5.0,133.0,130.0,48.0,45.0,110.0,0.36355110134519536,0.008789324186719545,0.30701002197331045,0.029503188809689693,0.29114636368508495
2025-12-21,25426,42772.0,15038.0,70268831.71870756,753.0,12811851.6404014,12872.0,166931800.13985315,1790.0,42310528.173313424,12319.0,133152108.8579979,12619.0,5953.0,486.0,1354.0,5368.0,17.0,22.0,7.0,127.0,40.0,4.0,,4.0,140.0,2419.0,2.0,47.0,15.0,2.0,17.0,647.0,56.0,141.0,73.0,9.0,,15.0,83.0,,207.0,17.0,7.0,188.0,116.0,85.0,57.0,109.0,0.3515851491630038,0.017604975217431963,0.30094454315907604,0.041849808285794446,0.2880155241746937
2025-12-22,36103,62081.0,19463.0,116695158.89505251,970.0,17899933.81979353,21013.0,328695394.3764528,4489.0,96714622.99514326,16146.0,255018873.5943877,16394.0,9731.0,941.0,2907.0,8817.0,16.0,81.0,6.0,540.0,35.0,3.0,,,171.0,3069.0,2.0,87.0,24.0,4.0,9.0,805.0,86.0,566.0,104.0,3.0,2.0,25.0,172.0,,277.0,26.0,29.0,155.0,217.0,304.0,86.0,241.0,0.3135097694946924,0.015624748312688262,0.3384771508190912,0.07230875791304908,0.26007957346047905
2025-12-23,33459,55483.0,18000.0,97261012.31977348,817.0,17251442.11346748,19446.0,325945353.9567721,3390.0,81285100.41574344,13830.0,256489282.10755992,15297.0,9169.0,801.0,1992.0,7646.0,12.0,82.0,9.0,520.0,23.0,3.0,,3.0,111.0,2703.0,2.0,69.0,15.0,3.0,15.0,670.0,119.0,466.0,65.0,23.0,,25.0,236.0,,529.0,26.0,32.0,171.0,191.0,176.0,72.0,377.0,0.32442369734873744,0.014725231151884361,0.35048573436908603,0.06109979633401222,0.24926554079627994
2025-12-24,30300,48869.0,17156.0,54493512.68945264,595.0,15367177.908412654,15789.0,246452558.66095155,2338.0,35975841.16374184,12991.0,119451487.20923978,14518.0,7744.0,576.0,1451.0,5819.0,17.0,60.0,8.0,307.0,14.0,2.0,1.0,5.0,79.0,2638.0,,58.0,16.0,,8.0,521.0,89.0,360.0,40.0,5.0,,16.0,118.0,,403.0,32.0,13.0,147.0,183.0,101.0,78.0,451.0,0.35106099981583416,0.012175407722687184,0.32308825635883687,0.047842190345617874,0.2658331457570239
2025-12-25,28366,46262.0,17509.0,45673834.19408103,499.0,8573301.878803812,13594.0,196676253.231048,1738.0,29082260.34767693,12922.0,79988652.01142222,15095.0,6715.0,488.0,1180.0,5037.0,12.0,41.0,7.0,229.0,16.0,2.0,3.0,18.0,61.0,2414.0,,102.0,8.0,1.0,7.0,410.0,73.0,192.0,60.0,2.0,2.0,8.0,68.0,,415.0,9.0,17.0,143.0,175.0,66.0,73.0,191.0,0.37847477411266267,0.010786390558125459,0.29384808265963425,0.037568630841727554,0.27932212182785005
2025-12-26,34583,57454.0,19340.0,81645695.94002248,500.0,8685160.21284843,18969.0,301220361.0233571,3124.0,69123584.8320566,15521.0,241314282.82367438,16377.0,8465.0,903.0,1892.0,7525.0,8.0,45.0,8.0,386.0,14.0,7.0,,23.0,156.0,2963.0,1.0,59.0,40.0,2.0,10.0,423.0,66.0,508.0,41.0,2.0,1.0,11.0,146.0,,619.0,16.0,21.0,361.0,189.0,192.0,122.0,331.0,0.33661711978278275,0.008702614265325304,0.33015977999791135,0.054373933929752497,0.2701465520242281
2025-12-27,26189,40993.0,15425.0,31097109.270941935,262.0,1343678.402239742,12550.0,168335317.16595137,1388.0,18088276.73362119,11368.0,65492956.13600319,13279.0,6509.0,356.0,846.0,4507.0,29.0,44.0,,183.0,12.0,1.0,1.0,4.0,44.0,2146.0,,67.0,10.0,,5.0,221.0,128.0,271.0,22.0,8.0,,4.0,49.0,,354.0,12.0,7.0,151.0,137.0,38.0,95.0,85.0,0.3762837557631791,0.006391335105993707,0.30614983045885885,0.03385943941648574,0.27731563925548264
2025-12-28,28345,44621.0,16239.0,42394244.95296685,325.0,5228381.301114667,14973.0,153696618.06206295,1567.0,17958066.88848905,11517.0,48602272.927108854,14258.0,7728.0,481.0,998.0,5552.0,5.0,15.0,,212.0,12.0,4.0,2.0,9.0,49.0,1981.0,7.0,73.0,28.0,,9.0,270.0,31.0,230.0,27.0,2.0,1.0,6.0,72.0,,363.0,10.0,12.0,97.0,118.0,53.0,93.0,296.0,0.3639317809999776,0.007283566033930212,0.3355594899262679,0.03511799376974967,0.25810716927007465
2025-12-29,35937,61089.0,20299.0,85636617.7058494,578.0,6726422.994616026,20778.0,316176752.8625982,4949.0,127418459.7596077,14485.0,183729197.5118974,17111.0,9750.0,913.0,2679.0,8192.0,,90.0,9.0,605.0,21.0,8.0,,31.0,122.0,3188.0,1.0,57.0,18.0,4.0,9.0,502.0,44.0,979.0,34.0,9.0,1.0,23.0,295.0,,728.0,33.0,8.0,209.0,196.0,391.0,126.0,218.0,0.33228568154659593,0.009461605198971991,0.34012670038795856,0.08101294832130171,0.2371130645451718
2025-12-30,32157,50941.0,17751.0,84014416.92928287,501.0,3255382.803959062,18250.0,331373716.9602401,3141.0,68592262.35697243,11298.0,123756666.49718869,15070.0,8685.0,572.0,1844.0,7356.0,8.0,52.0,10.0,372.0,9.0,9.0,,10.0,61.0,2681.0,1.0,48.0,16.0,1.0,6.0,433.0,54.0,620.0,29.0,10.0,1.0,20.0,179.0,,543.0,13.0,7.0,358.0,164.0,126.0,129.0,146.0,0.3484619461730237,0.009834907049331579,0.3582575921163699,0.06165956695000098,0.22178598771127384
2025-12-31,33082,52524.0,19636.0,79456248.33496252,443.0,4071147.17191509,16806.0,264891224.476681,2614.0,54310926.03607569,13025.0,88923158.65733847,16685.0,8437.0,639.0,1452.0,6615.0,,77.0,3.0,322.0,8.0,2.0,1.0,,69.0,2951.0,4.0,29.0,7.0,,20.0,319.0,30.0,519.0,64.0,4.0,1.0,32.0,142.0,,285.0,29.0,19.0,153.0,139.0,178.0,100.0,164.0,0.3738481456096261,0.008434239585713198,0.3199680146218871,0.04976772523037088,0.2479818749524027
2026-01-01,28433,45018.0,16417.0,30342023.048776906,272.0,2750987.951601863,13429.0,173705364.243117,2081.0,13396543.424469575,12819.0,67024060.86178225,14350.0,6858.0,438.0,1572.0,4899.0,14.0,91.0,,111.0,7.0,1.0,2.0,3.0,54.0,2067.0,1.0,16.0,6.0,,2.0,201.0,120.0,261.0,50.0,5.0,,9.0,61.0,,396.0,21.0,6.0,195.0,126.0,74.0,74.0,108.0,0.3646763516815496,0.006042027633391088,0.2983029010617975,0.04622595406281932,0.2847527655604425
2026-01-02,36455,61249.0,20868.0,124638402.43551677,556.0,6459769.589497957,20078.0,328177630.54744095,5435.0,101476944.38245127,14312.0,260822923.44625607,17976.0,9282.0,787.0,2698.0,8562.0,10.0,62.0,3.0,907.0,12.0,6.0,,5.0,122.0,2892.0,1.0,48.0,15.0,3.0,11.0,449.0,75.0,1132.0,66.0,6.0,3.0,20.0,252.0,,319.0,27.0,11.0,239.0,167.0,446.0,89.0,234.0,0.3407076033894431,0.009077699227742493,0.3278094336234061,0.0887361426309001,0.2336691211285082
2026-01-03,32067,50149.0,18906.0,67594586.31218404,595.0,3613274.28721372,15463.0,227901515.11992434,2294.0,31762942.62597817,12891.0,87521446.21610346,16249.0,6725.0,406.0,1223.0,7133.0,2.0,37.0,5.0,447.0,9.0,1.0,,1.0,71.0,2657.0,4.0,27.0,10.0,1.0,17.0,405.0,46.0,464.0,54.0,6.0,,120.0,77.0,,189.0,19.0,6.0,229.0,114.0,83.0,78.0,343.0,0.3769965502801651,0.011864643362778919,0.3083411433926898,0.045743683822209814,0.2570539791421564
2026-01-04,34414,53491.0,21309.0,68665411.85154001,342.0,2097662.370292946,15014.0,165895060.16262633,2274.0,48264029.85082824,14552.0,124458549.49002771,18535.0,6587.0,431.0,1046.0,6749.0,12.0,95.0,2.0,537.0,7.0,3.0,,,50.0,2774.0,3.0,62.0,11.0,,10.0,247.0,68.0,553.0,28.0,9.0,,53.0,61.0,,289.0,9.0,2.0,199.0,174.0,77.0,87.0,169.0,0.3983660802751865,0.006393598923183339,0.2806827316744873,0.04251182441906115,0.2720457647080817
2026-01-05,40599,67019.0,23651.0,126753501.76239868,807.0,8647883.632050583,21886.0,410757346.3159397,4227.0,71686624.15129742,16448.0,248115179.38189304,19767.0,10460.0,714.0,2514.0,9251.0,10.0,79.0,4.0,498.0,22.0,1.0,,2.0,124.0,3884.0,,49.0,13.0,3.0,9.0,681.0,36.0,613.0,67.0,3.0,1.0,46.0,314.0,,401.0,25.0,9.0,215.0,195.0,288.0,75.0,198.0,0.352899923902177,0.012041361404974709,0.3265641086855966,0.06307166624390098,0.2454229397633507
2026-01-06,42094,69857.0,25325.0,144902740.89795303,654.0,5354932.203329464,21689.0,507916647.45449144,3738.0,89228104.13903864,18451.0,261952133.66403025,21318.0,10133.0,726.0,2362.0,8848.0,3.0,143.0,8.0,512.0,13.0,5.0,2.0,1.0,137.0,4007.0,1.0,44.0,10.0,2.0,16.0,568.0,35.0,491.0,46.0,2.0,3.0,27.0,186.0,,519.0,26.0,7.0,362.0,234.0,185.0,93.0,331.0,0.36252630373477246,0.0093619823353422,0.31047711754011764,0.053509311879983396,0.2641252845097843
2026-01-07,38703,61147.0,22476.0,116370088.6818625,605.0,10070059.038351644,20364.0,465681930.65819085,3416.0,61692208.73538231,14286.0,228433546.41119143,19155.0,9784.0,646.0,1838.0,8348.0,,38.0,10.0,813.0,15.0,5.0,2.0,2.0,120.0,3321.0,1.0,44.0,16.0,2.0,11.0,511.0,41.0,448.0,35.0,2.0,,31.0,185.0,,363.0,19.0,25.0,361.0,185.0,130.0,114.0,240.0,0.3675732251786678,0.009894189412399628,0.3330335094117455,0.05586537360786302,0.2336337023893241
2026-01-08,44058,69992.0,24297.0,109245427.49134949,735.0,11097279.351579543,24686.0,357571256.5284978,3626.0,58061509.07994256,16648.0,213041934.1479175,20866.0,10532.0,830.0,2039.0,10669.0,1.0,65.0,9.0,757.0,16.0,10.0,3.0,2.0,725.0,3431.0,1.0,62.0,13.0,5.0,6.0,585.0,48.0,495.0,37.0,23.0,1.0,49.0,192.0,,914.0,29.0,39.0,276.0,172.0,140.0,97.0,205.0,0.34713967310549776,0.010501200137158533,0.35269745113727285,0.05180592067664876,0.2378557549434221
2026-01-09,35205,56548.0,18854.0,111171949.0648111,614.0,5165978.856088736,19401.0,286036994.57765716,2836.0,79350775.73145775,14843.0,300483438.8504149,15880.0,8355.0,649.0,1683.0,8900.0,1.0,55.0,8.0,444.0,17.0,15.0,2.0,,226.0,2974.0,2.0,69.0,10.0,1.0,8.0,552.0,55.0,396.0,24.0,,,14.0,187.0,,383.0,31.0,22.0,218.0,156.0,124.0,101.0,143.0,0.3334158590931598,0.010858032114309966,0.34308905708424703,0.0501520831859659,0.26248496852231734
2026-01-10,26738,39727.0,16061.0,27535876.13258789,221.0,1458057.4927744947,11660.0,160206806.5630161,1354.0,14064953.77568684,10431.0,34811789.02047616,13888.0,5370.0,278.0,903.0,5124.0,4.0,19.0,1.0,88.0,12.0,1.0,3.0,1.0,75.0,2173.0,1.0,88.0,2.0,1.0,17.0,191.0,66.0,164.0,12.0,3.0,,2.0,137.0,,132.0,10.0,12.0,172.0,139.0,59.0,76.0,72.0,0.40428423993757395,0.005562967251491429,0.2935031590605885,0.034082613839454275,0.2625670199108918
2026-01-11,27876,43412.0,16511.0,48351701.486580834,530.0,1555324.009324173,13203.0,190178112.57606533,1819.0,34460095.12349673,11349.0,94808225.15140285,14063.0,5805.0,481.0,1266.0,5676.0,13.0,34.0,,200.0,9.0,1.0,1.0,1.0,281.0,2448.0,3.0,110.0,8.0,1.0,4.0,477.0,88.0,197.0,16.0,2.0,,20.0,78.0,,242.0,16.0,12.0,137.0,157.0,77.0,62.0,77.0,0.3803326269234313,0.012208605915415092,0.3041324979268405,0.04190085690592463,0.26142541232838845
2026-01-12,33428,58089.0,19014.0,110031085.91648468,541.0,8152493.3397359615,20301.0,416478108.4502734,3569.0,81545668.935575,14664.0,257666421.79288036,15459.0,8061.0,783.0,2109.0,8884.0,5.0,107.0,3.0,463.0,14.0,4.0,4.0,2.0,330.0,3555.0,3.0,98.0,12.0,3.0,10.0,475.0,80.0,570.0,29.0,2.0,2.0,19.0,241.0,,432.0,22.0,11.0,276.0,240.0,182.0,111.0,824.0,0.32732531116046065,0.009313295116114928,0.3494809688581315,0.06144020382516483,0.2524402210401281
2026-01-13,35837,60196.0,19688.0,131301726.14440593,574.0,7635783.3538449155,21072.0,507159834.8132021,3924.0,78224032.19680242,14938.0,292121009.47523344,16190.0,8975.0,834.0,2657.0,9425.0,10.0,75.0,3.0,295.0,20.0,6.0,4.0,,148.0,3498.0,,69.0,13.0,1.0,8.0,486.0,54.0,407.0,59.0,2.0,3.0,15.0,273.0,,336.0,23.0,9.0,310.0,193.0,288.0,73.0,496.0,0.3270649212572264,0.009535517310120274,0.35005648215828294,0.0651870556183135,0.24815602365605688
2026-01-14,37097,59948.0,20731.0,136089214.36355937,624.0,5022173.9808412315,21858.0,806376455.6389487,3763.0,90292538.80831708,12972.0,234446576.533476,16999.0,9108.0,939.0,2529.0,9855.0,27.0,61.0,2.0,348.0,5.0,6.0,4.0,3.0,91.0,3732.0,3.0,56.0,11.0,1.0,6.0,555.0,109.0,354.0,29.0,2.0,,12.0,273.0,,331.0,38.0,23.0,444.0,253.0,255.0,74.0,438.0,0.3458163741909655,0.010409021151664775,0.36461600053379595,0.06277106825915793,0.21638753586441584
2026-01-15,33695,54047.0,19209.0,125281371.93971097,733.0,5317137.303010002,19172.0,634053013.6429949,3162.0,86691476.25914726,11771.0,202978042.87909916,15750.0,8216.0,715.0,2091.0,7808.0,1.0,53.0,4.0,297.0,14.0,4.0,,4.0,487.0,3459.0,3.0,31.0,17.0,1.0,10.0,642.0,54.0,391.0,37.0,3.0,1.0,28.0,175.0,,452.0,16.0,19.0,361.0,269.0,208.0,95.0,560.0,0.35541288138102023,0.013562269876218846,0.3547282920421115,0.05850463485484856,0.21779192184580087
2026-01-16,30090,48803.0,16888.0,121844696.13207646,437.0,48197072.14623447,16339.0,442188176.7561591,2502.0,71345664.25513363,12637.0,157511030.58476815,14311.0,6662.0,646.0,1661.0,6947.0,5.0,35.0,1.0,189.0,18.0,,,,324.0,2577.0,1.0,74.0,22.0,7.0,11.0,382.0,41.0,389.0,20.0,9.0,,9.0,118.0,,603.0,23.0,16.0,318.0,260.0,145.0,82.0,260.0,0.3460443005552937,0.00895436755937135,0.3347949921111407,0.05126734012253345,0.2589389996516608
2026-01-17,28153,43921.0,17041.0,57960356.846529,322.0,8771113.92200621,13187.0,159692034.87189662,1388.0,26394101.91888681,11983.0,53437964.18907855,14124.0,6245.0,407.0,1044.0,5262.0,2.0,57.0,1.0,73.0,6.0,4.0,1.0,,151.0,2917.0,3.0,107.0,11.0,3.0,4.0,243.0,40.0,147.0,28.0,9.0,,21.0,38.0,,281.0,3.0,18.0,194.0,224.0,85.0,56.0,129.0,0.3879920766831356,0.007331344914733271,0.30024361922542747,0.031602194849844036,0.2728307643268596
2026-01-18,29427,47606.0,18077.0,75243285.5788925,500.0,10648905.16686694,14807.0,191960739.1466935,1831.0,30075367.649610933,12391.0,74763013.05993795,14869.0,6603.0,418.0,1181.0,5927.0,,54.0,8.0,239.0,21.0,1.0,2.0,2.0,666.0,3208.0,3.0,87.0,11.0,2.0,10.0,385.0,31.0,246.0,47.0,4.0,2.0,43.0,92.0,,314.0,17.0,16.0,202.0,186.0,71.0,69.0,178.0,0.37972104356593706,0.010502877788514053,0.3110322228290552,0.038461538461538464,0.2602823173549553
2026-01-19,35870,60964.0,20772.0,115770380.79955341,544.0,10871184.530320682,19595.0,408562956.5501574,3145.0,63303226.39482432,16908.0,151247851.0216719,16779.0,8295.0,748.0,2252.0,8266.0,,57.0,9.0,222.0,16.0,2.0,1.0,4.0,442.0,3993.0,3.0,49.0,16.0,6.0,7.0,374.0,64.0,277.0,83.0,6.0,,55.0,195.0,,747.0,17.0,23.0,368.0,210.0,198.0,102.0,170.0,0.34072567416836164,0.008923298996128863,0.3214191982153402,0.05158782232136999,0.2773440062987993
2026-01-20,39739,68862.0,21617.0,130257234.37216833,519.0,8272703.29911672,24106.0,809261316.302789,4762.0,104518387.36187677,17858.0,346043893.77115273,17644.0,10647.0,954.0,3021.0,10165.0,8.0,51.0,18.0,555.0,13.0,9.0,3.0,8.0,280.0,3973.0,5.0,49.0,18.0,10.0,10.0,422.0,53.0,653.0,58.0,1.0,,21.0,273.0,,650.0,31.0,12.0,400.0,235.0,257.0,89.0,408.0,0.31391769045337053,0.007536812755946676,0.3500624437280358,0.06915279835032384,0.2593302547123232
2026-01-21,42878,71769.0,19816.0,141495575.1956744,551.0,11522995.564711334,29176.0,489431681.15885997,5797.0,114264178.89266749,16429.0,296930105.94253033,15981.0,16112.0,1064.0,3109.0,9918.0,3.0,78.0,10.0,785.0,23.0,6.0,3.0,2.0,274.0,3835.0,2.0,49.0,17.0,3.0,8.0,462.0,56.0,1135.0,24.0,1.0,1.0,38.0,400.0,,569.0,29.0,23.0,303.0,211.0,365.0,125.0,316.0,0.27610806894341566,0.0076774094664827435,0.4065264947261352,0.08077303571179757,0.22891499115216876
2026-01-22,36571,60922.0,19028.0,86239627.69014354,482.0,4450145.609337828,22009.0,442610913.20182705,3978.0,92130590.41593666,15425.0,139433524.78629133,15318.0,11660.0,742.0,2329.0,8088.0,4.0,45.0,6.0,502.0,9.0,1.0,1.0,2.0,230.0,3710.0,2.0,46.0,9.0,,7.0,389.0,50.0,638.0,24.0,1.0,,35.0,170.0,,324.0,22.0,31.0,197.0,184.0,338.0,130.0,253.0,0.31233380388037163,0.00791175601588917,0.3612652243852795,0.065296608778438,0.25319260694002166
2026-01-23,33245,55962.0,17597.0,69219782.95744602,386.0,9464257.866084425,20469.0,341986402.0171695,3851.0,55905027.5410384,13659.0,120489258.87376271,14596.0,8953.0,1027.0,2335.0,8627.0,4.0,46.0,7.0,404.0,3.0,308.0,2.0,,159.0,3001.0,1.0,44.0,10.0,1.0,8.0,332.0,54.0,559.0,18.0,,,16.0,197.0,,478.0,4.0,19.0,200.0,145.0,354.0,84.0,307.0,0.31444551660055037,0.00689753761481005,0.36576605553768626,0.06881455273221114,0.24407633751474214
2026-01-24,29231,46137.0,15924.0,43844329.239081986,215.0,1014779.4093733699,15360.0,192660559.32012728,4072.0,36606978.66041368,10566.0,33026365.575232044,13605.0,7513.0,357.0,1178.0,6375.0,5.0,6.0,,1122.0,,122.0,1.0,,136.0,2319.0,1.0,37.0,2.0,,5.0,150.0,37.0,1575.0,14.0,13.0,,26.0,78.0,,269.0,17.0,11.0,133.0,66.0,118.0,73.0,207.0,0.34514597828207294,0.004660034245833063,0.332921516353469,0.08825888115828945,0.22901358996033552
2026-01-25,39785,66259.0,22237.0,100754197.69156525,405.0,4553044.104302604,23054.0,347201288.627544,5138.0,83520058.3557886,15425.0,89416566.05529532,18740.0,10820.0,730.0,2666.0,9716.0,,43.0,9.0,867.0,8.0,20.0,2.0,4.0,172.0,3497.0,2.0,36.0,16.0,3.0,7.0,291.0,47.0,1054.0,26.0,5.0,1.0,58.0,169.0,1.0,695.0,22.0,21.0,230.0,116.0,380.0,122.0,238.0,0.335607238261972,0.006112377186495419,0.3479376386604084,0.07754418267707028,0.23279856321405393
2026-01-26,37102,62713.0,20635.0,113412262.91456398,567.0,8617500.610731231,21684.0,457932975.64695406,5154.0,95068278.4187524,14673.0,214242829.13012302,17383.0,10112.0,842.0,2152.0,9155.0,1.0,57.0,2.0,839.0,12.0,11.0,,2.0,156.0,3252.0,1.0,75.0,17.0,2.0,14.0,482.0,47.0,1431.0,18.0,5.0,4.0,26.0,247.0,,345.0,19.0,31.0,284.0,205.0,485.0,91.0,235.0,0.3290386363273962,0.009041187632548275,0.34576563073047056,0.08218391721014781,0.2339706280994371
2026-01-27,33625,55107.0,18358.0,89204479.65777776,496.0,27873744.918231044,19384.0,456906652.35500544,3700.0,83742231.47448246,13169.0,128091948.88029958,15430.0,9014.0,824.0,1666.0,8056.0,8.0,38.0,3.0,636.0,8.0,5.0,3.0,1.0,190.0,2928.0,3.0,51.0,11.0,2.0,13.0,390.0,125.0,1002.0,51.0,7.0,1.0,19.0,127.0,,352.0,31.0,25.0,205.0,150.0,266.0,89.0,208.0,0.3331337216687535,0.009000671421053586,0.35175204601956195,0.06714210535866587,0.23897145553196508
2026-01-28,31649,51793.0,17009.0,98959115.88130473,356.0,34953493.630585454,17751.0,422640047.6258219,4717.0,66190674.47826644,11960.0,98334052.46397316,14496.0,8116.0,554.0,1812.0,7909.0,5.0,23.0,3.0,1048.0,8.0,3.0,,,175.0,2513.0,2.0,22.0,9.0,2.0,3.0,256.0,65.0,1334.0,17.0,4.0,3.0,12.0,156.0,,277.0,20.0,62.0,199.0,104.0,367.0,73.0,181.0,0.3284034522039658,0.006873515726063368,0.3427297125094125,0.09107408337033962,0.23091923619021876
2026-01-29,35467,61648.0,19211.0,133442624.58993803,421.0,9670269.20933837,22440.0,531384519.72674596,6088.0,120514087.99652374,13488.0,150912016.24362478,15717.0,10036.0,818.0,2208.0,9824.0,2.0,47.0,11.0,1454.0,14.0,5.0,4.0,4.0,152.0,3494.0,1.0,29.0,20.0,6.0,17.0,332.0,26.0,1979.0,28.0,1.0,1.0,40.0,152.0,2.0,459.0,31.0,16.0,313.0,141.0,291.0,88.0,397.0,0.31162405917466907,0.006829094212302102,0.3640020763041786,0.0987542174928627,0.21879055281598755
2026-01-30,40972,72782.0,20916.0,186250136.18394497,393.0,5674365.118775425,28297.0,687650195.8344736,9162.0,192903115.39970964,14014.0,301670594.7699434,16558.0,13891.0,1173.0,3374.0,11595.0,12.0,57.0,10.0,1998.0,15.0,3.0,2.0,2.0,143.0,4358.0,3.0,20.0,15.0,4.0,10.0,316.0,75.0,2969.0,22.0,6.0,5.0,19.0,207.0,,496.0,39.0,22.0,241.0,154.0,612.0,83.0,259.0,0.2873787474925119,0.005399686735731362,0.38879118463356327,0.1258827732131571,0.19254760792503642
2026-01-31,44030,79658.0,24525.0,303792057.1242352,626.0,32653331.95233707,30000.0,923065581.0427216,8075.0,293558419.1431096,16432.0,279549395.96028847,19702.0,13978.0,1592.0,4885.0,12001.0,8.0,72.0,15.0,882.0,20.0,19.0,2.0,3.0,291.0,4823.0,4.0,83.0,28.0,5.0,7.0,494.0,57.0,1518.0,64.0,4.0,3.0,34.0,252.0,,642.0,97.0,23.0,395.0,255.0,536.0,214.0,218.0,0.3078786813628261,0.007858595495744306,0.37661000778327347,0.10137086042833111,0.206281854929825
2026-02-01,40710,77279.0,22555.0,190724851.54419288,685.0,30661579.632431053,28472.0,683973057.7378455,7389.0,171808968.32240462,18178.0,321802560.4660451,18117.0,12333.0,1697.0,4556.0,11506.0,7.0,93.0,33.0,893.0,389.0,6.0,3.0,4.0,453.0,4438.0,7.0,52.0,21.0,6.0,13.0,609.0,49.0,1169.0,26.0,,,31.0,336.0,,707.0,54.0,12.0,371.0,262.0,432.0,185.0,231.0,0.2918645427606465,0.008863986335226904,0.3684312685205554,0.09561459128611913,0.2352256110974521
2026-02-02,44788,86236.0,24504.0,232300344.88564423,926.0,47124432.24334003,31394.0,805798200.8037648,10226.0,223739783.89909077,19186.0,358802610.203083,19686.0,13331.0,2011.0,5274.0,13205.0,3.0,85.0,20.0,1704.0,29.0,11.0,1.0,3.0,258.0,4818.0,3.0,91.0,35.0,9.0,21.0,811.0,49.0,2455.0,40.0,7.0,6.0,25.0,361.0,,820.0,121.0,34.0,356.0,270.0,431.0,281.0,385.0,0.28415047080105754,0.010737974859687369,0.36404749756482213,0.11858156686302704,0.2224824899114059
2026-02-03,40908,77205.0,22021.0,191924831.70953605,877.0,18104342.181741074,27988.0,556709672.7655978,9665.0,186696628.82449314,16654.0,360218405.002262,17669.0,11603.0,1643.0,5604.0,12416.0,2.0,76.0,22.0,1385.0,15.0,7.0,1.0,2.0,269.0,4352.0,3.0,67.0,41.0,2.0,15.0,792.0,45.0,1791.0,18.0,8.0,3.0,23.0,286.0,1.0,717.0,63.0,29.0,266.0,220.0,598.0,173.0,324.0,0.2852276406968461,0.011359367916585714,0.3625153811281653,0.12518619260410596,0.215711417654297
2026-02-04,40318,72871.0,21797.0,279982935.92980915,698.0,20751218.536172643,27878.0,825475171.5073609,8183.0,281754126.4956162,14315.0,626687694.3684659,17808.0,12124.0,1399.0,4879.0,11910.0,,71.0,11.0,1090.0,12.0,3.0,1.0,5.0,218.0,3989.0,2.0,42.0,21.0,2.0,8.0,574.0,40.0,1371.0,27.0,10.0,,26.0,290.0,,706.0,58.0,59.0,428.0,308.0,552.0,175.0,337.0,0.299117618805835,0.009578570350345131,0.3825664530471655,0.11229432833363066,0.1964430294630237
2026-02-05,50629,95357.0,27231.0,758230202.6501664,1084.0,41441689.85587096,39503.0,1833581756.8400066,11266.0,706100828.3598486,16273.0,1383896304.8862324,22064.0,17524.0,2329.0,7352.0,16033.0,1.0,135.0,26.0,1127.0,15.0,10.0,3.0,4.0,292.0,5167.0,3.0,53.0,42.0,3.0,18.0,918.0,39.0,1422.0,65.0,17.0,2.0,30.0,369.0,,966.0,143.0,49.0,686.0,411.0,993.0,278.0,495.0,0.28556896714452007,0.011367807292595195,0.4142642910326457,0.1181454953490567,0.17065343918118228
2026-02-06,47699,91900.0,27909.0,516023468.89802366,1243.0,52415972.97476663,31948.0,1253513210.186802,11522.0,414314672.60149354,19278.0,860110142.3110127,22402.0,14283.0,1943.0,7515.0,12474.0,,53.0,14.0,797.0,27.0,7.0,2.0,3.0,256.0,5507.0,1.0,83.0,38.0,2.0,10.0,946.0,38.0,931.0,176.0,13.0,1.0,33.0,622.0,,842.0,182.0,73.0,724.0,304.0,1655.0,238.0,427.0,0.3036887921653972,0.01352557127312296,0.34763873775843307,0.12537540805223069,0.2097714907508161
2026-02-07,35462,65284.0,19978.0,279137937.78384626,563.0,9302742.980301902,23474.0,715425104.4284052,6150.0,236579790.26935574,15119.0,672370771.543905,15866.0,10851.0,1212.0,4243.0,9123.0,3.0,108.0,12.0,492.0,10.0,4.0,2.0,2.0,202.0,4112.0,3.0,70.0,17.0,4.0,11.0,438.0,53.0,560.0,61.0,7.0,,26.0,303.0,,691.0,47.0,28.0,315.0,263.0,550.0,155.0,321.0,0.30601678818699835,0.0086238588321794,0.359567428466393,0.09420378653268795,0.23158813798174133
2026-02-08,35809,63765.0,20218.0,163436385.474725,603.0,11552107.951197527,22229.0,396335860.4275332,6585.0,145372141.63060907,14130.0,294374227.8599639,15951.0,10079.0,1217.0,4183.0,8715.0,4.0,118.0,9.0,1075.0,17.0,10.0,4.0,1.0,209.0,4267.0,1.0,93.0,25.0,2.0,11.0,507.0,49.0,629.0,43.0,10.0,3.0,20.0,250.0,,592.0,29.0,19.0,319.0,213.0,444.0,255.0,262.0,0.3170704932172822,0.009456598447424136,0.3486081706265193,0.10326981886614914,0.22159491884262528
2026-02-09,34911,63277.0,18891.0,168610494.90957487,576.0,12519754.778742807,23253.0,539240800.2818098,5493.0,159376837.79944938,15064.0,398389330.5196816,14765.0,11188.0,1069.0,3173.0,8835.0,8.0,58.0,12.0,686.0,22.0,1.0,1.0,3.0,191.0,4126.0,1.0,114.0,24.0,6.0,20.0,476.0,62.0,840.0,42.0,3.0,1.0,30.0,276.0,,704.0,58.0,23.0,253.0,165.0,517.0,162.0,298.0,0.2985444948401473,0.009102833573020212,0.36747949491916493,0.08680879308437504,0.23806438358329252
2026-02-10,33287,59332.0,17676.0,159432033.3778018,454.0,7227405.089311068,21513.0,636945457.2652678,4161.0,137615035.51407012,15528.0,341667786.4490315,13988.0,10323.0,978.0,2444.0,8428.0,4.0,76.0,17.0,603.0,13.0,12.0,1.0,5.0,166.0,3688.0,2.0,52.0,18.0,3.0,13.0,335.0,52.0,616.0,50.0,4.0,3.0,32.0,179.0,,554.0,34.0,28.0,312.0,155.0,318.0,113.0,185.0,0.2979168071192611,0.007651857345108879,0.3625867997033641,0.07013078945594282,0.26171374637632305
2026-02-11,39108,72469.0,20394.0,229377826.14279,506.0,20260959.91900352,26430.0,797812831.5971936,6374.0,200152401.41274247,18765.0,742550695.8096323,16739.0,13022.0,1357.0,3805.0,9725.0,1.0,99.0,16.0,832.0,36.0,5.0,,3.0,225.0,3655.0,5.0,59.0,31.0,2.0,18.0,392.0,64.0,811.0,55.0,,,35.0,320.0,,715.0,44.0,19.0,430.0,218.0,606.0,133.0,227.0,0.28141688170114115,0.0069822958782375915,0.36470766810636274,0.08795484965985456,0.25893830465440393
2026-02-12,44655,76615.0,20941.0,171580665.31172803,535.0,8645628.857133176,31408.0,707375061.4605519,5332.0,124731706.47220847,18399.0,421582738.223263,16559.0,18615.0,1020.0,3263.0,9504.0,6.0,264.0,4.0,598.0,32.0,2.0,1.0,2.0,147.0,4382.0,1.0,37.0,17.0,1.0,13.0,406.0,43.0,678.0,72.0,3.0,1.0,20.0,226.0,,649.0,33.0,32.0,378.0,330.0,566.0,71.0,240.0,0.27332767734777785,0.006982966781961757,0.40994583306141097,0.06959472688115904,0.2401487959276904
2026-02-13,38862,65074.0,19731.0,146890687.40519238,557.0,22364915.35401383,25535.0,653372030.8412964,4010.0,79793563.20981507,15241.0,223834010.83984324,16127.0,13436.0,969.0,2551.0,8957.0,1.0,254.0,8.0,446.0,19.0,8.0,,2.0,153.0,3604.0,6.0,44.0,25.0,2.0,3.0,462.0,28.0,588.0,41.0,8.0,,19.0,166.0,,573.0,44.0,21.0,349.0,364.0,259.0,80.0,216.0,0.30320865476227066,0.00855948612349018,0.3923994221962689,0.061622153240925716,0.2342102836770446
2026-02-14,36096,62484.0,19830.0,92198150.39890534,406.0,15068301.174149528,21261.0,365986240.99633,2692.0,51384721.77158684,18295.0,190826003.31442034,16263.0,11243.0,666.0,1994.0,7810.0,3.0,95.0,3.0,201.0,20.0,5.0,,,122.0,3567.0,2.0,43.0,15.0,2.0,8.0,305.0,30.0,267.0,62.0,5.0,1.0,7.0,115.0,,441.0,21.0,24.0,262.0,219.0,115.0,95.0,158.0,0.3173612444785865,0.006497663401830869,0.340263107355483,0.0430830292554894,0.2927949555086102
2026-02-15,40461,72635.0,22686.0,155946543.70657682,668.0,15728327.834052611,26415.0,494611275.4681257,4607.0,130798158.45274639,18259.0,312519516.5208866,18271.0,13277.0,1116.0,2620.0,9811.0,2.0,162.0,20.0,498.0,20.0,14.0,6.0,3.0,166.0,4415.0,1.0,55.0,32.0,11.0,29.0,474.0,43.0,860.0,128.0,4.0,7.0,27.0,232.0,,681.0,30.0,27.0,331.0,242.0,391.0,134.0,236.0,0.31232876712328766,0.009196668272871205,0.363667653335169,0.06342672265436773,0.2513801886143044
2026-02-16,35114,63016.0,19412.0,146934062.7404585,779.0,2314526.199645909,21961.0,451441624.06758857,4342.0,99815231.39940485,16522.0,315875817.14714324,15840.0,10830.0,870.0,2386.0,8318.0,1.0,116.0,10.0,337.0,18.0,3.0,1.0,1.0,185.0,3572.0,1.0,50.0,23.0,10.0,10.0,333.0,28.0,448.0,412.0,3.0,1.0,18.0,234.0,,563.0,22.0,11.0,394.0,245.0,936.0,82.0,182.0,0.3080487495239304,0.0123619398248064,0.34849879395709027,0.06890313571156531,0.2621873809826076
2026-02-17,35422,60183.0,18672.0,191800799.43289223,663.0,26584240.958153006,22472.0,630027756.9341191,4454.0,144730849.23103976,13922.0,318976791.5526515,15399.0,10514.0,891.0,2195.0,9440.0,,50.0,8.0,557.0,15.0,1.0,1.0,2.0,121.0,3273.0,2.0,32.0,17.0,1.0,11.0,338.0,26.0,633.0,278.0,6.0,3.0,24.0,177.0,,431.0,36.0,12.0,311.0,224.0,891.0,148.0,193.0,0.3102537261352874,0.011016399980060815,0.37339448016881843,0.07400761012245984,0.23132778359337355
2026-02-18,35661,61661.0,19662.0,170551887.11939406,626.0,12186274.586331008,21702.0,527723141.30928904,4623.0,143400060.74789858,15048.0,274866360.9598647,16051.0,10991.0,995.0,2429.0,7866.0,2.0,146.0,10.0,370.0,14.0,6.0,1.0,4.0,156.0,3611.0,,36.0,13.0,7.0,14.0,476.0,32.0,519.0,101.0,5.0,,23.0,259.0,,422.0,35.0,21.0,276.0,231.0,1045.0,141.0,305.0,0.31887254504467977,0.01015228426395939,0.3519566662882535,0.07497445711227518,0.24404404729083212
2026-02-19,37043,63911.0,20527.0,186883570.6851998,469.0,8292318.16248736,23689.0,507257491.1298224,4392.0,161310721.1982243,14834.0,290119764.3301121,16639.0,11477.0,769.0,2343.0,9532.0,1.0,246.0,5.0,459.0,9.0,4.0,2.0,1.0,158.0,3888.0,1.0,45.0,10.0,4.0,10.0,340.0,56.0,602.0,89.0,13.0,,19.0,176.0,,293.0,54.0,7.0,284.0,311.0,810.0,192.0,228.0,0.32118101735225546,0.007338329864968472,0.37065606859539046,0.06872056453505657,0.23210401965232902
2026-02-20,40722,71577.0,22128.0,173262855.34795094,450.0,9889964.945759881,24383.0,536541810.6150195,5094.0,141630145.2176479,19522.0,417934414.5354965,17548.0,11630.0,802.0,2313.0,9680.0,1.0,408.0,6.0,870.0,20.0,2.0,1.0,3.0,98.0,4580.0,,34.0,6.0,4.0,7.0,341.0,99.0,818.0,74.0,5.0,2.0,12.0,177.0,,371.0,46.0,16.0,297.0,379.0,915.0,262.0,228.0,0.30914958715788593,0.00628693574751666,0.34065412073710827,0.07116811266188859,0.27274124369560054
2026-02-21,32564,52709.0,17774.0,81235099.24650155,331.0,8876355.060053997,18681.0,327267063.868755,2900.0,34012300.75333588,13023.0,76345772.63982803,14413.0,8762.0,504.0,1525.0,7784.0,1.0,299.0,3.0,364.0,8.0,18.0,,6.0,84.0,3361.0,1.0,10.0,6.0,1.0,25.0,251.0,20.0,356.0,41.0,3.0,1.0,19.0,72.0,,182.0,44.0,15.0,154.0,289.0,583.0,289.0,192.0,0.337209964142746,0.006279762469407502,0.3544176516344457,0.05501906695251285,0.24707355480088788
2026-02-22,32448,52783.0,18774.0,69886454.54326232,261.0,1974928.5836169692,18453.0,325682731.484387,3008.0,55180730.40330334,12287.0,98968309.44985832,15189.0,8715.0,461.0,1492.0,7850.0,1.0,187.0,3.0,580.0,9.0,1.0,1.0,3.0,61.0,3585.0,2.0,13.0,13.0,3.0,134.0,205.0,31.0,373.0,22.0,12.0,,12.0,50.0,,206.0,40.0,8.0,169.0,192.0,512.0,238.0,123.0,0.3556827008695982,0.004944773885531327,0.34960119735520906,0.05698804539340318,0.23278328249625826
2026-02-23,43169,78363.0,23118.0,206045870.60764608,543.0,25254336.053101614,28653.0,615934166.5614959,6668.0,128233236.20618634,19381.0,353228481.0869282,18499.0,13301.0,1185.0,3444.0,11767.0,3.0,179.0,13.0,924.0,24.0,8.0,3.0,5.0,131.0,4619.0,6.0,40.0,26.0,15.0,19.0,424.0,48.0,859.0,62.0,1.0,2.0,32.0,273.0,,594.0,68.0,16.0,324.0,251.0,1165.0,380.0,272.0,0.2950116764289269,0.006929290609088473,0.36564450059339226,0.08509117823462603,0.24732335413396628
2026-02-24,41113,69995.0,22012.0,130980952.97605874,328.0,2555240.0973188737,26864.0,474056521.430616,5494.0,90681122.56403837,15297.0,220454889.70309967,17696.0,13318.0,999.0,2747.0,10518.0,1.0,196.0,10.0,618.0,6.0,3.0,2.0,7.0,103.0,4316.0,,54.0,18.0,2.0,11.0,267.0,32.0,890.0,21.0,7.0,,16.0,176.0,,469.0,69.0,17.0,231.0,245.0,1061.0,355.0,217.0,0.31447960568612043,0.00468604900350025,0.3837988427744839,0.0784913208086292,0.21854418172726622
2026-02-25,43458,79651.0,24067.0,268308170.19442052,691.0,11974703.337892855,28571.0,672360215.9400402,6239.0,198555331.6929189,20083.0,470605311.3789131,19524.0,13154.0,1195.0,3559.0,11840.0,4.0,99.0,21.0,613.0,27.0,12.0,3.0,2.0,279.0,4543.0,,63.0,39.0,9.0,15.0,528.0,66.0,770.0,105.0,10.0,,21.0,233.0,,495.0,82.0,27.0,324.0,216.0,1061.0,377.0,252.0,0.3021556540407528,0.008675346197787849,0.3587023389536855,0.07832921118378929,0.25213744962398466
2026-02-26,44167,76826.0,22629.0,237352144.7873379,451.0,11352736.498997781,30533.0,545139162.5774447,4876.0,196490486.98372945,18337.0,404899435.82186365,17592.0,14552.0,985.0,2814.0,13156.0,,73.0,20.0,400.0,19.0,2.0,,3.0,126.0,5037.0,,27.0,36.0,4.0,4.0,347.0,41.0,640.0,66.0,,1.0,21.0,172.0,,443.0,36.0,16.0,323.0,137.0,850.0,397.0,149.0,0.2945487204852524,0.005870408455470804,0.3974305573633926,0.06346809673808346,0.23868221695780076
2026-02-27,39361,69070.0,21483.0,216823418.58497018,465.0,5377974.593354463,25155.0,674726409.8927714,5213.0,188704349.8676211,16754.0,498992526.35767,17528.0,12289.0,1003.0,2615.0,9762.0,1.0,88.0,17.0,589.0,16.0,26.0,1.0,3.0,141.0,3955.0,1.0,40.0,30.0,7.0,14.0,355.0,26.0,806.0,53.0,7.0,,30.0,183.0,,606.0,47.0,19.0,232.0,198.0,1019.0,454.0,155.0,0.31103228608657885,0.006732300564644564,0.3641957434486753,0.07547415665267121,0.24256551324743014
2026-02-28,42522,78877.0,22552.0,218144924.12805748,425.0,10154412.44685434,28417.0,417340953.48011327,8020.0,199051146.37391645,19463.0,452764686.3916607,18193.0,13483.0,1242.0,2845.0,11189.0,1.0,95.0,17.0,1750.0,21.0,12.0,3.0,10.0,224.0,4359.0,,47.0,29.0,10.0,26.0,355.0,31.0,2240.0,37.0,1.0,,23.0,133.0,,679.0,63.0,9.0,322.0,207.0,1049.0,439.0,270.0,0.28591351090939054,0.005388135958517692,0.3602697871369347,0.10167729502896916,0.24675127096618787
2026-03-01,36684,70180.0,20493.0,267681772.74245933,563.0,9893820.75601553,25648.0,616669321.3698764,6837.0,257558069.46645126,16639.0,575923569.3341172,16225.0,11525.0,1208.0,3022.0,10070.0,1.0,110.0,23.0,1185.0,27.0,11.0,2.0,3.0,192.0,4268.0,3.0,44.0,36.0,8.0,20.0,427.0,63.0,1355.0,89.0,3.0,1.0,26.0,141.0,,956.0,77.0,14.0,414.0,172.0,1132.0,482.0,206.0,0.2920062695924765,0.008022228555143916,0.36546024508406955,0.09742091764035338,0.23709033912795668
2026-03-02,36672,68454.0,20171.0,268608441.90331674,554.0,8268895.4645462,25379.0,715418593.9234444,6300.0,265283127.9524583,16050.0,515518181.4292317,15941.0,11572.0,1217.0,2976.0,10126.0,2.0,88.0,16.0,850.0,20.0,4.0,1.0,6.0,184.0,4230.0,5.0,54.0,34.0,8.0,11.0,474.0,43.0,1288.0,25.0,2.0,,26.0,136.0,,647.0,95.0,22.0,337.0,252.0,1049.0,451.0,212.0,0.29466503053145177,0.008093025973646537,0.3707453180237824,0.09203260583749671,0.23446401963362257
2026-03-03,37026,66630.0,19598.0,262792258.96703413,456.0,11713986.673645247,24756.0,859042442.3955029,6506.0,257880696.01521304,15314.0,548354147.9831427,15805.0,12029.0,1305.0,2956.0,9442.0,1.0,79.0,15.0,1031.0,15.0,1.0,2.0,2.0,131.0,3793.0,4.0,39.0,19.0,13.0,10.0,363.0,43.0,1489.0,25.0,9.0,1.0,27.0,246.0,,393.0,83.0,27.0,360.0,243.0,782.0,356.0,177.0,0.29413177247486116,0.006843764070238631,0.3715443493921657,0.09764370403722047,0.22983641002551403
2026-03-04,43930,79889.0,24321.0,312844390.62861025,819.0,36556602.04917742,29097.0,892725054.9103392,6959.0,282975289.3735971,18693.0,511449439.8495158,19908.0,13728.0,1716.0,4192.0,10925.0,19.0,128.0,12.0,658.0,16.0,11.0,,2.0,201.0,4413.0,3.0,81.0,29.0,5.0,12.0,696.0,124.0,797.0,59.0,2.0,,19.0,230.0,,612.0,133.0,40.0,360.0,296.0,1082.0,398.0,289.0,0.30443490342850704,0.010251724267421047,0.3642178522700247,0.08710836285345917,0.23398715718058807
2026-03-05,38097,64880.0,20591.0,220007657.03463376,498.0,25631872.212230854,23509.0,507753920.10909706,5550.0,195894735.07344165,14732.0,435533352.3487135,16933.0,10661.0,1401.0,3447.0,9689.0,3.0,77.0,18.0,526.0,17.0,5.0,,3.0,132.0,3658.0,2.0,59.0,9.0,2.0,10.0,406.0,203.0,622.0,51.0,3.0,,26.0,231.0,,303.0,62.0,10.0,237.0,154.0,724.0,306.0,158.0,0.31737053020961775,0.007675709001233046,0.362345869297164,0.08554254007398274,0.22706535141800246
2026-03-06,35093,59001.0,19016.0,168903605.7633739,466.0,13364341.787172819,21265.0,447696387.77323896,4778.0,161863340.45438772,13476.0,254656772.81724387,15985.0,10443.0,1032.0,2808.0,8078.0,13.0,64.0,12.0,432.0,19.0,20.0,3.0,4.0,110.0,3031.0,2.0,33.0,19.0,7.0,10.0,347.0,83.0,534.0,51.0,11.0,2.0,29.0,247.0,,337.0,62.0,24.0,248.0,164.0,754.0,358.0,149.0,0.3222996220403044,0.007898171217436993,0.3604176200403383,0.08098167827663938,0.22840290842528094
2026-03-07,32089,52150.0,17411.0,63162530.49457611,203.0,5709740.549530931,17623.0,290196272.26824224,2861.0,40128091.070251785,14052.0,111757381.0203372,14612.0,9165.0,675.0,1710.0,6563.0,2.0,36.0,3.0,291.0,3.0,11.0,4.0,5.0,100.0,2799.0,4.0,18.0,10.0,22.0,6.0,138.0,16.0,292.0,30.0,3.0,1.0,19.0,127.0,,233.0,56.0,8.0,187.0,98.0,437.0,309.0,105.0,0.3338638542665388,0.0038926174496644295,0.33792905081495683,0.054860977948226274,0.2694534995206136
2026-03-08,33819,57674.0,18483.0,98278857.65665646,367.0,4564917.401129771,20123.0,258735695.0777091,4256.0,98290431.00619285,14445.0,202893424.3107207,15635.0,10423.0,831.0,2314.0,7379.0,3.0,70.0,13.0,596.0,13.0,7.0,2.0,1.0,124.0,2848.0,2.0,29.0,13.0,13.0,8.0,289.0,52.0,442.0,41.0,,1.0,30.0,175.0,,320.0,65.0,4.0,204.0,118.0,727.0,307.0,130.0,0.3204736969865104,0.006363352637236883,0.3489093872455526,0.07379408398931928,0.2504594791413809
2026-03-09,35888,62776.0,19548.0,193565885.44990754,497.0,8736330.695431557,22793.0,505474463.6604719,5164.0,209207315.43379873,14774.0,433204069.85141236,16431.0,10981.0,1081.0,2603.0,8669.0,1.0,106.0,13.0,651.0,18.0,4.0,1.0,1.0,163.0,3117.0,,33.0,18.0,7.0,9.0,391.0,41.0,755.0,83.0,3.0,,17.0,231.0,,683.0,93.0,3.0,195.0,213.0,923.0,315.0,149.0,0.31139288900216644,0.007917038358608386,0.36308461832547473,0.08226073658723079,0.2353447177265197
2026-03-10,37752,64152.0,19174.0,202296140.52573535,481.0,11170750.423416248,25268.0,611542432.98117,5050.0,135078815.23461428,14179.0,342589864.84942746,16021.0,11188.0,1127.0,3025.0,10771.0,2.0,75.0,7.0,417.0,11.0,6.0,6.0,3.0,112.0,3153.0,1.0,31.0,9.0,5.0,10.0,422.0,31.0,599.0,26.0,3.0,,20.0,238.0,,848.0,87.0,9.0,240.0,183.0,765.0,357.0,165.0,0.2988839007357526,0.007497817683002868,0.3938770420251902,0.07871929168225464,0.22102194787379972
2026-03-11,32766,54487.0,17154.0,144389646.3297251,554.0,5932278.307176576,20388.0,356949951.90940046,3737.0,125483445.57650468,12654.0,253287899.72299787,14409.0,9725.0,869.0,2041.0,7779.0,1.0,48.0,9.0,376.0,7.0,2.0,2.0,4.0,99.0,2745.0,1.0,15.0,18.0,1.0,10.0,502.0,22.0,453.0,22.0,3.0,,18.0,214.0,,879.0,41.0,8.0,202.0,144.0,651.0,353.0,160.0,0.3148273900196377,0.010167562904913099,0.37418099730210874,0.06858516710407987,0.23223888266926057
2026-03-12,33996,56622.0,17665.0,223966423.74930176,579.0,11478665.103049973,20999.0,490689319.3402434,3916.0,136311724.53520685,13463.0,260688611.27724373,14696.0,9910.0,947.0,2111.0,8084.0,1.0,125.0,7.0,443.0,4.0,3.0,5.0,1.0,117.0,2969.0,4.0,26.0,13.0,4.0,1.0,515.0,18.0,489.0,38.0,,,19.0,217.0,,752.0,53.0,3.0,240.0,200.0,651.0,317.0,176.0,0.31198120871745966,0.010225707322242239,0.3708629154745505,0.0691603970188266,0.237769771466921
2026-03-13,36633,64937.0,19627.0,185398610.2621658,656.0,19616178.1103438,23327.0,648261254.381606,5153.0,170435281.35130125,16174.0,425320425.11487174,16183.0,11087.0,1056.0,2980.0,9026.0,,66.0,17.0,489.0,10.0,8.0,4.0,,102.0,3444.0,,18.0,15.0,14.0,8.0,527.0,32.0,550.0,73.0,3.0,,24.0,233.0,,851.0,104.0,29.0,252.0,180.0,897.0,335.0,146.0,0.30224679304556723,0.010102098957451068,0.35922509509216627,0.07935383525570938,0.24907217764910605
2026-03-14,26673,42561.0,14698.0,44383322.59111469,249.0,5352268.077531069,15088.0,111883943.1708537,1932.0,33867936.47240859,10594.0,67514574.87811945,12356.0,7233.0,472.0,1036.0,5708.0,3.0,34.0,5.0,272.0,8.0,10.0,,3.0,65.0,2342.0,1.0,17.0,4.0,2.0,8.0,200.0,22.0,232.0,24.0,3.0,,9.0,50.0,,429.0,62.0,12.0,303.0,135.0,342.0,346.0,219.0,0.34533963017786234,0.005850426446747022,0.3545029487089119,0.045393670261507015,0.2489133244049717
2026-03-15,29467,51163.0,16070.0,81005759.44370566,520.0,12071691.823184174,18129.0,276424247.70857656,2837.0,52762882.726799004,13607.0,158746290.38143477,13081.0,8696.0,720.0,1985.0,6972.0,1.0,67.0,3.0,291.0,11.0,8.0,,2.0,126.0,2989.0,,23.0,9.0,5.0,9.0,468.0,24.0,278.0,22.0,2.0,,16.0,73.0,,558.0,60.0,12.0,242.0,155.0,210.0,238.0,200.0,0.31409416961476067,0.01016359478529406,0.35433809588960774,0.05545022770361394,0.26595391200672364
2026-03-16,38864,67649.0,21854.0,133401350.92142358,894.0,17672262.826844905,25225.0,385112082.12579656,4654.0,85098640.43742496,15022.0,173853651.16520485,17436.0,12138.0,1104.0,3245.0,10266.0,1.0,63.0,4.0,511.0,11.0,9.0,2.0,4.0,117.0,4418.0,5.0,20.0,12.0,5.0,9.0,820.0,30.0,508.0,37.0,2.0,,18.0,126.0,,369.0,115.0,12.0,282.0,138.0,262.0,344.0,184.0,0.32304986030835636,0.013215272953037,0.3728806042957028,0.06879628671525077,0.22205797572765304
2026-03-17,35294,56899.0,18967.0,79914695.47001137,430.0,10006151.70519165,21465.0,381765571.36408514,3437.0,48808321.19324842,12600.0,101064606.71914676,15860.0,10935.0,839.0,2543.0,8285.0,,52.0,7.0,381.0,7.0,4.0,1.0,2.0,96.0,3107.0,6.0,21.0,11.0,5.0,5.0,375.0,19.0,341.0,27.0,,,12.0,43.0,,250.0,111.0,10.0,217.0,115.0,128.0,333.0,151.0,0.3333450500008788,0.007557250566793792,0.3772474032935553,0.06040527953039596,0.22144501660837623
2026-03-18,34282,56620.0,17820.0,127856788.30736996,471.0,4071145.263661433,20996.0,358755459.6828745,3795.0,84655370.14665394,13538.0,184246946.24402335,15076.0,10449.0,860.0,2388.0,8159.0,1.0,60.0,13.0,531.0,14.0,5.0,2.0,6.0,80.0,2744.0,1.0,21.0,16.0,7.0,12.0,395.0,25.0,580.0,33.0,1.0,,19.0,116.0,,285.0,98.0,22.0,286.0,108.0,178.0,326.0,165.0,0.3147297774637937,0.008318615330271988,0.3708230307311904,0.06702578594136348,0.23910279053338043
2026-03-19,33434,56017.0,17384.0,140493004.94040334,496.0,22054457.31885813,20823.0,466633545.77469385,4977.0,114350068.62493718,12337.0,207614718.54952377,14566.0,10294.0,914.0,2464.0,8064.0,,74.0,13.0,1070.0,4.0,5.0,1.0,3.0,177.0,2818.0,3.0,24.0,12.0,5.0,11.0,403.0,26.0,1031.0,17.0,,,61.0,133.0,,295.0,75.0,12.0,208.0,166.0,278.0,289.0,164.0,0.3103343627827267,0.008854454897620365,0.37172644018780016,0.08884802827713016,0.22023671385472268
2026-03-20,30084,50128.0,16015.0,140764940.74762532,553.0,9490662.652345786,17902.0,416069084.86147004,4078.0,122620837.43944368,11580.0,195537978.40137595,13497.0,9038.0,721.0,2009.0,6953.0,,52.0,5.0,984.0,4.0,6.0,,2.0,110.0,2518.0,4.0,19.0,6.0,5.0,6.0,340.0,30.0,853.0,189.0,,,7.0,36.0,,196.0,65.0,13.0,237.0,123.0,196.0,213.0,111.0,0.31948212575805934,0.011031758697733802,0.357125758059368,0.0813517395467603,0.23100861793807853
2026-03-21,23221,35539.0,13139.0,43668836.51773816,397.0,3932431.456231558,11846.0,230636939.01961282,1574.0,23472916.76656277,8583.0,61412154.94059948,11436.0,6009.0,358.0,1004.0,4736.0,,29.0,4.0,270.0,4.0,,,2.0,52.0,1703.0,1.0,10.0,7.0,1.0,12.0,322.0,7.0,239.0,44.0,3.0,,4.0,20.0,,142.0,41.0,23.0,96.0,86.0,41.0,149.0,101.0,0.3697065195981879,0.011170826416049974,0.33332395396606546,0.04428937223894876,0.2415093277807479
2026-03-22,47719,92532.0,19854.0,169424062.79597768,327.0,13016401.068465555,40673.0,553098995.4031664,3445.0,104966801.56034236,28233.0,271818956.1292637,16968.0,19662.0,726.0,1883.0,13144.0,,63.0,18.0,670.0,3.0,3.0,4.0,5.0,192.0,2886.0,1.0,3290.0,15.0,27.0,21.0,280.0,32.0,601.0,17.0,3.0,,9.0,67.0,1.0,399.0,62.0,16.0,218.0,2461.0,220.0,239.0,93.0,0.21456361042666322,0.003533912592400467,0.4395560454761596,0.03723036354990706,0.3051160679548697
2026-03-23,36677,65589.0,17775.0,190461709.12004504,558.0,16146600.83269275,24510.0,496704434.5709559,7190.0,206731752.65814602,15556.0,445384119.153898,14694.0,12292.0,1041.0,2664.0,9607.0,2.0,53.0,7.0,2100.0,12.0,7.0,,2.0,129.0,3081.0,1.0,172.0,15.0,10.0,9.0,457.0,38.0,1963.0,58.0,,2.0,29.0,54.0,,277.0,56.0,11.0,265.0,119.0,409.0,240.0,157.0,0.27100580890088277,0.008507524127521383,0.37369071033252527,0.10962204028114471,0.23717391635792587
2026-03-24,31122,52847.0,16522.0,118988773.51657207,364.0,5916441.261942549,19509.0,314256922.20977306,4093.0,103480458.05339068,12359.0,198989855.22823995,13639.0,9914.0,747.0,1939.0,7584.0,3.0,38.0,6.0,966.0,7.0,3.0,4.0,2.0,163.0,2883.0,,79.0,9.0,10.0,7.0,279.0,20.0,974.0,60.0,,,22.0,45.0,,265.0,47.0,3.0,192.0,107.0,165.0,196.0,110.0,0.31263837114689574,0.0068878082010331715,0.369160028005374,0.0774499971616175,0.23386379548507957
2026-03-25,29816,49692.0,16005.0,100046735.85582168,332.0,2275713.292528901,17910.0,384506328.3982239,3373.0,69051063.91195755,12072.0,187082126.47294027,13429.0,8940.0,729.0,1788.0,7137.0,1.0,63.0,2.0,743.0,9.0,3.0,,3.0,86.0,2576.0,4.0,33.0,4.0,10.0,6.0,224.0,31.0,649.0,61.0,1.0,,16.0,36.0,,244.0,31.0,26.0,187.0,108.0,157.0,197.0,86.0,0.3220840376720599,0.006681155920470095,0.36042018836029943,0.06787812927634226,0.2429364887708283
2026-03-26,31884,53671.0,17357.0,135043810.78335267,260.0,3474331.0853674468,19457.0,454559999.2562,3724.0,135949067.96344566,12873.0,333838658.2665005,14647.0,10158.0,721.0,1828.0,7260.0,,65.0,12.0,741.0,11.0,4.0,1.0,3.0,90.0,2710.0,3.0,90.0,26.0,9.0,11.0,194.0,19.0,712.0,46.0,,,12.0,58.0,,229.0,80.0,5.0,192.0,112.0,384.0,235.0,130.0,0.3233962475079652,0.0048443293398669676,0.36252352294535223,0.06938570177563302,0.23985019843118258
2026-03-27,29079,48337.0,15603.0,126714156.63788874,314.0,3618981.9467631094,18075.0,534088878.82619774,3726.0,121909967.68512283,10619.0,228608824.31343722,12970.0,9245.0,622.0,2073.0,6914.0,,33.0,13.0,676.0,7.0,,,1.0,90.0,2633.0,,46.0,12.0,16.0,9.0,256.0,11.0,519.0,26.0,5.0,,11.0,124.0,,289.0,62.0,16.0,259.0,136.0,334.0,203.0,107.0,0.3227962016674597,0.006496058919668163,0.3739371495955479,0.07708380743529801,0.21968678238202619
2026-03-28,22707,35598.0,12729.0,69012754.03923498,210.0,7447733.146386013,12867.0,186931068.18884498,1692.0,47434003.31448307,8100.0,113372001.24493171,10707.0,6498.0,422.0,1179.0,5141.0,5.0,38.0,1.0,214.0,6.0,2.0,3.0,1.0,69.0,2022.0,1.0,7.0,7.0,1.0,2.0,118.0,14.0,166.0,67.0,1.0,,10.0,22.0,,129.0,26.0,13.0,169.0,86.0,108.0,148.0,95.0,0.3575762683296814,0.005899207820664082,0.3614528906118321,0.04753076015506489,0.22754087308275747
2026-03-29,20285,31974.0,11613.0,99234959.04437257,267.0,1706931.7555848383,11148.0,262764641.40417248,2117.0,86249875.8935782,6829.0,156237815.72813115,9836.0,5876.0,424.0,1224.0,4236.0,1.0,26.0,4.0,361.0,5.0,3.0,2.0,,44.0,1777.0,,8.0,4.0,5.0,3.0,167.0,15.0,335.0,75.0,2.0,,17.0,49.0,,99.0,25.0,6.0,144.0,46.0,146.0,118.0,62.0,0.3632013510977669,0.008350534809532746,0.34865828485644584,0.06621004566210045,0.213579783574154
2026-03-30,25464,42598.0,13553.0,138764307.40366364,329.0,7775402.620497546,16482.0,345834867.5976917,2860.0,104979474.90355948,9374.0,245899958.82121116,11114.0,8413.0,684.0,1701.0,6351.0,,38.0,5.0,516.0,5.0,9.0,1.0,,99.0,2439.0,,23.0,18.0,5.0,4.0,269.0,22.0,411.0,29.0,5.0,,20.0,47.0,,169.0,44.0,6.0,212.0,106.0,184.0,175.0,100.0,0.31816047701770034,0.007723367294239166,0.38691957368890556,0.06713930231466265,0.22005727968449224
2026-03-31,30743,51090.0,15407.0,159633214.264407,381.0,7736531.571750355,20779.0,369581505.128706,3397.0,131953267.0299382,11126.0,193519182.48410687,12201.0,10260.0,682.0,2087.0,8589.0,2.0,30.0,1.0,540.0,8.0,1.0,2.0,,90.0,3206.0,1.0,22.0,32.0,2.0,3.0,282.0,20.0,503.0,76.0,1.0,,11.0,45.0,,150.0,36.0,10.0,262.0,95.0,220.0,338.0,156.0,0.301565864161284,0.007457428068115091,0.40671364259150516,0.06649050694852221,0.2177725582305735
2026-04-01,28917,46668.0,15476.0,246533552.40726927,321.0,6673738.352695222,18110.0,630371210.9222157,3096.0,146006093.15813947,9665.0,236974120.2002682,12784.0,9104.0,627.0,2060.0,7270.0,,34.0,1.0,394.0,5.0,2.0,6.0,,72.0,2692.0,1.0,33.0,26.0,,2.0,267.0,26.0,366.0,35.0,,1.0,12.0,53.0,,150.0,70.0,5.0,226.0,124.0,217.0,178.0,160.0,0.3316190965972401,0.006878374903574184,0.3880603411331105,0.06634096168680895,0.2071012256792663
2026-04-02,32376,53207.0,16554.0,150872480.40314966,326.0,7121057.255007033,20897.0,336497850.4522828,3906.0,130758994.46085536,11524.0,196338857.15217745,13592.0,10575.0,679.0,2174.0,8011.0,,36.0,15.0,809.0,9.0,2.0,3.0,2.0,67.0,2962.0,2.0,23.0,20.0,5.0,6.0,265.0,19.0,570.0,21.0,13.0,,14.0,66.0,,291.0,113.0,11.0,130.0,90.0,284.0,255.0,549.0,0.31112447610276844,0.006127013362903377,0.39274907436991374,0.07341139323773188,0.21658804292668257
2026-04-03,26080,41521.0,13834.0,77302536.6701683,222.0,1422657.912217375,15618.0,265683113.85521215,1543.0,37008006.75276118,10304.0,119998934.69645852,11109.0,8260.0,348.0,1088.0,6007.0,1.0,14.0,2.0,258.0,8.0,1.0,2.0,1.0,78.0,2725.0,2.0,87.0,10.0,3.0,14.0,148.0,60.0,75.0,55.0,1.0,1.0,6.0,15.0,,194.0,16.0,9.0,112.0,75.0,105.0,186.0,141.0,0.33318080007706946,0.005346692035355603,0.3761470099467739,0.03716191806555719,0.24816357987524384
2026-04-04,19400,28739.0,10233.0,36837283.22529587,96.0,7674632.844312567,11189.0,137872203.42018017,1184.0,20050859.644118596,6037.0,42156206.7857343,8435.0,5958.0,299.0,787.0,4370.0,,15.0,,175.0,2.0,,3.0,,24.0,1798.0,,12.0,5.0,,1.0,71.0,5.0,117.0,7.0,,,5.0,25.0,,62.0,24.0,13.0,76.0,50.0,77.0,161.0,125.0,0.3560666689863948,0.003340408504123317,0.38933157033995613,0.04119837155085424,0.21006298061867149
2026-04-05,23189,35883.0,12874.0,63959228.804317564,230.0,7036627.927731425,12812.0,198514198.69803986,2095.0,61248989.53396762,7872.0,109842044.92291954,10346.0,6265.0,451.0,1196.0,5097.0,1.0,66.0,2.0,396.0,3.0,1.0,5.0,,79.0,2528.0,,20.0,10.0,3.0,6.0,196.0,29.0,294.0,15.0,,,8.0,50.0,,88.0,25.0,11.0,126.0,112.0,154.0,130.0,298.0,0.35877713680572976,0.006409720480450353,0.35704929911099964,0.058384193071928214,0.21937965053089206
2026-04-06,30053,49027.0,15819.0,105305489.52256818,307.0,9925232.821781186,18875.0,411639181.52240884,2578.0,74127950.97918802,11448.0,143883442.91096908,12856.0,9628.0,764.0,1716.0,7352.0,,83.0,4.0,354.0,5.0,2.0,8.0,1.0,74.0,2963.0,2.0,18.0,15.0,5.0,8.0,234.0,24.0,254.0,30.0,2.0,,20.0,87.0,,189.0,44.0,19.0,160.0,122.0,159.0,221.0,156.0,0.32265894303139087,0.006261855712158607,0.38499194321496316,0.05258327044281722,0.2335039875986701
2026-04-07,31523,54705.0,17395.0,161016519.8728597,495.0,10754547.1250985,20602.0,498301312.6037594,3703.0,140010551.77297246,12510.0,294982900.5912887,14027.0,9948.0,987.0,2317.0,8132.0,,64.0,5.0,565.0,18.0,3.0,3.0,1.0,145.0,3368.0,1.0,25.0,15.0,3.0,10.0,416.0,32.0,509.0,39.0,,,24.0,55.0,,332.0,74.0,15.0,314.0,123.0,254.0,243.0,128.0,0.3179782469609725,0.009048533040855497,0.3766017731468787,0.06769033909149072,0.22868110775980258
2026-04-08,28749,46486.0,14594.0,79971081.38352145,478.0,36325389.6765377,19010.0,425104670.87247354,3212.0,51059128.86889919,9192.0,105705417.04197304,11674.0,9721.0,719.0,2178.0,7522.0,1.0,39.0,8.0,330.0,4.0,,3.0,1.0,64.0,2920.0,2.0,22.0,14.0,5.0,7.0,362.0,25.0,373.0,66.0,,,9.0,51.0,,157.0,30.0,39.0,136.0,71.0,277.0,207.0,257.0,0.3139439831347072,0.010282665748827604,0.40894032611969194,0.06909607193563654,0.1977369530611367
2026-04-09,28669,46677.0,14464.0,101788378.22044867,346.0,11508147.537445242,19150.0,384428068.16260624,2718.0,46107068.2551444,9999.0,126010156.60072011,11787.0,9181.0,684.0,1852.0,8063.0,,48.0,7.0,335.0,4.0,,5.0,1.0,89.0,2677.0,,26.0,12.0,1.0,5.0,287.0,15.0,309.0,23.0,,,10.0,33.0,,181.0,29.0,26.0,232.0,162.0,184.0,243.0,167.0,0.3098742421320993,0.007412644343038327,0.4102662981768323,0.058229963365254836,0.21421685198277524
2026-04-10,32081,51561.0,17727.0,82120769.54941525,376.0,6456403.209512313,19856.0,313877860.429246,2315.0,51925388.70848426,11287.0,121799927.88519214,14449.0,9543.0,757.0,1592.0,8335.0,2.0,48.0,2.0,269.0,6.0,1.0,1.0,,87.0,3278.0,2.0,22.0,9.0,3.0,8.0,307.0,29.0,270.0,17.0,7.0,,17.0,39.0,,194.0,25.0,26.0,232.0,176.0,144.0,195.0,182.0,0.34380636527608077,0.007292333352727837,0.38509726343554235,0.044898275828630166,0.21890576210701887
2026-04-11,25049,40341.0,13556.0,48619430.318519965,270.0,13560843.484397674,15214.0,186276476.77253947,1759.0,20901810.126916848,9542.0,55558900.702777825,11032.0,7087.0,512.0,1405.0,6454.0,4.0,26.0,,114.0,7.0,1.0,1.0,6.0,79.0,2524.0,4.0,14.0,11.0,3.0,7.0,201.0,22.0,96.0,20.0,1.0,,8.0,15.0,,229.0,35.0,36.0,161.0,151.0,128.0,264.0,141.0,0.3360352990753824,0.00669294266379118,0.37713492476636673,0.04360328202077291,0.23653355147368682
2026-04-12,23492,36903.0,12366.0,69457817.73780565,277.0,20436607.68546936,14880.0,204486477.17285097,2018.0,39397322.212850355,7362.0,106706303.33966249,10220.0,7379.0,727.0,1339.0,5880.0,1.0,24.0,7.0,210.0,5.0,4.0,2.0,6.0,50.0,2146.0,2.0,18.0,11.0,1.0,9.0,215.0,24.0,241.0,10.0,1.0,,7.0,58.0,,162.0,34.0,42.0,114.0,59.0,168.0,214.0,151.0,0.33509470774733763,0.007506164810449015,0.40321925046744167,0.054683901037856,0.1994959759369157
2026-04-13,35141,58869.0,17145.0,99429982.36528672,456.0,11338760.801120654,24617.0,394737710.15158945,3013.0,53076196.56384939,13638.0,149807303.81305915,12854.0,12332.0,1037.0,2104.0,9607.0,2.0,38.0,,300.0,18.0,7.0,4.0,4.0,109.0,4291.0,10.0,28.0,20.0,10.0,4.0,379.0,28.0,333.0,17.0,2.0,,7.0,27.0,,308.0,42.0,41.0,271.0,173.0,245.0,341.0,238.0,0.2912398715792692,0.007746012332467003,0.41816575786916715,0.05118143674939272,0.2316669214697039
2026-04-14,34086,55506.0,15969.0,80039256.86333077,484.0,11849387.905938352,24574.0,451122602.721928,3228.0,52458073.98910183,11251.0,95453786.16972017,12818.0,11987.0,1187.0,2444.0,9958.0,,38.0,5.0,272.0,6.0,7.0,1.0,4.0,60.0,3151.0,4.0,12.0,12.0,3.0,9.0,400.0,25.0,239.0,13.0,,,21.0,70.0,,262.0,25.0,46.0,201.0,72.0,202.0,390.0,311.0,0.2876986271754405,0.008719778042013475,0.44272691240586604,0.05815587504053616,0.20269880733614384
2026-04-15,33582,57128.0,16780.0,65971503.376714945,398.0,6022359.203316689,21760.0,341410345.3452177,2714.0,37204920.78706697,15476.0,112235374.8304251,13049.0,10524.0,1159.0,2033.0,8815.0,,31.0,2.0,261.0,13.0,3.0,1.0,,72.0,3731.0,6.0,33.0,12.0,1.0,10.0,342.0,12.0,210.0,9.0,2.0,,7.0,30.0,1.0,154.0,28.0,31.0,254.0,102.0,179.0,273.0,262.0,0.29372636885590253,0.0069668113709564486,0.3808990337487747,0.04750735191149699,0.27090043411286935
2026-04-16,35056,60850.0,18047.0,99287741.77040835,458.0,4930496.214201373,20124.0,314622362.445383,2568.0,44163233.82373748,19653.0,165851320.9259637,13788.0,10419.0,763.0,1924.0,7980.0,,31.0,4.0,231.0,12.0,5.0,2.0,1.0,106.0,4259.0,5.0,13.0,16.0,4.0,7.0,405.0,9.0,205.0,19.0,1.0,,10.0,34.0,,120.0,30.0,18.0,158.0,63.0,172.0,215.0,168.0,0.29658175842235,0.0075267050123253906,0.33071487263763355,0.04220213640098603,0.322974527526705
2026-04-17,46062,75083.0,26409.0,151015872.15917477,425.0,11484321.516499795,26587.0,375275824.08245575,3026.0,68988095.60783616,18636.0,157010587.08958605,20976.0,14582.0,942.0,2280.0,9966.0,1.0,19.0,3.0,247.0,7.0,3.0,1.0,1.0,76.0,5433.0,3.0,16.0,19.0,6.0,8.0,325.0,18.0,261.0,15.0,,,15.0,60.0,,216.0,38.0,67.0,146.0,62.0,177.0,251.0,207.0,0.3517307513018926,0.005660402487913376,0.3541014610497716,0.040302065713943236,0.24820531944647922
2026-04-18,45795,72801.0,25535.0,179752781.4242948,704.0,54309945.373921774,25466.0,373457687.03829294,1904.0,35598667.24129001,19192.0,145235943.4217409,20210.0,13160.0,972.0,1565.0,10228.0,,11.0,7.0,113.0,22.0,28.0,3.0,3.0,79.0,5325.0,13.0,11.0,11.0,2.0,8.0,444.0,10.0,116.0,24.0,,8.0,24.0,36.0,,194.0,25.0,191.0,215.0,60.0,71.0,237.0,183.0,0.3507506765016964,0.009670196837955523,0.3498028873229763,0.026153486902652436,0.2636227524347193
2026-04-19,67665,106798.0,39268.0,299490268.8428176,3820.0,90802141.5010287,38465.0,1335892993.2438822,2943.0,80864570.99627948,22302.0,436142968.0784146,33393.0,20594.0,1264.0,2354.0,13502.0,,14.0,7.0,199.0,10.0,2.0,,3.0,93.0,5875.0,8.0,8.0,11.0,2.0,3.0,1014.0,11.0,168.0,971.0,7.0,5.0,63.0,61.0,,423.0,65.0,1752.0,896.0,668.0,161.0,332.0,557.0,0.36768478810464617,0.03576846008352216,0.36016592071012565,0.02755669581827375,0.20882413528343227
2026-04-20,58074,87976.0,35546.0,325323174.0208953,1791.0,123878571.58878501,29338.0,862722042.5690774,2858.0,77822275.47372104,18443.0,281187819.5779836,30673.0,15963.0,900.0,2325.0,9753.0,,19.0,,202.0,11.0,3.0,,,101.0,4873.0,9.0,13.0,11.0,1.0,1.0,745.0,5.0,133.0,272.0,,2.0,36.0,36.0,,388.0,65.0,727.0,576.0,723.0,162.0,312.0,493.0,0.40404201145767027,0.020357824861325816,0.33347731199418024,0.03248613258161317,0.2096367191052105
2026-04-21,59528,91193.0,33290.0,327429368.2116704,2318.0,157889703.703453,34423.0,1376324566.1843674,2610.0,48118137.19096604,18552.0,383072002.82631737,28063.0,19451.0,795.0,2042.0,10968.0,1.0,24.0,1.0,216.0,8.0,1.0,,1.0,51.0,5227.0,6.0,47.0,7.0,4.0,1.0,1490.0,17.0,188.0,178.0,1.0,4.0,30.0,28.0,,328.0,67.0,609.0,642.0,510.0,136.0,252.0,1247.0,0.36504994900924415,0.02541861765705701,0.3774741482350619,0.028620617810577568,0.2034366672880594
2026-04-22,58763,85506.0,38404.0,176232477.85715577,1466.0,70770911.01142745,27037.0,884544240.3353732,2376.0,82884816.33456248,16223.0,193269286.60141972,34727.0,16025.0,607.0,1847.0,6498.0,,7.0,2.0,176.0,,,3.0,,65.0,3677.0,6.0,11.0,8.0,3.0,2.0,1207.0,11.0,110.0,49.0,2.0,,13.0,77.0,,212.0,53.0,189.0,384.0,149.0,163.0,148.0,2852.0,0.4491380721820691,0.017144995672818283,0.31620003274624003,0.027787523682548592,0.189729375716324
2026-04-23,59658,90223.0,36658.0,206882530.66840252,1044.0,38298108.21461496,29077.0,889330980.216045,2559.0,52709800.578876,20885.0,204200806.18078142,31289.0,17882.0,746.0,1911.0,7802.0,,14.0,5.0,171.0,5.0,3.0,3.0,1.0,126.0,5369.0,6.0,7.0,11.0,2.0,5.0,794.0,7.0,279.0,38.0,2.0,1.0,11.0,47.0,,159.0,44.0,192.0,291.0,103.0,148.0,306.0,1558.0,0.40630437914944084,0.011571328818593928,0.3222792414351108,0.02836305598350753,0.23148199461334693
2026-04-24,56382,80967.0,36388.0,107155266.81946297,609.0,10679207.76295248,24351.0,447210340.44272065,1805.0,27205554.757698443,17814.0,106181551.19650432,31744.0,15667.0,524.0,1438.0,6685.0,,6.0,,100.0,10.0,2.0,2.0,,78.0,4644.0,5.0,9.0,3.0,,2.0,472.0,4.0,89.0,22.0,5.0,,4.0,34.0,,75.0,17.0,101.0,131.0,58.0,142.0,170.0,910.0,0.4494176639865624,0.007521582867094001,0.3007521582867094,0.022293032964047083,0.2200155618955871
2026-04-25,52504,76250.0,31107.0,59097364.28194588,554.0,4903771.259799671,25337.0,281276257.7326078,967.0,21521016.052651905,18285.0,66554773.17088354,26046.0,15810.0,462.0,823.0,7293.0,1.0,23.0,2.0,30.0,4.0,1.0,,1.0,52.0,5061.0,1.0,12.0,3.0,2.0,1.0,460.0,3.0,53.0,17.0,3.0,,3.0,8.0,1.0,76.0,9.0,69.0,127.0,76.0,53.0,142.0,1237.0,0.4079606557377049,0.007265573770491803,0.33228852459016395,0.012681967213114754,0.23980327868852458
2026-04-26,56568,83381.0,34241.0,124065614.27224283,614.0,3510928.560075341,26605.0,258092448.03286898,1153.0,14087184.645799464,20768.0,210241713.36086968,28562.0,18541.0,437.0,951.0,6117.0,,24.0,,54.0,5.0,,,,108.0,5679.0,11.0,5.0,8.0,1.0,4.0,516.0,7.0,64.0,13.0,2.0,3.0,9.0,14.0,,87.0,8.0,60.0,115.0,31.0,70.0,129.0,978.0,0.41065710413643397,0.007363787913313585,0.31907748767704874,0.013828090332329908,0.2490735299408738
2026-04-27,41631,59137.0,26189.0,90249551.8529997,341.0,9083495.120136783,17624.0,337825828.98917305,1632.0,30076790.26351793,13351.0,79597171.40213437,22149.0,11525.0,548.0,1192.0,4564.0,,65.0,4.0,153.0,5.0,2.0,,1.0,67.0,4040.0,3.0,5.0,7.0,2.0,3.0,272.0,5.0,143.0,22.0,1.0,,6.0,26.0,,81.0,24.0,37.0,71.0,82.0,118.0,114.0,449.0,0.44285303617024874,0.005766271538968835,0.29801985220758576,0.027596935928437358,0.22576390415475928
2026-04-28,34800,47822.0,22028.0,95233643.62350701,219.0,5264460.7187504,15191.0,490271371.872335,1374.0,21822621.715275582,9010.0,45209294.01024817,18761.0,9943.0,408.0,978.0,4243.0,,7.0,2.0,150.0,,,,1.0,22.0,3267.0,1.0,8.0,5.0,,3.0,139.0,13.0,158.0,17.0,3.0,1.0,1.0,9.0,,108.0,24.0,57.0,44.0,39.0,79.0,96.0,225.0,0.4606248170298189,0.004579482246664715,0.3176571452469575,0.028731546150307388,0.1884070093262515
2026-04-29,44867,66217.0,23456.0,88301950.0937491,364.0,17743012.408547025,25400.0,473153238.32300395,1748.0,32577768.4473996,15249.0,87692173.93754977,19542.0,17185.0,496.0,1215.0,6609.0,,15.0,3.0,191.0,4.0,1.0,,3.0,44.0,3914.0,2.0,13.0,2.0,1.0,2.0,293.0,7.0,184.0,13.0,2.0,,5.0,17.0,,136.0,123.0,49.0,166.0,59.0,141.0,150.0,381.0,0.35422927646978875,0.005497077789691469,0.3835872963136355,0.026398054880166725,0.23028829454671762
2026-04-30,39610,57432.0,21233.0,65454448.57830579,191.0,8041047.585985021,21102.0,387544136.5237543,1371.0,14679498.518594077,13535.0,46355570.107922666,18052.0,13682.0,323.0,972.0,6136.0,,15.0,,163.0,2.0,7.0,1.0,1.0,35.0,3181.0,4.0,6.0,7.0,3.0,1.0,132.0,10.0,144.0,3.0,1.0,,4.0,11.0,,109.0,106.0,47.0,149.0,65.0,80.0,200.0,245.0,0.36970678367460647,0.0033256720991781583,0.36742582532386125,0.023871709151692438,0.23567000975066166
2026-05-01,42078,60409.0,23327.0,62454027.34038762,183.0,4254062.399290493,21817.0,368648688.60368633,1642.0,23830150.317859896,13440.0,54035831.31860849,18875.0,13209.0,326.0,1115.0,7322.0,1.0,10.0,1.0,139.0,1.0,1.0,,2.0,27.0,4452.0,1.0,6.0,2.0,8.0,7.0,120.0,7.0,159.0,12.0,2.0,4.0,6.0,94.0,,109.0,41.0,38.0,123.0,93.0,135.0,133.0,388.0,0.3861510702047708,0.003029349931301627,0.3611547948153421,0.02718138025790859,0.22248340479067688
2026-05-02,37165,54796.0,21864.0,46715551.40244261,101.0,1980577.961796467,17584.0,166909065.73286784,1206.0,10110194.082372336,14041.0,31941363.431594577,16428.0,11115.0,262.0,1107.0,5465.0,,25.0,,39.0,,,,,35.0,5436.0,1.0,22.0,3.0,4.0,5.0,68.0,16.0,29.0,12.0,2.0,1.0,2.0,2.0,,51.0,22.0,15.0,74.0,39.0,29.0,109.0,337.0,0.39900722680487627,0.001843200233593693,0.3208993357179356,0.022008905759544492,0.25624133148404993
2026-05-03,46928,69254.0,24366.0,48527027.837815344,116.0,2625732.7963820663,27291.0,155484459.63767302,1627.0,20473231.00802729,15854.0,45997510.47530695,18196.0,14432.0,314.0,1315.0,11572.0,,19.0,3.0,84.0,1.0,1.0,2.0,,33.0,6170.0,1.0,7.0,5.0,,8.0,77.0,10.0,121.0,11.0,2.0,,,9.0,,73.0,17.0,25.0,159.0,50.0,96.0,82.0,505.0,0.35183527305282003,0.0016749935021803794,0.3940711005862477,0.023493227827995494,0.22892540503075634
2026-05-04,54595,82062.0,26661.0,123210009.79237573,247.0,7056287.58275703,34259.0,399864831.7938239,2628.0,48059410.123967804,18267.0,80870677.92012054,20817.0,16755.0,589.0,1904.0,15515.0,,24.0,1.0,221.0,4.0,1.0,,4.0,66.0,5844.0,1.0,6.0,11.0,3.0,12.0,202.0,12.0,194.0,8.0,2.0,,7.0,99.0,,255.0,68.0,27.0,165.0,67.0,210.0,130.0,571.0,0.32488849893982596,0.0030099193292876117,0.41747702956301336,0.03202456679096293,0.22259998537691014
2026-05-05,43468,64705.0,23814.0,73279211.17161295,194.0,1986265.5633587157,23077.0,331948097.1012351,2131.0,25326889.993898332,15489.0,101032308.02825747,19109.0,12132.0,453.0,1572.0,9572.0,,32.0,3.0,149.0,1.0,2.0,1.0,1.0,35.0,4705.0,3.0,7.0,8.0,3.0,7.0,134.0,12.0,157.0,20.0,3.0,1.0,12.0,74.0,,182.0,69.0,21.0,91.0,62.0,178.0,96.0,309.0,0.36803956417587513,0.0029982227030368597,0.3566494088555753,0.032934085464801796,0.23937871880071093
2026-05-06,45912,68311.0,25199.0,109077605.44583486,239.0,24107250.262495205,24837.0,396692113.3313621,2440.0,33485978.556478117,15596.0,83145954.66374357,20077.0,12637.0,504.0,1641.0,10443.0,,8.0,5.0,275.0,7.0,2.0,,1.0,57.0,5122.0,3.0,11.0,4.0,4.0,9.0,165.0,17.0,303.0,23.0,2.0,,14.0,27.0,,129.0,39.0,32.0,186.0,56.0,194.0,130.0,588.0,0.3688864165361362,0.003498704454626634,0.36358712359649253,0.03571899108489116,0.2283087643278535
2026-05-07,58596,89253.0,28666.0,103410404.64595538,255.0,6143903.765709312,37708.0,471543811.5858705,2563.0,36251030.24269248,20061.0,78411259.7958626,21672.0,20637.0,542.0,1884.0,15160.0,,27.0,8.0,244.0,3.0,7.0,1.0,1.0,59.0,6994.0,,12.0,4.0,7.0,3.0,180.0,17.0,207.0,22.0,6.0,1.0,11.0,44.0,,201.0,32.0,35.0,106.0,76.0,183.0,164.0,642.0,0.321176879208542,0.0028570468219555646,0.42248439828353107,0.02871612158694946,0.22476555409902188
2026-05-08,56520,85739.0,26837.0,177802712.5216947,311.0,7303762.048368227,35459.0,618443406.6082327,2037.0,23612826.52393997,21095.0,149862857.65315118,18972.0,23543.0,451.0,1628.0,10123.0,2.0,41.0,,154.0,4.0,3.0,1.0,2.0,69.0,7865.0,2.0,8.0,7.0,7.0,3.0,236.0,14.0,116.0,9.0,1.0,,3.0,25.0,,89.0,65.0,60.0,257.0,95.0,113.0,222.0,454.0,0.313008082669497,0.0036272874654474626,0.41356908757974786,0.023758149733493508,0.24603739255181423
2026-05-09,49951,76085.0,25204.0,65041502.7387016,289.0,38010326.50647842,30697.0,238444345.8691612,1451.0,10504539.558572996,18444.0,55425898.408944905,17666.0,19839.0,410.0,984.0,9541.0,,14.0,,265.0,13.0,3.0,,1.0,58.0,7538.0,1.0,7.0,8.0,3.0,3.0,203.0,6.0,50.0,14.0,3.0,,4.0,71.0,,78.0,15.0,64.0,109.0,51.0,81.0,245.0,293.0,0.3312610895708747,0.00379838338700138,0.40345666031412236,0.01907077610567129,0.2424130906223303
2026-05-10,55265,84725.0,27552.0,63883248.86363564,335.0,10748505.008892098,34461.0,200151101.39394665,1653.0,19408211.52144926,20724.0,61343665.343745954,19162.0,22420.0,538.0,1218.0,10564.0,,17.0,1.0,266.0,16.0,4.0,,1.0,77.0,8390.0,5.0,12.0,7.0,2.0,9.0,281.0,14.0,81.0,20.0,2.0,2.0,11.0,11.0,,101.0,36.0,14.0,188.0,57.0,77.0,126.0,271.0,0.3251932723517262,0.003953968722336973,0.40673945116553556,0.019510179994098552,0.24460312776630275
2026-05-11,53709,82344.0,26367.0,100723092.40199615,295.0,21032642.093044866,34548.0,279529442.7807079,2010.0,29194257.42105642,19124.0,76568992.68882117,18737.0,21518.0,415.0,1380.0,11325.0,,61.0,1.0,279.0,11.0,4.0,,2.0,83.0,7630.0,,12.0,6.0,1.0,2.0,222.0,13.0,171.0,19.0,3.0,,14.0,32.0,,132.0,88.0,37.0,115.0,95.0,148.0,210.0,454.0,0.3202054794520548,0.003582531817740212,0.41955698047216555,0.024409793063246865,0.23224521519479258
2026-05-12,45225,67216.0,25109.0,70472806.66585271,226.0,2790354.8833250087,24648.0,346090883.7672461,1623.0,29817537.50300397,15610.0,70168994.85618399,19172.0,14767.0,403.0,1192.0,8311.0,2.0,112.0,5.0,139.0,5.0,3.0,,4.0,52.0,5937.0,,13.0,6.0,4.0,10.0,177.0,23.0,147.0,18.0,,3.0,15.0,30.0,,130.0,27.0,13.0,144.0,106.0,115.0,174.0,347.0,0.37355689121637703,0.003362294691740062,0.36669840514163293,0.024146036657938585,0.23223637229231137
2026-05-13,40290,61358.0,22658.0,98148699.5726479,263.0,13091429.868077528,22225.0,464826852.9127901,1643.0,18719533.61267865,14569.0,83895058.22367163,18197.0,12197.0,402.0,1232.0,8154.0,1.0,79.0,5.0,147.0,7.0,3.0,,1.0,52.0,4461.0,,19.0,8.0,9.0,3.0,216.0,14.0,131.0,9.0,2.0,2.0,12.0,27.0,,264.0,58.0,22.0,246.0,113.0,106.0,253.0,337.0,0.369275400110825,0.004286319632321784,0.3622184556211089,0.026777274357052055,0.23744255027869227
2026-05-14,39135,59133.0,20323.0,87527918.30944827,220.0,2952673.2856665193,22459.0,533709241.4494364,1986.0,37765083.484562255,14145.0,120872314.64451815,16176.0,13003.0,475.0,1489.0,7620.0,,16.0,1.0,128.0,6.0,1.0,,6.0,39.0,4147.0,1.0,11.0,15.0,2.0,3.0,191.0,10.0,143.0,10.0,3.0,1.0,3.0,70.0,,126.0,119.0,11.0,271.0,133.0,156.0,224.0,378.0,0.3436828843454585,0.0037204268344240947,0.3798048467015034,0.03358530769621024,0.23920653442240372
2026-05-15,33551,51986.0,18908.0,131272892.10124202,329.0,34795544.31714802,18982.0,446970116.6651331,2029.0,34941016.151332185,11738.0,90866147.23324315,15340.0,10393.0,409.0,1293.0,7181.0,,20.0,7.0,248.0,8.0,4.0,,1.0,53.0,3568.0,2.0,11.0,11.0,3.0,5.0,271.0,24.0,252.0,13.0,,,8.0,28.0,,143.0,61.0,35.0,171.0,60.0,208.0,216.0,201.0,0.36371330742892316,0.006328626938021775,0.36513676759127456,0.03902973877582426,0.22579155926595623
2026-05-16,32429,49180.0,19021.0,57487558.45436973,189.0,3282601.3512899154,16554.0,229230282.1272373,1471.0,33788547.77178855,11945.0,40110188.28290982,15410.0,9219.0,273.0,1117.0,6334.0,,9.0,3.0,89.0,8.0,1.0,,1.0,48.0,3611.0,2.0,11.0,4.0,4.0,3.0,161.0,6.0,125.0,7.0,,,5.0,25.0,,126.0,23.0,14.0,121.0,47.0,115.0,138.0,175.0,0.386762911752745,0.0038430256201708013,0.3366002440016267,0.029910532736884914,0.24288328588857258
2026-05-17,28493,43353.0,16167.0,86746806.79806577,178.0,11856731.970960774,15050.0,198075069.1079901,1455.0,40203739.06868804,10503.0,65164176.055451006,12954.0,8814.0,326.0,1110.0,5278.0,,20.0,6.0,137.0,5.0,1.0,,1.0,39.0,3213.0,1.0,9.0,2.0,2.0,2.0,146.0,17.0,109.0,1.0,3.0,1.0,4.0,49.0,,119.0,13.0,22.0,97.0,33.0,50.0,114.0,152.0,0.3729153691786036,0.004105828893040851,0.34715013955204943,0.03356169123244066,0.24226697114386547
2026-05-18,36290,57997.0,20451.0,189378426.80337057,250.0,6398932.780185576,21338.0,459863995.86852235,2733.0,95525963.37084068,13225.0,245476079.0773764,16237.0,11308.0,522.0,2030.0,8445.0,,24.0,2.0,231.0,4.0,2.0,,5.0,51.0,4214.0,1.0,27.0,33.0,3.0,3.0,216.0,16.0,236.0,11.0,,,4.0,84.0,,180.0,53.0,18.0,149.0,64.0,152.0,164.0,283.0,0.35262168732865495,0.004310567787989034,0.36791558184044004,0.04712312705829612,0.2280290359846199
2026-05-19,28488,43529.0,15769.0,83077941.11955416,154.0,7436770.015373608,15756.0,352188168.5800918,1582.0,38087604.483137935,10268.0,80315666.43308441,12505.0,8406.0,360.0,1056.0,6373.0,,7.0,5.0,190.0,5.0,2.0,,2.0,22.0,3264.0,4.0,18.0,7.0,1.0,1.0,110.0,12.0,195.0,14.0,2.0,,3.0,43.0,,74.0,32.0,21.0,110.0,39.0,98.0,158.0,122.0,0.36226423763468035,0.0035378713041880126,0.36196558616095015,0.0363435870339314,0.2358887178662501
2026-05-20,33362,51911.0,17346.0,96499006.019671,153.0,1564347.4182635765,19941.0,440674011.24440306,2023.0,33794886.21368283,12448.0,111301398.8931779,13137.0,10170.0,385.0,1473.0,8474.0,,74.0,1.0,207.0,3.0,5.0,,4.0,35.0,4209.0,1.0,14.0,8.0,,6.0,120.0,13.0,159.0,22.0,3.0,,1.0,57.0,,89.0,43.0,6.0,190.0,95.0,127.0,142.0,190.0,0.33414883165417736,0.0029473521989559054,0.384138236597253,0.0389705457417503,0.23979503380786346
2026-05-21,34253,53837.0,18619.0,86259615.92137478,213.0,1284574.1489875177,19367.0,284640361.4588222,2381.0,51066989.26018181,13257.0,101802035.69947204,15173.0,10496.0,380.0,1677.0,7402.0,1.0,19.0,1.0,199.0,9.0,3.0,1.0,,62.0,3446.0,,13.0,10.0,2.0,2.0,178.0,22.0,149.0,18.0,,,7.0,123.0,,147.0,61.0,10.0,249.0,48.0,232.0,189.0,251.0,0.3458402214090681,0.0039563868714824375,0.35973401192488436,0.04422608986384828,0.24624328993071679
2026-05-22,38902,65600.0,21836.0,104792360.29271813,185.0,1758745.4645585404,22137.0,394182845.5231627,2323.0,46560890.245426305,19119.0,181389736.12293327,17347.0,11675.0,636.0,1770.0,8861.0,,23.0,2.0,188.0,14.0,4.0,9.0,4.0,36.0,4489.0,4.0,22.0,13.0,6.0,11.0,160.0,18.0,93.0,9.0,,,8.0,124.0,,152.0,49.0,4.0,136.0,63.0,139.0,187.0,225.0,0.3328658536585366,0.002820121951219512,0.33745426829268294,0.035411585365853655,0.2914481707317073
2026-05-23,35169,59021.0,19366.0,71230241.73229472,257.0,1784085.5484271925,21244.0,242218175.65903863,2159.0,33005214.80546364,15995.0,114479486.28275366,15314.0,11116.0,632.0,1602.0,8292.0,2.0,34.0,3.0,170.0,18.0,8.0,4.0,3.0,87.0,4052.0,3.0,32.0,16.0,6.0,13.0,217.0,17.0,125.0,23.0,2.0,,9.0,76.0,,256.0,24.0,3.0,184.0,78.0,182.0,211.0,212.0,0.3281204994832348,0.00435438233848969,0.35993968248589486,0.03658020026770133,0.27100523542467936
2026-05-24,35080,55721.0,19485.0,61802659.75356269,176.0,550247.3103595928,19746.0,171912401.70431614,2110.0,31168678.609716393,14204.0,85045671.7230773,15723.0,10357.0,676.0,1422.0,7960.0,,22.0,2.0,300.0,9.0,1.0,6.0,,44.0,3762.0,,20.0,13.0,1.0,6.0,158.0,15.0,193.0,10.0,,,5.0,73.0,,148.0,22.0,3.0,128.0,61.0,116.0,149.0,112.0,0.34968862726799593,0.0031585937079377613,0.35437267816442636,0.03786723138493566,0.2549128694747043
2026-05-25,34156,54855.0,18682.0,76134599.78123659,295.0,971780.7083790138,20251.0,393158745.79738796,1889.0,26347383.54576281,13738.0,79051597.72677293,15054.0,11350.0,494.0,1362.0,7512.0,,37.0,1.0,144.0,,1.0,1.0,1.0,33.0,3628.0,6.0,15.0,8.0,1.0,5.0,266.0,27.0,113.0,11.0,2.0,,5.0,121.0,,167.0,28.0,5.0,171.0,64.0,148.0,174.0,162.0,0.3405705952055419,0.00537781423753532,0.3691732749977213,0.03443624099899736,0.2504420745602042
2026-05-26,37300,65666.0,20904.0,115861521.4713741,213.0,11580256.172171734,23825.0,364877244.8704633,2810.0,61239793.2500271,17914.0,174672421.69579107,16317.0,12772.0,1005.0,2001.0,8693.0,2.0,95.0,7.0,288.0,12.0,1.0,3.0,2.0,55.0,4587.0,2.0,55.0,7.0,2.0,8.0,169.0,28.0,270.0,14.0,1.0,,7.0,33.0,,266.0,47.0,20.0,164.0,153.0,215.0,220.0,231.0,0.31833825724119025,0.0032436877531751593,0.36282094234459233,0.042792312612310784,0.2728048000487315
2026-05-27,34909,58804.0,19768.0,118936404.52506681,204.0,3618544.856668726,21651.0,356314078.28814983,2422.0,68071367.6857824,14759.0,165738381.66580042,15702.0,11788.0,781.0,1638.0,7883.0,,23.0,6.0,306.0,9.0,3.0,,5.0,52.0,4066.0,4.0,26.0,12.0,,10.0,164.0,34.0,263.0,10.0,2.0,3.0,8.0,29.0,,268.0,53.0,13.0,183.0,121.0,186.0,147.0,247.0,0.3361676076457384,0.0034691517583837835,0.36818923882729065,0.041187674307870216,0.250986327460717
2026-05-28,37393,59149.0,21083.0,117555037.43125583,235.0,7169171.586558814,22456.0,495371445.42946446,2472.0,74157479.95893686,12903.0,220242007.17320433,17057.0,11731.0,664.0,1769.0,8647.0,,97.0,4.0,268.0,10.0,2.0,2.0,2.0,61.0,4026.0,5.0,20.0,7.0,4.0,6.0,184.0,16.0,247.0,17.0,4.0,2.0,14.0,28.0,,311.0,34.0,9.0,317.0,196.0,158.0,90.0,237.0,0.3564388239868806,0.003973017295305077,0.3796513888654077,0.041792760655294255,0.21814400919711238
2026-05-29,31093,49428.0,16703.0,81081444.96691625,185.0,5239326.034709146,18562.0,382499288.96849597,1781.0,51490927.94790651,12197.0,166326725.852973,13124.0,10401.0,500.0,1147.0,6593.0,9.0,17.0,2.0,212.0,5.0,2.0,1.0,2.0,49.0,3579.0,8.0,14.0,8.0,,10.0,135.0,48.0,251.0,19.0,5.0,,6.0,30.0,,144.0,39.0,12.0,228.0,128.0,140.0,188.0,175.0,0.3379258719753986,0.0037428178360443473,0.37553613336570363,0.03603220846483774,0.2467629683580157
2026-05-30,26919,42620.0,14863.0,46178908.38662444,142.0,8637031.324048927,14190.0,140940936.5600435,1019.0,16781448.715257242,12406.0,95064988.96097784,11735.0,7911.0,284.0,760.0,5273.0,,9.0,1.0,100.0,3.0,3.0,,,21.0,3128.0,12.0,7.0,5.0,,2.0,98.0,14.0,54.0,11.0,6.0,,5.0,6.0,,91.0,31.0,10.0,243.0,63.0,99.0,128.0,101.0,0.3487329892069451,0.00333176912247771,0.3329422806194275,0.023908962928202722,0.291083998122947
2026-05-31,28795,46328.0,15196.0,53064186.29728247,101.0,458060.3912339354,17283.0,164611201.82806078,1228.0,16032475.002345346,12520.0,73737032.27518901,11375.0,9802.0,384.0,817.0,5993.0,1.0,56.0,4.0,153.0,4.0,2.0,2.0,1.0,40.0,3821.0,,19.0,11.0,2.0,8.0,77.0,11.0,131.0,9.0,1.0,1.0,2.0,11.0,,310.0,54.0,11.0,188.0,165.0,114.0,100.0,128.0,0.32800897945087204,0.0021801070626834744,0.37305733034018307,0.026506648247280263,0.27024693489898116
2026-06-01,34720,57493.0,18821.0,120077718.33858384,227.0,6945653.560060502,21854.0,388841582.8506842,2358.0,65849426.4589812,14233.0,247971906.78388405,14016.0,11815.0,689.0,1695.0,8206.0,,25.0,3.0,233.0,10.0,1.0,3.0,3.0,72.0,4805.0,2.0,38.0,11.0,4.0,2.0,186.0,25.0,194.0,16.0,,5.0,5.0,46.0,,203.0,55.0,13.0,159.0,94.0,187.0,228.0,211.0,0.32736159184596386,0.003948306750387004,0.38011584018924044,0.0410136886229628,0.24756057259144593
2026-06-02,37303,63918.0,20210.0,175354566.065185,364.0,4366169.165305776,23917.0,556818174.6424015,4100.0,106088153.62199959,15327.0,267591153.53365585,15863.0,13048.0,905.0,2948.0,8492.0,1.0,59.0,9.0,351.0,16.0,,1.0,2.0,87.0,4347.0,2.0,18.0,14.0,7.0,7.0,308.0,14.0,301.0,24.0,3.0,1.0,11.0,173.0,,324.0,64.0,15.0,252.0,126.0,326.0,173.0,299.0,0.31618636377859133,0.005694796457961763,0.37418254638755905,0.06414468537814075,0.23979160799774712
2026-06-03,41440,72033.0,21504.0,189205160.95750293,484.0,8538180.727643868,27537.0,632661984.2425132,3941.0,94960819.11011735,18567.0,231217230.78943247,17121.0,15592.0,1067.0,2862.0,9312.0,,40.0,7.0,346.0,12.0,5.0,2.0,3.0,168.0,4383.0,3.0,23.0,17.0,2.0,11.0,416.0,15.0,378.0,25.0,6.0,1.0,16.0,62.0,,352.0,48.0,17.0,278.0,117.0,291.0,223.0,245.0,0.29852984048977554,0.00671914261519026,0.38228312023655825,0.054711035219968625,0.25775686143850735
2026-06-04,45061,80944.0,25359.0,204087191.4336368,532.0,12411335.935073188,29801.0,571243531.7575717,5253.0,129033580.293559,19999.0,303525808.3619001,19685.0,15624.0,1362.0,3601.0,10588.0,3.0,77.0,9.0,463.0,27.0,5.0,1.0,1.0,169.0,5674.0,13.0,54.0,29.0,6.0,7.0,396.0,24.0,483.0,26.0,5.0,,27.0,131.0,,440.0,72.0,65.0,436.0,196.0,574.0,404.0,268.0,0.31329067009290373,0.0065724451472623045,0.36816811622850365,0.06489671871911445,0.24707204981221587
2026-06-05,47360,88735.0,25410.0,269631426.60722476,879.0,29154745.52682119,33435.0,765255957.4321315,6506.0,180269185.37726608,22505.0,392727489.4244355,19855.0,16648.0,1839.0,4523.0,12539.0,1.0,55.0,13.0,508.0,44.0,9.0,3.0,5.0,212.0,5555.0,6.0,73.0,39.0,9.0,11.0,632.0,30.0,644.0,93.0,8.0,2.0,38.0,198.0,,551.0,94.0,100.0,386.0,187.0,630.0,425.0,265.0,0.2863582577337015,0.009905899588662873,0.37679607821040173,0.07331943427058095,0.253620330196653
2026-06-06,40466,76002.0,22379.0,178195391.1872986,686.0,11357000.055286786,27287.0,446226457.77944785,4288.0,117288748.60092035,21362.0,288883494.10050815,17399.0,12350.0,1467.0,2925.0,11462.0,,67.0,17.0,355.0,39.0,14.0,3.0,5.0,179.0,4980.0,7.0,65.0,30.0,4.0,12.0,475.0,25.0,481.0,105.0,7.0,1.0,22.0,126.0,,479.0,78.0,69.0,269.0,185.0,398.0,287.0,253.0,0.2944527775584853,0.009026078261098393,0.35903002552564406,0.056419567906107734,0.2810715507486645
2026-06-07,38160,68263.0,21620.0,91282671.38765274,550.0,5850426.964600775,24544.0,276769247.51503766,3945.0,55095836.781162016,17604.0,210069809.09042758,16694.0,11858.0,1150.0,2583.0,9577.0,,52.0,6.0,389.0,24.0,67.0,1.0,2.0,163.0,4926.0,4.0,64.0,17.0,7.0,17.0,399.0,13.0,411.0,45.0,21.0,2.0,33.0,140.0,,437.0,69.0,46.0,322.0,138.0,421.0,315.0,246.0,0.3167162298756281,0.008057073377964637,0.3595505617977528,0.0577911899564918,0.2578849449921627
2026-06-08,42283,73894.0,24382.0,137257981.482192,425.0,17445633.221735734,26806.0,554909179.0468688,3843.0,48131938.235660724,18438.0,128291269.95383017,19599.0,14260.0,1173.0,2644.0,9874.0,,39.0,6.0,348.0,17.0,3.0,2.0,3.0,110.0,4783.0,2.0,42.0,11.0,3.0,14.0,312.0,13.0,357.0,15.0,2.0,1.0,11.0,108.0,,297.0,59.0,82.0,222.0,86.0,384.0,284.0,290.0,0.3299591306466019,0.005751481852383143,0.3627628765529001,0.05200692884401981,0.24951958210409506
2026-06-09,34289,57708.0,18184.0,104535019.03357321,376.0,11119555.175101245,21670.0,374083362.8414526,2943.0,37597692.530282475,14535.0,131683218.68871702,14287.0,11385.0,770.0,2040.0,8035.0,3.0,34.0,6.0,315.0,14.0,3.0,,,73.0,3897.0,2.0,84.0,12.0,5.0,9.0,248.0,18.0,315.0,43.0,3.0,,7.0,47.0,,379.0,42.0,73.0,191.0,130.0,226.0,261.0,216.0,0.3151036251472933,0.006515561100713939,0.37551119428848684,0.05099812850904554,0.2518714909544604
2026-06-10,31956,55614.0,17794.0,73378691.1351826,352.0,5611797.6736711105,19803.0,293476850.7043421,3373.0,43990913.6654179,14292.0,120946042.41340527,13711.0,10085.0,1120.0,2006.0,7182.0,1.0,34.0,4.0,464.0,15.0,4.0,,1.0,101.0,4083.0,8.0,55.0,40.0,4.0,5.0,251.0,8.0,599.0,23.0,,,14.0,50.0,,267.0,32.0,56.0,213.0,117.0,254.0,234.0,281.0,0.31995540691192864,0.006329341532707591,0.3560794044665012,0.06065019599381451,0.256985651095048
2026-06-11,33606,58765.0,18262.0,59676450.93496108,301.0,5985659.162106067,20713.0,311309308.45981044,3041.0,40033618.61559288,16448.0,132069756.78928511,14154.0,10801.0,931.0,1836.0,7460.0,1.0,27.0,6.0,419.0,13.0,4.0,,1.0,106.0,4108.0,2.0,58.0,18.0,4.0,8.0,195.0,22.0,526.0,42.0,1.0,,16.0,61.0,,362.0,29.0,45.0,297.0,125.0,199.0,248.0,192.0,0.3107632093933464,0.005122096486003574,0.3524717093508041,0.051748489747298565,0.27989449502254743
2026-06-12,33530,54481.0,18425.0,68929623.91069268,249.0,7849754.368914503,19669.0,320341852.1787324,2400.0,37142787.1855787,13738.0,72960299.48254085,14799.0,10356.0,637.0,1393.0,7161.0,1.0,156.0,2.0,306.0,9.0,1.0,,2.0,60.0,3626.0,1.0,31.0,4.0,1.0,22.0,155.0,9.0,406.0,15.0,10.0,1.0,8.0,82.0,,271.0,34.0,59.0,216.0,216.0,213.0,166.0,314.0,0.33819129604816356,0.00457040069014886,0.3610249444760559,0.04405205484480828,0.2521613039408234
2026-06-13,26219,41540.0,14461.0,24952850.930373624,137.0,1697259.268425939,14055.0,150974939.95399433,1328.0,12130389.178518845,11559.0,36483646.51840375,11391.0,7602.0,497.0,991.0,4876.0,,118.0,3.0,100.0,7.0,,,,34.0,3070.0,1.0,72.0,1.0,2.0,5.0,99.0,4.0,100.0,6.0,4.0,,3.0,17.0,,147.0,21.0,24.0,147.0,157.0,120.0,133.0,229.0,0.34812229176697157,0.0032980259990370727,0.338348579682234,0.03196918632643236,0.278261916225325
2026-06-14,28333,46189.0,15920.0,37361551.83102133,193.0,674734.9435383795,16367.0,214028450.82963836,2152.0,21443086.547612097,11557.0,60505065.2126286,12626.0,9082.0,563.0,1339.0,5516.0,1.0,55.0,3.0,250.0,9.0,2.0,,,68.0,3294.0,,38.0,12.0,9.0,75.0,156.0,9.0,303.0,12.0,1.0,,5.0,92.0,,257.0,33.0,19.0,172.0,119.0,168.0,144.0,200.0,0.3446708090670939,0.004178484054645045,0.3543484379397692,0.0465911797181147,0.25021108922037716
2026-06-15,41366,71908.0,23998.0,128202363.36296628,478.0,12009936.641171979,25684.0,427881634.0853311,3095.0,48886442.2276889,18653.0,108917584.06174321,18793.0,14949.0,944.0,2072.0,8256.0,,44.0,6.0,349.0,26.0,7.0,1.0,7.0,147.0,5205.0,2.0,46.0,20.0,14.0,9.0,395.0,18.0,355.0,26.0,2.0,,15.0,94.0,,312.0,52.0,38.0,236.0,123.0,224.0,268.0,200.0,0.33373199087723204,0.006647382766868777,0.35717861712187793,0.04304110808254993,0.2594009011514713
2026-06-16,35185,61712.0,20352.0,83342880.6828874,325.0,14018686.08765652,21536.0,328395306.9790993,2689.0,43059478.53047324,16810.0,135874558.6760379,16378.0,11949.0,842.0,1884.0,7087.0,,97.0,6.0,277.0,62.0,,1.0,,130.0,3974.0,1.0,42.0,12.0,2.0,10.0,249.0,9.0,251.0,12.0,2.0,,14.0,67.0,,361.0,37.0,47.0,207.0,169.0,209.0,254.0,260.0,0.32978999222193417,0.005266398755509463,0.3489758879958517,0.043573373087892144,0.27239434793881256
2026-06-17,33638,62191.0,19039.0,100652127.59792453,328.0,9373108.62467062,20653.0,336364875.3069324,3322.0,59274297.48406111,18849.0,206614075.56982204,15076.0,11047.0,719.0,2109.0,7276.0,,29.0,2.0,450.0,36.0,4.0,,1.0,127.0,3963.0,,71.0,15.0,5.0,8.0,263.0,14.0,489.0,13.0,2.0,,5.0,38.0,,361.0,36.0,45.0,208.0,165.0,236.0,289.0,240.0,0.3061375440176231,0.0052740750269331576,0.3320898522294223,0.05341608914473155,0.3030824395812899
2026-06-18,37784,64424.0,19940.0,100567663.88659275,322.0,12812003.917921288,23931.0,328617232.3564254,2732.0,32460845.052108057,17499.0,147818210.44528818,15889.0,13849.0,850.0,1880.0,7698.0,,60.0,6.0,314.0,25.0,1.0,1.0,2.0,117.0,4051.0,,47.0,17.0,1.0,8.0,248.0,20.0,311.0,9.0,1.0,,19.0,39.0,,327.0,84.0,45.0,206.0,171.0,187.0,244.0,198.0,0.30951198311188377,0.0049981373401216935,0.37146094623121817,0.04240655656277164,0.27162237675400475
2026-06-19,29915,49733.0,16551.0,44370869.598463416,220.0,5128522.826898053,17564.0,230468658.74827006,1900.0,20388616.396691505,13498.0,83872736.3683349,13431.0,10093.0,539.0,1303.0,5783.0,2.0,51.0,3.0,240.0,17.0,1.0,,2.0,59.0,3120.0,4.0,44.0,11.0,2.0,26.0,167.0,35.0,223.0,8.0,2.0,,5.0,9.0,,218.0,40.0,34.0,134.0,122.0,125.0,169.0,213.0,0.3327971367100316,0.004423622142239559,0.35316590593770736,0.03820400941025074,0.2714093257997708
2026-06-20,29673,46110.0,14602.0,44052871.38385251,227.0,2077765.1875388136,17032.0,252617328.5568165,1287.0,16551119.77136699,12962.0,84017517.72964297,11838.0,10679.0,439.0,945.0,4790.0,2.0,14.0,,105.0,26.0,1.0,2.0,,84.0,2764.0,3.0,20.0,13.0,7.0,8.0,184.0,11.0,123.0,10.0,5.0,1.0,5.0,4.0,,212.0,35.0,19.0,111.0,78.0,108.0,141.0,361.0,0.316677510301453,0.004923010193016699,0.36937757536326177,0.027911515940143135,0.28111038820212536
2026-06-21,24946,39109.0,12634.0,29473766.766425222,176.0,1294453.3264092044,14411.0,178074098.1826589,1300.0,15218763.652054587,10588.0,38679134.74445605,10196.0,8531.0,421.0,886.0,4747.0,,31.0,2.0,135.0,14.0,,2.0,,35.0,2438.0,2.0,12.0,4.0,,5.0,142.0,10.0,151.0,13.0,2.0,,5.0,29.0,,146.0,16.0,12.0,107.0,87.0,97.0,97.0,146.0,0.32304584622465415,0.004500242910838937,0.3684829578869314,0.03324043059142397,0.27073052238615153
2026-06-22,30075,48507.0,15021.0,74634521.85052621,287.0,6354890.246849,18372.0,246469392.72445732,2184.0,31849438.09014203,12643.0,93568786.72980191,12183.0,10324.0,591.0,1426.0,6355.0,,30.0,7.0,296.0,14.0,3.0,1.0,1.0,81.0,2838.0,1.0,40.0,7.0,7.0,6.0,228.0,12.0,252.0,6.0,6.0,,13.0,25.0,,217.0,45.0,33.0,152.0,96.0,184.0,156.0,228.0,0.3096666460510854,0.00591667182056198,0.37874945884099204,0.045024429463788734,0.26064279382357186
2026-06-23,35281,55624.0,16115.0,61460362.28623748,331.0,12129186.732704787,23263.0,412480244.4503626,2317.0,29927351.421463426,13598.0,92879807.31552182,13131.0,14134.0,790.0,1564.0,6746.0,,149.0,7.0,277.0,19.0,3.0,,1.0,136.0,2984.0,2.0,32.0,6.0,6.0,14.0,241.0,15.0,277.0,14.0,,,22.0,12.0,,283.0,23.0,52.0,245.0,196.0,187.0,198.0,260.0,0.28971307349345604,0.0059506687760678845,0.41821875449446283,0.041654681432475194,0.24446282180353804
2026-06-24,37429,62903.0,18662.0,95975622.10216774,647.0,23411763.25898641,24057.0,320508401.9739698,3392.0,55780412.93551162,16145.0,142019701.8418097,15197.0,12562.0,1056.0,2106.0,8758.0,,43.0,8.0,433.0,43.0,2.0,,1.0,131.0,3465.0,7.0,51.0,10.0,3.0,170.0,546.0,20.0,494.0,21.0,3.0,,21.0,76.0,,350.0,46.0,49.0,310.0,148.0,283.0,117.0,228.0,0.2966790137195364,0.010285677948587507,0.3824459882676502,0.05392429613849896,0.25666502392572693
2026-06-25,38273,63599.0,17805.0,75575813.41239187,846.0,2848484.6871987893,25109.0,374784618.178296,3362.0,63422701.381017245,16477.0,163106785.5739325,14466.0,14318.0,843.0,2261.0,8053.0,,112.0,3.0,385.0,46.0,5.0,1.0,1.0,125.0,3339.0,4.0,52.0,38.0,6.0,77.0,505.0,19.0,423.0,22.0,2.0,,23.0,49.0,,332.0,73.0,290.0,386.0,294.0,243.0,91.0,235.0,0.27995723203195017,0.013302095944904795,0.394801805059828,0.05286246639098099,0.25907640057233605
2026-06-26,34927,61906.0,17077.0,74406095.66839644,715.0,5426747.718710627,23080.0,320887836.2971952,3688.0,52251221.217187785,17346.0,138963068.60529342,13564.0,12519.0,1000.0,2409.0,7542.0,,35.0,9.0,295.0,61.0,12.0,1.0,,181.0,3513.0,8.0,62.0,27.0,11.0,205.0,550.0,23.0,347.0,68.0,3.0,1.0,26.0,96.0,,383.0,71.0,59.0,422.0,118.0,540.0,123.0,276.0,0.27585371369495687,0.011549769004619908,0.3728233127645139,0.059574193131521985,0.2801990114043873
2026-06-27,26743,43847.0,13593.0,25870012.03557094,423.0,2003112.1946747093,15730.0,131114892.01495564,1633.0,11975999.867993062,12468.0,29525382.841687366,10959.0,9144.0,456.0,1193.0,4989.0,1.0,,9.0,109.0,47.0,2.0,,1.0,88.0,2634.0,4.0,41.0,13.0,2.0,54.0,348.0,8.0,104.0,35.0,4.0,,4.0,70.0,,244.0,51.0,28.0,355.0,40.0,157.0,63.0,122.0,0.31000980682828927,0.009647182247360138,0.35874746276826236,0.03724314092184186,0.2843524072342464
2026-06-28,30065,49254.0,16150.0,32869255.199449245,359.0,2353390.916844706,17330.0,134122171.96051237,2215.0,19504402.093029723,13200.0,63204723.84331902,13176.0,9881.0,553.0,1635.0,5954.0,,,4.0,163.0,27.0,1.0,2.0,4.0,78.0,2974.0,2.0,29.0,12.0,2.0,88.0,310.0,15.0,195.0,12.0,6.0,,8.0,40.0,,270.0,48.0,21.0,145.0,53.0,180.0,54.0,112.0,0.3278921508912982,0.00728874812197994,0.35184959597190074,0.04497096682502944,0.2679985381897917
2026-06-29,34475,59745.0,16980.0,71776977.48593836,444.0,3941473.6109111686,23257.0,351688410.0032651,3314.0,44530817.64332911,15750.0,136035829.39234647,13867.0,12357.0,801.0,2210.0,8768.0,,,8.0,312.0,31.0,7.0,,,125.0,3113.0,1.0,67.0,8.0,2.0,61.0,355.0,17.0,342.0,17.0,2.0,1.0,13.0,109.0,,382.0,76.0,55.0,257.0,72.0,341.0,89.0,129.0,0.2842078835048958,0.0074315842329902085,0.38927106870867856,0.05546907691020169,0.26362038664323373
2026-06-30,35245,59576.0,18021.0,55431333.01394196,335.0,2913176.3401647303,21881.0,307669353.2159943,3089.0,38911799.87822106,16250.0,93659576.32299642,14521.0,11644.0,728.0,1951.0,7743.0,,,11.0,409.0,27.0,2.0,1.0,3.0,92.0,3500.0,3.0,49.0,28.0,6.0,380.0,239.0,10.0,451.0,37.0,1.0,,22.0,70.0,,380.0,57.0,33.0,296.0,112.0,207.0,114.0,199.0,0.3024875788908285,0.005623069692493622,0.3672787699744864,0.05184973814959044,0.27276084329260103
